"channel_title","channel_id"
" Cowboy Ouma, Chappy VanZell","UCisECGtzC10JbFU1OJoeurQ"
"- skyree -","UChJXObrDXAfHADkq6u_R6xw"
" Camila6","UCyNl7hO768wvbRpN8SZhCpA"
"​Itz_Nightshade","UCm_P5t7r-S4wUmpSTIQgAUQ"
"# Art with Akshat","UCtyBZ2BjBPFKat2rw_yrzGg"
"#Ashitha_6381_vlogs","UCNse9xRko8fvFC6NqeaPmZQ"
"#Euphoria 🌼","UCgDfF6waOSiGQHnFFhZDFTg"
"#justagirlincanada ","UCMFpm6pspL0CKRtvYGyFvxg"
"#MaStEr RoCk editzzz#555","UCPQ32vBRNJSa8lqmbvqgIRw"
"#Natureloverindore","UCdt8hzDot9urtKoByyBEVIA"
"#NoTALENT#","UCHzuyxNNbwfWRRkzln5LGjA"
"#Om Pandey Offical#","UCJxxf0fwPnrOgAgtNNJsS3g"
"#PrepareUPSC","UCLk3PCFJoyQ2kT4kFOD8taQ"
"#Salman_Khan45","UCynr-dZhvQEzb1wLhTvSTDg"
"#SwedesInGreenland","UCLR3hNkED92rq25ZZazSrjA"
"#The*Newly*Show#","UCuSIZ80F4WyBKu9ij6wMyZw"
"#Tibro Mallik#","UCdQtBMe5w1Obt76rSAPFwMA"
"#travel_with_G","UCskU-oi3SiA98e_x2Fb2tVQ"
"#Vedant Chhabra ","UC__nf5YQz-THXoc2_AR4jnw"
"$cience Talk","UCBE3k30Tazjs8FV-dVtMRrw"
"$PADE","UCJup7yST9lydlEqAnb8OnDQ"
"$TAMMY_SIGMA","UCA04u5rEXl275HrnOAR7D7w"
"( 𝔽ℕ𝕂 ) 𝔽𝕒𝕔𝕥𝕤 𝔸𝕟𝕕 𝕂𝕟𝕠𝕨𝕝𝕖𝕕𝕘𝕖","UCFuVqXwilw2va81FhNyoduw"
"(•.•)Crazy Vedu Bhai","UCJO0u4Kgq0dmIESWhtcjGjg"
"(channel deleted) ","UCOHEMCTL8fj6kZnPuATrHHw"
"(DYK)Did you know?","UCTK4sfFJPQQ06HoqPVrrb9A"
"(hardcore) World News","UC1SGtS9vg5s2TGRU8xPkqdA"
"* SkyLog","UC4-LvSoyZ3EYON9YrL48QfQ"
"*š͜͡ĭ̈̂t̑̈e̥ͦ̄j҉*6174”","UCy7liUORInOWltau7EfIIoQ"
"/Countryhumanyah /","UC47VVSw96AyUW2Je7r12i5g"
": Anaesthetic Nurse Travel Adventures :","UC5AHz8DrS5n4CwcpayplJ8g"
": LaughBytes","UCfQbQUUgU9DrO3L4IezZryQ"
"@ Secret Girl","UCDFbqwK3ZgpBOH-c5QvXiIw"
"@ Sun 11","UCiJ6EKiV-ozUbR6zujC8zZw"
"@AERO.VISION_VT","UCncZehSQPOD_xgivUZjyLDQ"
"@Anita Cariaga","UCkbEfWse9tV0sigLO_ZZUaQ"
"@arts & drawing ","UCSvWdDGCFBYdLTmOGALTACw"
"@aryan12","UCWwERxth5mmtU3YX1r8BbHA"
"@atharvpatil3012","UCj-Q2ACapLuDJ9jV7H1RTRg"
"@BATERAKHO","UCSEcZMo1klZm-6znrKsauDA"
"@BigBoy","UC0kefPMFNJpydpz3Mi53hMA"
"@BLUE Earth WAY ","UCprlUdIet3Ir5775B30vXpw"
"@Country knowledge4315","UC2h-YBABtfKaMOtS5ZpyPQQ"
"@Creativity","UCzubqslAgJ7JRkxOpgrX_gA"
"@CurioNadia","UCgOcWhAwS0k-h_oIQP2YpUQ"
"@electro","UCmqQheeBRW_IhWgwo5jDyrg"
"@fredofred12","UC7tO07gbHKZb3ObIGoTIfxA"
"@gauri,s gk would","UCFNsBBvbKUx8PXazXvfJNZQ"
"@GgkD@ilyVlogs_67","UCmZfNpQ9ko8ufCwciBtVVRg"
"@Greenland  buzz","UCnI_DMxI1n6ojC5cDzx9fTw"
"@Greenland comedy ","UCLImCEEN_a6MFLHE0zgC72g"
"@Hugs yt","UC1NUba_bkAzzILE3KJS38Bg"
"@Iftikhar_Riaz","UCi6T7XX9j3Yg1hrSElYgPLQ"
"@ITZ__ ME__FREEZE__","UCf_XO3Ihjr-XKR3dOs162HA"
"@ItzNaitik","UCO1bD4GYabK54hce6P9K-OQ"
"@JustOneClick","UCeAFtNcRf5yPPeM1uBvs24A"
"@KaifEffects","UC6IbuyWjoeDr5L4RhJjWPXA"
"@Keerthi_Fitcoach","UC7PssylkWpKkvCn6tqABW0A"
"@Ksom","UCJ7AB2NbTFpKtGj7rQZEn0g"
"@manishyt010","UCT9PGUjK0O2KocoyQzuwGEg"
"@MANTHAN-YT10 ALL VIDEO ","UCe_3NKbSVDgTz0X62H2A16A"
"@Margin","UCrxSv5rC6HcKxnunIHf_Ofg"
"@Nitheeshrajx8888","UC3s11ZBM9bFJ6sDVU0buwew"
"@ONE_BY_ONE777","UCtmuqHPNsO43f1e6fORiaHQ"
"@pal draw talks 😀","UCmjx-3pbGT-3T8vGvR4uA9A"
"@Pocomelon","UCjIyy4tuUnFbuJzk7k1yR_A"
"@remote.and.roaming","UCltSWdaxaAL6MIrC0XMp-gA"
"@RK SCROLL 9","UCZMtQ0j-kxpFK4lztsYl_ig"
"@RRR. Risha&Roan","UCiVQyc7GtgakKAn5evYR1ag"
"@shadow_ Gaming87","UCZNR2D2iNi5y-gDEnG85_kQ"
"@Shalini-Bhardwaj","UCO4ioU1az5ZbE6YpmhlQE_Q"
"@Silent _________killer","UC_nid63WQxjK8pTFFwm8PJQ"
"@SureshKumar-11","UCeckhYEI8U6ODPD7CHAD1yQ"
"@travel_tv ","UCXGXTaP7cnX-fhfe9fFJ2EQ"
"@TravelStory9","UCMZzVFW1k6m00D5QB0qhVew"
"@vickilynne54","UCgZ5qpEMLTUkyRlEhT0dc1w"
"@worldnature2549","UC250p6-QndgDFlqw2aPyC8A"
"[ Prayer of walker ] Becky tang","UCnHKr2uKw77gcWLenajXw6w"
"[ R ] Restricted Content & Video Gaming","UCp7r5OMfMAXUZcsGhyBQCzA"
"[☀️] America poster ","UCNL75W-5UrHVIZPKgByfd7Q"
"[ELITE]GAMING INDONESIAcombine force","UC6NIJBx8sVHVODuzEOZvOHQ"
"[P.R]FNAF_GamerAK(YT)","UCL7OTx2yKXWG_qoTC06DEjg"
"^MUM_-LU~","UC6KGYD8k3AbAnlxWGjrRaOQ"
"__FACT_HUNTER_BY_SAI_VARCHAS__","UCz6N1sxJXAldXGN8P4sipgw"
"_arts_of_maps_","UC3-rBnj8W49UJaFTYvLHY3g"
"_danimax_r_s_j","UCJIUtpbcIjj52AFAg_kol3g"
"_indiana.joan_","UCWTBzRPGod3x0M2pLbXYfFg"
"_k_e_l_v_i_n_f_a_n_","UCnhs0pOxlSKI9pmm2pdX0SA"
"_Let's Grow_","UCSsKLH0z2fVckMa5-0b1sBg"
"_Number7","UCU3tpnVs2GWfkXDRO8MKH2A"
"_S..h..A_78","UCKAiGECk5YwgOwCljhGZzmQ"
"_sachu_uu_1k","UC7HfiRRvZn6azkNkFY-IIDg"
"_syed_king_10","UCGQij45RJYk2_WCtssMdjvw"
"_Thunder_.","UCrrjCtvkJWDRdDDwWeVomPQ"
"_TradeTok_with_Shravika","UCLnhtUdG8t9cRiZjoLKupDw"
"`Nowa_Xavier™","UCtlN_M-SW0xVIYzUdWUbYEg"
"| Cats Gt |","UCXWZo64DmMwR-oIecUQPqmA"
"~ Callisto ~","UCPC-USFJu9wspFwuuoMDvuQ"
"~ rusestine ~","UCsqPsyVvKfSXeWjuISWiWmg"
"~Adutube","UCLROpjS9XGkKfqz44NkzN3Q"
"~Alyaa!","UCpMNE6F8nHPxV9nNpXoBNfw"
"~Josh~","UCHfU1utQNPQwAagTFpcNuDQ"
"「Rin Shu」","UCRnudC76zmT4wqC91LhIz7g"
"『T̷H̸E̸ ̸P̵R̸O̴F̵E̷S̶S̵I̸O̸N̸A̶L̶ ̷B̸3̶N̷D̸Y̶5̸6̴7̸4̴』","UCX962sy4d_Z8bR5Xj5fvNbQ"
"『💙ツ𝒱𝒶𝓁𝐼𝓈𝐻𝑒𝓇𝑒ツ🩵』","UCjc_GxeJUjlWm4-i-oIA4gQ"
"【Alby war】35_rb_subs","UCJTzI4PhkLRt0uvJSbkWZFw"
"₹|w@†","UCxwZXoerTl6wtLG7YuizSuw"
"■Anti■","UC3zT-KyaK2vu858UkPOIptw"
"◆ 𝔁𝓵𝓮𝔀𝓽𝔂 ◆","UCFyNIMdpbtQ-TpJEVR6sbdg"
"◇Adam◇","UCakncDkfXgcOGaD8VUbW_dg"
"● smart channel t","UCAE-g0M3W3rllDFD2UKfYGg"
"→ 𝕻𝖔𝖑𝖆𝖓𝖉-𝕰𝖉𝖎𝖙𝖘 ","UCQRJcECUJFR-Wntf2ux7WeA"
"☆sɪғᴄʜᴀɴ`offc_","UCNWUHv_B7kFpfgtsGL3VHVw"
"★ lala_star ★","UCfGTRsldMVoi0ttSsR69ruQ"
"★Hayden!★","UCDY7Cw01g3SgyxMOAV63GsA"
"★railfans jakarta doap 1★","UCHc1gr0t4xn40Zf7rCKoyww"
"★Super Memes Random★","UCKKJ3JHpPpgKETIp_JlpcCQ"
"★彡[ᴍᴀᴛᴛꜱᴜɴʀᴇʀᴏᴍᴇʀ]彡★","UCiN0X4PVqewBVIO9Pry3utQ"
"☠️CAR TECH ☠️","UCG9qLFvHRwN3_lS7Pq2hXTw"
"☭Murder Denmark☭ (B.D.A.M ) [BMATE]","UC_gS8s6TANWmX8q8HCXFJ0Q"
"♤hola♤","UC5KGkSbL1f14uTKrssY2AXA"
"♥︎shadow fights ⁰⁰⁹♥︎","UCBcwb79ZLCL_76xFLGdjluQ"
"✺ Swag At Rc ♡","UCbeQp4wvQFVgzwWXAuUHp1Q"
"♲Matli rawat shorts ⚠","UC5DaDmHVXRoiOv6KgbY-2Yw"
"⚡️Roblox una ⚡️","UCDZuPz96lfHw4KQTtGmj6KA"
"† ƀöặ ƀṛǚẋặ †","UCHyDx06gxnOSKOBEq3RvXZQ"
"•.•reda_roblox•.•","UCfpVDooeCbexM1N8Zo74Spw"
"•Zibeon Countryhumans and ball•🇲🇾","UC8t-3l9i9D0R2Wl4KtUhUtw"
"⛈️Weston the storm chaser ⛈️","UCFmUFk21CY1dvUa29_bQxGg"
"⛎نيو | Ahmed","UC6jKegsi6Or4Ej5l3JYUEcw"
"01harish","UCj3MomlAaf07J32CiWNvrVQ"
"050 Number1","UCWLcfi-bJO3N-EGPSurAT9w"
"0iy7","UCdwj0OJGWIEOaBZJhaVjQGA"
"1 Minute Animals","UCejVe2sNPjjvfCXg35q_EQQ"
"1 Minute Cities","UC3QH3aNNkX0wtDAaldZtavA"
"1 Minute Heritage","UC8R7PROVk9l2AeBWPejX52Q"
"1 Minute Journeys","UCSbasGzKRSYkLKWFYp1y2Aw"
"1 Nomadic Mike  ","UCz8tdULUWZcWnlQP2GbCWbA"
"1 Short Gyan","UC1o0YfYur1_OSYGnh9OVQZA"
"1 Развлекательный","UCCDHi8pNUw0LmaWqmYIkFtw"
"১ মিনিট চ্যালেঞ্জ ০.২","UCRqIDC30xizWFJHmtWA4iLg"
"10 Fun Facts","UCuOmZZ2ucNpZ64EMbOxIrHA"
"10 News","UC64A-bbH15b5kN5A32CErOA"
"10 Quick Facts about...","UCcNdT_pMbj5C4RVpU7w2vtw"
"10 Tampa Bay News","UCMYlXK0jyerVnc3dmz-vjCA"
"100 Countries","UC8xVic_3NopQAU3vJtEzxPA"
"1000 Day Climate Change Challenge","UCKru9p4CkQJ-Fqz4ePRzVkA"
"1000 Days journey","UC2QXvBtLk_BEK6PUM-6u52A"
"101FactsandFun101","UC1nzt2iXHdwfOyTjqD6p-oQ"
"10million Facts","UCoBpr81bQvVTYocQyPQnCIA"
"10X World","UCuIVsTFpqaCH2e5HriZtZ3w"
"11Alive","UCzF4Ryn8TKn64md77gS5Q5Q"
"11dragonkid","UCkiJiC70qMoKCcmNUUhWLRg"
"12 Minutes to CLAT","UCqPmroF7a5DlhpRxGv_U0YA"
"123 Fizzy","UCf9Pein25lHSuAccTYlHMrA"
"124TreeTop","UCFB9Oi-SYaofOBWTh0OYDVg"
"13News Now","UCODc8Pa-_WUMaVRp9dvmNmw"
"18-PUDA, Rechard","UCv5-FjnjzMQHxUnxQ0i7ilw"
"1min Globe","UCrXtNzkw7YI5LN3ygAmhDOw"
"1NOnlyAce","UCFh8RHt11X81Y9uOZxDhtAw"
"1NST4BL3","UCpQmgMkq2ZrM_Y5dFoUEpTw"
"1ntresting_Facts","UCclVVH0qbSRYcXM0C73D3lA"
"1tapsecrets","UCqAajUFe4S_H01G-VX5BkwA"
"1to34","UC5oikGtqF9gn6lNsx8cL2uw"
"1Topline News","UCeQyiXVRfuVab_LP_8o_uGw"
"2 The World","UCD5AiqQp5MbQQX9_gIrTKQg"
"2_7Journal","UCRkKvFX3iiv1OdkNjMeWD4w"
"20 40","UCtDUPKdwJKtw_vtS__dIzLQ"
"21Aerials Stock Video Footage Clips","UCgJm6BIfglJShMGKbLKL0Xw"
"22 Minutes","UCD6GYvOYBBNVm1eGQKUaGCA"
"22’ Maverick","UCaUuWO8dRLc8pwtgk4fQsdA"
"223bb MAPPER Animation Memes","UCsm0i60Kj1GHSCwQWPPSF3w"
"2407","UCwACkX9cFJbYKFR5GQmbpFQ"
"24Frame News","UC6Wh_gfutEPelIz8myaoHQg"
"25SAT","UCUDDCOmmEcq3SDiSCHNUqbA"
"27th Movie Nite","UCyGYijOkNbkdz3m_IpBaK5g"
"2A Today News","UCUmfz1n80C1OX1ig7W9MY9Q"
"2fast HD","UC87xIo9o4rrF8DRbxmQZ1qg"
"2feets","UC2a8gKQjBqljWETzbL1lxsQ"
"2M","UCm_vT5GmC266bdMcs16odkg"
"2nd World","UCq86DIeToap7-VUI4dDFQmw"
"2thepoint","UCttCpqhiSXH_h3tW_sDL4SA"
"2Zero2Tsar","UC4CRBSjETmwPjv5f_RchZ2Q"
"3 CRAZY FACTS","UCZGOb_BKbIXtjwwVIP8ts3w"
"3 mins - Juicy Facts & Tasty Ideas","UCec55XmH7Bj2YDA5UnMtJmQ"
"3 Minute Getaway","UCUkTgrbA4IH-D_o72ek3Tcg"
"3 of 7 Project","UCcesfcLDnvSTapfGjEMw7lw"
"30 seconds","UCTfl1yEBLRWT-sem-0O-vaQ"
"30TNT","UCrTKqQfaQ2Tl0nQHYveIbHw"
"365daysmxmtoon","UCUm1mQDUueFBcI-LsbifgTQ"
"37d03d","UCCcPrVJyMz5Jz68XnllL-Xg"
"3D HOLOGRAM VIDEO - 3L","UCHgvlA-YcLsIV1mvTSOoTrw"
"3D image of places","UCyOTYZZ3EvaS5DyGgNXPJyA"
"3DDDesignsFinds","UCYG30S06SyCxBzkYyki-rTQ"
"3dplanet100: walking and tours videos","UCZv-RBBl6kJdb85x_vZTxUg"
"3e Suisse Gold","UCOfXjeFiS_SwnG-8B0PLaZg"
"3Factz","UCq7O3kwK2EwvnvEJIzFOm0Q"
"3JP's","UCLik3iZMOCsa6rDScoFKrBg"
"3T channel ","UC08_UUx4spyQUTkKeP6mzWA"
"40 Channel","UCn8OXTQHWNZ5PMAMWETGspw"
"404 Mystery ","UCYIFPo6NEyYtqLxc7rz_NVQ"
"404Flix","UC_vW3MxBYujjI14QeTAXKPQ"
"45 da King","UCDph11PQStNdpUcj6nA713g"
"47 ARENA","UCdtT72NvI3SfLApYxtxd6iQ"
"4bidden corners","UCkJNsF4KQlHBgcUlnOuwvHQ"
"4D Tube","UC7nC9oXyBsegJtbFbSnX8rw"
"4K Beautiful Serenity","UCb__MhWsfgUd00uejhbE4mg"
"4k earth","UCi3U3HZ1HsN13M_f8RrRQAQ"
"4K Flights","UCSLuo2UzKIo0H8BalOPLeiw"
"4K HeartSick Heaven ♪","UCxP7pIjy7tNZOP6oUXQKTbg"
"4K HEAVEN","UCPWa2kF85QSVkeg_BQrlIIA"
"4K Natural Wonders","UCwG4RwTm26PpZ8Wqs86zwWw"
"4K Nature","UCoh7UQ26tKy7WUfW65RDhcQ"
"4K Nature & Travel","UCmLCCmpUtR3p8C8nlewIS3g"
"4K Nature Discover","UCFEh_g-IAvGHUniM8Vc3OUQ"
"4K Relaxating Video","UCTYD1bz_ZWoIckl3wj9Wmyg"
"4K STUDIO","UCIlhGp8TEia8yxWnGLQeC-Q"
"4K UHD Films","UCyksUp03Dmcs42SI1Y7ZQag"
"4LENS ","UCOCQHjeED9uwJPOd-VihpWA"
"4-Minute Videos","UCkL29IA2XFcctq4iMzIjuYQ"
"4teen","UC8FW66zygNoBFOuVstJMx-Q"
"5 Karisma 2023","UCq68tENBT9Mn6gqh9aI-UOA"
"5 MIN TO HEAVEN","UCDXHhI1VKYPuDX4c1hkIhEw"
"5 minutes insights ","UCDlFeokKmeLUzH9jfO0pjsw"
"5 News","UCsAKRVq2n1vcHBzNu1ZikgA"
"57hours","UCnrGMfym8Y3la2wG0yQLd8g"
"58 Stars Travel","UC5dbMop3nuPhQ9fJGJRO0yw"
"5ab Fact","UCKcJWkCdbgM2goJDyh0a-pQ"
"5FactsCuriositySparked","UCZGNPJDe60Vi2FrQu1WevgQ"
"5NEWS","UCsjInJwm1vIMCeegrZSk_TQ"
"60 Minutes","UCsN32BtMd0IoByjJRNF12cw"
"60 Minutes Australia","UC0L1suV8pVgO4pCAIBNGx5w"
"60 Second News Hindi","UCBSvWebZHB17iE6jmDJbQ-Q"
"60 Seconds","UCQ3e5r1hnYykaqPmqz6J9ew"
"60 seconds of history","UCe_I2_22vIZqgKcCo9uKE-Q"
"60celine","UCTYl1JbLKvNsuHS-5YY-88g"
"60s STORIES ","UCjRALsDiEB7BEpqmPB2Nfgw"
"60SecondClub","UCGm4mxGV1gDyh0iLZWtU_Ag"
"60SecondTravels","UCck7ULTSLNfhoddqBdKa1Uw"
"680 NEWS","UCH5U-fa5wNK2xNlIyBfMe4A"
"68CT555","UCMHvYqfFA9YxHaU_uWdzQNQ"
"70 Sekunden Wiki","UC7EAEkE8U2eNMdJlXhdXpjA"
"737Aviation","UC6OZKAoI9lQMYCfK6I6rkxg"
"74 - Topic","UCKlnnwfsJuqi-xIsLAIrvrQ"
"770 CHQR","UCpol_WmTpE2x70ZX6x0E0hw"
"7eight","UC11pH6I3-HP6pAfhP-xYGkA"
"7Facts Astro","UC_8MYu3j7-L1HVDt1-XUAYg"
"7NEWS Australia","UC5T7D-Dh1eDGtsAFCuwv_Sw"
"7RFX Editz 🎬🔈","UCLjYAXMUKyot5FY_l9FNxXQ"
"7seven","UCGvVlN6sksXOqGq8LGM20rg"
"8:45 Gaming ","UCvRWaIMmoszI8a_C1fwsOCw"
"800KodiGaming","UCKnCh3oIX43Y9JUxzqO-SZA"
"81Sitruk","UCPSQ8hYjc_PFhQUdYx6TUqA"
"8Bit-Ter","UCzy6Nio16CKxjHEP8qIaeOg"
"8K  EXPLORATION","UCJyNiA9W0F86KflOlVeU3rg"
"9 News Australia","UCIYLOcEUX6TbBo7HQVF2PKA"
"91 gamer","UCURZfkNp4-zysC5uf880viQ"
"9NEWS","UC72nbKQLSDyiSARhg0Ywj4w"
"9Trillion","UC36a0ZLHHf3zo3fgREb3t1w"
"A 2 Z TECH BLASTER","UC9wORZlHClLkmNmsDpEAZLw"
"A Beautiful Mind is Poetry Defined","UCa1gpJkaV7Ub2Ybo3YY8_Mw"
"A Bizarre World","UCNUrT7jlUdMktl8Um5sWkpA"
"A Brief History","UCPEjYOGe3osG9KbKyEb5jrw"
"A Call for Common Sense","UCeGlbnSAmphJDi7qvTPHKPA"
"A Comedian Crashes Your Pad","UCU9s7u4Ux-FeNyjE-lDcZtA"
"A Completely Normal YouTube Channel","UCPQFo8S5dUj16TJPuiRgwng"
"A Conversation With Carl","UCXfydHB8WTftnsnVqqI2Ktg"
"A Cool Guest","UCIvdbsxJdOF4aAhLqSARnpA"
"A Country Every Day","UCRO6BN8TIbIEVT2ddl93KTw"
"A Different Bias","UCj1_pZ7vmxnhy5clIcMVJtg"
"A DUBLINER IN","UCykf4M9lRnxklXXlgKgjJ6Q"
"A F","UCOwF1tGsf5Yz_boJhzwR2rQ"
"A Fischer","UCyUcjWBQ00Zci79Zd90ioyA"
"A FOR AVIATION ","UC0qKljSYCdYSlUCH8FTuE_A"
"A Happy Homeschooler","UChVlqEqM1IFhRb3d-pTAJ4g"
"A J films ","UCqj8PWhOybqBzZd6Vzrdnlg"
"A Level and AP Physics -Ali","UC_HHqI-rWqH8w66TTOt_h0Q"
"A Little Bit More","UCspdhzJn_bumwxrA4a_qZNg"
"A Maverick Traveller","UCOFZWLx5h3MYtXGK_E6HSnA"
"A Nervous Trek","UCtSLeSDrGjhwc7-48wOTGoA"
"A News","UC-LRBEUet4xX2fRB3JitFxg"
"A Nordic Heart","UC4uhfYUu5bLUO0rpPm2sk9g"
"A Pet Gift ","UCxBisfH0gO14V46fauMhgaQ"
"A Potas","UCM906sIBXCEZLF8FDArVMtA"
"A Shankar rao","UC5G5uTxJF06F5LxcG2vHuWg"
"A Shot Between the Reels","UCUAXZJX7abVlynDhjws5HcA"
"A Sightseer","UCAhkgl7mQxqAlreuS-SGTKA"
"A to Z Animals & Plants","UC8GnqqQlJKIFdLW5NYlqhTA"
"A to Z with Sanaa","UCZ458hFODGhggAYZMGKIOPQ"
"A tour around the world","UCpfnepC9wzxaplnf7S96ifA"
"A tutto Manfre","UCKhqYg9osq0M7lSLgBPbFJg"
"A Walk In The Rain","UC4zK5Gs9BbrBQYcdmw8HNnQ"
"A Window Abroad","UCXWCSxcYD7dhPylPs8tgD9Q"
"A&B Cool Facts","UC1qz4TWCKt8-Wmir3AYobXw"
"A. Petrovich","UCS-pDsKNwSMu1D6hxnkoM0g"
"A. S.","UCX2UVecvhNUX8DOG2nMbBHw"
"A.I.PATRICK","UCkBF8BO3v37LDzYi3Oka7lg"
"A.S.Harimithra(அன்புசரண்யாஹரிமித்ரா)","UCmHjvl-A7HDXLOOG7Bgb-BA"
"A.S.K ED!TS","UCpVT710mCL8SB4uhij0oI7g"
"A/V Geeks 16mm Films","UCV78nuSmJxTtHaD4wnzPJkA"
"A_couple_of_thoughts","UCe9lK45Wy6BPbEeLrA6ZiDQ"
"A_V","UCjXMJjSw9Qeg8h249K5Wrcg"
"A-1 Auto Transport, Inc.","UCKhGNjQ9Y88MvQa_xiW85CA"
"A2T. plays.","UCA_65k5B4BqMpn6DSWvxj1A"
"a2z","UClUixmSVQNEQoWDIKNvN24g"
"A3 Anomalies","UCZNpY4bicw45TAvicKAf8cA"
"A605","UCWsvwUAwVhkWOVUIKfVA7tQ"
"AB Gamer","UCe_JYvJeWxVDFyQCOVayK2g"
"AB Raj Entertainment","UCl2tUvq1IZOicwXPf8S-pFg"
"Abandoned Email","UCi9jzCvihtROp-3luVpz__A"
"à-bas-le-ciel","UCWPKJM4CT6ES2BrUz9wbELw"
"Abbas khaledi","UCSIL1xgQp6-q-BtKanYoG5A"
"Abbasi Arts","UCFnVnl8GtbXepIsxKHR7ozw"
"ABC 7 Chicago","UC_vFLohxs5PkAxlk7Y6jEtw"
"ABC News","UCBi2mrWuNuyYy4gbM6fU18Q"
"ABC NEWS #APKO RAKHE AGE","UC5J9pI9ZvsSaXVNK8LnwC9A"
"ABC News (Australia)","UCVgO39Bk5sMo66-6o6Spn6Q"
"ABC News In-depth","UCxcrzzhQDj5zKJbXfIscCtg"
"ABC Sleep - Topic","UCaxbnCw0UCbRx44Bn_29X5g"
"ABC10","UCT350j4u6alUKyF9eu2bGug"
"ABC7","UCVxBA3Cbu3pm8w8gEIoMEog"
"ABC7 News Bay Area","UCYUbNjkuE4lsr2v1Id2O1oA"
"Abdaylan-Satu and Abu Dubai","UCrQ2h6mqrKoZKe5xVosEfuA"
"abdul haseeb","UCgbZJ3aGcrzCPUyupDk_Kiw"
"Abdul Mannan","UCoU735J9VrPU0MSLBJgo8MA"
"Abdul Rahaman Official","UCZBq00b28AmMU1klWAkH-wA"
"ABDULLAH AHMED","UC6E1r1tNFKwm4oUH2f5RvCA"
"abdullah khan","UCCCMA0YgADPtrQgcTOTGswQ"
"ABDULLAH MUMTAZ","UC5_8i3zxSkkXHtIIh0gMjyQ"
"Abel-Tasos Gkiouzelis - Smile in your heart","UCzr_101LLGfnE36DEm7ICOA"
"Abenezer Seyoum","UCzY4Bpnm54hjDlYpk0I_BQQ"
"Abeng Abil Official","UC7k1maoTcDCyQwpSKTlHlzw"
"Abhay Kashyap shorts","UCRduaz1e4s9wvPZBb7fd5Bw"
"Abhayraj 1x","UC_SMNPcsiGYW4AvgKAlkdyQ"
"Abhi and Niyu","UCsDTy8jvHcwMvSZf_JGi-FA"
"Abhimana History","UCm813xtXESmQACXWW758GVg"
"Abhimanyu Roy","UCzL_ZNbn5NmMcqz1h9-nWPA"
"Abhimanyu Singh (Geography Gateway)","UC8z0GNqfWFbor6BSbBPPnJQ"
"Abhinav ","UCTXWObVF4gVCAn3XqHtZR2Q"
"Abhinav Gupta","UC_M48xPinZ0l4PtyRJ1FGxw"
"Abhi's Paradox","UC_9QpJDzohCGN3xys4TKwNQ"
"ABHISEK TRAVEL TADKA","UCHXqcPGqUne31NZ5p3_lGig"
"Abhishek ","UCPUzyNWv9vtuj3E6E2VOisg"
"ABHISHEK 7906","UCgFtTY5TygJrC4161Lq_KHg"
"Abhishek Verma","UC35PbZ0KREC8QlIr36_VPcA"
"Abhishek yadav","UCdInD-PEcj_JScoFRZsrcHA"
"Abhiyudayup","UCnbbbd9tnO9bu6TbUNRnSqg"
"Abigail greenland","UCejck19m3hHg66BzfpuBm0Q"
"Abigail Vath Meyer","UCTD9Cc4ucv1NJDhXQ1zGbKg"
"Abigfathippo","UCus0AOt1zSq3FCyRMaoAk6A"
"Abir Broadcast Network   ","UCVUMoA6eQ4UuqzMw_m57CxQ"
"Abnormalics","UCfdn7eqXZkZXEtuOIGOKePQ"
"ABOUT EVERYTHING","UChq1p8vnKrp-RJ_CUNBKdcQ"
"About Missionaries","UCzCIoRLyXYJC2wSIA40pqvQ"
"About Nature","UCZfgOWFleusZcM7S2oIqJuA"
"About Universe","UCAMOUJ_0QlUH4ZgMspqtbEA"
"Above The Norm News","UCoOnr2RUxID9uqeFxGrOYaQ"
"AboveAllMedia","UC7jKkOfSFbAP1uzxEI9rx_Q"
"ABR Geo 🇵🇰","UCys58SLM-AMvUmVHTts2o4g"
"Abr.m","UCear5yVIBQbkKwAxKZsIyYQ"
"Abraham Avendaño","UC0NMosTR7SbMBoIR0UFED9Q"
"Abroam","UCpAqavA_S5-EcwLTU16NS8A"
"ABS-CBN News","UCE2606prvXQc_noEqKxVJXA"
"Absolute Documentaries","UCLUZ6ShyBV3vnUAVMlUs4_g"
"ABU Travel ","UCu6gtofPAx4nqgqvfBoFxEw"
"Abubakar Ahmed","UCTlQFXoGSvMpLolKkw_HBUg"
"ABUZAR KHAN","UCy6tVKcWcZiRJvxSX-rq5HQ"
"Abyss Ark","UCd3GU9sub_zJwBOKP2xit0w"
"AC4Columbia","UCtgcYSQ58ZHpiq01uFWj56Q"
"Academy of History","UC-LGbs6SWaXM6RITTjIhRnQ"
"Academy of History and Culture","UCqznfeORRUFzgkC9AKT_KCQ"
"Academy of the Universe!","UC7c7LdfkZoztT7EcFNJ6EYg"
"acastellini","UC908_bv1t6S24oszXtjXpKw"
"Accident Case Study Channel","UCdLEJm0bIuByUqNb5-RiDfw"
"Account deleted ","UCVhX5n5r2WkMpqaCNsFwxag"
"AccuWeather","UCuYqi3hOfz6-3Hdp6tEJjAg"
"Acharya Stories","UC2GRcDC3703Tdwv4qhmhZTg"
"Achilles Pro 22","UCD7w8h9PimcdNf8EgBz6cAA"
"AchilleS SiX","UCnoYO1dEnHp8pJHQb_fcY9g"
"Achintya life","UC3fYRriv5bvXNm2MrnSl-iQ"
"Acorns","UCozVbc2-PZTMDuI_q2ZhT5Q"
"Acquire Knowledge","UCQuV8l_r2XGL-uo4DFNnXPA"
"Across America","UCBasfqywokm9AQh3JXpFCcw"
"Across the globe By Juri","UC0PGmzxgJS3EP7Bxsw8ws8A"
"Acrossaffairs ","UCB6cLcX4M3vHCRjtV3VjNnw"
"AcrossHorizonsTV","UCaabswOIhjhtkIacvpRWssQ"
"ACTION CULTURE","UCwTroND1jrZ5K1OzvYJZ5qg"
"ACTION OVERLOADED","UCSzKiysSHGAPCH8AerxlxRg"
"Action Photo Tours","UCLBVYx_5MIX3dSFF0KwQ_Tg"
"ActionJackson","UC70Ruf26KHfL0agUFCku-iQ"
"Actions Photography & Videography Services","UCopaeISRXm7lMO60zljSYig"
"Active Philanthropy","UCiU8IzABiRrv-g5pyufRZSg"
"Active Travel Adventures","UChx86tkJdYf6eTIuRzEdYsQ"
"Activism Uncensored","UCYV9UhlTIojJGzAaInoKkxQ"
"ActOnClimate","UC-ra1NsvJdcILL72kvfmuWA"
"Actor's Archive","UCfN8hrnivlvCSYgvHrxMzHg"
"Actual Space","UCe1Mh6sCPbsIgsgso3QPOow"
"actual today","UC60QGo5c5TWMU5h4kpLFwBw"
"Actual_UGC","UCLgq5nFbWz1SQbsxJ5-IBYg"
"A-Cube IAS","UCuE4MMD38GEx7yRizBZygaw"
"AD Facts Lover","UCkopO2FUJkIkPu7loGzMznQ"
"ADAchannel","UCiwH84XxrzAI5qNAVd7IXHg"
"Adam Barber","UCqGKDauy1Ki1A_SjrYgYaZQ"
"Adam Barralet","UC6_tPEGw9OuyUDzC5HYMt6A"
"Adam Discovery","UC2zL-3JR4tVKiv2GfUVy4Iw"
"Adam Gibbs","UCDyKBQGE7OOsWeQIPWqVSzw"
"Adam Kleist","UCVHTYV8WsuhfDbozD3GeX2w"
"Adam Sébire","UCN5EIbmQQWTgV21-YLvGF2Q"
"Adam Shi","UCYFiPnvSdPRdq1P5pbOZ1Eg"
"Adapt 2030","UC-5dIHmtQzHIdNCs7-bEdCA"
"Addi “ICE” Hermannsson","UCKoYc0y9c5PF7qrnU4efXUQ"
"Addie Family Values","UCGoR4Rnl5yOSojzoQq2CecQ"
"Addy Goes Places","UCbfQxsD4dfutj5S2DQbIrwQ"
"Adeel Khan official","UCRWvot6BKI8EZb-Yqmrvclw"
"Adelashé","UCEB-t6KzAOvFNuRUO_5orBQ"
"Adeptus Desu","UCmyKFaxTxz2evWOXSS_cY7A"
"ADHD Productions","UCYjUw9CXE-rOyz2yfQM3FyA"
"Adhiraj Pal","UCjQQ4xtqCyHB8oW7EHbUibA"
"Adi","UC2gSk0SvDZJEWUQjozEKgpQ"
"AdiBot Studio","UCh7BRUtR5Ain_oJLZ8i48hQ"
"Adil's Adventures","UCT2CeTkxS8pOgbBSly9easg"
"Adindu tochi miracle","UCMZYNZoPw0mlfk2CmWMjRPQ"
"Aditi Jaiswal","UCsaW571b0at__O54eK2VwAQ"
"Aditya","UC8SD3Vb3rDljJSSL7o-mAmg"
"Aditya CountryBalls","UCn_2l1zJ6hz3nwpGHJjjyWA"
"ADITYA DHARIWAL","UCeyBG5aFhonKJ1vfJibiong"
"aditya gaming","UCVarValKAukcM1scP6pCdMw"
"Aditya Kulkarni","UCIjRwZ9Vaa9wfTdy61frIfQ"
"Aditya plays 100","UCQDmlsaLhf-s1JhykPOQ6ig"
"Aditya Swarup Bhattacharjee","UC_VU9SWdppmkpXXSOfiSZVQ"
"ADM Mavido","UCWhYsKTv5NZ6AbBBL8r-84Q"
"Admire Academy","UCEiv9cn31043ZFEhk61yPmA"
"Admire The World","UCQiykIQvrhAYqKj4pAQSxyQ"
"Admire the world","UCMi8ApPAPIKx-54fz1vjHsw"
"admray countryball","UCVI-G-PXThamSc5xqKcDd_w"
"Adnan Adventures","UCO68i_O5OYTJqBQaTMyMhQw"
"Adnan Cetinkaya","UC52dYiGhcVXaKmINYLN7kKg"
"Adnan Mohsen","UCNd4SMiYfWUPkUcy2zuuIqQ"
"ADRENALINE Guides Verbier","UCl75qLO75Jnubl2nAq7ufRw"
"AdrEST","UCtpEQD3ehiJLaBm9IUb17JQ"
"Adrian Bass","UCiE_5_4KTKf8mbWvCc2hopQ"
"Adrián G Medina","UCvSRkLj1lY_8KqHexTJh7zA"
"Adrian Hayes","UCK8UJd52YM4oGbRDHknPy8Q"
"Adrian Logan ftw","UCRnoshAzj3DTsbFatYFUnuQ"
"Adrian lopez","UCwUMnfhKVfa5_ri3tqrwW-w"
"Adrian Rubite ","UCxeOIYRLB6-lInqQh4fRqnA"
"Adrian Valentin Roibu","UCByNxxZsWb_0nyxEQd4emDA"
"Adrian Veder","UCRXKJ2fJfX5LSzdiu9kiZ9w"
"adriana eyzaguirre","UCeBV2qMKBUMUpmK0iHGBucg"
"AdrianDotis","UClTc8lO-ZY-gyKlcuXhBheQ"
"Adrijit Ghosh","UCml6upBw7bbTig5RWKXY57g"
"Adrikni313","UCNsE-HSeLJYObXU8ovNxIEg"
"Adu 214","UCJFJHzzMHduF2E2HIx4lcvQ"
"adul kaewkoy","UCmn-P7oNgVCGO5qM2CXhHdw"
"Adv Jawad Mir - Legal Talks","UCA5rXsKGkH-gVkfMhzgGRFQ"
"Advaita अद्वैत","UCdR1wl5sU-C84AcH0wdRuFQ"
"Adventour","UCQQuH63jTUKckd2GWwTBRcA"
"Adventure Aura","UCMiWmiCygTAJ6evJACKSCYQ"
"Adventure Baby TV_","UC0sy8KxnTOsZqR-a1JnCNWw"
"Adventure boy","UCG9gGrArWH-uDmltBR5bSIQ"
"Adventure Canada","UCrCb41f-a8yXqsDTe0I2H_Q"
"Adventure Coordinators","UCNFzQ_ndHePODbm58WBSKrA"
"Adventure Sports TV","UCSiIs-WuuG4Esmuii43WZnA"
"Adventure Star","UCnnfDBa4n-nwauMZl5CJXkQ"
"Adventure to Freedom","UC9sFizSOk0ZCytDcUCryagQ"
"adventure.ie Events|Store|Explore","UCSNG-laSdPmzU_b_u--c_Yg"
"Adventure_Life","UCt5bwFm4R05dzQk4S_KYLMA"
"Adventures in Retirement","UCFk1AlsDdH9OcXA2inlaDlQ"
"Adventures In The Moment","UC_Qq5UKQA4Lz8Q2xRl7dL2g"
"Adventures with Lauren","UCn8P7r_O7j5Y8q__MExybMg"
"AdventureX","UCjx2r8buwesD5HGxiQSYZxg"
"Adventuring Empty Nesters","UCUIOxKvj8PN-eAIypacDmKQ"
"Adventurous Ewe","UCFJ4EQ9AZWDqb4Sh39aNSgg"
"AdventurousChef","UCCsGuocGuYzWSzB6WLcF8EQ"
"Adze VT","UCV8yR0NEPTIldACbV2p0Urg"
"AEBSL456T","UCvTB0r-GuXNcwEOgn-BbLFA"
"AEDC QUizzes","UCdiQoL9P3B9x6DXFe4opZcQ"
"Aegis Aurora","UCpEeTzmMwjWb6CPWBNGIg-w"
"aeiu travel inspo","UC1lj4vY-tVnbJwga3QXM84w"
"AELart","UC04e_27exY6js-wFa_241Qg"
"Aenix","UCGmvVqVci_0mbicCcNtK-BA"
"AEOZA","UCIr6exfacjnJ70amZv6u9-A"
"Aero Zypangu Project","UCTtdiDFIUDrqDbntWPOkOzw"
"AeroEvolution Lab","UCKujh0tx9LSsb1L4zBSwQZg"
"Aeroinfo","UCwfOkplmIpkkGGX5ephzIaA"
"Aeroleaf","UCfn0vBrf_NT-HYc08uglfnw"
"AeroMarine","UCV3YRGqNwYFpWDeWfsUYAMA"
"AeroNewsGermany","UCipwt-3-cptv9K6uhfZ61GA"
"AeroVolk, Parody of DeroVolk","UCvWuJpOl4jY3s5R99RdoGgg"
"Aesthetic Gurl 😻","UCLtNNeryZGFu05HDhHeIlQg"
"Aesthetic95d3","UC6AAXcmSQaY2UbC6OElkvOQ"
"AethrianGeo","UCFC7MFTQYwWDfWgzXYtzOfg"
"Aevum Origins","UC-RlrtSnTDfenxL8wYoR7Vg"
"Aevy TV","UCA295QVkf9O1RQ8_-s3FVXg"
"AFAD - AFactADay","UCNg7uHDcKPOskQVHpCTAwiA"
"afarTV","UCaG0IHN1RMOZ4-U3wDXAkwA"
"AFKforever isthe goat of YouTube I am the best🗣🪑","UCF6mw7JrVMdkJqlwL0ZW7vg"
"AFP News Agency","UC86dbj-lbDks_hZ5gRKL49Q"
"African Greenland Safaris & Travel","UCX78T2LLc9OqudjDjMMgV8A"
"African Origins","UCmKN0PmNAjX24q2W6nrV6BA"
"Afrika Borwa Politicking 101","UCqKVCj7uPEEEjG4UcmDv9Nw"
"Afriusa","UCjjs4SslMXPWg2ZAiRbIcxA"
"After Dark Stories","UCNRBp08oPWnkfFGuPFoCGQQ"
"After Life Welcomes You To Forever","UCk2khWXpURVFs2bueLEunaA"
"After the Raj","UC3EIlptW-ZhccDJUcPS7iAA"
"After the Record","UCRGIwf7BKe5t4m7YG75I8AA"
"After WW2 Echoes","UC3k27eDtDudySlBVaHyguAg"
"Afzal bhart","UCw2FJgxQoIhrLwMkUuLf3Rw"
"Afzan_talks","UCT2jEd_sGU_gLf9GZk3zj9A"
"AG","UCgf9ii5p633e1gCH7j0jhNg"
"AGA Greenland TV","UCjVm5BR1D90ZYZfmf5yVc6Q"
"Against The Tide66","UCSgkQbOE1TOrIJEjDx5uYrA"
"Agateberry","UCfnCzr7WpO2lLRXEM7VWQDA"
"agcrules","UCOrpyTtQWNqU3Yk2ucNmXLQ"
"Age of Conflict 2008","UCxKLpUoW-TRNBB8PA21MYdQ"
"Age of Deception: Awakening ","UCuzJTrMY_WAyOaIUuRVRf_Q"
"Ageless Finance","UC57-QF0C0cD8m2xIR8KkKaA"
"Agent613.ca Tim Hewson","UCD32pS5qrNWEbka0HBYIjCw"
"AgentKiwi6747","UCzIuE-lPzxNjDiFZPWZBgIA"
"AgentPluto","UCVVOG6wGi08TGac3EXpslgg"
"Agota ","UCwzTH6bAFdoMTjvYqmz2otg"
"AGP Travel Planning","UCFU5NeQtaGvE6e6Rv8hncTw"
"Agriculture field🌿☘️","UCf5pB2dZeGWbVSnVLGoiNVA"
"Agrip Tindoilo","UC8tx6FgkoZA3t1F8d2JW0rw"
"AGU","UCAmvZawnAXogfsrXWKpPTVw"
"agung afif (gungafif)","UCGxaF-dinIcNnbYx2sz9lNQ"
"Agyaat World 2242","UCkF7gq0sR3Twb-L-F2ND7cQ"
"Agzvideo","UCqTRRd6dkLZnf3bZNWnXyYQ"
"AHA Trading","UC96T2gDoO5PNUEC02sfqZbg"
"AhHa Daily","UCMzZxcXHMz_ValhGPMehWMg"
"ahm","UCns_OENmcTBgdt4yWhFWfEw"
"AHM at home with MARDIY","UCBJVCRkjO8EotbPtK93J9dw"
"Ahmad Farouq","UCzpdmEAlD8M2OEHLGcg88NQ"
"Ahmad Shafiq","UCA55ZDya_BpZZqBVY8xHiHA"
"Ahmad tech station & Vlog 2.9M view incoming","UCkYJnctnUogiws4x9W0y6Cw"
"Ahmad.exe7","UCSlfbe556BZEIXThodxNREw"
"Ahmed","UCJ58H-mFCJpshWyVis3Rc_w"
"Ahmed Shawqie","UCQ8Lw1qqXIP_EcIurKLvXmg"
"AHMET CINAR","UCzzs_xa3qpUj_Gtc5NsOPrw"
"AHOM's WORLD","UCZWVvIDsVP3gyKrxpy6dm4A"
"AHS Photography","UCV0yMRzQJkKEu5Qpfbo71Nw"
"Ahsan Plus","UCjd6Z2bUhOqQnH2P9isoNhQ"
"Ahsan ul haq tabassum","UCSICuQKQfT4F-R0Ex7lQPYA"
"AI & Tech News Daily","UCPMWd7GJLZn8Ox13Xm2BKVg"
"AI Automation Methods","UC_ZRsREKok0LXX8KBSOlFsQ"
"Ai Chronicles","UCcuIN-J7WIkxZmoCVvKJV_g"
"Ai comedy","UCuH6wiRNcHQvxNrXBAtMnLw"
"AI CREATIVES ","UCUjDP8Ec05JPXgkqHQYayyg"
"Ai Creatsr","UCobKgkG_EWeUr0kQzpos77A"
"AI Dark Jokes","UCtGZyBPExHyfQ-La5HEVHNg"
"Ai Driving ","UClNXE0bqfy0QGieQy4Ij4VA"
"AI DRONE SHOTS","UCqj_kI4d2Rj86Z7D3gtqppw"
"AI ENTERTAINMENT ONE","UCnsSESmBfXcI727lwP_yN7w"
"AI Freakshow","UCFtrlPQQTIsf8bFvMu3htaA"
"AI Fruit Team","UCyzrQOX5N4kUWXhdR-AmEVg"
"AI History chan2","UCCUdiyUpj2Vv-OowYb2yCZQ"
"AI History Facts","UCR1kquZmtA7ZYQPsiN2ghnQ"
"AI HISTORY PRO ","UCjQsWqk6r5bKS6rhQAU2eNw"
"ai hulk story ","UCFchYcDPake_tUGgBz4tetQ"
"AI KreaTor","UCYNHkn9NPV1dOnco1SSU_yQ"
"AI Lu Buleng","UCFK-W0y5g9SBct3IHbK_iQQ"
"AI Michael","UCyjATtWFoIACoh7LUgKr2Dw"
"AI Political Analysis   ","UCeDlXFyhnnZw0Eu2Fuyn9dw"
"AI Political Comedy","UCNaPWVt9O3BvWmrOn88QqbQ"
"AI POLITICS","UCVGHxtNrfbZR56E36-NgREw"
"AI POLITICS RS","UCl6jP2szmCTVDV8k9te6hXw"
"AI POWERED LEARNING ","UCeRYdwt2igNKrX1SBPbkaYQ"
"AI Pulse Hindi","UCB5NUB34A2jxkZ3RUrdO_rw"
"AI RIMOKOM","UCh6vUEltropNarITwF-S9_g"
"AI Roasts & Toasts","UCi51TxJZxSxDcvdww9FHP3g"
"AI Satires","UCx87UwPLn6kjFLV85CTupUA"
"Ai sr","UCQB71rOto8-zICuL4XuJfqg"
"ai video ","UCGVbrdByxTSSNZ5LMdJJDZg"
"AI video Generat","UCXSSue2WFAFjqBls-FS-7oQ"
"Ai VISION","UCENy2a8HE3mRcGdfn337qQA"
"Ai Vision Studio","UCnmcMRPSLjQyLcF_clIMd3g"
"AI Visionary","UCM72a_YBDKIWSrdm1tBwAzg"
"AI WORLD 2.0","UC4jVm2QdEp7-Ti4JAOc8w1Q"
"AI_GEN_FACTS","UCQo-XhhsE8zTL8wIYd1aP3w"
"Ai_ki_Duniya8","UC-ra1NpswuYrkVx0NCl1YKA"
"AI_Oracle_News","UCSUDxpw5E1tx2eftbaUvCFQ"
"Aichi Mapper","UCgX6ajIoXgZ8Wow0Lk8xQQA"
"AICuriosity","UCS0l0u_SmuLP1V8nJVFzz-Q"
"AIDAN_DK","UCQ1-2kDc7PeO6DM0V588OZQ"
"Aidar Animation","UC7gdWh1GmS4mSS9JkcZGWhA"
"AiEditX - US","UCX8WclNZWTSqGaR7SsLmLsA"
"AIGeographyTeacher","UCgNw-AVCrshut31UAZI9a8Q"
"AIGorithMic","UCJhb7NnxZ9NcY2ggd8mdY7Q"
"AIIMS-HANDWARA","UCMl04pO7iinNucneeZnDHXQ"
"Aimbotdoggo","UCcURgGUU6sfRm8pf1MrMY-w"
"Ai-Movies","UCmGwrC0eeR48sOGNYvwcw6Q"
"Ainews247","UCYweCliGItCUqpNCQwzHeIw"
"AINexy","UCGHzxDQg4CNEhsNDuS7HKeg"
"Air Aspire","UCC8QEwIdCABSXbi59QYnWvw"
"Air Greenland","UCPoRFmKvuJabaFEHah8se5Q"
"Air Tindi","UC90B_345bFhdqMpeHTZe8Nw"
"Air travel bargain ","UCtdp5CNuc96WYMozY-CwPCQ"
"Air travel with your pet ","UCZkHbYxMLyYMEv9WhIe6KCA"
"Air Trophy","UCmaviDOc3bRr3xfbXx5r7GQ"
"Air101","UCDM796fpGh0oLCwLYQuIn9A"
"Aira Castro","UC31lN36VTS-uE9BVesimRMA"
"Airbus","UCkfZz95mfqPnzquatVpDTsQ"
"Airbus Fan","UCflwKETIye8uAdto8d72OMQ"
"Aircraft Partner","UCc_ZverF3gGnkn6SsBb2JOw"
"AIRCRASH","UC7Xwpsod5zj_NRnWIfjcipA"
"Airdrop Earning BD","UCiTElxxh1AJTja-I2ddDR6g"
"airdumoustique","UChXUzYX0fLfgtxmTXBmAO6Q"
"airflo","UC3wDi0Fw5Fv9g6raxj4bMAw"
"AirLapse","UCMuoiQkz36lXklOMOHCDDaQ"
"AirPano VR","UCUSElbgKZpE4Xdh5aFWG-Ig"
"Airplane ","UCxPx6SZaNkwOpxlyVVBvoEw"
"Airplane Crash Reconstruction by Víctor Vic","UCSbX6rQTwHtrAV_OGrPn0gw"
"Airplanes trains geese chickens.\nAnd landscaping","UCO8YN_06KSPrC3nAqQx_RtQ"
"AirtagAlex","UCyotIQ11MKrLDFdJCXhZjwA"
"AirtagsByMail","UCTx1sxo4OxtHX5EZ1ElzobQ"
"Airwego Group VA","UCgnIXSAvnPmhYMCA2NPzLfQ"
"áíš!aispoaporu","UC1swbrz9S2VKVABS673ACgQ"
"Aisa Akmad","UCJeRdcKDm2-CDKVHzx2w8VQ"
"Aitana Forcen-Vazquez","UCclUFzTTpn-Uf0lSt-sFvqg"
"AiTelly","UCBjr2QgkUNToRbwVecMgX3Q"
"AITrackEats","UCGbq76eTrZtvB6DHnhoseuQ"
"Ai-Trend","UCJk0qryTx0eZzWoo8D1fWXA"
"Aiwithyash","UCfpgL-eXnTpQnXXnf6tEQVQ"
"AJ","UCKQeOnBdtEL_3Wb3G3wgkzw"
"AJ BELPAK","UCzmiL02NRv-gRURtlWaw8pg"
"AJ+","UCV3Nm3T-XAgVhKH9jT0ViRg"
"AJ2I SOTA & Dxing","UCAhDqby6Rf7IXHzUyLhlBOA"
"A-JAY","UCMZg9ZSm2TlL83SRGyAXHig"
"Ajay bohat","UCFoVsyKcbYAqFS1OUfqQSRg"
"ajay jakhar","UCkPvYrXXz2QoqWj_d3YRdow"
"AJAY VINSAN ","UCkE7WZ9qqau9g77RnLKSM4w"
"AJE America","UCIANZGbfgjg1x_2DDE60btA"
"Ajmal Roshan","UCToKYdzJR3HTIrV5pvTVhqw"
"Ajmani International School","UCHWAiX02-bACJO3QE0dUFqQ"
"Ajnath Fact","UCCbFh6iwKU3eHVUCv1AD8uQ"
"Ak ash","UCyBM6Cm-a07AaxMMfIl_dsg"
"Ak Avishek","UC8cy6LkiOKdocxVcOKwnJOg"
"AK Pakhtoon Production","UCMIM5eNAj0Weqv-Pr6cqnug"
"AK Pathsala2","UCcqYg2U7FCcBpRKHB8mnNYw"
"Ak Updates","UCw-ZX6bTi-OlbW0GkWt2rHg"
"Ak47 Blogger","UC1T5IEGHYnK_9fObdKfdUQw"
"AkaKristina99","UCYd2gPbalue2o4iZgmLXhGA"
"Akash Mahato","UCoH2nwfWgP1TBMqofOZRtuQ"
"Akash Sharma ","UC9cEg-b7rYiMTq_gYzKOKUg"
"Akash Vukoti","UCv0kpk0LTh9numttEQ5WzRA"
"Akashopedia 2.0","UC2yfQu9SNzzQLYGn8wDEvdw"
"Akatsuki","UCPT4os1eUYYG07meEqnzfuQ"
"Akhand teach","UCd_LFVMLmkG8WxzozXKz-Cw"
"Akhil edits 23","UCIPyxkyCT0wV3ju7CUUB8tg"
"Akhilesh fact 07","UCESt-sn3VxeQxMaIpVzQwjA"
"Akhwandkhel Yusafzai","UCLu1HcWcHsX1hVzeLiP65ZA"
"Aki","UCNRgNPf4rpV6g8M9cfTCrbA"
"Aki Jloriene","UCdwG6ludxihnODqFnC8I8PQ"
"AKM","UCR8YpMSqRIuyWSUAB_yllgw"
"Akmal Alam","UC0laTmDL2SirpvMFLn4nAEg"
"aKnownFacts","UCFEn0ngoC23MH-VT3hDzlMA"
"AKS","UCZTnywsG4t67ye5PDOB8KTw"
"AKS ZEITGEIST","UC26wiZjXyG3tvnLpNTxz-0w"
"Akshatha Gowda","UCBkq6jgISjJoj02dHCwhGNg"
"AKSHAY JOSE","UCj5eSza9pqMe0TozWeBtq_Q"
"Akshay Rojasara","UChwX-BNvDn1Fgvep2zvAN0Q"
"akshi amber","UCbiFqhwvUg5IPmj0s2SnmTg"
"AktheBeast","UCHQmzU_vzql6KFNTjQ154dA"
"AKTIENALARM","UCf00yrjSDLkhhbOlP3k5zUQ"
"AKX - Brawl Stars","UCLTc3z7IOg8lgFzS6CZX0UA"
"Al Arabiya English","UCIZJ9a6P_nxCFJTmL0gh_IQ"
"AL Jadeed Special Content","UC2aRC_0FSLOCd2NdXfThz8g"
"Al Jazeera English","UCNye-wNBqNL5ZzHSJj3l8Bg"
"Al jummah","UCLet2wGzHZa7tXp6VUELHiw"
"Al Mayadeen English","UCzW1oJMWo5BpHys5QGbpJrA"
"Al Mel","UCt5Yje1ytY0754UtTPWFLpA"
"Al Qalam Designs","UCid63lbkuezJEbT6oOPfdFQ"
"Al video 9253","UCmVM-_kfSFJHup3QWP5lQqg"
"Al Wagar","UCkir-bnlzM7ONiwYk9_Pzug"
"AL_ICT Classes","UCCYT0Ys2w2hFi4P8xMQ0uiw"
"Al_lolabi'x Creation","UC6QQ0j79vooIbxO5Hr1mOyQ"
"Aladdin Sir","UCjy0PqDu2ivk58UeB0GcNrA"
"Alaeddine Ouertani","UC_U1czlCWxaXWFla5LrKcLw"
"Alain Scorb","UCLyN3i2tku-Fqex0i1jPWTw"
"Alan","UCsqqXZPtunFa0XqB6Cek_qA"
"Alan Brown","UCc3Am5ouPwOMZv5gQt5JqYA"
"Alan Rhoades","UCy2WstytCIOf6KPlQ7iwCSA"
"Alana Hood","UCGWa_5NAXv8sZlT7SjKxPDw"
"Alan's Theory","UCplqZF_Lb77bi3eUsczSV1A"
"Alan's_therory_46","UC3J1COd7jGmpOwI6bGqhDcg"
"Alap Alap","UCmPIUSL8KzyTRcSH4XcHfTg"
"Alaska's News Source","UCJZWh6xwfsZe7NrjHo4OvGg"
"Albatros Expeditions","UCeoytGqefHwigurWsBcwSHQ"
"AlbatrosAdventureMarathon","UCkWP4xqorfOLMNmCi39ryIA"
"Albert Bailo","UCrd2mp4x3YGbQuuGl0uFpEg"
"albert ctz TV","UCA-NSryCW1lWE0uCkkAVYXQ"
"Alberta Wheat","UCoEFFOsmzcKLMUQdssHu7Wg"
"Albiklian Channel","UCtp7-PBlwioVl5zUNdp1BJQ"
"ALCHEMY","UCs0HOSO8mIUXzXvmxo5jyZA"
"alden","UCF7_eM7s-nJqJtNCWzm0b9w"
"Aldric Partho","UCBxarXyDGQjFtwBtfblVBew"
"aldrin_hapon","UCieFeRwgo_TZni4BbxSBwow"
"alec N","UCuKv2GLjZbDD6M-4evorJBQ"
"Alectries ","UC6rue5llVlhyalgmDVj2AAQ"
"Alejandro Gonzalez","UCXLuJ0V4UMJ6fbbuq_ApWcQ"
"Alena Korshunova","UCvuMJ7zBbfca-IGuqmO3Z2Q"
"Alena_Discovery Hindi","UC1H7akLfvHoFwco_Nja3Fkw"
"AlenorEmblem","UCzX-eA1sun3KfUjlhvgA80g"
"ALERT ","UCPh3NMi8rcwTwclsZ36Nuvg"
"ALERT News","UCobspf4Rl8k0WawCT-ivUMw"
"Alesha and Jarryd NOMADasaurus","UC1Mjzfl8jUsVyZ1wYN1WPkA"
"Alex & Steve 2","UCg_FcC9QNNIASnDNOurOZ-A"
"Alex Amasa Olsen","UCinwCifxLkMWD8f5HiitW8g"
"Alex Barzukov","UC0IJCBHOqeCVMEqU9cY6LYQ"
"Alex Chopyk","UCti3Tk5Rd7b6TF6cqIytUWg"
"Alex Domberg","UCyqaPqkxwvHrS8F8Vunrpzw"
"Alex Heil","UC7P2uo1wRMHEmghRHxCjUdw"
"Alex Hibbert Originals","UCBk2kqWm36UsD2HxlMd3q4Q"
"Alex Infohub","UC3bZNXvJAq7vJVuKpjVnHlA"
"Alex Krainer Official","UCuzE9KGUOAffrtuBDK4c6hA"
"Alex Maps","UCYspIZgOncvOd-DmVeFakgQ"
"Alex Mcgihon boxing","UCylKu2LWU9ldugyyL1D_wlA"
"Alex Nevzorov 🇬🇧","UCkIQjdrHP8XABNTWMaPO5oA"
"ALEX PANDA YT","UC4ZExJgKe-KTtXWh-MO0SVQ"
"Alex Parker","UCsXulUZt59WWoMia3m_goRw"
"Alex Praglowski Aviation","UCN1SQ1Ffsm_13OQu7MwHXbA"
"Alex Pretnicki Music","UCx6qU0mES9DY95fByUcmgqw"
"Alex Salvi News","UCDIaSZ7kK9y0JOhI-HEBX_g"
"Alex Stang History","UCWS3GfqAcD7x4ZqWKATcDNQ"
"Alex Stories Livestreams","UCiCzMo4FjEjx905HbQNMUJg"
"Alex Urluescu","UCKVEeXr5buQeuaRXwY07Ftw"
"Alex Vee","UC5wyOr-B8OvLdQFMJmiI1uQ"
"Alex Whitton","UCA3Bl5nJ0rnWjRi1StpYR4g"
"alexa wang","UClY7JuoySoOILJsb1F3r7rg"
"Alexander Hejl Haste","UCy-_15L65Jmm7GuLwEsD3Vw"
"Alexander Ljapin","UCSj0xnKJRlWJtQzOcLQDHbA"
"Alexander Pautsch","UC1GO1cXFdFFBgO4fd7n7fBQ"
"Alexander Salter","UC3aRnL0bWGzMDCENyN4949Q"
"Alexander Stein - Topic","UCd3bAWoVOv9xMm6I5oNf5SQ"
"Alexander Teimurazov","UCjLFvFw2Zj2-waOaANRR-VQ"
"Alexander Theodor Riise","UCdYnV1DEtM4VCVJuZW0QCGg"
"Alexander Willard POV","UC4SV_qwD6Vs7ZN-efkW7MDw"
"Alexandr Shmatov","UCF3fX7Yqcem2yhqZDhOFqNw"
"Alexandra López","UCC4pR0fVlT_Er2Zk_GSbgMg"
"Alexandra Middleton","UC7mwjLYhrCygcXhKoBqu0tw"
"Alexandros Razerboy","UCvKUfJpyza4OU6fmOHo_JUg"
"Alexey Vnov","UCtY_h1gQNcqy26LGRVIF9_A"
"Alexey-L","UCuJ_raUcGnnC8P-AvussM4w"
"AlexFha_29","UCTibgeQCwMU_yVLJVfQLM0A"
"AlexLovesDumbStuff","UCa2fSjrsha2taWYCYtIOd7g"
"AlexTheFrog1","UCujzYc6Ul3hyAu4pg-GwrEg"
"AlexThePiggy","UCmemKyXWgMgwr6C3An5TgDw"
"ALFA gaming ","UClN3gAF5AdA7xY869MLuOzQ"
"Alfoart","UChO5wVJgbLd93lpMltZ6X5g"
"Alfred Marinosson","UCFSmXqxeJZyNZ_xu41zaqJw"
"Alfred Marshall","UCotKmKMs6V0ItL4swJhniMQ"
"Alfredo Bonifaz","UCgBw_gECEukNwVli48RWfSA"
"Alfredo SCARPA IZ8DEP - KI4RMF","UCjtied8vXKGguJm_-_mOfYQ"
"Algerian_mapper🇩🇿","UC8KSaoLErM7t6_ZMpvajUMA"
"Algoball","UCDWkCYbN1_SlqFQJFlLZJLw"
"AlGrano_Calvin","UCPx8ah1CWA6LydKgDLjn0Rw"
"algy minecraft gaming","UCN91xrnTmZgV76PZ8PtQFww"
"Alhaji M kamara","UCaAWD5HfPOP7o9eUtQLDepQ"
"Alhurr TV","UCEK-8JT7y4N7FnTEJzZCxJQ"
"Ali Hamilton","UClnnS9-k46WDSOSNfgZh22w"
"Ali Hamza Vlog","UC8Ua8jq-WlslsJXSDVga1LQ"
"Ali Hussain","UCwaUsqQWjqnaw6ysSFz_Btw"
"Ali Nasir","UCfWLb86LOuWoXnz3TYj6QfQ"
"Ali Paradox","UCKucs5lGX-Ru4IB7j1PRlgg"
"Ali Usman Hasyim","UCx7dwULwmFc_sGcDUTdBTQw"
"Ali Vikx","UC8KfpGjf-Npz7a3YrY6Ua8A"
"ALIA GSM","UCNVAMjh1XfOL4ATeGW3uo5Q"
"Alicia Schulz","UC8Udb2d2reeNS6Oy4OwDQgw"
"Alien Aiyan Gaming","UCTMuYKzJqvWVZG3kbMW3QoQ"
"ALIGASAR VINES","UCBoPhjc8JaYeb4pSYr6V4XQ"
"Alimad co","UCXAqXKivH-f-G_3eM1nkaqQ"
"Aline Rogerio","UCQpOmRIWuutxbYHntSt9G_Q"
"Alingon Mitra","UCbDv5Psd1c4krL-AJcZ1Yfw"
"ALinsdau","UC20udzH6JMgerw_cdsHO7sA"
"Alisha's Lifestyle","UCg8AZkteRIrW6NP--b4r4Cg"
"Alishorts","UChMHs6qEKmu-er7KJlzkZyw"
"ALL  CITIES","UC4H9k_PVb8UjpcJvrx3lV2w"
"All About Arul (AAA)","UC4g0NaYx__GHbTwSsX1ePWg"
"All In All IPS Vlogs","UCOHBYOxjUm1aHz25jt6HkJA"
"All in one","UCb0H-EwXps3rHjPUx_XFZ-w"
"All In One","UClE1rYOqO0-D5VlBa39RiFA"
"All in one Information","UC5eOvpZn2X6Zvbjmu5QtcXQ"
"All in one travel guide","UCKeNxi9c7bmL43F4Q_otRlA"
"All in one W-S","UCCho5Q0KFybQUw7t8ldKnig"
"All Is Here","UCDZtR-X83sXJqGvS63PQiMw"
"All Massage story","UCcn_lnh2LX8dPwdaaR4ltpA"
"ALL MASTER","UCLwEnZJanHC4O0sIT3E4gag"
"all MCQ ","UCUEFsA_xiLmtxID95mjF-sg"
"All over world","UCwn11Hdd4Tb4w0_xBNP0obA"
"All Parts Pool and Spa","UCYaIMF4dX_CRuc02qPqUlnA"
"All Rounder One","UCIakMPD7uoGbnlQld-iMT2Q"
"All Rounder Worldz!👿","UC9SSSDMTQbeSXKe3mysv-JQ"
"all rounder 💂","UC2iP5EGps97Soa00tDc_7Eg"
"All Superheroes Movies","UCmu_QpUIbJuOkzAxlxjd6mA"
"All Things Iceland","UCacXXvaNHJQhMYU7f77OrBA"
"All time facts","UCZHockyjgsSTlr4FRPK8YOw"
"All U Want","UCNTAkzzxqCylAxmZGbhPSQQ"
"all video YouTube adventure","UCoyXwQST6MU96py2RhDsZug"
"all videos","UC-zPbOGwdezq8hmK5uAuz-A"
"ALL WORLD","UCXpM4aAmXLmC1Cxb3zLIO8w"
"All world leader ","UCO2rZ6Hdu1yXB_Cvly7owRw"
"All_short_ video ","UCVDo9DsSDAK9W6pkIQPsa_g"
"Allan Jones","UCjyQFgBDG0fbvMfVBX91oxQ"
"All-In Pod","UCBQC8_7sEigOSDQdQJMF-3A"
"All-In Podcast","UCESLZhusAkFfsNsApnjF_Cg"
"AllinOnePlace","UCEnE6AUVx7m4opK8WBb2aug"
"Allison Anderson","UCYSMmZnOy9LEy5jhEgMyddQ"
"AlloyHitl","UCpEvWFERLeoxHR2Mse1_U6w"
"Allround- Gaming ","UClmbpqYBPuVlgdFw0osqRuQ"
"AllShorts","UCCy0y9e3gS6G52V3AhEZ41g"
"Alluring Arctic","UCDpg-x8jI4T5Kk4h2jE00mQ"
"Alluring Planet","UC-iJHIGxvbTdS7eksAwu2JQ"
"Allus Kashyap","UCgG2DpBEGwn019TZXT9ETTg"
"Ally Leung","UC-i0y3xe29Q3-51wGWXvrBA"
"Allyn Goodfun","UCJYs0GT-HelI-Ha4k44CclQ"
"AlmaScientia","UCRDyg2f3LfBwJDIK9bkpY7A"
"Almatyballofficial","UCwqeoIg6kDb0sYlDPh6ZdwQ"
"Almaxx","UCOBaUEoBTkZANh_LQm6acqw"
"Almost Above Average","UCXnoRn9UMkvxOjU-UPMKxAw"
"Almost11","UClykCsqQC9dCJJDOuMEFtjw"
"Aloe","UCaXXFYMnhnryyBkxPIJA6Lg"
"Alogozy","UCYBRzBzt1lWOkL5fF9Ys-8g"
"Alona Jean Baguio","UCakgsuj4fuAbNjiCE1SHHxA"
"Alone Collection","UCZhIPzzMHXtplSe-392R0og"
"Alone_yt_2121","UC8eS3LH4egfsmO8RMt_GArA"
"Alonso_Nunez7","UCoC-dd66fUdCASmx_Ukdsgg"
"ALOO KHAOGE ","UC6fc54FpqNIwoP2WEvFKMtg"
"Alosha vanesha viegas","UCXzitvmu8TQpZCN2Hu1zgpw"
"Alpana Brijwasi","UCAqiqPvM0s71KOslCjTYxiQ"
"Alpha Curiosity","UCTkWgix4G0bMJkZXCQZrR4A"
"ALPHA DEFENCE ","UCiJ7bo6cPdOWawFtKfseEqg"
"Alpha IAS Academy","UC80UnAyiwG-OpM3d1Y3pv3A"
"Alpha Leaders","UCMUgru9PX33j4L72pNu1VVw"
"Alston Liu","UCEZGq3J0UZMhxhFQ4gF643A"
"Altamash Siddiqui","UCJCPM32gTi1V5fUl2lKtf-g"
"alter_nated","UC6ypyb-nuigr9zpC5-FFNnw"
"Alternate History","UCrY9-TONvkJ6qcu3wmvnTxA"
"Alternate Perspective ","UCMGctcqk29r8KKoP4O3IoQQ"
"AlternateHistoryHub","UClfEht64_NrzHf8Y0slKEjw"
"Alternative History","UCAPVwsP7Vz3jx3qO62bmoqA"
"Alternative_TheoriesYT","UCusNCcDShn3r65lGsiC3wLw"
"AlternativeGeopoliticsMapped","UCZQ_iFdc2XS3EDQVCftO_Yw"
"Althea Academy","UCATbZJQ9cU3-DfWttTn9JJw"
"Altitude Nation","UCruIBUiP3sMg6HU9GDm7Sqg"
"AltoonaYourPiano","UCvAlq-_Ynx1VrLmBIfboD4A"
"AlvernaHistory","UC3EKK73uXxJSJT227XAkarQ"
"Alver's Vlog","UCRdPMgyM9i8CZUaDfekDlIw"
"Aly and Pete's Travels","UCm7OABHd2Rz1oWnXt6yoJTw"
"ALYA's Diary","UCuvv2AuMpaXjXmJbLSrx9sA"
"AM Info Hub","UCqOoolUrnWgrkNWbVyLhS9g"
"am reho","UCqGIZ11P-BQ6H_hfP3LCxMQ"
"am1manTravel","UCJGf55Oh7ePqVMQqP90TZnA"
"Amadeus Demarzi","UC_eSKyEzaEFroO3CLSibD9A"
"Amager","UC_agEmiitUxnytePzZ31VxA"
"Amaizing History","UCUOCy0rKXLTVRAnnHdDfOdA"
"AMAN AT SEA","UC1tjCxxyjp4QB6rB_ttIM-A"
"Aman Pathak Official","UC5yBo_t3T9OInVaZGFdBgEw"
"Aman Raj","UCtdoQaxJ41wJl5RPIZGGllg"
"Aman Sharma ","UCIMSLC6IqofU2R6kK1K2hiw"
"Amanda Collins 510","UCfcLGoCgCeC_3X5BNfidsEQ"
"Amanda The Fairy Godmother","UCDJqtBtmuCyAAlLwQvlV5QQ"
"Amandeep Singh","UC0BhunvJv61bE47VZ-adyAg"
"AmanSuperhuman","UCtPQKWPmh6KG0T59xJlYnBg"
"Amaresh_BG","UC8-ZAuOA22lXNslNNEjYv_A"
"Amarnath Vangara","UC6WBnw2O7bAXytMWuIEy6og"
"Amarok Adventures","UCG4_bCM7HgKadGrXL7zYA-A"
"Amaroq Minerals","UCs4ENFwQilIKIywnjBXe_Hw"
"AmarusZitate","UCnbPItcdroSjgf88xBIqNoQ"
"Amateur Traveler","UCGrKrSP6wtg5hLoy6cx_PJg"
"Amateur Traveler","UC64di4Vu4WCH8Pd_KZ3UTbw"
"Amature Travel Buddy","UC2ojKpEKBRxDS47k4hpquJQ"
"Amaze Lab","UCKXEESjIEsKmGzws3fDKwFA"
"Amazing 5","UCRkCgZSA_s7evzFDdCRgBrw"
"AMAZING AI MAGAZINE","UCCYDgcYWClWDsu_gJxaSO5w"
"Amazing Animal Facts","UCSb3AztuGrl0jo0FtEySj0A"
"amazing animals","UCrfwWJ6Y7JOk_ZMUt9FrImQ"
"Amazing Collection","UCTnfttw8lO1q5-Gj92bpHbg"
"AMAZING EARTH","UCwJDbbxt2ilm2iFDQ_wcJEg"
"Amazing Fact gyan in Hindi","UCGZfYTZ66yosfFoUZCARkdw"
"Amazing Facts","UCOJnl_eoCGYj0k1dr0cs0vQ"
"AMAZING FACTS","UC8Qrx7LI0xwIpHXBGtKaqbw"
"Amazing facts about other countries","UCBMe4diiC1tOOwZbnolZzOw"
"Amazing Fish","UCnzTJ__rdH4FMbF7Hev_BbA"
"Amazing Food World","UCU4WP5S2dKert4ZVa-LLTmw"
"amazing foodie","UCZg9M65Map8Vc84RVX3Ovng"
"Amazing Gyani Facts","UCRylB-h2EPJssygeJb2nhYw"
"Amazing In Earth","UCaCpsArg7fuhIYEPO5GiUvg"
"Amazing Knowledge Unknown Facts","UCgaDCIc_lYDy4nEk1IUSBnw"
"Amazing Nature","UC8TD61CRRD-ZKrtpvrqBFnw"
"Amazing Nature","UC8wwlIYKo9TUVSXL9rqdhKg"
"Amazing Nature","UCH8wS-9GJa32baVBYn0HjnQ"
"Amazing Nature   25k views. 3 days ago","UCyy0p2MoH7DVZ4U_MqX5x5w"
"Amazing nature official","UCJOHZzg2sLRooHMhY3Pzp_A"
"Amazing Places on Earth - Shorts","UCJkiG_2uGegbuKPF5Fe0ZkQ"
"Amazing Planet","UC74fCpR2LQU4YxU0NwcnHCQ"
"Amazing Planet!","UCMJB12z6EWlG8mOQL9cAc_Q"
"Amazing Scenaries","UCBgLowDjlIgwf4CrXGu0Qow"
"AMAZING VIDEOS","UCKugNQESrqwfc5MaDCiZ4QA"
"amazing videos100","UCpddFz5jhormZgM3LFjvlow"
"Amazing World 8K","UCbDIZcES12NrGjytJKBcsGQ"
"Amazing world shorts","UChVQszFPkXLMB1YgTZOL8RA"
"AmazingFacts","UC5tc-3ia5h5al5jzCyfQlNg"
"amazingfacts","UCFPc2yUOJs89TIGK-N3gg4w"
"Amazingfacts","UCzLbdV1VO5X62AmQqnIthAQ"
"AmazingThings","UCk4Px1TYI7tbHMEblNPTMGA"
"AmazingWorldTour BySasmeetSalunk","UC7ZCzqlzSehbhTG9TxHaEDA"
"Amazon Sanctuary 4K","UC_U64crGye7HfqQ6iXNHhvQ"
"Amazonian_Mapper","UCQ1QFHV2kvauDW0evT96mew"
"AMBall Production","UCrk0TC9zXHH-WBDYDxq6QeQ"
"Ambassador Cruise Line","UCIiilS0k1pssKd19ySy5w9g"
"ambons 88","UCANxGz3rmhaOI__efbDlwYw"
"amcoflomi","UCRj8FaTFXUH5jSCsmqmRFXQ"
"Amea","UCgxT0f-MoaxXVyIcHanShjA"
"Amer the stupid guy","UC1KMwiAtgn-zMARCqCd7QSA"
"America at a Crossroads","UCL_7hJyHHmrRruxix3V1mCA"
"America First Hot Takes","UC_KfRUekisvlAhQKwHaE_WA"
"America First Policy Institute","UCymmdN-7aztapRuS0Hwpm9Q"
"America Mact","UCHtKAcDhoOUn1bVyhI9CCmQ"
"America On The Brink","UCWm5uVEwjageAnTrQ8UDUtA"
"AMERICA TRUTH CHANNEL","UC_KPO4q6MNVb12_PN3hyprw"
"American Advocates","UC4pOyFYf85uVZVX-l1BVRPQ"
"American Depths","UC1CcXjLYbsMCHNENlSzgS1Q"
"American Discourse","UCN4xOnIUtq-H66Jzk5e8niA"
"American Dream Spots","UCqb6yCSU3uPs7fOM1j-77_A"
"American Facts & Truths","UCgFbTgt0ecsFVX45n-IccvA"
"American Girl 🇺🇸","UCrGxGglzUafC-la9tmoEFJw"
"American History Stories","UCe_lHeeyBj0vn3UsuIJrwfw"
"American Lens","UCwmlVHi54NRJlXvJ0L5hn8g"
"American lifestyle, USA Shorts ","UCN_RUYX0pmSoSI7pKbGixQA"
"American Museum of Natural History","UCMkybZyI_B-xgkLQo_eCQ_w"
"American Patriot's ","UCfx3ObV_w0ZWlGhTXMSRmlQ"
"American Patriots for Convention of States","UCdFJqgt5FYi8qW5D5sso-Hg"
"American Public TV","UChtNhiwGJD7GtSIRBE3craA"
"American Raja","UCprd7xGe6iwAp_vixT34MgA"
"American Technology","UCIsqBDZYIVpVliGBc9ZJfww"
"American Trail Running Association","UCR7k-KlxcYhamca-zmH5YJQ"
"American Untold History","UCx4GjDlh4IrpSryOHn676lw"
"American Update","UCd_j2vFmid84_LHauOkBEMw"
"American voices","UC3UFCsyfMMLjXsoc1E1vT2w"
"American WildLens","UCl-agtOkLdOGLmxlr8qE1UA"
"americanpatriotmaps","UCy0a8K03yj8xEujcY6yJ6bA"
"AmericanReacts","UCN92Wm0twhfHfPKqIFopjHQ"
"AmericansHits","UCrzio3fAEWsCZHmL1hzi03w"
"AmericanSirens Zone","UCUowKBDG2XyyyJjxrUKS08A"
"Americas Better Future Network","UChgCVysIm0ZaWxroWNElX9Q"
"Americas Next Investment","UC8-74qCSfehMZhzle4wpItw"
"AmericasGeopolitics","UCUdpef8jCK36F9V4GQQfoNQ"
"AmeriScope","UClRBk5dLiraFa40AGYulGqg"
"Amethyst Bleu","UC_PfKa_ERYaiCz8exI-r1bg"
"Amethysto","UCaq2Tf2j-wYEhmxE2WfL92g"
"AmGogu Adventure","UCSgdlrjBylf4lkoJi8F6jMg"
"Amigos Pandora","UC-kaX6BN1le3cdYRHx__Xgg"
"Amir","UCT4ih5RjsWqqh0N6BjSM9pg"
"Amir Hossein Ghobad","UC-UUqVQ0aROkezhF2Rtb03Q"
"Amir Mapping","UCTR9sO3tlFlRqjEXca5r5mw"
"Amisha Rathore","UCq2CnJltwZKOIklTM4owe_g"
"Amit k Vlog 5.0","UCrojl3w21Onl6x4nFiOUDww"
"Amit Sengupta","UCYCVm1aN33HYdLs66DHw_ow"
"Amit Sharma","UCwt_TQ-Oux5GmjuJRPsp5_A"
"Amit Solra","UCnAAgjlYhj0QMeNxlc3ek3Q"
"Amit Soni","UCscUJozC3Mj-ueg-zeZ9xaQ"
"Amitabha's Movies • 545K views • 1 hours ago...","UCaqm4I2yzFTY-qWefTGGiiQ"
"Amiverse History","UChh-Y6GmozDakbrBA0tzs_g"
"Amlesh Khemka","UCmJR-Pxx0-W-M4TznCu1SJA"
"AmmoShorts","UCeuC0PZRFSzWR1LvAhejbTA"
"Amod Dange","UCZ2Xog6qHf8LNmmNjlpCkCg"
"Amoo Reviews ","UCmooAPwvgt1h3zEGMV3qYbA"
"Amos Gill","UCzfxTpo62XxNVjLzgFkrzbw"
"AMRUTHA VARSHINI EDUCATIONAL VIDEOS","UCcNB6IjS_Z3XuahGBA8e0LQ"
"AMY ANTIN","UC1VPZPgVirlEYi3WDus9RAQ"
"Amy Hall Wildlife","UC6jkZhGtO0Q2H8MRU8VGWaQ"
"AN","UCPun_PoF6a58_HBx7oFaKTQ"
"AN’s way out","UC7zjn-znkmTZlX9Z8UwtnPg"
"An0maly - News Analysis & Hip-hop","UC4vptswS-qIpvz0NiocrGsA"
"Ana","UCqGeFjziKG5bfkusYA2ar3w"
"Ana Níco","UC7_LwGZeC0m7l1mw0yJtKug"
"Anadolu English","UCph-M7aQqpi1fW0BQwn7XUA"
"anaisharaina","UCLZBv6GU4hMX5aOfJHXiNdA"
"Anakahee Facts ","UCP-ZsUVNcwSotRoyXiROqmQ"
"Analytical Academy","UCItVtro8hdsTXBFRS2f1tLg"
"Anam Explain","UCOR2ZmWdBYR8iKi0zEWEIUA"
"Anamika Vlogs","UCHebq_bgsHBNdDLkJzxV7gQ"
"ANANi","UCcrHbS9_dVxBzNlYK5wS5cg"
"Ananta Muduli","UCYPgo2AqVwlnl_y-_cQRJZw"
"Anarkoli","UCvw7snEIchVoNp4LYCNN7gQ"
"Ana's Out of this World","UCgQqVIBL-SZsmCGUuD1pfQg"
"Anas Piniwiiz","UCvMgY6jgKMVzvgfKgodA9bw"
"ANB","UClOr0LsmkKDUkpDVC84g5WQ"
"ANC 24/7","UCvi6hEzLM-Z_unKPSuuzKvg"
"Ancient Alleys","UCaUn5lcv9rInSWtqRIS31Uw"
"Ancient Facts","UCPD5iHkVMcd_Er3Nx0MGC3Q"
"Ancient Flavors","UCbqYdr1upylRrQurcIp3ubA"
"Ancient Historia","UC01ctxz_bBUcr2_DXKz0vaw"
"Ancient itihash ","UCFvr1ZHA4Ao5QvMMAohCvvQ"
"Ancient Mysteries ","UCpwcSWPO4IXW_UnQVcNDhMQ"
"Ancient Mystery and Lies","UCh9TxxrWC4BxOxSIGdVLzog"
"Ancient Pathways","UCr6iXk2PWm-ShwlCjoYZd_w"
"Ancient Secrets","UCkvXUuPDNHv12hHKDNRXlhA"
"Ancient Stories","UCBfbbwdLwqcyuBxQfgwQHtQ"
"Anda Clasen","UC5SI1ytG0-Ubc0nS3UYELJA"
"Anders Lee Jørgensen","UCvvK71EiVXXIf5VJGWM94Sg"
"Anders Puck Nielsen","UCPPfK7Nq_yQR84rn1wcTXBg"
"Anders Vistisen","UCqdvy4n8x44footmwglzedg"
"andi stuttgart","UC0na_xweSlj_Op5LJXvb-SA"
"Andie","UC_TfJfA7Bz_mZbU8byUiIKw"
"Ando Craft","UCPoy3fb1c0y8nyL81jmU2vw"
"AndoraMercury","UC4bwuusPe15SD_I-DCvGbTQ"
"Andras Pozna","UCdrLPd4dzGHPMoDmGKJKHgQ"
"Andre Bencze","UCBk3OmRBEbmhUoxq-1Rzv6w"
"Andre OneTwo","UCCAN7w0RijwhNJK0f5F6ezA"
"Andrea Fantasia","UCwBx7B-V2x53RYjyuKCj6GA"
"Andreas Aviation","UC-1lA5mXp1OsN0Y_tjQWS-g"
"Andreas Xirtus","UCsUSkNjKw3n2IisWnsfo_QQ"
"Andrei Kachalov","UCYfkdwot5ls9QVHJIy84wNw"
"Andrew Bustamante","UCXam0UQg9Xr0_OarTKNMFCQ"
"Andrew Elizaga","UCS6zuqVGUJKzzJRB1y-s7qA"
"Andrew Glowacki","UCGu98aJlsgojjQSc44XthDQ"
"Andrew Goryan","UC7vcfXqLfraeKtbUKmAou9Q"
"Andrew Ling","UCUM25xVT-24QxTinDtZ7yLQ"
"Andrew MacLeod","UCCRW6iXNSWHEbZLETXJ3wVg"
"Andrew Meadowcroft","UC-9FUtgBCz1x7Fo5dhl1d5A"
"Andrew Nissley","UCVyXJLxaFuOSny7Ivj3cAIw"
"Andrew Pascal","UCLFeUOPTZuhIq03VJSToGlw"
"Andrew Says","UCsBEpj5lncNQzTK5jEdZvTA"
"Andrew van der Kwast","UCaoUl_W94X2SP38vZLO8kgA"
"Andrew Whaley","UCzEVf8CSXAtJnLzOaFelGvQ"
"Andrey Promotions","UCHrFRAKkTITAlHcVee7z5Dg"
"Andrias Mukhim Shorts","UCjeOimgoDvc67sGlGQCa_cw"
"ANDRO OCEAN amazing world 🗺","UC78jeenGC34n08mvlsOStUA"
"Android Guru","UCjsMXRF0htm6pBN9-cWYFDA"
"AndroMediaGalaxy","UC4ukRyPkCGQrN_wXbL3FWbA"
"Andrzej Wnek","UCUYAthEYf0ribBW0xG0XG_Q"
"Andy Jensen","UCRKStFXH8LYlWqr1BuuD1eQ"
"Andy Mumford","UCTFdEybgY_c3Di0SvcmHgZQ"
"Andy Pura Vida","UCdoB0seGsQv4wg1DKjEZq6Q"
"Aneela Jameel","UCAkcEXG3xZOW0pn0w8SFZgQ"
"AnewZ","UCQ46cDgoQqzuXPfmsDqF3Sg"
"Anexa","UC6wy9mrys6FVQ7M7M4G4Yjw"
"ANG Belgium","UCClADIKgiV_b0Thfd8-pFDg"
"Angajo Kruse","UCF2vfl8JlJGGHu3lWoVf5KQ"
"Angajo Lennert-Sandgreen","UCww96hu9qRx_Juw4o-YUmmg"
"Angela Wang","UCEy5EtUCTSwjk429k_vhPBQ"
"Angelique ","UCIsmdNndK2nIg5QVlOs96Sw"
"Angelo ","UCI5w8oSJj01cdE5lA1jt73w"
"Angelo Alejar","UC-L7P9Q5atxcXIh9nQ6o6Iw"
"AngloVT","UCFyNRBdhvzGgksKUBzhdxTA"
"Angry Ferdy","UCRIONx1GuMACcAj2Z5i4h8A"
"Angry Gator","UC8WLowoo-0H-BP7ClzBvhLw"
"Angry MaleVet","UCq6W3xF3icllNnA4botrO3g"
"angry Mr steve 🤨📸","UCKh3tJqjGnS3QIFjp7iuYiw"
"Angshu'z art 🎨 and Kickbøxing 🥊 ","UC3XagU2AQXs3d_lLYhfQJXw"
"Angus R Grant - Topic","UCN2c6OUaMtLJ1G6EbBt0_Hw"
"ANI News","UCtFQDgA8J8_iiwc5-KoAQlg"
"Anigma_xplore","UCWq8hFCgq37F6W8qW8RYS1g"
"Anil Bhalla","UC2hocCPi8G8xxquAvFvP4sw"
"Anil Dabhi","UCFvfdK6FOeLEQl6ACZehgoQ"
"Anil K. Tikhatri","UCuFgfO_xYr_8LoIPQ2SoQ8A"
"Animal & Nature","UCDvu5BAWiz_65Gsi70k3zwQ"
"animal fact and science","UCV5kGF374_RncH94v8tOrmA"
"Animal health rescue ","UCQM65tbj5sdHS5falW0_x8w"
"ANIMAL HILARIOUS OP","UC5Hy9RmEm7xrLU-h1ye6mxQ"
"ANIMAL LOVER","UCOCp_tJu3tyI0_ROpFS8LDg"
"Animal Sand Life","UCjAN9ObS4Ul-5K24orAWMrg"
"Animal Square","UCiWwL2TGtQqiydCpzQ97eHg"
"Animal Talk with Rachel","UCTWPWEO-UljmboSHSTb08Jg"
"Animal Watch","UCfsRp0AAJQII4EIfZeVoeRw"
"AnimalPovCam","UCG0wCPnBsn795mFM4U8iQKA"
"Animals Coldest Stories","UCC9-bLvW1F-MDd0n6vbjtkw"
"Animals in Cities","UCAfrLQbZx0SokrmCZcsdLUQ"
"Animals lover","UCTSDhEYzg6g0-cHI6mw3fkA"
"ANIMATE THE DATA","UCyRAybWiEpowIbQTzfhZOTg"
"anime anime","UC68Y_herfzzbMTU1q_b-rWw"
"Anime Boy","UCLJgYOfxbCvsO0bkpN1dncQ"
"Anime Explorer ","UCu4Xig1sUfJ1QrEpS38zo0g"
"Anime Shorts","UCRpMu096suqyPMwpoJDNS6w"
"AnimeXtreme⚡","UC6qJDYIL6EPZHJhoM4jhRww"
"Animify","UCkV42aSvoK2QNOY6G72K1eg"
"AninesiaIDK","UCX9aSpD1WcGMs4MBIj-ntFA"
"Aniruddha Bapu All - He and His World (Marathi)","UCxOukmA27pybWTyCw3q86uA"
"Anish George V","UCST0DJIMkbShqkZom7DnaQw"
"Anish Newar vlogs","UCVwiTbFuEdCSMHFykG8BpYw"
"Anishnaabe History Podcast","UCA6POZ6Bh2gc1Wi0bPp7Fvw"
"Anita Gupta","UC_Ajlq4OJ-XqPKQI3m4M7hA"
"anitac fact","UCfkIFk6kYIPdOUnawHQOpVA"
"Anjali","UCmyCfOPmpL64ZyDY1YSudfQ"
"Anju rawat","UCigLXW_tAvQ8P-TLAUmf3Qw"
"Anjy and Tony's creative retirement ","UCrOwmcXK6ayzUABDnSm9w-Q"
"Ankit avasthi Vlogs","UC8wDr0xKf6DXlJ-fIXAsV7A"
"Ankit bhaiya ","UC2dXJZPKd4DgLgTK5MrTK3Q"
"Ankit Inspires India","UC2Nwwobsd0ctkzVieXZvyQA"
"Ankit Modi","UCfhG4ieH7CLwWLcxYDzOgkA"
"Ankita's World","UCDwkRkb2gfJN7n5zxdT_Ssw"
"Anklebiter","UCEDTm4HF2teIVA-PP-7mgww"
"ANKUR KNOWLEDGE","UCIfCDoUEFyEvcGvwwJOR1pA"
"Ankur Map 81","UCeRK98FIdv-StwLiBY-7iEA"
"Ankush","UCEjvsbeCg8Y9OydoFuy7ASA"
"ankylosaurus dino","UC85CjysgkJyHF5Da4N_0LmQ"
"Anmol Choubey ","UCCGMxvkE5gydIWubAqPaCfw"
"Anmol Gamerz ","UCiyJggPojUvTC7L5iykzqJw"
"Ann Mariya Thomas","UCPXVIyZsb-TjoGjM5vHi7-g"
"ann mracek","UCLHq4ORM8v95thnK1v34JTg"
"Anna Cooper","UCIF5YAGR2VIARbWK2u70aAw"
"Anna van der Kaaden","UC9ufQELVN55PoXNLWjJhKIg"
"Annalyn Evoces","UCKiKwJL-JkMZd50nIVGw7Fw"
"AnnaRidza","UCYpEsna6AHrfk5sJ8UzU81Q"
"Ann-Britt","UCW1O124nzQTiXe5gYsPNRgA"
"Anne scenery ","UCfBoS_DukD3gRyD8rc1qKQQ"
"Anne Zetroc","UC9XBaroPHtqQw3g2HZA7tJA"
"Anneh","UCwW6t-NfN-jeCxCI0vrtnmw"
"Annerys Paulino","UCfJDcGnt4QP3CO4GAUm8s0A"
"Annette Dion","UCHkFuBOTGi9TjDNwoWsUoyg"
"ANNEX ALL IN ONE","UCcf0qCdgMP9FTZ_nJ5rbzgg"
"Annie Kimsay","UCTcToCGfhu01eZ-SsmpXwwQ"
"Annika - 80 Countries in 10 Years and Tennis Star!","UCasek8uskW6b5EjkovCgAag"
"Annika Fehling Trio - Topic","UCVBMFdEC9y48xtLSZWC9Gyw"
"Ann-louise Weldrake","UCj7ybTZvxStwbhKHJ9oVfLg"
"Ann's travel and camping","UCSrdmWaADUff4yBjBZrvi4A"
"Anonymous Chicken","UC33b5i4YnHfSz9ADuR7Cz6g"
"ANONYMOUS_000","UCu-S3En1_nvtkaTGFw5nXcg"
"Anoop Suresh","UC7LELA3YLjnaqVCyrB9hMoA"
"Anowar Hossain","UCbW9lNV25npqyvT9_8WQOuw"
"Ans Arshad","UCmrg9dZJwh0rbcEQh14Qcsg"
"Ansari Remix Rock ","UC8tB86H7mnxAeNRt2lU40Kw"
"Ansari Zafar","UCSGpkE-mEi4WgHTFYXDmQSw"
"Ansh Gaming Thala For A Reason","UCarJvT7kPkWdoUgt9-lUxaw"
"Ansh Rajput Gaming","UCdmia0UevjLY2olKz3rpKPA"
"Ansh_g6i6","UCJrcMNA815xeSok3mN7ZxQQ"
"Anshad Vlogs","UCd3UoFU__l4noM51oYFhhMg"
"Anshu  ma'am","UCgk5fhKCqqFCwD-1jVusyHQ"
"Anshul Chaurasia","UCH5FfWtogtEi5_VkTxmlT7g"
"Anshul Marvel","UCoPxH_sCsYKUGgTpMmGANKQ"
"Ansu Brahma Entertainment ","UCkx2PGrfvt2GaKqD63vFNVg"
"Answers Explorer","UCh-rV8j8aOuEI9tHOmxh0Iw"
"ANTARCTIC SIZE COMPARATOR","UC780HMMDGPTlpLny7xmomZw"
"Antarctica Travels","UCAk8BPhGvfSCuEC0WDNwozQ"
"AntarcticAvation","UCaLjUEB31iCJxZIYC8qgaQQ"
"Anthem Hub","UCQYlXV7NqMeucAsZ117y9Lg"
"Anthem Instrumental Channel","UClLQMeWOEF3Dxub6o4k7pOg"
"Anthempire","UC3Lh2G2fnfiVFtx8PDTtnWA"
"Anthems Direct","UC7E6wIvt_-mJz6ZzU61E08g"
"Anthony Daan","UCQFfDaTAb3UGqnN346V6OxQ"
"Anthony K.H. Tang","UC8qgu1ZPSYErUTDSAL6OtMQ"
"Anthony Marinac","UCmFyiFKnO4bUr6k9KArYwdg"
"Anthony On Air Clips","UCjb265H99u9r4JqAVlXpx-g"
"Anthony OnAir","UCOfx0OFE-uMTmJXGPpP7elQ"
"Anthony Perry USA","UCzMLN6ccCDh0ULsz7z_in5Q"
"Anthropomania","UCIOLfzBwnO6NXcyg_roJ5Vg"
"Anti-Kleaper","UCAV8wKgROckLODCVnteIrVg"
"ANTI-POLANDCBW","UCklG1uuly6cnIzYgHyJnPIg"
"Antistress Relax Music (music for every day)","UCuf7phivyT0orfnbd_E2htg"
"Anti-Swag Corporaton ","UCvldlfjGU3dPrZ9gjrkbdkg"
"Anton Johannes Hejl","UCg4RP6nXuT37tbGittQdkhA"
"Anton kristiansen","UCZ8XtpAuCd0jJr-azTJ5JlQ"
"Anton Petrov","UCciQ8wFcVoIIMi-lfu8-cjQ"
"Anton van Dijk","UCD8-UuW_cp-QuW2Awmp42lw"
"Antonio Ramos","UCMnhDR2FJjTOU5WCwlg3OYQ"
"Antor youtube yt","UCiuR5mnzHop_NtGrr2kMZsw"
"Anu Tekanawi:ta Obsidian Thunder (HEALING MY I.N.N.A SOUL)","UCYCKMedqIYC7xUM8m9UhEAg"
"anueresaleshop","UClhEXCze2kq6PHiBpifNO9Q"
"Anuj 2 M","UCG5zs-zwg3qsvejyrhTp83Q"
"Anuj Toppo","UC8LZAhs-2xYrq3gkyegmUIA"
"Anukalp OP","UCG86afmi-pbdQc8xN6UxnbA"
"AnuLytics ","UCO0uJskR0TKESPHJhK1Dsjw"
"Anup Sharma","UCvZw_xolfymKTM46Ts3BQVA"
"Anurag Animation1","UC474BAHhxulLQKz2Rxb0-3w"
"Anurag Bhadula","UCvZfjmuKkclDLmQ2YlfqjgA"
"Anurag Files Business","UC8iqt_j--_pxOvwOqyPucxA"
"Anuroop das","UCkPAS376V8XiFDNeGiYrUoQ"
"Anwar Knight","UC5CrE3xs7UZEpS54gILKq1g"
"Any Bloggers BD","UCwDUp3UWoO1Z2DiaPNb-vgA"
"ANY VIDEO CHANNEL ","UCy_z1_dUsE_IUt2N7KAHe1Q"
"Anything Shorts","UC_8OfpcjkK0W4by6PCyMulA"
"Aounce by Afthab Adam","UCN7tzzBGj4t5aOGwu34LmoA"
"AP Archive","UCHTK-2W11Vh1V4uwofOfR4w"
"apa","UC2kZmyZ0jJXu3qH5O7TpWqQ"
"apanwallashorts","UCzy4F533mHuvc9z60J07nUw"
"Aparna","UCiwYeV9IIVV-OS5GhQzHfuQ"
"Apeksha Prajapati","UCzXa5PmLYYEJPy6NBN-2mhQ"
"Apellidos del mundo","UCB4hGChTRd7QV8lwFiwPRrQ"
"ApertureBeauty","UCdsxxFBM5F2-xJMqTk4IJsg"
"Apex Insight","UCixukd4dHqgH69f-6zuIPlg"
"Apex Media","UCyuwZyIq1CiY-8_yYw1BZNg"
"Apex Sci Fi","UCM_zW8ssehBq9gzPNNjFnOw"
"Apna Canada Live","UCZjTJPVW4kgvX8OztYY60tQ"
"Apni Pathshala","UCcBc0kafKTdcc5NAGEmA83g"
"Apni Pathshala -Civil Services ","UCiVwphwkwQINIEhghW0BvAg"
"Apocalypse Wow! Meme Dump","UC0SozSUctlwaEXt9OT_J2_w"
"Apocryphis","UCyLwvDHMaLP76ffQEVEww0A"
"Apple-a-day","UCXsG86XpNVbf3VZNC8PPaOw"
"ApPy","UC74jxpAxqTlYXhsRI-Vjm-Q"
"Aprelle Travel Co","UCJMV5fEIRQIdGk1HMvbl4cQ"
"Apricot Wanderers","UCAGSZxHyropnxsYC_s1aaxg"
"Aproko chris ","UC1NSTlUzvTkmRrqBSFn6ULg"
"APS News 12M","UCkO_kP6sBiC14GP6MFA5mFA"
"APT","UCpLEtz3H0jSfEneSdf1YKnw"
"APTN News","UCA-IcIBtmwCirNr1f-n_SRA"
"Aputsiaq Berthelsen","UCz8qHmdR0zQAe_IoueXLWGQ"
"Aputsiaq Dorph","UCIWVYMmfK5wlBKuOu52dHbQ"
"Aputsiaq Grim Apugman","UCh7ZxyobH_6nFralxbz2Q6A"
"Aqqalu C. Jerimiassen","UCWsFaT5IpeMNX2FcmR7bqsQ"
"Aqqaluaaraq Isaksen","UCLfvoX3srEo4XU-_8eQsafw"
"AQSARA","UCrl5vhaP9f7_cIqBspDCn8Q"
"aquaculture technology","UCSPw_Lbrv_yDcN7VvmgaGDw"
"Aquarian Times","UCmcAg-iS_F3c0fKrR6B76jA"
"Aqui é Notícia","UCWZQKbqIViobUI2p_xmcSZQ"
"ar arnav","UCfpswdEU_mxTBXZ-sQKISiw"
"AR BLOGS","UCATlQLkOMIRlJHhfdHt5xRg"
"AR EDU","UCWrQGHOjmUAAGZBwsQyWCYw"
"AR GAMING YT5","UCQ9IFhig6aGfqZBIiY8zM9Q"
"AR Online School","UCAJAAzbqWA9jWHa_H8lySkA"
"Arab Time official","UCB7tSIEt-Xfsh0Om5SK2KoA"
"Arabica","UChwyjPm1Y4RrF34sh1HO_-g"
"Arafat Art","UCBrTLQl2SKRc-VzZea6nX1Q"
"Arash A E","UCLi0bMbZlopqR1ExSZU965Q"
"Aratrika M","UCtShEhMsMqvsq4SHORnulcg"
"ARavingLoon","UCAcRgb2ds0wEoxGjakB_OEw"
"ARB24News","UCZKdEMjCSs_KAtTZZ9mkZKw"
"Arbaaz For 9 Vlogs ","UCe_CBe_sJWDaufdN2c-7ZdA"
"Arcade Hards Roads","UCmPfCxoUtlcceJQKDEgmyRw"
"ArchaeologyinEurope","UC7B9qN4MI5n8xMLumFCHEkg"
"Archana Khurana","UC8O9QWGYNeWinBQN0m1Kacg"
"Archative3D Designs","UCmdTmzIgtXG63c3o1ZWzTAw"
"Archie","UC4plVR7sPOA13saLscIED5A"
"Archie and Beans World Adventures","UCfZG-bNLoB3QmXZPjXiTIgw"
"Archie is Lost","UCn9qHT8nT9et6Vhc3f4pT5A"
"ArchieEdits","UCrdC3Qmfg-6T5Q0DaJlxCkA"
"Archive_360","UCU3GwO2aHPi1t6qBtSGI7rQ"
"ARCHIVED - NASA Climate Change","UCP_hZt43bbGGf9ah6ATOvEg"
"Arctic Adventure Trekkings, Expedities & Workshops","UCPNFY9dGtjKhF8LysKMmwrA"
"Arctic Alive","UCbESJ3HFk3n6R57aSxLmYlw"
"Arctic Circle","UCwUHwwHVfBozVzg7soO470g"
"Arctic Echoes | Greenland's Natural Sounds","UCZJs9H-Y2giJOdU7G81cY4Q"
"Arctic Explorers Norway","UCxicpL5eq2W1VascO-kY0Ww"
"Arctic Focus","UC7uuzJJ4cHfkMlQ56lLhrOw"
"Arctic Foods By I / World Wildest Chef","UCUuPKeNxeyQCAlyd3wOtbVA"
"Arctic Frontiers","UCRzEu-bKXMSorGUlqdBsphw"
"Arctic Hiking","UCgU6VG1XQrnhnSl4FAdzhsw"
"Arctic Hot Point Solutions","UCd9_aT7sE4niMu_o-a4LDeg"
"Arctic Hub","UCZBl1tpMkgzBf-K0U32DSsg"
"Arctic Ice","UCdtsF0bFYmZIO54eNN_F0Wg"
"Arctic Images","UCq8rc5wERD1mWVvhV_2vnWQ"
"Arctic Sports Greenland","UCWnCEbpB0e5a0MiVcme2mgw"
"Arctic Umiaq Line A/S","UCHT0xknycCVnDssNcLM4IsQ"
"Arctic360","UCVHcMBH3XGoXiwjrtnNJc4A"
"Arctic360","UC_laDWUR87q3gUgFhFp90Og"
"ARCTISEN","UCvuCqznMgIiYklYAAJu1mqg"
"ARCTURUS JOURNEY","UCL9nxJA8NMLrChsmbxapJKA"
"Ardee Santos","UCCFX9enCxB5FJEVweL28asw"
"ardhi.","UCT1vmze23ZBdmdjS4mwUfBg"
"ArdrichHasRisen","UCqb3hPDbB6l7He7P4Awm_Ig"
"Areyouok","UC8vc2agrI6NDFMVuYD8LJeQ"
"Arfer⚡","UC08itTVc_zyq07w1fqjuxzg"
"Arfivik TV","UCd0vP-Wx6iYwbllJDQgFS5A"
"Argentinian bingo 🇦🇷","UCu-fTBc8oDeMgMLw3ODjQVw"
"Argentinos A&M","UCZH72hgcfrV0gjDQLR3TaWw"
"ARGO by Manufaktura Lotnicza","UC0euR9JMifNv6au-iu3n6_A"
"Arham ProGamemax","UCBz4GoX2OQ9VHqMUqP1GufA"
"ARHN Global","UCeUH1edAHy2Q3OmQzmY9rTQ"
"Ari Gottlieb","UCeN-r6nmvfCSRNFKW8hwlDg"
"Ari josefsen","UCHkn0bLYPJ1WRuUasgEWBLQ"
"Aria romadoni","UCm-qU6V8r72hHo9fTZhy05A"
"ariellemontgomery","UCQQ6fHmRh51fv5eN4ZpHtwQ"
"Arif Amirul","UCJ3KFIjVnpi4aE4OPkyo8pg"
"arij games","UC5bPdzS8AtnGCH_zfFZvAig"
"Arinze AI Vids","UCDjnpaE-wjuQa0WkfGeWNbw"
"Arirang News","UCzznO4xSV8BKnUBPyswtCUw"
"ArisKriG","UCuL2FrtlLgpbfbmfLTTbbfw"
"Aristerium","UC7elcxoVLKTmMYRQsZ--5MQ"
"Arizona Tv","UCcBNcYOLMyLjvgjcB8tPCyA"
"Arjen","UCT64cO3LZkp_G_Qo2kAYbHA"
"ArjesVuphilippines-67","UCf2gH9pkh-jHda07QBhm07g"
"Arjun Krishna","UCvxeB7BYvS8oRzBAZSDwbAg"
"Ark of Truth","UCjMj73il3ekUMeZPEBXYZgQ"
"Ark Rangiku","UCBxvA_ej2V_sfmRuVm1NN-w"
"ARK TRAVEL GROUP","UCUzTPoOH4SXQP3V1qv1P_Nw"
"Arkirak","UCWwGqdHTcuug5x12rgqcyBQ"
"ARKYN GameCraft","UCmcIlqZRlq-KVu9bEwiKAog"
"Arlie Mie Ramos","UCFBNxGUXZqS4C2QjxPb_WSA"
"Arlo","UC15iqyGRd7Na57dNDgdE_9Q"
"Arman motivation ","UCKb8eIevmUTMSU3p-Ho4y2Q"
"Armenia_Dev","UCrbay-UQAnjwGEG4PcZYRpw"
"Arnanguak Lyberth","UCZr-ZdyQdZN7Rw4UUmjWdwg"
"Arnatsiaq L S","UCRYlvRht1JfkHmEdN-5ssXg"
"Arnav Gaming","UCnhj6wCLwdYyg1PkvfnAoKQ"
"Arnavhlo","UCGAt075vmYZtePo2l1PgR8g"
"Arnav's World","UCPw1Sk3GG3NV-I8h_MiJPwg"
"Arne Nielsen","UCYh-dczoSJlRi1-gHFNCemQ"
"Arnika's Shorts ","UCxuAAdPVyp84T7o3HFDTkmw"
"ARNOTES SHORT","UC06VbwAbVZSS0gKdpLW90ZQ"
"Arnaarannguaq D. Larsen","UCLIA1ueOgzy4AyDGMisoDdA"
"Arokeb Spanio","UCjrxL5YZ4pni8kqbm7QL9pQ"
"Arosaland","UCs8uLlg9BrZUB-b9Y7baR9A"
"AROUND T WORLD (That matters)","UCA1yvqAd5gKZXu4X4vDCLHw"
"Around The Globe PK Vlog ","UC0MOgsbkAlJYbqu2Nh3-Grg"
"AROUND THE PLANET EARTH","UCmV6OhMAOjXyX-14kQspFZw"
"Around The World","UCYR-UXcidsZ4pF6mbNv7HYQ"
"Around the world","UCMA9wWYN-S3DZ-eMOAzEpxg"
"Around the World in Dishe🌍🌎","UCC-PKMDsKgUn_PX0n7riqNA"
"Around The World In One Day","UCe5JdtBHlCMVJ8jG-QVdU6g"
"Around the world without air-ticket","UCSeEU4iRgJjkhfpT-sTRsfQ"
"Around_thewind","UCdbwbgiUxJk6OedPesYD1mg"
"Aroundtheworld “Dream” Tv","UCVV1adRtWKfoecv2oI-7TAw"
"Arouser Factz","UCCyYZ1iZlthKSEqdSlurOJw"
"ARPG_MC • 567K • 678 years ago","UCN2yYnjxXd3Wisu2uVnF5SQ"
"ARPIT'S NEWS CENTRE ","UCCjzZ3kYBuNRBrrmPVsBZrQ"
"Arran R Macdonald","UCs_SOxC1T7-btL8dI9sNzYA"
"Arribada Initiative","UCoH0HB0UXE3qG2QGp0MlBsw"
"Arru fact","UChR1ol-kAqJ7ZqgR_RmcigA"
"Arry","UCC-ZBQjJuvYAh1xY9F7e6lA"
"Art and Farhan","UCS2qcG1EvTXG7Kl93atFQ1Q"
"Art and origami","UC1TCjiZOvaDAM40sfOEnh0Q"
"Art blue Channel","UC23dzdlIa7nY34VcsX-E-vQ"
"Art by SSS","UCIcD_BxqjUtZsYzRpMSTogg"
"Art By Tahera","UCA0IPNSd1uyXCdWZ7Aa-IGA"
"Art collector","UCYiVUTwRiUz5cKUPxqTMi1Q"
"art JanaG","UCVHs8_j7936v-Vh2fqKRcjQ"
"Art king 👑","UC9_w5iVXgzrXNsY8Xv8PVEw"
"ART Nick Olas","UCJw72haiTGW38TJQnGXCOgw"
"ART of DiNo .com","UCjsJCGB5huKCef04q5-X4fA"
"Art of stories ","UCa_W2CWzRuHYK4mdlT5VJBg"
"Art Party","UC4PIzzgMMVS0uAtViRsi19Q"
"Art spot by CS","UCi8otpnio1zEL_tZZZkIIew"
"Art with Devmani","UCr5MaHNDU-gln_vHjYolghQ"
"ArtAmokAgain","UCbXQb7VE_hQtSHcZzhRFFOQ"
"Artbitz","UCg9iyNlU3s5Wu1De6hr604Q"
"ARTE.tv Documentary","UCVogAsASqbceBmQMi1WA39g"
"Artem Shevchenko","UCaoObhr93IfeZUzQd-lTmTQ"
"Artemij Belogolovsky","UC48nHAeKCdTSVVf9w0DHd4A"
"Artemis Collective","UCD44Z3hJCRjAOR0unzUQogw"
"Artemyo vlog  kung saan sikat ka dito","UCe9Tjl3XzW3p6jZk9D7G3iw"
"Arth Edits","UCl8TYbSi-R4P2jtc6mKvosw"
"ARTHUR_BLOCKY","UCW96JyuyUla-wl9rOqqwiKg"
"Arti Rajput_  ","UCLBdEEtIIYrJwSLlMdwKK7g"
"Artic Partners","UCs0UgRbER5vjYK3ta7pZl2A"
"Artic Survival","UC6arFHwYYX6mYL-6A-_xLUA"
"Artica Studios","UC59rbnUZuo_dPPrccLUtI4w"
"Artificial","UCQ1Su3X8RqfTs6acIfydtRw"
"Artificial Nonsense","UCAa9ahZk-IeFNo1b7PP3g2w"
"Artificial Show","UChu-Dleqz86tsy8mYZi32jg"
"Artisfun","UCvOwAZmbUhl9avqZKdlHPSg"
"Artistic Blender","UCanI-HaEuboIal_XjCnH3eQ"
"Artistic Hub ","UCuQ_Z6GiqtGis4iDr9ip6iA"
"ARTISTRY KFH","UCpzlEy26I_GqSLUi_JNcVNg"
"ArtKaster Creations Official","UCyCaHe8K9_dSDU_xWFU1uJg"
"artlovemama","UCSXjpIRycS_Roy2dpOWiU4w"
"ARTRISA Shorts","UCQPA3n0fgd2mmsxJXf1RNFA"
"ArtsyGamex","UCu3QNokJQv1dLofq-NGKMmg"
"ArtsyWisdom","UCoyKqzUqoZ0CO9-VGjRmrig"
"Artughrul Zone 👑","UCvSn0_0pVg8o4RMHGfKpykw"
"Artur Rehi","UC3boa9w_mMa41DJ70sOtRMQ"
"ARUN VISHNU","UCP2H9jmHI2b-oKck-j_ymFg"
"Arushi Parasher","UCKZGl7WzmxAdDeDTIDAc7XQ"
"Arva Gaming 04","UCOjtHNA1iryhdGtd0YF7vNA"
"Arvin Travels","UC7YtMKqgjetqypuKVNHc6CA"
"Arvind Jayashankar","UC-6zvfu-LECIjzskaFtd58A"
"Arvind Kalia","UCHHXTV4NbqplBKWZfG3v0sw"
"ARY News","UCMmpLL2ucRHAXbNHiCPyIyg"
"Aryan Art","UChshhvkkybKJCH78uhc6Wvg"
"Aryan edits 7.07","UCduz4t-0rQ9hRh1TDPhN4hw"
"Aryan K. Singh Samant","UCw9HEkLQaQXVRNFaNPSKaig"
"Aryan Sharma","UCgk4edivOEGhYudyYgFTGUA"
"ARYAVART TUTOR","UCyIbciyoqUjr9hR5AHSGoPA"
"Aryo Adi Kusumo","UCoukUVJIqRYSH5oAfprestQ"
"ArzleonXAtavi™","UCtEiwuipNYuMSlQcHtCImng"
"As gamerz","UC7RJf00YSP97LUbcjLDFjhA"
"AS pedia","UCVEmoZERehXyEgKiBbKTCvA"
"Ása Steinars","UCmvMTXlIdkQysVQ7v0mmP6Q"
"ASAD AYAZ","UCjBarbNA8npUh7kZB3-jrRg"
"Asal Maloomat","UCUrdOW97_Ji7hgLmonZoSmQ"
"Asamations","UCNJg3sCtUldXwQsVrZxtTdA"
"Asean_mapping","UC5odmIkm4JGcVb99FmUY0kQ"
"Asfand Lodhi","UCmrPu63zuoW2QZ64n-oiigg"
"ASFX","UCbbt4_2bYjxy2eMabs49Z9A"
"Ash Videos","UC9Ipf-RTaiKYnDrWNAk-hxw"
"ASHA DRAWING VIDYALAYA","UC23kkLKjhZgUM-CqnUpxeUA"
"Ashar Rajpoot","UCifOfpNyItHo_tFD0W-ERMw"
"AshDoesGames","UCTZn0Bh316F55Jk7zBKcRVw"
"ashesh×sanatani","UCMBnLRCfIWmikbbfXfWZx0A"
"Ashifkhan","UCr-bVUWXC0-byR2yHP5MioQ"
"Ashik Jamnadas","UCGcvC8wf2CeszZXPxd6BvOA"
"Ashish.official777","UCTAceQTzYW6dJys7tgwSCkA"
"AshleyRoseSmith","UCKguHKsAsuxj7QyZllpytyw"
"AshMemer","UCe9SlJ4AAc936FbIG-2WxJQ"
"Ashok Sharma","UCVm-LAXqZiLMCLDsLQa3DRg"
"AshRove","UCMxpqnUeMQ04wwEAWhU0rng"
"Ashton Elli","UCTbYE7ncdZuWbebKiTN6EyQ"
"Ashvi Desai","UCvqdQwMm38_j113rcwiuLHQ"
"ashvin varia","UCKURZn3IzIJhJEhY2SJxbFA"
"ASHWANI DAS","UCsXo6alNNBjr-bWgFryk-sQ"
"Ashwani Ticku","UC89vwYAjRGahijzTXnjy8_w"
"Ashwinadvaith as","UCN0kOuXaPYoHUMhqFhxcrHg"
"Ashwinz gaming ☺️","UCK_HCMuq_m7VepkKhTym3Tg"
"Asia Research News","UCo0SEAldvWushzvgCBWdpGQ"
"Asian beauty","UCyYv3De-rGpa8Kvh6QuDiLA"
"Asian Historian","UCZj-0IumXPg1k9V5OaNSw0A"
"Asianet News English","UCekbhIcWL_x4bYVZPZZi0iw"
"AsianMeetsWorld","UCzU77UGVex1yEtb3ciH96bA"
"Asiaonenews","UCLSlY7hbYe7nI39huYp-4QQ"
"Asiaq - Greenland Survey","UCEheLJ7OVoDNWjKan9P2J4A"
"Asif_9292","UCa3ucjwJ_D0Y8sLldjZuMQw"
"Asim tiwari","UCFFoItUUvqscnn7KrH8pgBw"
"Asim’s AI Lab","UCGaQ5OqfChFpnYOrZqrHJBQ"
"Ask a Real Travel Expert - RTE Travel Talk","UCJq1bBHe-XDwLEtPBjl4tCg"
"ASK ABOUT BIOLOGY (AAB)","UCNAjc63w_pRKg6cuhj5SoaQ"
"Ask About Food & Facts","UC5BegTH9g90t9uKrO4t5Pcg"
"Ask About Life & How-To","UCSHJC5ARytsFdE4v2TlZLbQ"
"Ask About Wellness & Tech","UCZQQAy0gjHZ0Zl-YZXpYl_w"
"Ask Cooks","UCKc2V5ad73jgoenvQkETk1Q"
"Ask Shubhashish ","UChZH-stBMQkovjtofon7dEw"
"AskWhy1st","UC4F9gqYXi_Ad-mYg0PvC_oA"
"AslanTZ Speedruns","UChXBKt7_nWi3-tHAyTlUXWQ"
"Asma amir vlog","UCMB5GmcUqGcEiLouQ62UGYA"
"Asmongold's Shorts Highlights ","UCV_GmguNhfVEcBpAXS2bfYQ"
"ASMR Chess","UCR2-F1UWmLeNgKEjfYnLibQ"
"ASMR Geographica","UCQdkXDi2H4MdPlKS6y5dKcw"
"ASMR Gold","UCAOiYe1dclzc4FSFMjNpJtA"
"ASMR Mini Bites YT","UCW6WDcuKrzWGC5hWDn0ExjA"
"Asnews world ","UC66i2c5OR0RBUcygnjSTquw"
"asonj","UCTaSKIXwp3uDP-nvWg4tWRw"
"Aspirants OM ","UC_cNIdRGPeaJp5yopze1Vyw"
"Aspirants Pro","UCqCwfUw4roPW5BVaGbXC4zw"
"Assamese Concepts","UCIpEPcgPzeDQ3cNxMqMUzWw"
"ASSENAV TV","UCGo0zwKriAmPELY7w8djJQg"
"Asset bee (Aditya singh)","UCVOcFbUeCq2Es7pjdq2wi4w"
"Associated Press","UC52X5wxOL_s5yw0dQk7NtgA"
"Association Astro Météo Franco Suisse 30","UClfr3v4UoGEiCmhfSW3KDCQ"
"Assurdo ma Vero","UCm9AAMQmFOPwdmB0w-C6nCg"
"ASSURE CLASS BPSC","UC-ucR5097Y3NqWm4i3vYC8A"
"ASTILLEROS DE MURUETA / MURUETA SHIPYARDS","UCHt473QLIOowJqhMc2A9a3Q"
"Astonishing Horizons - විස්මිත ක්ෂිතිජය","UCgDj-OmSni8qNv7s9Vj33MQ"
"Astra Anime","UC_8c_1nscluRcqkuL-Fb3Ng"
"ASTRICK NATION","UC_ydFIG0MabfLm0w8moGoLw"
"ASTRO ALEXANDRA","UCat04Ip5t8gk_-xMFvPhk3w"
"astro talk","UCU8RCmPNPEsNYhdfp6LC3-g"
"AstroByte","UCFkDrnvLgjKixywsPXG_qTw"
"Astrokid","UCES_p3Wv_qNeVNuMNKp7JYQ"
"Astrophile_","UCA44UYtsWheYatWL0dF6V0A"
"astrophileion ","UCpYcGushdoclQSwSUL5PqLg"
"AstroTim Universe","UCl7E99NOwX-lHZSeLnPaJeg"
"AstroUTG","UC1mErq_iCPQTpqx6ZQn88vA"
"Asuxk","UCJl-7bTHpo3lcmUt94Ql80g"
"AT_Skeleton","UCK-hpUfYV2TASEQ1p4sgg4Q"
"ATA","UCPBAxm3O84BuyZi73Ynpn-g"
"Ata Science","UCv_9vy9N9gA5QuOYUmvl78g"
"Atalia_ItsAmazingToMe","UCCfMrIoXFbmIR10kS_jE_jw"
"Ateng Elvie Bayhon","UC4a-D0_eTvXCKN4Hsc8FguQ"
"ATG - Around The Globe 🌎","UCGptYqaoah0q3prQiWIW2lg"
"atGyaanPith ©","UCyhxaOI0ui9N8yHGxeuIz-g"
"Atharva gaming","UCSB5YLEGoZ2bkxBFf7Ma0IQ"
"atharvXgAMINg","UCFmQVMZeLSzVu6Z9Un54M0w"
"Athenco","UCw05byRtfUx-awgv7fr9IaQ"
"Athi Ahamed ","UCIW-xYI_VaN6-MNaBKVEBtg"
"Athit's Go Nomad Trips","UCckWRRqPrHVtJBygCUnuIrQ"
"Athmalgola Fixer","UC5YCOYMS6WjI8ZfGD36sT7A"
"Athul talks","UCarK9968YFe86CyR9Bc5G4Q"
"Atlantic Salmon Federation ","UCjmXSg15GjSWHtAYahu9q_g"
"AtlanticWire","UCzPU7rMyR5CLVeke8Zyqimw"
"Atlantis","UC-GpUdzFhDcaYh0N0O_BBIQ"
"Atlas","UCZGzrjrFchnzcX9cuFxG_uQ"
"Atlas & Boots","UCWly1nGzgyqnfMbD5u8KPUQ"
"Atlas Adventure","UCLrQut66_Kuwue2L0uZ1Zwg"
"Atlas Explains","UCvKdjpmMGl9MQXY3TBSgzdw"
"Atlas Frames TV","UCDbLm6W8o6rKW4jQwHgz4NQ"
"Atlas Globe Discovery","UC-GWj8xz7lVPjQf6_144hnQ"
"Atlas History","UCkG9eQOLCpZWq4kjyS9ZcJQ"
"Atlas Pro","UCz1oFxMrgrQ82-276UCOU9w"
"atlas tv","UCGysvGd-sKnJey86x5y3pIw"
"atlas الاظلس","UCh02bQLAHWJoUmb94G1vIaA"
"Atlas@24","UCthPpxHyCkZD6b-zHF4gE9w"
"Atlasball","UCeOOAXD6X2KZV0NnDAIiaEA"
"AtlasFacts","UCa22Shob9w8YQWO1-BUK0Ng"
"Atlasi ","UCgM1DEdcvUSw4YQOFgmr5Cw"
"Atlasia","UCWz6szlKiI7_ploRA0GT2jw"
"AtlasNovaPR0","UCJ2Eyb3X9CXzO7ncWQYGebg"
"Atlasova","UCSe5RDaZWseLelTX0QQXbgw"
"Atlera Tv","UCZRKAJs7U_7BUS6QwJDuVVg"
"ATM","UCEGcbZUQLfCiwmwWA6Du4UA"
"Atom Of Curiosity","UC-xC_kmP5NaX5sU75VrP9nw"
"Atomic Savage Gaming","UC-zseEQG5Kmgm0hAU1iPOXg"
"ATP Geopolitics","UCtUQHzC0QmABOQERfABAhZg"
"Atravelikes","UCy3aLC24nFYzqRY5zD7FxLw"
"Atrox ","UCPnxjn6JC_FJmmlPzhM0scQ"
"ATS-Gaming","UCykl7gQV8LmQfLNllekn8nQ"
"Attack on sub","UClGlRhE99MFPQheZ4MibVxg"
"Attempt Adventure Podcast","UChxGtnE0TUFlzHfGZ_PW7kg"
"Attitude Yashika","UCg0Co5hBeOZlKjktQaAinYA"
"Atul k Facts","UCO__tzDjibIgLA0y1ScNyzQ"
"Atul Tanwar","UCdOukXRksmoPbAtuZBKNEkQ"
"Au Twins","UCV0qe4W6ZBz0MHgpOZ0C5EA"
"Audio Articles","UCb7SAiFodzJM-qZaDf1b8Ng"
"Audio Indictments and Courtroom Dramas","UCOs6Of5C5QxiUKQee15tPFA"
"Audioburst","UCo7MCSz0pP5SDGxiYO6GdDQ"
"Audrey Adamson","UCSEC_Wn9rzovVogvhQYV0oQ"
"Aunt Shazy","UCts3OQY2xe5L1QYcVb9eG1w"
"AURA AI","UCu2j9EOqrY669MG_BfRW0AQ"
"Aurélien CAYE - Exploration","UCxhmTACOw79loBXGUsuaufA"
"Aurélien Mordret","UCUVaLuCUJ4EBKWn_OfKxR5g"
"AuriOuri ","UCedkCV64ZtNpJsREVPy_3iQ"
"Aurora Expeditions","UCtDElFk-YNryO-43QAgkuxw"
"Aurora Reykjavík The Northern Lights Center","UC6OWqjtFTsdtHAAuGWv1kPw"
"Aurora Shrestha","UClGfxUYTpCpVw2mQubWuz3w"
"Aussie Gold & Opal Hunters+","UCJry654tuBOsgIQ2wQM2YCg"
"Austin","UCQvgtvvFtcCn0TVWMhSu2xA"
"Austin & Colin","UCn-MkaMdSjzIdxrt5QkPaRg"
"Austin Almager","UCOXr8MuRAE7oaAFb5tGuIkA"
"Austin Greenland","UCcpBKYt_oZ2n0icavcFcxpg"
"Australiaball","UCayJwJNI-mHLTa-hClUxCpg"
"Australian Institute of International Affairs","UC2fOgXLcB3IK9IN3KMqCHYA"
"Austria Ball","UCLd9qZIj1lcJjg-qu0NLkjw"
"Austrian Institute for European & Security Policy","UCC24vD6qckjpVSWnr2rWQCw"
"Austrian mappe","UCv_em_R7R2_e_qPGf8A82Dw"
"Austrianballl","UCH-lU7SbOk-HuItG17P3GGg"
"Autel Robotics","UC1QYiRZkTUkmyW7atm776nA"
"Autel Robotics Thailand","UCM8oDqcL1kPO4i4srHJuxKw"
"Authentic Archives","UCbGIobhe0b0mhw9B604tPXA"
"Autism Goober","UCP--R1ze5lvjh9O62VtayHQ"
"Auto Maniacs","UCfjoCP3tm30Ue4FCemq0hiw"
"auto24","UCVtejHyXmjf1GL1nNP5RyaA"
"AutoLabs","UCQrfpzjRPg0TF8Z4CTwCuIw"
"Automate USA  ","UCCLfPtIKrtJsKnMM4XCljew"
"AutsicBeardMan","UC6JUAL5jFKBM3vbmXQMlaSw"
"AUU FILMS","UCZZtEi34xdwgOXvR6af4Log"
"AV Therapy","UCOxUtTGUS7kRmrofjey81Xg"
"Avantech","UCfbUI0Su0q5eYuum-gAgZaw"
"Avatar Archive","UCLx-_1n1l3_L4_JGGlLa1rg"
"Ave World","UCJNwEb7WjccSg8RfOfOLyzg"
"Avengers_","UCMPHtkCgE-8a-KHOb30wJLQ"
"Average PUBG","UCV615Opwd_z_VYDzuQZIl3g"
"Average_dane","UCdTq5jcz5W79MIXUAjONnJQ"
"AverageThaiMapper","UCZ798b595NpvDoBhSnmimag"
"AveryNCZ12","UCc_y5Rc8kGf9XRA-9SSITMw"
"Avi Facts Telugu","UCS8J5vi73DtKyH-z38f6yFg"
"Avi memes house","UCkOJKzEnppYOTVxNXND7QYg"
"aviaja szomlaiski olsen","UCVu4mnPR-Ua1uFROPZagUNQ"
"AviateJack","UC_4ehRLLgLGg13_cr2rtj7g"
"Aviation","UCx70efao_76YygP4GsFxVSQ"
"AVIATION ACTION","UCbxzabSpLCjRERymx5kV3sQ"
"Aviation BD","UCiW-wxmTvy0PWknmA7EFcUg"
"Aviation Beast","UC_fUefiPMHFWFOf5GMdubNQ"
"Aviation Disasters","UCBlhej8KKSfLiUD73W5Yt5A"
"Aviation Films","UCC2YbMgYPAD_mrF1V-nL0UA"
"Aviation HD","UCQ7gSMR57cEpyVI5mLIKEeQ"
"Aviation LINESMAN","UC-PNNcLfOC_h3eHF8dToxqA"
"Aviation Unlimited","UCWWwKlasTXYtNtaFm6BjgzQ"
"Aviation&WhiteNoise","UCI5SBHdWp7h20NYoxl8rOlg"
"Aviationtag","UCXerOxUEFo0un0w_aTSUPJg"
"Aviator View","UC_r5bYrKbw7_2MR5BXaTjIw"
"Aviixx","UCxN7ngt7iMe03UcSjl70ZWg"
"Avimations","UCqCHzIPjetD6hEfaksFZp-Q"
"AvionSD","UCeTtnxgqWGd4txNFY-ScYNA"
"avisha","UCj1Vez9hs3JhLafxUts8Jbg"
"Avispaceloeb","UCqb92HMJ-KaRaG3h0v1aNIA"
"AVLexis","UCbJ3IoAduBSCMJ2ouuVFWKg"
"Avni_ki_Duniya","UCkK9uIHTvrhrwCklrvV51eQ"
"Avpsycpilot","UC1c2QJwXAq5C1qDaBASAN8A"
"AwakenWithJP","UCwUizOU8pPWXdXNniXypQEQ"
"Awan Travel world 8K","UCmREioP2k9OIpDIL0hO5O9w"
"AWANI International","UC-qedLXFw0v2NmZJXztWaVg"
"Aware","UCIP4mhDiJnCpz3biMDhH1hA"
"AWC Productions","UCzFVTmuUybR1dby0SvlJgpQ"
"AWE","UCHbe81CutCrZsEg3h9H6E8Q"
"Awe Republic","UCdR5lq9W3xJBG8J1CNPrUhw"
"Awe-Inspiring Wonders","UCxklKBB3aPpQnZK9qHaoJvQ"
"Awesome Earth 4K","UCMrXDMAHT0c-vomUNbYVs1A"
"Awkward Occurrence Late Night Show","UCIV28VgmHjzmh1U5j-h_H7g"
"AXIAL","UC1kfSTVwZLLKLk7MeU9qhAQ"
"Axiom Global","UCDJqZTycLfpKNWw9mltVeFg"
"Axion","UCtwSFilUXRF0ZCq6sDYjpGg"
"AXIS VIEW","UCDvusQlA_aa3DzafoST0FmA"
"Axis View.","UCxmKlu4aGWn4jSNHD_hLXpA"
"Axlaan Official","UCssJcMcZepuf5OJLBT9mWig"
"axolotl mapping [LIG] [LGAG]","UCT5xcWd5_xyDaXY2yoPSotQ"
"Axolotlmapper240","UCbKChtN8h924kBSp9ea7RVA"
"Axoluu","UC17kL2T0EjhS43IhcYAJnCQ"
"Axon","UC1OxVDvTwm7arzvr995spyw"
"AYA MEDIATUBE አያ ሚዲያ ቲዩብ","UCSK7sayTn19Qb62lzprRxIw"
"AyanBaieke","UCaOaVyJ5QRRq8up-ZVTSNjg"
"AyanfeX","UCWi0tnYu9gAjD6WgiPavx1w"
"Ayansh Saxena","UCJ41jsvKtIW3xfnffOJzulg"
"Aye Maw","UC5Mq9jRcqFj6TVOYGuOmZJw"
"Aye ProSomething ","UCzTcRtcDaxlbKjbV4zalqeg"
"Ayesha Butt","UCygjEik2dtgs1hjT8vQf3Ww"
"Ayesha Khan","UClBDJSlG19FNX5XQRCLRbVw"
"AYidsTravels","UC7vVd6eNBTAlk3q9KfXHBwg"
"AYRILMIŞ OLİPSTAN","UCWgF356rF4R8HWXqHG2OfSA"
"AysoClips ","UC2KUFy90FHRzC4SjWMvPAxQ"
"AYUBISBAd A","UCiq1LkBuTv45-xMu_ggpxeQ"
"Ayunindya Miriam Gabriella","UCxsLP7XyEup-9Jvc_MrOcUQ"
"Ayush and Piyush Lodha ","UC0R9viOXLJ3UAt0t0tJEoSQ"
"Ayush edit","UCkvdTY3v24O90u9fDgMW02g"
"Ayush Edits.","UCh_Zw4oV8q4eW0TsOcj5Seg"
"Ayush Jhojha","UCtJ91VIGAg1ZUDtS3EDWGSw"
"Ayush Patashale ","UCYFiZtfc5Bo_--7Grk_Wa7A"
"Ayush Raj","UCwpGpKOj6rObu6bMTnKefPA"
"AYYOUBSTRIKE","UCoQVjNDE2yHSXuxddcJALgQ"
"Ayaan's Fun LearningTube","UChT_nTbZITink3QeGse63Rg"
"AZ ALHAJ ","UCoNfGRATszNuncWLY1le41A"
"AZAD HIGH SCHOOL","UCOrY6ZSn7ljWAqKL6UDtVEA"
"Azam TV","UCpHiA0taMn231yDiUeqoANw"
"Azangameing","UC7RJeXW-fJnBhSNny12CpcQ"
"azcentral.com and The Arizona Republic","UCjIxD2JsiU6RmvOXaLNthHg"
"AZEEZ-HADI balls","UCVCA1zyc-okmvN_LIWe6bYA"
"Azerbaijan Mapping [🇦🇿]","UChMZsxpFcEfYugrV7dT7Law"
"Azim Adil sheikh","UCFnoQZcqPH3o1eenBpVO0Uw"
"Aziz Mazbar","UCnmnINn9Tuc2r8lbMqBKkFw"
"azka","UC1LOhYVlqggrXQZZDrbuXHA"
"Azmeer Editz","UCdj5mmZRkm9cYXsZKISJyBA"
"AZPM","UC5FWCWFWRKg5a8QYsUYFhpg"
"AzyOnline","UCl17a8fOpdLoLo2XqX2H3Cw"
"B","UCRSh44oC0Mdx8-d3GRtS_ww"
"B Finch","UC0FKfmGqA96dv517BBYqItQ"
"B Singh Sir Next IAS","UCHdVz8oCRxBCeaaBqy61czQ"
"B Tv Africa","UCeGqVKDVMNNZmzRUmBzNZGA"
"B&Co. Shorts","UCM_OLOpMBWnYrXFyz2lvZ1g"
"B. A. Teele","UCK2cLRCtUMtdktorFLdGQZg"
"B.C. Begley","UCGoUf-QQTlTN-BIh3ERCE9A"
"B.C.M.G","UC6GRjMywfhR4hnLzVqZCtdg"
"B2 country's ","UCLJ77wPL60OEWMOiSs8D4Rw"
"B2brother's","UCpojdYcJrwvsEWbXOYzPk7A"
"B4BankingwithDK","UCeExWge9GfE1lgoDAytPugA"
"B8M Unlimited","UCmDmSfWXV4sYYMCGLuMjurQ"
"Babaji","UC4x3yYhyIF6pUmPGw1nAtWA"
"Babaleia Voadora","UC1g1qeeBTuV9NrQk2SMYMwQ"
"Babar Magsi","UCTmuhKmUq9PD7HiI_T0YkLw"
"BABQ","UCBj4HGQK2x_E9bOnjvK_D4w"
"Babu FactZ","UCOgLlq-Ohx7uEvBEO5LR8hQ"
"Babul ABR 555","UC0dp7Q3tFZSqHqR449H-dWw"
"Babulu Padhan","UCyxnVO-A4ynJqFrxR4yksyQ"
"Baby Comedy Show","UCGE9pLD4HzrBxfop_WPBbpw"
"Baby Penguin ","UCXmjjtN_tsC52FJlkFGvM9Q"
"BabyPop TV","UCcpm520-HW85gPpxk16jDbw"
"Back In Time","UCHxm-Ub0I8kZUsc0nyIyQAg"
"Back To The History ","UC3hZDECHAEgTZYLEv9A6CjA"
"Backpacker Flip Flops","UCnlUJMZnsCNMshkFKyOc4vQ"
"BackPacker Steve","UCwO9naEwEdTuT9Q5Vze6XCA"
"Backroads Active Travel","UCbC7IL4Lg8lk2s61h5VyBQA"
"Backroom Bharat","UCEzDD7CtZNii3Gt4P474PwA"
"Backyard Musings","UCCWMnyahL2bxlV8Pw2t5fDA"
"Bacon","UCdzEFXrzz41LE6dAmWjqm6g"
"bad Dog Films ","UCKnNv6Hs9netGIDi7trLhOg"
"Bad Racoon","UCnLPhchaPoQssW7RJJGWJRg"
"BadCompany “BadCo”","UCkzlwoC9JYAKGMn-4CO-b1Q"
"Badnaam Sir","UCkWbFAABl8oeO6Ef0AYT5bw"
"Badraih Alhareth","UCPFfIrky_vGDhf8odInc1kw"
"Bae’s First Words","UCvYmXViesjued21tPvE7pXQ"
"Bahama’s Countryball","UCo9JNBYudrBCLvcEEDLfmGg"
"Bahene Stories Hub","UCGBNRxIg3p0798nx9bD6bsQ"
"Baidwan ","UC3FA9DAgrEDyMFRf6FMvjgA"
"Baigan Ke Videos","UCHyEUSvsV-XhWC3z8_DYtBg"
"Baishali's Creative World","UCWw0lwQVmAqpBQwsrBfV6nQ"
"BAJRANG SARVANSH ","UC-lXs6niqP-DdiqOr98Aa6g"
"Bakar Ky vlogs","UCn2IFa0PaF76--EMjRE06SQ"
"Bakes on Things","UCpvELajcA27wAxe9stE9mog"
"Bakhsh Buzdar ","UCZZC0d2wOqEeX5jlrGLX2XQ"
"Bal Bal TV","UCqIK1F43rwHhadVBAScdmGQ"
"Bala Latha Madam","UCY3K5KpHpALhyLml3RhF65A"
"Bala Priya","UCLrhXJFqGF7WcUE73-1-_6w"
"Balaji Temple 🛕 ","UCJ2E9NuMQKpd-OZJDvz6hpQ"
"Balearic","UCx1eqSzKs50pcMiW_wb88kg"
"Balkan Geographic","UCoiunevSRKSUpqUZEYVTSeA"
"BallindoMapping","UCntbeAoKgp-rnWy79moKoqA"
"Balltastic Nations 🔱","UCR7sGnJdueXWH0-oNnxvvtA"
"Balochistan Adventures","UC-Emjc6gJ1ufPSZImTt8rPw"
"Baltic Defence Review","UCaI7XFGj8cSLD0OA8B9pcnQ"
"baltic724","UCisaXLYP-2HWkMm7qDJXKGg"
"Baltica Mapper","UCN_bARC0cpfiBrY_36Bmk8g"
"BalticMapper 🇱🇻","UCQ0wLYK0ShWH8IaSq5bHawg"
"BaluConnects Shorts","UCXdLvqRfXb8cvUai5oNGpIQ"
"Bam_bam_things","UCNJS4ojUlypj7hunPCG7Amw"
"BANABOO","UCBdg6jejpOQhvBzBDVgIgyA"
"banana","UCvZN_sEtQfedUAzlJ_uoiRw"
"Banana Man King","UCgA9_nYs35A2tcQ2FSva8Yw"
"bananaboy2795","UCubrRaFI0SqukDISLranIFg"
"Bandanner","UCbtZ5s1AFk3dA82gNRgVmMQ"
"Bang Glempo","UC89PcBE815UWKUrM2UxqAWQ"
"BangalGeo Edits","UCTpXOm89aAnPLQ-DFDmzjhQ"
"Bangalir Cokhe Bissho বাঙালির চোখে বিশ্ব","UCMNuJEPVA8qixyMQmJLTT_Q"
"BangBell","UCE-rpG-3x26y8USMf_nN_-A"
"Bangla Funny jokes","UCuo4TP95pY9Dpiw3cq_zstw"
"BANGLA SOVIET EDITZ","UCJKOEd4MhS81qPfjIuvhiQA"
"Banjara Safarnama","UCZt-Ly8seM-hfupwE-n-avw"
"Banjeer views","UCa1K2ibKC4AOMQjevwo8NaQ"
"BankoR’ Monsters","UCcrlUz7iq_ShdqHlbbeo5kg"
"Banti Kirtania","UCKmfc7GxhF_9xQeCWHz2eFw"
"Banwari Yadav","UCCc2p9xUc7nTcFesM862s-Q"
"Bảo An 2005","UCW-INSGwqDePBUdkECg4plg"
"Bapatla 4u","UCtZM4ItKa7PbxPFkWiREk6w"
"Barara is dumb and needs to be terminated","UCmNsDbHHBglxnOn_EAi818Q"
"barbara diaz","UCncGPqWURvZSSPZXJ6IFCzQ"
"BarbieTrucs","UC1ATYG9bGGxcPdG74F3x3eA"
"Barik","UCxpTnr4B4dN-q1R7clLxfKg"
"barrel","UCWg3mVFsXU5-5WvvPGDdLZw"
"Barry INGHAM","UCZ1e_XCxbXYxtT4wJ8HqnRg"
"barry king","UCWIAbK_LN2oqdNETA2LJCrg"
"Barry Memberg","UC8YbvFMs-n4A7F0RtnUnHZg"
"Bart Heirweg Landscape Photographer","UCmXD99OwdKQRN0DkeM2EwxA"
"Bas_khana","UCZVKMNocp0Uy8qjtFh17dhg"
"Base Ops","UCu0TRLnxMTnHj1tuW455Yyw"
"Baseball Legends","UCMmIKKwmCPdpJSptYOVBseQ"
"Based_Aze.Mapping","UCK2wCSClEXTA26zShN217dg"
"Basedment","UC9Z6OooEsxJrVpcZj4fYoUw"
"Baseer Azhar","UC0-T3qGtpTYpK5WK6eLeSeQ"
"Bash12","UCyPN_Tjfwh2sXq4q1jQPH8Q"
"Basic Geopolitics","UCi7jfz0_TO1iNcq5aBO3ynA"
"Basically Africa","UCWyH6uCPsN4mFe7pSay5YRQ"
"Basically Pak ","UCCUumg3RZ0RyxYgy58fURuQ"
"BasicStrategy","UC9yt2XbSIVeKVs9ol0r301A"
"Basit Wani","UCH0TgoFT_Lt1lqeiv5wDtog"
"Basque-Icelandic Pigeon","UCxNW8ayNUCx0yMMV4HNEQ0A"
"Bast Vidéaste","UC0fnzdMKgtDVNGbZyt58zdA"
"BATMAN","UCgLXwzi1iqLlMSB7-DA_hcQ"
"Battito Virale","UC79qaJT7lutJHbwDB77q8-Q"
"Battle Bits","UCv66NvdYqWNK-EGEWGWeKSA"
"battle for the four","UCPYZ_JW1l_PpA4Cp7wUrqmQ"
"BATTLE SCOPE","UCb46avErY4-eKTIjWtlv72w"
"BattleForge","UCLxPx3B5iCz_A4Uemnl1onQ"
"BattleWire","UCXJ-hwWH-ro1BLefPOkUPiw"
"BatukaiTV","UCt2xrluLZ6SRYDf_JCNGyIA"
"Bautista Mapping","UCJ0PERlc4Ox89Mv-KyUxCKQ"
"bavareze","UC8X1bQAZ-euUbBEI57jTxtw"
"Bay Area Sea Kayakers","UCMm9_X-vOvnqNfGspH5E80A"
"Bay gamer","UC9gistRd31X11qr8JnFFr4A"
"bayer supa","UCf_gHJsLKYer66A7rEEZZwg"
"Bayramov82","UCFL4o0_mOO0XUewljv4h-Rg"
"Bazflyer - ZK-BAZ","UCuqA3hPooi41s1m_vROr9Vg"
"Bb Koala","UCONO09Rtrncot40-TivZ55Q"
"BBC News","UC16niRr50-MSBwiO3YDb3RA"
"BBC News Swahili","UCoerKKIKIMlDYaVFSTlsWGw"
"BBC News veiw","UC6yyMwMWNuyrPpD7iCHdazA"
"BBC News اردو","UCvm8V4Dwtz0fbPGbpk7RYAg"
"BBC Politics","UC6o-wWU-v2ClFMwougmK7dA"
"BBC World Service","UCQXHTFnQYFTqN0MqmNh9EIA"
"bbm1","UCjmBAjI0pIBnRHOE0r_O2Jg"
"BBS Discovery - Planet Earth","UCwTs7jxEx_XZV59SmdiJkzg"
"BC Nature Nomad","UCKSopQTk_RzZTXHKNuaivEA"
"BCB News & Entertainment","UC5qHzlzPejm81zlZisRcJgA"
"BD AREEB","UC9sJqMXbxbG5nwVQZkOaMbA"
"bd bus gamer 2.5","UCgmEFxsGkQtmv7mInZjGNgg"
"BD Stock Free","UCcjvJykKLxJ9cd0ztR-k0AQ"
"BDX - BENJAMIN DIEDERING","UCuBD54h5rzOfkp36I4KsDSw"
"Be creative ","UCRmswzwf83coSMxXaOW2xag"
"Be Curious !! Be Happy !!!","UC0yxNXNuEQre-5dxgP_VOsQ"
"Be Factified","UCdBrbWciIV7LT9FI1V3mlTQ"
"Be Unique","UCasc17Kox06stjoNiS7tdFw"
"Be Unique2.0dubi","UC7X7pVZAqQKzHXcmWACFp2Q"
"BEA - Bureau d'Enquêtes et d'Analyses pour la sécurité de l'aviation civile","UC5jAMzOrfzlbphmWgeIC4_A"
"Beach Cow","UCe11KHaqvN3RL4p_ZJdKB6Q"
"Beachy Travelers","UCWIbLHw3_vC2TNCwEOGSrYw"
"BEANMAPPING","UC-zui6tc8oGzslQEpQR1ESw"
"Beard Laws Network","UCi1KDcj2OAibK0z5CsUVTIA"
"Beard Laws Studio","UCI5MUpQNlzAHzibc4PHt2ew"
"BearMapping","UCOvPT5MvX4FY1dKi20TLlpg"
"Beast Beauty Beats","UCrFnIv9auk68qXYIVexRyow"
"Beast Bi","UCQSvY9TPZdK51jesK2JKrEg"
"Beast_of_gaming01","UCImLP3MpPix67iUnmBNZ2kg"
"BeastBack POV","UCp1kbBzfv2CNQTqcMvkgf4w"
"Beastgreenmagic ","UCYU32INanDBzTNO2BKS9cnA"
"Beasty Ville","UCvEN4INdRljClC1skyo0uxw"
"Beat Boy All","UC_2OPlnZk5TE_pPl2ofhfZg"
"beatrice6446","UC9KmIOXtdW_ZSFMbcAS21Pg"
"Beatz Studio","UCX2z9tD8ZK_XkgXEqCKUjKw"
"Beautiful destination","UC6Lbxdes-QO8y9uaP14JZ9w"
"Beautiful Destinations","UCp2Yru1OsSTYp1bzcXrz8HA"
"Beautiful Destinations","UCrL3LHHzdy8uViTcTa1OqlQ"
"Beautiful Destinations AL","UCLyHgSLn7WMui6eOcunMUHg"
"beautiful Merry","UCrDX_DmmQIm8keH1KnkjxcA"
"Beautiful Nature","UCGSYXxdexS8H-O0p-rfUgog"
"beautiful nature","UCB1NPyJU56paIsr8tNO381g"
"Beautiful Nature","UCQ8v_g1Rk4HSFojocypQmew"
"Beautiful nature by God","UCqDjYfd9OsSsAm8HNqK_FSQ"
"Beautiful places","UCFKmvwLLQv7Mq3E273iQXXw"
"Beautiful places","UCs-Y_Y6qJQ9pseACo7wzI5w"
"Beautiful Shorts","UCyuP8sIlaLujJ6ekExyCH2g"
"Beautiful Views Of Nature Light","UCmM-1BSshPhQZpZNYmL0-kw"
"Beautiful World","UCoX4Q-WIEQvrIyf0_FPmIdA"
"Beautiful world","UCLj43U--tuFsO6wARwJ-bUg"
"Beautiful World 4k","UCPy-vsBDyrEu3I3DJRUuvyg"
"beautifulandcalm","UCGuwJVSQx1yG0-sbrXCpOUQ"
"Beauty Earth","UCkV-gA-WEhDQTeAMyr7Bazg"
"Beauty from the Earth ","UCu-YH_4QIal_0UximoKVKVg"
"beauty life ","UCfLgC-cse1xGisA-zXH-pVg"
"Beauty of Nature","UCv74OLvLn8Zz9DdT7eCBZiA"
"Beauty Of Nature HD","UCIJ7F5L_8ONl2pb7cDi261g"
"Beauty of space","UC8pyIsJ-rMjbVlk-tOnmbRQ"
"beauty of the world","UCHXHIOhCkTtz6nV5r5JoJ3w"
"Beauty of village","UCzcOvkwr8DMWSQ70Uqr6bNw"
"Beauty of World 🌎 ","UC-oIfeZt2ziscP-9jt4TEUQ"
"Beauty with home remedy ","UCUhXI_6hSTvZLzt18taSSSQ"
"beautybeast","UCMW2sjLjzZshNDp1X-5mm8w"
"Beautyoftheworld","UC6ty90qptHJj8zUNWcuPykA"
"BeawareYT","UCcQCLnfZ4A94Jbj5Z9FnQDg"
"BeAwesome.","UCVJNyPB31UGfRWUMIzAYjaw"
"BEC Finance","UCb7bEiPfJ5XPERo6tCBGKBA"
"Beccas Garden Pantry @BeccasByTheBay","UCcgzuGWrQDqpw3O7BBxOx5g"
"Becgie vibe","UCyllrYeFXkWAsAnUpSqzTZg"
"Beckett7lyn","UCPBPjjNhG-tFEhuWUWI6njA"
"becky June","UC1OxyLxPkcLXjrVhBbo5gOA"
"Bedside Nightmares","UCQ3B_YP5AoyCKw9Oxrny1AA"
"Bedtime History","UCWc1b23P3lPQ6Qo-oeazWng"
"Beemeem","UCKatrxVbtToOpMgt4HyUyuA"
"Before Civilization","UCnVtpDfFZyKn4xYFTTuwyKg"
"Begampura !!","UCQIbPiQVQEgw8SxOYhqoB6Q"
"Behind Me Media (English)","UCHyB1bJq8-NdlVWTsuW0ScA"
"BEHIND THE FACTS","UCTyex9PAD_e7HgLntJr56tw"
"Behind the Fame","UCWD3lzmZkQiHllIxdFK-1lA"
"behind the giography world","UCiHvrLMkH1d8kj5Q4V_hMFQ"
"Behind the Headlines","UCQC3s0ds0EpkfebPry6lgdg"
"Behind the News","UCcbE7twlpJfQVF2dO21fB1A"
"BEHIND THE NUMBERS","UCvqL7vQ3ydt-HqfaqeKDuWg"
"Behind Today's News","UCrWEHJJmjOcqjAa6J5hTGiA"
"behindthescreensss","UCOK2FPrIt9xemAWjfjYR1gA"
"Beijing Greenland","UC8GcT8d8zhtmKKjghm3GH-Q"
"beilgarry 69","UCdNI63Zm4JwVPS2yMAcyYCA"
"Being Bachu","UCACG753TgLTNGLKecPJJgXw"
"Being Me","UCgdGSvETAyA4Ee_WoYkGzhA"
"Bekon","UCpK0Ud55LX4ZEEg2geDIpLg"
"BELAL BEYOND","UCnxSli1XTNhQdH0vYudhvKg"
"BELDOCS - International Documentary Film Festival Belgrade","UCfjt6U_hLnp7Duo2kZ194oA"
"Belgian_Mapper","UCi9tnLcetz29DStmOivshpA"
"BelgianPilot","UCm8hV8A2HBpq2olh0Wjyxiw"
"Belle and Bloom","UCI7r0jXtOOSDiaaFC1q-8-w"
"Bem the Artist","UCFeem1k8SxPfTQC9uv6lyZw"
"Ben Armstrong","UCZF7nOKmBrEgjkKWQrgh02g"
"Ben Biag","UCoW1oS_wggjEfa6NKkVla6A"
"Ben G Thomas","UCDSzwZqgtJEnUzacq3ddoOQ"
"ben greenland","UCnl4FtarvbTnZehPNPoLZtQ"
"Ben Hall","UCweXHdpDIP2GJj-3lfJsknA"
"Ben Kent","UCXJyH69F67Lm3hdzpYXdm5Q"
"Ben Lim Global","UCXamhHfShNpIt1ULKsQuoVA"
"Ben Lishman Engineering","UCEwvGP1EUTOTCqhWMK5DrTg"
"Ben moto","UCsK2a6KZfB-yFZl7pvWnyNw"
"Ben Pryor","UCYCPcdrvfVJz-qfJGrlHLNA"
"Ben Shapiro","UCnQC_G5Xsjhp9fEJKuIcrSw"
"Ben0 69 yt","UCAzpmTVyWTNr9lO6nNHkUVg"
"Bendobrown","UCW2WOgSiMr216a27KWG_aqg"
"Beneath Bluesky","UCUA4kSuNxrl0pgQfcDsb9Wg"
"Beneath Medieval Power","UCLaiXrQ_Oxf3qZZarATEIgw"
"bengal.mapper","UCOVHcqCKoS1Aff1dzJjCbTw"
"Bengt Jensie","UCKc4BSWdfjHEK9YfrbVBAgA"
"Benj Story","UCTYUe8q_9HOy8iHlHTzvtjQ"
"BenjaBenji","UCND0xKZS7Bhq4Ct4vOO-M4Q"
"Benjamin Butterworth ","UCxpFMsaCIXo_qC1tLnupO0A"
"Benjamin Claar | Fly Further","UCUalS3TjZcpNhtczrHS7RIw"
"Benjamin Hardman","UCWBI00DUvk5PFwBN7Mg2jbw"
"Benjamin J. Dichter","UCmC6WAb4VbkCc0OYHb7kyhA"
"Benjamin W","UCzr9Qek3N1_XTJiRPifsMgA"
"Benny boy","UCZkFo88U0w7hLIGa_rx1ydQ"
"Benny Johnson","UCLdP3jmBYe9lAZQbY6OSYjw"
"BennyboiCountries","UCEqaq7pOBlwaYuesE-LALFw"
"BenOblique","UC0H7_l82ZqreAPw3yZMWzKg"
"BENOFTHEWEEK","UC_UnVDztkvE1hw064XFTNSQ"
"Benson Family Travels","UCqCd6yhOsWMw02pwtWlRpgQ"
"Bent Blomqvist","UCVNOG4MPcPjd6dRxEDiQ5rA"
"Bent Petersen","UCZTRBKOn9DRA1vL33mtpJjg"
"Benzinga Events","UCc4AQ-zcHlJ3OIgkL-QDZNQ"
"Benzla","UCfDpGe-JZUo2YvwW86qIz-w"
"Berean Baptist","UCHEp0eSTD6_CCxQAprIFmzQ"
"Bergholm","UCZOCUMPa9KVVoVsHUA21ABg"
"Berith & Bjoern","UCGNtUWDmtRtKD0BVAAlJOow"
"Bern Alobas Vlog ","UCDnw5MJmu28xCnReNBNFw_Q"
"Bernardo Arći","UCvK11SwGS3gyRgxyI1U3ojg"
"Bernie_Geography","UCXPQflVFn2goDIKNYdImozQ"
"Berry B","UCqLZ-EXom9_kzlvhzCHm1jw"
"berry96","UCwmClm4b_f7jMvC_BsV0XiQ"
"Berry🌸","UCJEGSSjFSltGCnxDUN1jaUQ"
"berserker patriot store","UCunW-Xi58WFqsMeH1oo6vvQ"
"Best Celebrity","UC91PprOf5ZQ0yWZNhQjvGow"
"Best Cruises / Cruises To Alaska","UCyh4F6yaXcjMk0mnkB_jZeA"
"Best Metal Guide ","UCleWH54kaDgxroy4E_IqI2A"
"BEST OF DREW BINSKY","UCTSsWZGVSpuekEWZ6YZRowg"
"Best of Youtube","UC7Q7GBO2vNcXqEuYxcAKOwg"
"Best Places","UCODsuX_Z8TuEt3aN0N6bvSA"
"Best Time Quest","UCaPzJmqQri9Z5goZRwEv3fw"
"Best Travel","UCfNOrLQ9LF7OAsN9b25uZZw"
"Best Travel Places","UCcmRQCMC_BV_JgJPLQtODaQ"
"Best Wildlife Stories","UCTXMaHUVVER6Vf1-VWzxoSw"
"Best World Flags Stock Footage","UCN1hh_jYu89H0CpRmAUfQeg"
"Best Years Ahead","UCYvjEh_L1KW4L1kUaVplRXA"
"BestMusic.Relax.Meditation","UCYTn3AitPY4K7V7SOiacT5Q"
"Bethan Davies","UCxuykk5MMkL_5tNpejkMJKA"
"BeTheChange","UCD-lf2iG4O62iZQPqMjJh5Q"
"Betr Business","UCgaRrGo0ke-LxumONbVIZ3Q"
"Betsy's Biscuit Bomber","UCdcGdEMQ1-boPLvq_SL6CJw"
"BETTE DIXON NETWORK","UCssArhDl30u-ubZc7Ft8mJw"
"BETTER MOMENTS PHOTOWALKS","UCAQKrYok-bq1mBEpZ2XgIxg"
"better_b","UC1FXJlK7OqIhiE_wOnRhC8w"
"Betterapodcast","UCNB6SRfUpf5c8pCnoinyJOQ"
"between horizons","UCavU4JRmQ18-oYkejl6Lw0Q"
"Between Wolf and Herd","UCurFOhRsu2XCekrObtsmGSg"
"Beverley Arkle","UC7EHoen4FcIaCUi706E7tRw"
"Beyond","UCDBKYWkXW7VtR12fyfVdr3A"
"Beyond Borders","UCrRGtzhhOi4SOGim7zIGGSg"
"Beyond Borders","UC4vlUP6lABZgAGjHQHxa1_Q"
"Beyond Boundaries","UCLGD7LcIf1g7nXWWtGmQuZg"
"Beyond Boundary","UCwP8OOLNPD66xLILGn8DB0g"
"Beyond Discovery","UCzmU5mkiPWeDccclPq2bs7Q"
"Beyond Everything Shorts","UCHK2jfNoFNj_91M16nKda9g"
"Beyond GeoQuest","UCZ_y69OUXqC93K3whyEDgvQ"
"Beyond Globe TV","UCBdzXyHaMUN41ZtNfqFAuzQ"
"Beyond Horizon Exploration","UCEZhvZXwqUeRgFz68Ddx3qQ"
"Beyond Mind Talks","UCTtbbWdstPaMX-MiFgTXVuQ"
"Beyond Obvious Edge","UCa_5ynZRdw1mtVqi_sQB5Rg"
"Beyond Point B","UCy-lHEhwlg-QyrX9tY3s3ng"
"Beyond the Archives ","UCzuQLpOgA9Ixn52my5P-maw"
"Beyond The Borders ","UCWU-fotwPxjO8eiHSH9R1qg"
"Beyond The Circle - Music Production ","UCUMMcN_4zm-QusHh18J6j5Q"
"BEYOND THE MAD","UCeb9ubgiKEKRcIq1KMDus1A"
"Beyond the Veil","UCzHYhSkdEr9nG-i5Acstt9w"
"Beyond Travels","UCDUAE9EfiaJQX1FZyHU54LQ"
"Beyond Truth ","UCFkOuhhW_wcwbT01bbMiqiA"
"BeyondBounds","UCIWkyhg4DDPReKlpJPn9pHA"
"BFBS Forces News","UCOWF2oK605qOVfkCy3we32g"
"BFDI 2026 Calendar","UCsg0UUuBCZBYVB9T8Ydb1vw"
"BH | Boundless Horizons ","UC9QyoEIrfR3bfppukwC_TKQ"
"Bh Update","UCI7UCp6AUS3d_lKfaYXmQCw"
"Bhagvati movies","UC420dEaSvirWuSfZKYpQSgA"
"Bhagwat prasad","UC_9IKYfDjYw4NS0LV5cn2vQ"
"Bharat","UCDRjNZu3BAMUfYr8xQbO5Ew"
"Bharat Education Mzn","UCGmb4nl-bftlV6PXyq5SFgQ"
"Bharat EduNet","UCz1WTFYNd7MXaqgpDk7ZJJw"
"BHARAT GATHA","UCvoeMiSJM88FFBUjFDjIXVQ"
"Bharat In Context","UCzW6vtKBY8d__PwizJaUcPQ"
"Bharat to Britain","UCzIyTsE_5pKQomX6Vp54C-Q"
"Bharatflipworld","UC7K_KXHP7rEtE9J60s2tM2Q"
"Bharati Babbar","UCg0MBTN-ZbCMaloh1XABKDQ"
"Bhasker Maurya","UCJFimAfozHU7Uqj8QWXXI1Q"
"Bhatti Explorer","UCX2l6p9-e48gR0GACGefkqQ"
"Bhattieaditer 1","UCzHyCgmdx5HP1KpdZdMANHw"
"Bhavesh Anand","UC7-v0jAXgZyT7lnMIhemYBQ"
"Bhavesh ka facts","UCN6q5Nn162khdtqtrBEmKxg"
"Bhavium Naanum","UCcqmMuQDFuCA85lduEFRdDg"
"Bheng in Copenhagen","UCsFePCkpJiM2g9ZcAecHsSA"
"Bhindesher Rokomari","UCBvA7HMgfjoR4mUbAG7j0Dw"
"bhoklits","UCMd-EMLpzH5kHApgPIRQ1uQ"
"Bhu Aura","UC9k0nfWdH4xmis9K2QwIWkg"
"BhumikaIsFunny ","UCgky6NOGl4IQRiifloJLGsw"
"Bhushan Vlogs","UC-XG9n8nT8tLsFQ5IoRAFKA"
"Bhuti Brother","UC9Y-msqzNa-hRfU17uGLBbg"
"bhuvana_meaw","UCCF5CIKEoST4VeI6wWGPlzg"
"Bia321c Channel","UCzLzBskyJvDAp276hIbx-7g"
"BIANJA PARTNER","UCXaDHA_bd5qcceGIw_L90wg"
"Biathlonworld","UCJntLh-ohrjRV-6KTCTR6NQ"
"Bibby Wing","UCEuVtDT6GUtwAhvJW6uKtGg"
"Bible Doctrine Review By Dr. Dan Mason , PhD.","UCc7Wzc1E_EvXGHXDOSUw4Jg"
"Bible Study - William Branham","UCSky6-loW7v8r3wky3Qf2YA"
"Biblioteca de Wan Shi Tong","UCLghFT9JjiKEF6LBgKxuMFA"
"BICEP","UCreSupkPVEJoDjoIV-9GG5w"
"ʙɪᴄᴏʟᴀɴᴀɴɢ ᴍᴀʀɪɴᴅᴜǫᴜᴇɴ̃ᴀ","UCNTH59_58v3pVDCic5lSO3w"
"Big Al Presents","UC4zQJETednbQivljruNKcsg"
"Big boss GAMER","UCN3gL0q6xOYp2LtRPGlsHUw"
"Big Brain","UCzUOGvHp1MxRk1Qeud8YoEw"
"BIG BRAIN: NATURE","UCKZxwIrM8TZNqRquN8rvKgA"
"Big Giant","UC2huwwKC5FQqWEYJlfXFPYw"
"Big Guide Education","UCTxc2GFBUNy98rT03DAwzvg"
"Big in the USA","UC4jBk1eDHibEeOehN4Z56iA"
"Big MixMusic Channel","UCDyBbyHa_T29zEUWqwqIH0w"
"BIG MUSCLE","UCkHzUSJfussGKAHkh_dzG5g"
"Big News","UCwUQ0mEXWW2O43e-03_4DhA"
"Big Nugget Films","UCH-tRXV5-TI6m9T8qZPlrPw"
"Big Rewind","UCoJAeDkAcqdGBx1UVWy3GEA"
"BIG Sharky","UCNimKzrD-Dwyz9UiEjWfTrA"
"Big Ships!","UC38WpfKtu2PQ1N4zEiqxU3A"
"Big Socho","UCwBYrrdgGfsKq6FM4ITsgEw"
"Big Think","UCvQECJukTDE2i6aCoMnS-Vg"
"Big tune","UCI8N7sEYDKN4kdDpTXnua_A"
"BigBrainDoggy","UCfQFiNVLiKnIpzkevXr860A"
"BigCountryHomepage","UCgK7QoOd9Fi9lbFClI9yBpw"
"Bigg News Explorer","UChlrF-lT4ANcmqiUOlHWrTg"
"Biggie Biggie","UC5dQdI2OzBSOPxuE_MvP3bA"
"BigGreen GeoLens","UC5XSc_4A7bZZDg-fhCcmtVg"
"Biggy182","UCO3dj0ASP2wfZ1wGDX8XD0w"
"Bigpoppa Blunt","UCClPanvhgN4pSTAcvT2Z94w"
"Bigstock - Professional Reels","UCpsehbb5_cxmOnQW1uJw7Ag"
"BigWorld","UC7UxYFhcBlV9lRKwMHMg9aA"
"bii","UCcEjrLp69kNh5Rr6f3glKGQ"
"Biihive_ 🐝 ","UCs8cs-zj7O3OT2R4way9Jig"
"bijay dahal","UClBnjC9iEzC-Lh8iJ8IMnFw"
"Bikash AXOM 03","UCZp4HKqmn9iXD8mdlm_2hUA"
"bikolanong maurag tv","UCq3OOC2eMJtc-JFweOEAl7A"
"Bilal Kirmani","UCa_MCPoD6g-WVFCJR_haUTQ"
"Bilal Qamar","UCusixneuJuTARyh1XDMPelg"
"Bilal Sheikh Vlogs","UCANfpDtCMzvo_455BIp3eNA"
"Bilal Tv","UC6UHI0fXqPTJg8FQ04QMxfg"
"Bilgihan Çevik","UCJb2VEogL2TKlRL7rN397Qw"
"Bill","UCQulJvcQa3yjDX5sT_O46Jg"
"Bill Buckingham","UC5mVnoxvW3kx1AqFO3PkVng"
"Bill Kleinsorge","UCpTVmhfxrR_easdiO_17KUA"
"Bill McLeod Pro Actor and Real Estate agent","UCqg35MsAsJZMHQ_eRKC9-GA"
"Bill Reilly","UCgrw07mKzwKEiO95waH1BJQ"
"Bill Shipper","UCgKkIBEXoNOXWrPUq3jxs1Q"
"Bill_chiper1","UCxrQcmHbHDakYpXh-P_nEDQ"
"Billionaire Lives Matter","UCckTZK6lZsN5DOJs5Oo2IMw"
"Billionaire Secrets Exposed","UCLbwCwHGq0Zm3Uyv_ppD0zw"
"Billy Florencio","UCrXAv-hC4bkUUh5ngOqaMAw"
"Billy Harsen","UCoRVopKInr8rr42wnoSacZA"
"Billy Heaney","UCKumDrSQsea3yz6mfwE75Zg"
"BillyLA","UCp1aC6wnUdMFuHIiqwRR9Yg"
"Bilyonaryo News Channel","UCiXhD6IScRs5r-tDvVvKjSA"
"Bimal Prasad","UCogSRugIyFlzunO2_H-mDbw"
"Binary Banana","UCe0jaxHLjuPO8JBzNRM-oPA"
"Bincruising","UC3fUIWtSRfG-mCtME8WMvNg"
"Binge","UCRRyaAEOa7k0BvIeraRw8VQ"
"Binge","UCYVdZHTi4itzpAqcdCahA6g"
"Binkov's Battlegrounds","UCPdk3JuQGxOCMlZLLt4drhw"
"Binode Katoky","UCBQjzxWGdU-H7IiLC_AtZ7A"
"Biographics","UClnDI2sdehVm1zm_LmUHsjQ"
"Biography Empire","UCFoZN43YPqus2Nx7uPOmgGw"
"Bionic Limbs","UCl58hJIcuIVHVUdUN8oFLIQ"
"Bionic Limbs - Topic","UC8XwmxsZORneDNoN3Vbr8Jg"
"biosphere71","UCDKKmEoXCHncUnmBgzZlUIA"
"Bipul Dulal","UConmUPdOPesnOZ6duGm7WuQ"
"BIRD GELB","UCjoOlde8OPn2p78aYQYguJg"
"BirdLife International","UC6Bo5Wr8yPUkleeZaaRzhdg"
"Birdpost™","UCn6iaB17AQeK6Pz85mNvp5A"
"BIRO dạy vẽ","UCN3u7_eFcDPJuMcI1IoqSYA"
"Birux [GD]","UCuCiXa8j5MFlZDKXDDmA6gw"
"Bisbo","UCRS07TwUdb9hTnnX0r5CuxA"
"Bishnu Facts ","UCKAjgL9Em1EBbTV-fq6KBSg"
"Bishop Anthony R Williams (The Word Alive Podcast)","UC-nim8TBvpU6vlKE1bWrYYg"
"Bismil's News and Entertainment Corner","UC0Qcn_v4PxHDpyrbp8wwdbw"
"BISMITA","UCgpnnzikIKI3hnsGDwtOf1Q"
"Biswajit Dey: ESSC PRO PVT. LTD.","UCvHiF6a3e9mugtvVSx3FtwA"
"Bit Wisdom AI","UCVIYMCZB1TamgXQQQrnGrjQ"
"Bite Explore","UCK8T2u4CpcKsuvPIScYHtyA"
"Bite The Globe","UCJtloWje862MdC3Kv7Glo_A"
"Bits That Bite","UCdXgRSo4oNKD1fvbF9_Di6g"
"Bitter Sweet 688","UCtpL9Nv2LbEEtTemjAoayAw"
"bitter truth","UCpq8bUlgLsZyMp7cDK4EPoA"
"BIYAHE NI LESTER","UClqEa9ZD06Vvgo6ZFAYCN2A"
"Biyan Ul Arz Shorts","UC4rFEkC8OWc7FrsSVXBnoZw"
"Bizarre Bites","UCsWP8dJLSXKGJS56oBMWqLg"
"Bizarre History","UC8jfxgwNye325i93XBJxNJQ"
"Bizclip","UC8LkzdHQJaH98taHkmbGiFA"
"Bizjet Pilot","UCz8_cag3scWjjR9WnJ394Ew"
"BJ WorldNews ","UCn2uQj_HeYZ0-jUVH7LDIbg"
"Bjerknes Centre for Climate Research","UC8qWWF7EyQxBGAP7eEUyMWQ"
"Bjorn Talks","UC7CNLzuj7xJl3PM0QxqssPQ"
"Björn Erlendur","UCI084OG3hSIQSfcFCpN1Ezw"
"Björn Klaassen","UCFMf46Sseg6kgeRIUbYX5TQ"
"BKMuskan Vlogs","UCGmrBWVWXU3XgaHxCtMVDrw"
"Black Bear News","UCz0okP--rmK1v41YgJu8kxA"
"Black Eye","UCkyS6kl8CTzUJR4aICywj1Q"
"Black Feather - The Wilderness Adventure Company","UCd-9eNbJ-RLSxxIlxuaY2sw"
"BLACK HEART","UCzykIKkSHZdMKOR3vMb97eA"
"BLACK HOLE OHIO has stopped do YouTube..","UCCdGEjw-OL5bconhqCNRDpQ"
"Black Midnight Archives","UCJ8LSsMRyRC7_O0QCFaDsgw"
"Black Out ","UC70cTiHCe7WuIaL8a6XnydQ"
"Black Scope ","UC67dcmNP9l_TUMBZb_X89jA"
"Black Tier POV","UCtspk8C9CBmpdQe9g9tSqMw"
"Black Zone Atlas","UC_FEy7NjVdzZ-WBZf3737zQ"
"Black_Templar797","UCRHtNQD5pYvCEpxCnntKgog"
"Blackfiles World","UCfiQP5zjpFqhwddLOMJGhew"
"BlackHatMediaUtah","UC3VSz-8E6gN-z1Zs_Nw76BA"
"Blackhawk","UCqZG4YRuXdE2UJGFmi1Eqqw"
"Blackhole Productions-English","UCDy0-iPCaWN-DYqGGIa-_fA"
"BlackMOON","UCpo0DG8vLNtJoeYrpHIiqww"
"BlackSeptember","UCiT0WAKVyxhWLPEWDhDvdww"
"Blackwing099","UCyAVz8fsXUmpYlgndINpPJQ"
"Bland Eye","UCqWgx0Dp6JJbCOeSJTtv68w"
"BlaneAbbiction","UCI9XwnxO8zIeE2KR3N0x5bg"
"BlankedOut","UC0HY5oBacj0y3b8wnr-ciPg"
"BlaskovEU","UCVimy7ZoY6xxRhE_kjyZhSg"
"BLAZAC","UCTxTDAlt13y2DyCdbi4owrg"
"Blaze National News","UCnY_cx5_r3OnVVjxa_9mwgQ"
"BlazeTV","UCKgJEs_v0JB-6jWb8lIy9Xw"
"Blend Magic With Mukul ","UCfFUvyw3JSq0p039su3eMEA"
"BlenderClayStudios","UCZaqiOIEH5QWrBoivw1xDqw"
"Blessunique","UCtGWByr88b93Uq5hGl7G5bw"
"BleuBeib","UCyDhq1HGh0yYrWRchDszpsw"
"Blink Vibe","UC8H2t1W0O55IlR-gpKPpDOw"
"blionXR","UCj3ILZEYk5zKbhC7eeJ1frQ"
"blirb","UCYLJMuyg_p5goeMMu7Myo5A"
"BLISSFULMED","UCnemqy4Kq3kN4ZJ-D6tywAQ"
"BlockchainPatriot","UCYDSSDEdduQTEjbASGHp7SA"
"BlockSale YouTube","UCpQEgEoqLQLhduGbFWaZvGw"
"Blocky Andmonkey","UCCtT_yAdA82al0p1p34f2aQ"
"Blockyace ","UCOC3p53xxpz7iJ9ezoRkznA"
"Bloger Vahe","UCusTjCoyaKnwaBkhwuGoCQQ"
"Blombird","UCwFaU0kQy7Fjn8VnzvQfvVQ"
"BloodRecs","UCBfUKeNsUZO82Bznu9M6hnQ"
"Bloody Jokers","UCfN-2ab3pup_LO97Smqey1Q"
"Bloom Richard","UClxnsXiyvNgbe9T_5qG_5QQ"
"Bloomberg News","UChirEOpgFCupRAk5etXqPaA"
"Bloomberg Opinion","UC5iIQGb0YQhyA-ey2V4z2wg"
"Bloomberg Originals","UCUMZ7gohGI9HcU9VNsr2FJQ"
"Bloomberg Podcasts","UChF5O40UBqAc82I7-i5ig6A"
"Bloomberg Television","UCIALMKvObZNtJ6AmdCLP7Lg"
"blossom like a rose - Art & Music","UCOmQtPUSgURqsf5GSK1sq4w"
"BLOX","UCSqxtzXqo3FkA9alOG8Nu-g"
"Bloxxy op","UCTm8Tls8ZlSDAFXiz4KxkFA"
"Blue Florida","UCXLyYbzb_FMh4hTF0aB3-Lw"
"Blue glrad ","UC0WKpuv5jeMDbDFiF-UUj2g"
"Blue History","UC3DWe0hlxpWWrR2Wt_qdfRQ"
"BLUE LENS","UCSIMt53LHdd83Osk0KbXszA"
"Blue Lens Politics","UCByv-kzURoYihggEi5-SWRA"
"Blue Life","UCM1W2sYmI3U1eK3fhK30axg"
"BLUE MAJORITY","UCekMpk080zskElDHXH8KVgw"
"BLUE MIC","UCimS7s7T8dLsEg7kqMfrwAA"
"Blue Ocean Skipper- Die Überführer","UCe7Jj7u3xPKhff7M3Xh6_-g"
"Blue Planet 8K","UC7c0bzFl6hYKDiyZJruTtMg"
"Blue Robotics","UC3XeiPLt1JTutx7nyYn2Tzg"
"Blue Sky Aviation","UCjEEYw0_c3s6XpeMbI_QPMQ"
"Blue Star","UCjWO32dNQawAeg0LaEKM6-Q"
"Blue Zippy Cat Channel","UCCqgdPoyFJzgwiUaSMtY2pA"
"Blue&Red-News","UCGkNwK313NeQW92Rb4D3R-g"
"Blue.sky.27x","UClD9YbLbWjaF14NkTi4CApw"
"BlueBird on Your Shoulder ","UCF97LKLhZ5WlIdXS-5D-ZcA"
"BlueCircleOSC","UCBZNsa3iAuDV0iYWJsVZg5Q"
"BlueLineSpeed","UCmucil_GvtxMSP_m0AghU6g"
"BluePacific","UCsF2aY9lSVfV64w-ECROjMQ"
"BlueSkye Foundation","UCumu6Q971iUsA6HL0-ZYqbA"
"BlueSphere","UCynOedIWDFXam9ECiKfv7aA"
"bluetrampoline","UCOkS2QiY0kk4UPRCzDk_Zxw"
"blurrybirdpictures","UCqv2cRISMMHCeHXYo9p8AHw"
"BMiles 84 Conscious Channel","UCKrI7dSWRaFkArmB7-aNqrg"
"BNC Universe","UCjge9zAlfKwY8eavPZysdeQ"
"BNG Facts","UC-hnqhz99XhwK-LLVOt0avQ"
"Boat Central","UCf9uADiEbzU1cKV8-5CuGwA"
"Bob and Jill TV","UCf1u7fc9PT3DvduORYMPC8A"
"Bob Buckle - Topic","UCHGiLQYdZtS-jyRnCflbgyg"
"Bob Kirkoden","UCId3hwTFUsFmG5W_F6IPH-A"
"Bob the Axolotl ","UCOi94HZ9Cev6g0L0gAnkArg"
"BOB11","UCbOxY1kR0FSVmbFwLk_AxNw"
"Bobo editz ","UC7pJQpy-1_wZvlndF7N-Zqg"
"BoboMedia travel guides","UCgFhS49e5sgjWJT700uTAyQ"
"Bobson","UCdjz_Aq5l6Ymo1nPKqrVN1A"
"Boco Video Productions","UCqHrsuDRXiDoOhBVsNUxltQ"
"Bodo sikhwla","UCT8O1lcJWGniV5WILTmQ3bQ"
"BodyReset TV","UC1jpgTI8wU_xIXt_525NJtA"
"Boeing777XAviation","UCn0nIZ1kSNdLrVPwqVFDtMw"
"BogBoy","UCBZcjbI6gddkc-JMBcxn41Q"
"BohDar","UCcm7QPUUphPMbVqfyMhIy0A"
"Bohr1um","UCrTu8C4IoJ3G9coOR3_cblw"
"boi","UCe-m-Jo9FyeeRvo0GnHqFFg"
"Boju","UClSlVFaSTuAgWiUaR2NLQeQ"
"Bold Fact Files","UCPy413TPq0ktF2RlhLHctsg"
"Bolin Centre","UCgS8tYa6ErDZb_5ZIOpf6fA"
"Bollywood_Legend2.0","UCuUdPRmsvueQnQ6HzZeoz1w"
"Bom Berat","UCErTIjgStpZC_FbJ2Yu7ahw"
"Bombshell Bon Voyages","UCaXJ_HnteeVYPv3OVQ2ObHw"
"BONG GRAPHERS","UCLIw4_KivNfZ4EB4BDl1ekw"
"Bongani Morgan","UCOtdAu6EFpI6dLAajrXK0tw"
"BongoPlanes","UCiLSaiqqPSBmM_uWB-PQavw"
"Bonigoy's Mobile Pitik","UCnzjJkyS6YgtnWp6YRsR_xQ"
"BONIYA","UC-ozv1e8RJw0PG1y1se17eg"
"Bonne Voyage","UCocOjAHy9PWlbl_G3ZaJF1Q"
"Bonni","UC28tj3xT8dUU-Gz_1A4aqUg"
"Boogie Down Scholar","UCG38Y6pmGGEtqFhhqbIDDHw"
"BOOK BEES","UCTX93TAWY5PMBx35E_JNezw"
"Book Booster","UCKEeZyeBlo7ZcZHb9D2xi9A"
"book_sys_🇮🇳","UCSZfv6MLawNm5FhelXswn5w"
"Boom Gaming","UCYqwzSvbnNdNFQbIv96HeAg"
"Boom Guru","UCwiAvoXZTeCmTIzCO6NH3IQ"
"BOOMER BROS.","UC8vAw5I__fEmSistelZo_wQ"
"Boomerang","UCl39ClnjCLXtBlc0LfUpPMQ"
"booradyo™","UCNoCno0uziFJ867KTAqBlag"
"Boost up","UCzKK0yY2-m7xJgasg40Z44g"
"Border 2 Border with Sajid ","UCRsT7QwG4XkV1gv6NiqIU6Q"
"BorderPixel","UC7Nal-dR-iAVn0Tg3FKlGTg"
"Borders & Battles","UCi9BP8BMcB-vy6dMgRaB9ew"
"Borders & Time","UCzM5T55kgPZgaLAByTEv0Wg"
"Boredwalk","UCXQqXV8nSZXqDIvSN8b08zg"
"borex","UCgL-lSEQtdCpP093xWX44qg"
"Borgatv Studio 📺","UCL7Vx_28HihTi2QkDRavq4g"
"Boring304","UCr6m8hS7vzVnrnvTzp4OS6g"
"Boris Kester","UC1o6dgexmsW6sJEnTfTL76w"
"Borkus Studio","UCFcDW3oKEk0peXjjKRigSWQ"
"Born to Explore Official","UCZ2sn6fXW3cJ4b8XtYR_n6g"
"Bosnian mapperEU","UCZcmJ9tLzjHYTVXJ9vvP4gA"
"BOSS CuBe","UCZf6rk4O8okC1hB-4GLGZ-w"
"Boss Mheng","UCXRHtErlywuN25G19Ma8_2g"
"BossAbraham","UC-gV_JEQoyxAOP1eJmugebQ"
"Bosse Agerup","UC1TNc3D7ZXGuSPHlvvCRXjQ"
"BOT beex","UCQeDg533lb3lNB-Y290Ru5g"
"Botched View","UCQTyZKwmmeDPznZPz6UgvTg"
"Botswana Mapping","UCevR2ODgemaoUqTDDrfS34A"
"Boulder Mapping","UCnfyYJa_VBhtIq38SNueJ0Q"
"BourgeoisPhotography","UCqIvVrVSGcKLgP0Um1pUVQw"
"Bowdoin College","UCzgNEyxr5u44b-z-HmZ6_TQ"
"BowtieMapping","UCSppGHBSmFywc_3WcyKw3xg"
"BOWUNTR1","UCka2T48s8D2rvi0wD11CdUw"
"BoyWondering","UCfLH5f7tF81kOcX9Eazto_g"
"bpk's automotive","UCOu2CAkIMM6yVwQtX7jJPkQ"
"BR Sports","UCJhkxhCS94-2SSmwntDtPDA"
"Brad ""Iceman"" Colbert","UCLLl8tvmyN6aVbRRpu5O05w"
"Brad Flowerdew","UCYoS2niowR9MnDPG-bTW1Zg"
"Brad Kaminski","UCEpU4_LagWMpjFHrxJpAWRg"
"Brad Scott Visuals","UCuLLf8HBxpa-RV1sf9CRmDg"
"Brady plays and more -goal  300","UCJOI83QwFi2MUxLP-oI4EOw"
"Bragli","UC0y0si-Xxons8OG2-GFMMzQ"
"Brain Binge","UCkTGF8R20fEhwBG2Lv0Fknw"
"Brain Booster","UC-YuEQ8n0Ll-YMTnjtyJeRQ"
"Brain Buzzer","UCqTKjDEQg4EqLVHjCa_Wx_g"
"Brain Drain Daily","UCPMA2b0Wa5S2YpemfKUzvbw"
"Brain Hunter","UCWYoz-DyDJAF62dUYxUTo1Q"
"Brain Out Master","UCbGrboXSfRbVXRE7esRorvg"
"BRAIN POWER GK","UCfC8esMDGKP9kTdXNynO6zQ"
"Brain Rotted History","UCbvap4WjUkyRFQOTIqr32sg"
"Brain Twister Show","UC42vP9FV9vtjKhuwHcE1bJg"
"BrainBites","UCzXo7yMUEg_xJ5kLn8xk6Yw"
"BrainBites","UCIwbj5mm_UZ43QaKhwR97Sg"
"BrainBreaker","UCQo8qLhHCxYUVVvjygzbJ6w"
"BrainBuzzer","UCKJgL0mjG4hRvcFaV-a0HKw"
"BRAIN-CURIOUS","UCwqkiYvYNMISr8GTW2Q0OTg"
"Brainerzz","UCJRQktBlDlDZ6G27w6QZQ1A"
"BrainFuel","UCXge7xoXYqFlamuyliaHGtA"
"BrainSnacks ","UCMmJyJbuxMMZyLmJCv8bamw"
"Brainstorm with Anshika","UC-RiwxK8BOcVEEXM2Xit5fA"
"Brainy Red Cat 😺","UCHehjW1QQuGxIlgRjNtrrMQ"
"BrainyBites","UCV5ED0FpWior7GB0LDZtu8g"
"BrainyKnowledge","UCXyGg2gNLaETsksomYAvdJg"
"Brand and Novus Communications","UC42BcZAby4uZPk0haffPGXw"
"BRAND MINDS","UCchB1EGWeJFZLAV3xELTJBw"
"Brandon Murray","UC9w8cVBS2vsQvsoiQXgQckA"
"branmuffn","UCEpk5ZOE3sf6yhmlyJExcwQ"
"Bravo Athletica","UCaoLB2GBWrbQvwnyfXwcUHg"
"Braxton Bros. Pictures","UC4uH9VldmgF45O3yjeWEdEQ"
"bray","UCluyv7Gl48sln_qSHLbqfzg"
"Break News","UC5ZVD6UXTfT9V-Z4_f51cuw"
"Break the News!","UCVqktqsyLy6-PC7WBBntS8A"
"Breaking America","UCQPiL9LDmJWFi-V0A9EEN2w"
"Breaking Insight","UCYg8BwHZP9G02MdYq5xvfqQ"
"Breaking Laughs","UCfgwc8Pfbo_w1sFw7MMf42Q"
"Breaking News","UCwd70iLZvjDqpc_9hu-AjjA"
"Breaking News","UCpYAfFO0jJZSTY0Ks5QkbLg"
"Breaking News America Realtime","UCMI7IQ9FQonVu_o4VqY2nZA"
"Breaking News LOL","UCZgtoMj-Fjxk5-eq4Q63GNg"
"Breaking News Today","UCSODm-ULOytLsBnnIKicXBA"
"Breaking News Today","UCzRAMLBpAqZcpFJQomGRikw"
"Breaking News USA","UC3u29Crm1ZEt34G9io5aVhw"
"Breaking Points","UCDRIjKy6eZOvKtOELtTdeUA"
"Breaking Politics","UCxtVaSy0_U5PYKkiB_R6CJA"
"Breaking States News","UCz9h28jJbcdydUcmgrZEyTQ"
"Breaking View USA","UCP71XZzSBEE-M-XVsrBijtg"
"Breaking World watch","UCtZjK2eYFhPDinwgFLK3iEw"
"breakingbreadwithRivaajMaharaj","UCVp8T6vKJW8AE5AstLIEk9A"
"BreakThrough News","UCiinSjWS3E0vtAa3DCvp7iA"
"Breathe","UCH7XCMobvkWbkKPpoMzxSMA"
"Breathe Earth","UCK4xOjRUjvag-zvmwKPBqWA"
"Breexiit","UCXnayDt_Rmg8o9_NtD1Gcng"
"BreezefulThought","UCkVDfh7icq9CksiBjsg4q0w"
"Breizh Surge","UCikYNuZaLDNIxvYV85Jk7xg"
"Bremont Watch Company","UCNadMpnu_CwhbtDgJdGc11g"
"Bren Maris","UCTJ5PQX8FuHjjPfiC7YWUag"
"Brendan van Son","UCs5GnuB9y1pSWswQPLF2kXA"
"Brenda's Desserts from Around the World","UC1bNrF47N4IHGA7_KxWj-jA"
"Brett Dudley Luxury Influencer","UCLRavxgrQCX7igHWwMGsosA"
"Brett Monroe Garner","UClETyzGWqpOjGvfBEwFq88w"
"Brevia Culinae","UCRv-zp8ruUl2uVfzWB__cOA"
"Brexit News","UCOdLx9VxiB0C3_F8vgB1ERg"
"Brian Akers","UC2ebT92E8J4uBDfprVPP3pg"
"Brian Bales","UCTh-GENWYJJ3NXe7lPaNnbA"
"Brian Enarson","UC_7paXpcDv1ZSMlUzdILPbw"
"Brian Hansen","UCuGv72l1POH-dkKJpc4cCeQ"
"Brian Lowie","UCobaoJ-nB4twrABRSDWT_LA"
"Brian Mudd","UC1Uq8qgdXeojmNVvcCV6e9Q"
"Brian sørensen","UC3NUBIX3nF9C_rPTxrnkd6Q"
"Brian Tyler Cohen","UCQANb2YPwAtK-IQJrLaaUFw"
"Brian Whitman","UCzZZCp52wBSeTH-nm4WCwGQ"
"Brick","UCHxZAgpjLz-7uQTBosLKbIw"
"Brick Archives","UCJ_i0xMVYikADlb_vfTXhwg"
"Brickboy365","UC776wVL-56hVqtIyChE4JAA"
"Brickcraft10","UC4dsn2Bw97Rhens_GH6QHfA"
"Bridge Commercial Realty","UC0uSs1oVWzxTdeshnDQC5dg"
"Bridge of the mind","UCmSVvu23Cc0qnH65v-gVyAA"
"Bridget Fitzgerald","UC_uFN5OAds8vZi7qtZ-CaFA"
"Brief But Brief","UC-hmuPesGMMJ55iv8oxxC1w"
"Brief Travel Tales","UCaRKXtt3m-k-7PQb6KtCt9g"
"brieflyGeo","UCTAx3rzTTCsKgzIQepLSnGw"
"Briefora","UCxapDJre2rQDtb9W8XzZF6Q"
"Bright angle","UCMDupC87bZZ4rv3k3Af-Pyg"
"Bright Era","UC8xcn4c3qqcpBJaiqFHz_xQ"
"BRIGHT News","UCcVtGD77hcrVumxJs6-W9jw"
"BRIGHT SIDE","UC4rlAVgAK0SGk-yTfe48Qpw"
"BRIGHT SIDE Series","UCeMnRjQQuzVkjlquGf0e6GA"
"Bright Side Travel Tricks","UCRXWWDqZsfchPdsI64C8hWg"
"Bright Steps","UCz0wGefqD0IHQ4QRhz_IBrw"
"BRIGHTMIND ACADEMY","UCjXbZyfm7q8CKBVj_Bxj88g"
"Brilliant Maps","UC1UZsKTimg0PsSQrkO6BZww"
"Brilliantpublicschool bsp","UCtnmOfYk9Ofp3EEJ64CFCFQ"
"Brim Boats","UC5u8_OxWEBoRBqM7y6BkvYQ"
"Bristy Roy payel","UCpELK7ZGYXLO-Ld9GXI-bxg"
"Britain voice","UCzuGu8XWm0nFQ0t4FbMj8Ow"
"Britican","UCtTtdUuGYvkk8ZUd-vc3_xA"
"British airways 747","UCvhOAb_Pc2Xzo6Ynhf0tcpA"
"British ball","UCt2c8tnrwFyxQDaSygh_5ZQ"
"British CountryBall","UCxpxtZTNiUtAswz9DLsCaJQ"
"BritishBallEditz [AAT] ","UC7Szt4Pwk-4_LnfdEAF41dQ"
"BritishCountryball","UC6LZkIbb8ysXY67SFNfwBjg"
"Britishkermit ","UCTp22CARczN-owG8kfgIn_w"
"BritPoCo","UCml3XGyZG3ZVEXgncYqEW8g"
"Brittany Leigh","UC8HksQceuixexwTv6WpuBFQ"
"Brittany Lewis","UCzwAC10Hz0OK2v-aoIfti5g"
"BrnonopbgoXD","UCF_ZMwy1ABhzaA8BC_x3KGg"
"Broader Cast","UCtR_mGJRCAWE6fZZW1LvyYA"
"Brock Bhuvi","UC7wLhmnbId-ndY0oERGJ-aQ"
"BROKEN BORDERS","UCrHpgXBjZ-ResH2_ro0cjKQ"
"Broken Earth","UCrz32cjpjieVWsLd8Hngo1Q"
"Broken Economies","UCUh_yPoq2rIM8NnrfkmSBSg"
"Broken Rod Angler","UCIhgDctMiCEyx0pgcjZGrPQ"
"Bron and Jacob","UCOWL-gwpS-59Wx5P1FqQTEA"
"Bronze Compass","UCjKrzGyAqjxCw-Rct7ZhEbQ"
"Brookings Institution","UCi7jxgIOxcRaF4Q54U7lF3g"
"Broom Taca","UCMphjzHh9P3TbTC_rvv2LJQ"
"BROOO","UC5nZBLOo52_l2FIc1Vkac6g"
"Bros Play","UClWgu9IGWDrpxt6uZSMOnCg"
"Brothers of the Serpent","UC6wsPmTFFmWX4loGB6FzP4A"
"Browning","UC5noYBCRPbf_2rdQthoCk_Q"
"BrownMan","UCWrokPw8NaIY2wAnHxn3ysQ"
"Brubussit","UCW6ydKuO5OBQKZ1KjoKbBwA"
"Bruce & Tawnee Untethered","UCEPBEN77lAUCjNn9EXx3O2g"
"Bruce Stangeland","UC4SuJxFP0WwZ_KkI1A_0OwA"
"Bruce W. Nelson","UC-MgavIdxnjVMmIWonFl0sQ"
"Bruised Passports (Savi and Vid)","UCA3rbmcV8KuhunICbikn9Jg"
"Bruneindonesia Indonsiar","UCIC9Biy3QmgtVQtXVA0Rnww"
"Brunel Estate Agents","UCV4TP1tLzq30HURN4ayobjA"
"Bruno Karett","UCGwJMYd4PVy3nGIn-jzydqw"
"Brut America","UCFZ1Dv_jsdIIUgnJVVcbqKQ"
"Bryan Tran","UC9H05PMITGozPOyI1SyLkWw"
"Bryant The Chinchilla","UC1toDZegFTb1uS_Jvl1CKJQ"
"Bryce Bodin","UC8lxoFGyn8hc-uh66oQ7DPg"
"Btower49","UC8nFcjmPLpzkHn-PIQ3lCZQ"
"BTS♡ARMY","UCuxa9mn22s354BkhfvxFMaw"
"btv","UCEQ8DL8OKp7LtrvORmtU0mA"
"btv151","UCSQHxJ580y8PJgKkIIHXP_Q"
"Bubba_ds","UCDByrr18YvNjhiJgwMUsyWg"
"Bubbapump","UCc7BaefX-jw1ewm9UkBIBIw"
"Bubble Green","UC_AoqRHpZe7bRllc5bV3bbQ"
"BubbleBorns","UC0SoiR20iJlCXwpbS7cvofQ"
"bubbles way","UCewMP1wqJW9-TmVmA2WfLHg"
"Bubu Art Infinity🇮🇳","UCpdWO1u_TtRG1TttwVPfS2Q"
"Bubun Art Era","UC8OzanyDpUatf-8ud53dyRg"
"Bubuy chanel","UCN5IEXTwEUoU-eapcPQZKMQ"
"Buck News","UCMWkv3mcojR1Nq7IEh6ZpfA"
"Bucket List Adventures","UCgCkpzVFcCV3-i0RLBizEDg"
"Bucket list journeys","UCVJXpK7oNF_1O7qxkhsizPg"
"Bucket List Shorts","UChI10vQ3e4x9zmnToii3DCw"
"BUCKETLIST","UCBvWbPdswBuFHCC8_Dc8bjw"
"Budapest Spotter","UCK3Jb4iRUe6MaFjlSkyD4DQ"
"Budatha naraprasad yadav","UC5txQ6uZmTGkSPC2yn79cyw"
"Budde On Da Track","UCi9b1tfSy2Wan4wPfa87-_g"
"Buddha After Dark","UCH4MPuqj5tiTZOmEkhE35YQ"
"Buff Browz","UCr-lMj4-sR-V57Qk_aLuW4g"
"Bugeater Simpson","UCIen0DXLmiX48yF8VzxXAJA"
"Bugee Stats","UCIJo9umQ61guWlgLCnTTASA"
"bugsyboat","UCLwp2ncdN6GfpsOfowfPw6Q"
"BUGU","UC4G3_-hDsnlB8d52TfuKdZA"
"Build to tell","UCf8G12HvoV9_BS3wG-JC6Yg"
"Builders","UCufiG8bwq62yJrhuaVh3Bvg"
"Building Your Path To Success...","UCQHusvekEObevxfcNseNraw"
"BuildNova3","UCePqixVGD41A2aGPXO4Xx7Q"
"Built Not Bought","UCOKfn-mWuaaSPIrvztSxf1w"
"Bukankonsumsi TV","UCOBKZtpgHdomCdJVPJBPrtQ"
"Bukiye Rasa Katha today","UCER-66y_P99rmGurqqfZbKw"
"Bukumendakigunung","UC8RUYCdHuH9o__HY5N-DnDQ"
"Bulalai Ho","UCNo1PqgNCZKvh4Rbq_npjng"
"Bulbul$ Vlog Journey","UCEJvCDcacwATvzAAfoUTzEw"
"bulgarian turkish mapper","UCQsvVCWVlKNs_kErbPUFsrA"
"Bulgaro-RomanianMapping ","UCPNrmyKhxPmR-50lG03f_hg"
"bullet Raja up_23","UCP9mQnGpMBxcA141IjL4QlA"
"Bullish & Beyond","UCxStkv-gT1ETOVTbQn_i15w"
"Bulti Kanjilal","UCls3pVj35kY19vjtVmU-rcg"
"bumbuu247","UCRXnFEhqNIlQJBW8FtDj3Lw"
"BumpyJohnson: True Underworld","UCpouiMPi5-hPVqImOwwzKXw"
"BUNJO ART","UCMGO3P0KYgQAI_Wx-5v3AxA"
"Bunyod_Kalandar","UCA_EpaGeM35bM5jMC_RoIwA"
"Bureau99","UCvjNFqOdI1J3Wc8Z7WJwZpw"
"Burger King Empire","UCrAFQORHc9TSkMfIgtahocw"
"Burgie","UCII4lgWSafA3tmYz7UTV02w"
"Buried In Paper","UCQhFcZqs2tfv-fTpKcJJ89Q"
"BuriedSecrets","UCnzRZzfa21cFy8HHwB2AOMw"
"Burp Cartoons","UCmx_wndu9ia9l6s9BZcQkmw"
"Burundi With Cash","UCdXCqoWVff9y4Z3ZAApsj5Q"
"Bushcraft Mentor","UCtEFnTkXJPq6X8dzxVltmqg"
"Business Basics","UCfWNZIJkm268rLO_yeRlcww"
"Business Blueprint by Manish Gandhi ","UCJPGpkrHM3rkFwBfELVfW5A"
"Business Hook","UCLuQhqyCisBV5aZcRbjhhYQ"
"Business Insider","UCcyq283he07B7_KUX07mmtA"
"Business News","UC4RRuJzR6YbXkdUKaA1aPuw"
"Business Secrets Made Simple with David_UTOPIAN ","UCwr1fzoHazaNcFOPCrO7I7Q"
"Business Standard","UCQsob4fGjHWhYHW0OLb6rew"
"Business Talk","UCe06uAe1Fspcfv6XjN9qCaw"
"Business_discipline","UCS7x1JigbGzSULBq8OvPljA"
"businessdaily","UCylT1uZ-Ga_FAyfxQ5b0ORQ"
"BustedCoverage","UCcNxCBE_jLFWxmPo8ixVo1A"
"Busy Girl Health","UChFWjTI6_NBSW3gW9Ck0hgg"
"Busy Wesy","UC4FnnByatUfIraJ33FZnQSQ"
"But Why Kids","UCScNpHQtpf008q9MITg3ABg"
"ButLogicalNA","UCtvlq-iDzrJFbODbqKIDxzQ"
"ButWhy","UCiyyI1_kXjjIKHjVyG4N_XA"
"Buzz [GD]","UCoO23SWH4yMq_Oytlq71Oew"
"Buzz Flare","UC0IRp_0xVL0x4upHLR3b5iw"
"buzzgeek","UCbIeMH1Cjz9JtOXsRtdB4eg"
"Buzzin' around","UCQWAZ4EmYa8haXs79Sp8-cw"
"BuzzLoft","UC1AY_ue4UuGAk2EHAppGoAg"
"BUZZVA","UCrD2aB8S4CE5XkjVJ0gbtfA"
"BUZZVIBE CENTER ","UCyeM-vixq_H2HkrBdNxFxvw"
"Buzzwink","UCEbqmQpjfcZn4909Bn8yMfQ"
"BuzzWire","UCnJ7oNe7ptouxl-ZOp-V_aQ"
"bvzoom 5","UC394FC_XO93Y0DRjfRtNj3g"
"bws","UCDQe1m0_rYCHhfRlf88z10w"
"Bxx Live","UCZ6H6nZojv_9LqjNFPtjDNw"
"By Khawaja","UCs67o1YwMWOhoA336Rn7rRA"
"Byadwal","UCL5c8cNUW5GVTfdq1YkBVig"
"Byahe ni Binoy","UCYpSPkuB_sGlFc1iQKt_DKw"
"ByBidya","UCYWz4ot_5Zk6LPlenhTvZug"
"Bye internet. it was a pleassure!","UCIEipzujjsxp_oYIkYHlTfw"
"Byezbozhnik","UCYio7Hj-854jHZpc7644qTg"
"BYO FLAGE","UCZxTqmE_LYWTk7zes596bqQ"
"ByondIQ","UCVWNqqs5MDaJ5g7KXmEu6Iw"
"byrdpolar","UCTuIJ0jr6IuO2pAfca85HJg"
"Byronnator","UCajNaGmcPTNG5a7PjScmEPw"
"byteframe","UCDDJ2AawF4Z67glwPW6pNDg"
"BZeeCrew","UCyTbzX9QhohwMLFhnHCU8Yw"
"C company Omalloor SIBI MULLANIKADU","UCbdBEyShZfqHES20S_Yw7nw"
"C&N","UCqe0LRsqWSl_NJhZUYQNyEg"
"C.R.T Vids","UCXVEsoAvHkNKh9mFbwkcUVA"
"C_money","UCea_brTzhY1Sq3p4aPFVKMw"
"c00lkidd","UCIRcAq7PeLUHT-9q2jPyXDQ"
"cabdishakur cismaan","UCiMwBl3O6Ry1siSnTH3RuqA"
"Cabin Adventure","UCMlRXmtD_qIQo0v_LgBKz5w"
"Cabra Cabaret ","UCbHgIF5xTF9ppsgSoBOzAHw"
"CABRA Futbol","UCldW88hczbnTT2C_CMblmUg"
"Cachetes Jaiden 2","UC-TLQ6QhdFs9Y4SjXJHDu2Q"
"CACICUCECO","UC5AZGp69sCDNfZlgilRP9iQ"
"CadDadChats","UCjVKgCVLVoFr11whKvq-tPg"
"Caer 8th","UCjGRrYOLF8wdm2QPGKFpT7g"
"caesar","UCNikpy45xOvAJgQpQEjXIYg"
"Caesar Mapping","UCTopsrXTQvilX3BzVukVI-g"
"Cafe De Upernavik","UCPOPJYmx7SxAIW_dMHdtLSw"
"cafe theni","UCjlvGtLHUHALNkW3qN5VWgQ"
"Cagayan Valley Entertainment ","UC8srEBkipouxVfV8JF0dJzg"
"Cage Star News","UC3DChNkdOOiQxHeswuG9ItQ"
"Cahl Jones","UCLdMj5-HVdVg_su1n05P32w"
"CakeAndPie","UC4BPo0UbOs3Q0oKmUdh76Gg"
"CAKIR","UCAFnKyyG0Qt0bpV1ygSPG5w"
"Caleb","UCtBjxPxbqFZZn7m2DM71BXw"
"Caleb Fulmore","UCKA4Z_g5PJNQ82vABuoRJDQ"
"Caleb McMurtrey","UCw2B0-arF1in4NgeYRzA43A"
"Caleb Noah","UCr1MXgB__Z3J9hv5CKrctyA"
"Caliber News English","UC4rePDM9qgBJ2AsM2f5_CgA"
"CaliMan Of Franklin","UCdYeG5dtwyJ8U9CyjddsLtw"
"Call of the WYld","UCZ-U3-X4lcgOaTD9ZsKzTsw"
"Call sign “Blueesteel”","UCmRbrpVqvilcC6TU2L7GPcg"
"CallOutCulture / QuickInfoQuotes","UCvjG__UlEpcqKM9yt26VAgw"
"Calm Scenes","UCXCI2fJncDs3-zHsGq_irOw"
"calm videos","UCLgo69Bh8Yk25hs5s55ow0Q"
"calmdown pd","UCM7VsnDy8Z4arUHYgGwA6zA"
"Caloochi","UCZa7TrJdydEIYCQeHWbLH9Q"
"Cals","UCo3Fpqg25xEAC3YxF2PzaDQ"
"Calypso 🌙The GODDESS","UCH8kAreUeXdAkZlNrQPInGQ"
"Cam on spot","UC4DnUiDksBSaQuzYYZ_cnIg"
"Cam Song Trương","UCDUuwEhVeBqb7KtqQaUUJpA"
"Cambodian countryball","UChjYCqK9itI8VncmZnspLmQ"
"Cambridge University Press","UCc4TQRTAjU7NvqhgR6GMPyQ"
"Camden Conference","UCCeOriIcajkaoSiNswBjGbw"
"Camelia","UC6TalP_vYLdVHu5ApGNVaug"
"Cameron Galbraith","UCFieoQB2lDlpGIKX2jbYDVA"
"Camofront","UCLuWMOaQ1ARPy4yqmwwkYcg"
"CAMoVlogs","UCFnZnx17M5fHdqz7POqpq9Q"
"Campfire Times","UCUZ5Z_mc6c1qdQ13HNv07Vg"
"CAMPING CLUB 01","UCkqMNWk4B3FOKGfBpnCxF7Q"
"Can Do IT Every Day","UCUzKL6hNo_aTrIJZ9DF8cZg"
"Can We Talk? Hosted by Dr. Dan Mason, PhD","UCH_MsVVRSlZXrk_PkGEfbxw"
"Canada Dreams","UCZL45y4T2NvwbrZ7SppWvKg"
"Canada Headlines","UC7IEtj9U0PSP6POKZe6n1CQ"
"CANADA LENS","UCl2y-NrWT3V8oehI8HMXHKg"
"Canada News","UCj8GgOpXa5nGCus7ZPb_s1g"
"Canada News (NewsBrowse)","UCX6PjpQI_xMv_yaGVoNk0Fg"
"Canada Next","UC2X6M-GBOx8nV1X5RRMVTmw"
"Canada Today","UC790WPHI_Sewr5LqiITAz-g"
"Canada Tonight","UCtPFw2ExEXGY8OgRwAu17sA"
"Canada’s Untold War","UCVP3tmJizWPL3Di_f3vz96A"
"Canadaball (Nato) (North America)🇨🇦","UCmO1pn0lrJ6HGjhF8HzorXw"
"CanaDanian","UCeF73MFuLYBwhrYWuqLC1eQ"
"CanadaSignals","UCmREX49RUh9hgRjs9xB_yWQ"
"Canada-US Watch","UCmapYFX0tZEK3_wPMQwx5WA"
"Canadian Ball Mapper","UCJKv5mDfQa4zWXsJIbtUr_A"
"canadian dude ","UCOLX6pGivlnjz-q4UeZqfdw"
"Canadian Family Travels","UCGTNxWh3bKwnTDrpn54837g"
"Canadian Geography","UCvm0QJrWfNlLmoLjiLTcVcg"
"Canadian Kayaker Adventurer","UClBEcNJrojV5f5UqMems2_g"
"Canadian North Airlines","UCAgOEUxXB7T-3Yq0UoHZEqA"
"Canadian Reports","UCKMMh6HFA4mLZVZUhzWChfw"
"Canadianmapper333","UCjupEJr8Esk0k1E6fbRni4A"
"Canadianmorningcoffee ","UCIWXizNpnvgKGOvunK8lvCQ"
"Canadians and Wanderers","UCq90spsdIfkTT-c_YXWv5FQ"
"Canadskiy Matvey🇨🇦","UC18kg9Kr-6O5ctd54k5Cqyw"
"Cancel Me Later","UChamurUK7hzdnBd0LcEHLzw"
"Candé Nast Traveler","UCrLEzwojkUoW-QKI7N5Xbmg"
"Candice Playtime","UCKaJBkA_DxGS0p672maL8lQ"
"Candy CH","UCi9W1BXpeNau3cE5OMeXF1w"
"Candy crush","UCYcNBzFaD7JzulOaj6rRTgA"
"Candy Paradise","UCC1IIXsc_vtAr4NOdcBgEzQ"
"Caner Acarbay","UCy0cFfv6yLSiLwLoyqz_BsA"
"CanineCuriosity","UCKuotAl96yp2inulYxeNyMg"
"Cansu ","UCBahZFr4XY2zzLSiIPJ8_Sw"
"CanuckFlyer","UCLg_JR7fkRsiRBr6t7Y57QA"
"Canva Creator en","UCM1n7iqoXyUWzDWI4-GOQ9g"
"Canvas CountryBalls","UCtO8SnxiUNGljZlqAKsPHQA"
"Capcut trending shorts","UCgt_S983rs7egGZISjgjYyQ"
"Cape Falcon Kayak","UCh3EuBmudYHJ7F8V_YpNZuw"
"Cape Tracks & Beluga Adventures","UCh9yzk4psyMTVTvn_9LX2Ow"
"Caphat_edits","UCbQBV92N7hFHNeGAWmM_S_g"
"Capital Briefs","UCXwtJPGlrUrAwNWMrvpZQVg"
"CAPITAL FRONTLINE","UCzuDOrvyqPJHXyQXk4dEL_g"
"Capital Of Geopolitics","UCHupaWVm383ch32FiXzwiOA"
"Capital of the Day","UCem3xeoHml-G9S1a_OsOyTg"
"Capitalist","UCJ6sRKBFq4fvsMb_lELjZMw"
"Capitall Stories","UCMODxpVxNzZxXAT6IhRK9Iw"
"CapitalMaps","UCQkihGKHVhYQ4b_ub4ORLvg"
"Capitol Comedy","UCZGPPGGz6tOm7bWLfg3nVsQ"
"Capitol Policy","UCxQh14P8B5QzfbVoMbkBPuQ"
"Cappuccino Base","UC09Flc4zFz5ydL8sx9s3KYQ"
"Capricorn Club","UCvtLa8IPYSmL87WoMBcx3UQ"
"Capt Charlie Summerville","UCCZXDPJmlugB3IrsdNsljOQ"
"Captain Bird","UCDwhcGMVJJyrwlIccgbH1-A"
"Captain Curmudgeon","UCYP0iOo9MrFCTaAIXfIxyaw"
"Captain Dialo","UCZ3ncjfjbLoAO9IdMkfroIg"
"captain kirk","UCmZi5zSKB0i61GGEyjhxHrw"
"Captain Maple Syrup","UCau1LZ7giT8bd-N_Gr45Z9A"
"Captain Max - Aviation Inside ""AI""","UCbBWvp4wIRBPYE5aNnX0mmg"
"Captain Paul Watson Foundation","UCb1DDgi5Og9Zau_CyuC3CMQ"
"Captain_Andy D","UCQ3PxMUWCeT4IgP_wvW7fhw"
"CaptainEl Mapper","UCBEEGMs2ig95hs4hC732ZRg"
"CaptivateCentral","UCfDCmdik7QPvoES6bHG5idg"
"Captivating History","UCMNMpSc81hvn5OC26yj-5Jw"
"CaptMK","UCC8iF371HkY7cecfl60u9WQ"
"CapTonyOchoa","UCLxAAr3bNqFBXfYZgKs-qLA"
"Car media #1","UC1aebW6s41LeQkEYEH98P-Q"
"Caracas Mapping","UCe2tBuqmYQsNfZq7WWh74SQ"
"Caramel","UC_d5NoneGs8K0-oHbLGTKOQ"
"carbo73","UCrosXsAb7AcFJnOzjmJC0_A"
"Carbon Brief","UCiXgvmQ2jUgUjRpJzvga5Tg"
"Card satisfaction","UCa-PcRV9dQQGijblZ1xaKZQ"
"CardiffEarthSciences","UCmwl6CIhiq3OFK8VQz1Y1vg"
"Cardinalis Cardinalis ","UCAyzjR4BEKAyfjcl8rFDwhw"
"CareBriefly","UC_zZE6r9wfSSylpCXTk7nCQ"
"Career247","UCHyu2gwfAkOXWroIjvxVUCg"
"Careers Drive","UC92vozgZpCCZrKJ4M1noG7Q"
"Caribbean and Latin American News Now","UCHVrCx9QIht0uhJZIg3Z9Bg"
"CaristZ1","UCZ5oG2GCiPfj4_Z_63VK4Aw"
"Carl","UCD12EXcXuvilOxmnP5y0E1g"
"Carl Duivenvoorden","UC6Xs58iMoatUnkwVnXcZn3w"
"Carl Edward Long (Calostar)","UCkQOenP2KLXZARJM7kfkHOA"
"Carl Zha","UCVStx6jdbfHV77ICVu9xxLw"
"Carla Sands","UCxJCYra4D17ybWjN15xGDGA"
"Carlos Córdoba","UCqZ-i_kQjb0cMEx9eBUSAgA"
"Carlos Perez","UCvmDsQkTI0qrN3j6RbzcLZA"
"Carl-Peter Suenson","UCA8Ft-7PsIQzVHTorMz5GbA"
"Carl-Peter Suenson","UCXIw8s874RKDAM2zwVga-2w"
"Carnegie Earth & Planets Laboratory","UCo2l6enTFkSfEqtRSVaGrmA"
"Carnegie Science","UClAyTBniZ9gXxg7njPGu0bw"
"Carol Savage","UCHlFtYonpbNmbM-nxaKfmhw"
"Carol Sotto","UC0SW2YaXMFVDmTH-MHSEp_g"
"Carolina Mixtapez","UC2P-MIHbv4sLLLHV2IlIhsQ"
"Caroline El Khoury | Travel, Fitness & Outdoors","UCmH0w4Cr_PKZmMM7ECbNQmw"
"Caroline Foster","UCaOWu_FgQvkxj8GqCImtLWg"
"Caroline Hatton","UCIPhGqK_CZrpWuEVGK2PtqQ"
"Carolyn Soe","UCeOl6JJPbwHxfWBCDlfPfxg"
"CarrlYT","UCSFK80LEfxDzCwWmkgAsrnQ"
"CARS & Trucks Nuuk","UCQ4EnbdnNgjbruumlGSFwgQ"
"CARS 2.0","UCEGVEiO4mjfRtEq1mm5D2kw"
"Carsten Egevang","UC8EWFkooHP4lnhk55y2ujWw"
"Carsten Nitter","UC5cxmnfo4gUg4ySJ-cuDeiQ"
"Carter Callouts","UCJSXCYoLg_TYJtdShZLs70A"
"Carter Tradez","UCktA5eLcAmtFqMecx6qSesQ"
"cartoon ai video ","UChVmcu_mEs0P2uM1m3k6XDQ"
"Cartoon dekho","UCKROKRiHqqMUYVm5iYSlJvw"
"Cartoon Network Greenland","UCB244TTFKDmMfNO0nLcusCw"
"Cartoon Traveller","UCPfIJ7a76Ec17dwBxjULSoQ"
"CARTOON TV","UC2-qlPbrADzN3O-ReE604nw"
"Cartoon video 0099","UCq7rh8xUmOiDdpvkExkG8SQ"
"casefile commentarytv","UCJMETvTASEDYradkuFvvUTg"
"Casey Planespotting","UCqdzbRqaA1skHw2i0xI-NyA"
"CaseyChain","UCjnxeGzpbpJKpIvfnT9JiKQ"
"Caseythehost Clips","UC9uXDPG0KvV4J_hwBt2e9sw"
"Cash Jordan","UCrwbBzP11NhxRUCRKx_BgoQ"
"Casper Astronomy","UC63SyelYpu9_8QtHlqfrFoA"
"Casper Blomme","UCJ70rfAulkL7SzeI8HiTnXQ"
"Casper John","UCIZpKMSKmvfjH4elCputNZA"
"Casper Rolsted","UCYoShYFk95bvwvr2i38edKw"
"CaspianReport","UCwnKziETDbHJtx78nIkfYug"
"Cass of all trades Arts and Passions","UCNZAq7_LiMs1l96SZJC7gBA"
"Casterrrrrr","UCk69br7TVyB65TtyuHjDKqQ"
"Casual Earth","UCl-IviWsNXbfL_XHOdNyLSw"
"casual person","UC2PxXhV-3qLyTafziIjVf3A"
"CasualAdventuresGermany","UCDVZb-mFPq8F6ZDIWolrtFw"
"CasuYT","UCgBSbsuUMwajWl7HG5sAI9w"
"cat","UCFHlgT6CMHDviiThHFUN7mw"
"Cat Cam","UCCiiwXoyrDvhFpxwtpye7Wg"
"Cat Gundry-Beck","UC4L8Lu34ITmzVfj1Pds3YZg"
"Cat Hero","UCO4Pdh8BySdpKsejkFASLqA"
"CAT KOPPEL","UCpROoI2v803szkaK170lqnw"
"Cat Lewna Trip","UCDh7dFUEvespKkL-JSGBr3Q"
"Cat Matthews' Midnight Therapy","UCfMWRmJiBUy7j9z2Ul6AQUA"
"cat2828","UCILv2fyGLdbWx9YN4LTL3Og"
"Catch you on the roundabout 👋","UCCZgr0xirlipVXcxJLokDQg"
"CatchReel","UCylKAZgNmJI90kHIcpEXtZw"
"Caterina in Sorrento","UCtI9sl1HxkBJdjt4WRdNt0A"
"Caters Clips","UCcR4cyQyAF-guvk7Wm5Lbqg"
"Catfish","UC6nPPVh6DKXyLudwAOsv_RA"
"Catharine Wildeman","UCBwqNoGJ7mDEP8ipG6qcJbw"
"Catherine Kapica","UCnK1q9N-SnOlW8v8W1qSe2Q"
"Cathy Awatere","UCHMuIbaNkaTe5mUQ1jXk3eg"
"catinxd","UC-_obV2JBLYuKc5hhlUSO0Q"
"Catnado Cat ","UCEOtVjlKzc47EJLgEjh1-0g"
"Caton and islamicVideo 📸 Official...","UCQQDDwbRcg9o7NnaeCtbyPQ"
"Cat's Eye View ","UC_Eo9X0erepdqmLHpBRgWZg"
"CautionSpoilers","UCqsNBDbU0BElcZOd5lWGCEQ"
"Cavale TV","UC18m9vTr1sQNC8Hs10pFdCg"
"Cavid Zeynalov","UCNNx6Gl2mZCktuWwy5UAYFg"
"CaydentheNighter2026","UCVbF7k-kHx-HTRLiODiDIGw"
"Caze CaFe","UC0TmW3P5Ap4E-5cZAC8dK7Q"
"CB","UC2gwBlGPTxkksyc3euvfQ5g"
"CB MUSA FF","UCQcd92MPzdj2P4S0X5-JXfg"
"cbawithit","UCxz-WxLUbrk3VfV0AaXiBvw"
"CBC Kids News","UCWUA2W6LueNy9BSovivFVvQ"
"CBC News","UCuFFtHWoLl5fauMMD5Ww2jA"
"CBC News NL - Newfoundland and Labrador","UCpPLxYC6uNNfNrSQokButSg"
"CBC News North","UCpzH4FR5BRq5L_CejdDrW2A"
"CBC News: The National","UCKjU3KzdbJE1EFcHVqXC3_g"
"CBN News","UCYI_ychRnL7sJrG6PUSBpQA"
"Cboe Canada","UCWVv9XZqGZnVDLe0HUSqXFw"
"CBS 13 News","UCUx2xAViYolMLCQAC8vgYvw"
"CBS 17","UC1dVGItBqV4w-4xQHoX1UDg"
"CBS Chicago","UCkBS_xU1WQ7FVsDoQ_OPeDg"
"CBS Evening News","UCAeWdyKJXGWmVAXFpgLNNTg"
"CBS Miami","UCXJryYh6xcW5iEeJGzK191A"
"CBS Mornings","UC-SJ6nODDmufqBzPBwCvYvQ"
"CBS New York","UCNZyLULUQBp5e9Q1cKtvk6Q"
"CBS News","UC8p1vwvWtl6T73JiExfWs1g"
"CBS Sunday Morning","UCVT1tPkR-fUVlO652EcO3ow"
"CC ch editz v1","UCylDe_3Tc_QDlsDJrByCwOw"
"CC Night","UCW4J4EB6ih-d3XG6BdSV0mQ"
"CCCP КГБ Канал USSR KGB Channel","UCAaCuH9Vj65CvAApEXjo0Yg"
"CCG and Pals","UC4Aqgg9-QC4f6glWY-v707g"
"Ccreepy True Stories","UCQ8_Zi5m5jo1SubJAj5QZuA"
"CDI St-Jo","UCWY8tUvXEHBhx285tMpwyTA"
"CDN","UC_egdS4871949youPFyvW_A"
"Ceaseless Echoes ","UCox9axAj72T5cqPXXJC4Y8w"
"Cebastian","UCAPCnC5fqcHoH8IAc04TJ8A"
"Cecile Raley","UCIvQBwBVTzHAFG9wUfPn9NQ"
"Cecilie Jones","UCzwbI70Chk35_XwVI7ynaUw"
"cecille kirei","UCpgRmIGPhgElyN6oJTHy_UA"
"Ceebz Gerard","UCJjBZBcxxOtvtpgAEJYG8aA"
"Celeb AI Stars","UCPRPs0rulnwFPyW3iodKF6g"
"Celeb Crown Center","UCq3_Tu_n2EqB5YsUEkiTEsw"
"Celebrities Corner","UCfUnxLS_pJgQGWI3pWzhcfA"
"Celebrity Buzz","UCSzOOBCL3DrUtwIPrs4Vkng"
"Celebrity Buzz USA","UCMJnUtaqUwce_OE5I_bzb7Q"
"Celebrity Report Daily","UCzLbfa9XOnPa6u25dCoNxKg"
"CelebrityClips","UC9rE5Esu3ABl1OOfVy7cimg"
"Celestial Insightt","UC0UCJsLfOAnIBhj8K5vgEQQ"
"Celluloid TVShow","UCUC4j8U98RLcfGa91mCSmnA"
"Celtic Christian Music","UCeqMwkvw0LuO756ALuGJSww"
"Cemilan Animation","UCkTEMJdJgKKP1xStbMrKrww"
"Center for Autonomy Experience","UCln_w3JFjHNEAPoKnrqPrKw"
"Center for Sea and Society - University of Gothenburg","UCt7eMHuVJraxAU0MMVtoLig"
"Centre for Polar Observation and Modelling (CPOM)","UC4sjdKqppLstcS5qVVkwRew"
"Centrist Resistance ","UCWeFljiyvlFtNYp9yAVaIGA"
"Centro Studi Squali - Istituto scientifico","UCwPNFP2sRX67xdL7oACqWRg"
"CEOAS - Oregon State","UCwpjry_aOBc6BMfQhXqjGWA"
"Cerebral Asset","UCqes1J64F2Dxzw-Q7CCJ5-A"
"Cerebro Brother","UCQtMv9eUqFJ9VtM9TTpfyeA"
"cerio blocks ","UCVSCueq1ZWDGE5L-WRltqww"
"Certitude Mania","UCsmoiXiJ-qYGSvla8RwHGLQ"
"CF","UCdKQYu_imopsQK4JBKv7unQ"
"CFR Education","UCpSr3zuNE4ZJoN1e2upu2Nw"
"CFX Studio","UCHxK3CBxqChajFzbpmXk5xg"
"CG Kurios","UCVkULE6S_StkqVNf8UVvVFQ"
"CGT Prospecting Adventures","UCtSBz7czSlENAwwUGbBcFkQ"
"CGTN","UCgrNz-aDmcr2uuto8_DL2jg"
"CGTN Africa","UCMeYPU1YfXjxsUa6QXWsfjg"
"CGTN America","UCj7wKsOBhRD9Jy4yahkMRMw"
"CGTN Europe","UCj0TppyxzQWm9JbMg3CP8Rg"
"Chad Mitchell Trio - Topic","UCRkpBWvIa6pnLUvOiFUQylw"
"ChadidLol","UCT0BWuopRWs7sn_3MxTXnwA"
"Chafle Reacts ⭐","UCxTQ721xqxSUu0CMt7AdkaA"
"Chair YouTuber","UCaRnbmC0BIlC4AIrfDcWXWA"
"Chaitra N T","UCc9qeAQdNKJEjYKuiGioh3g"
"ChalkZone","UCYhCCYZstsM6kZlMnCwyzVA"
"Chameleonic G","UCzUGES3IkVn0sdLGTvc-R-w"
"chanakya gkg","UCiGxlFKpcsb7swdWCDR1jdw"
"Chanakya Lab","UCXtYwnAarwynzi5yhe3ybsQ"
"Chandan & Gunjan","UCY2PB4FfmgaMuEbUSlqQibw"
"Chandan Creative","UCuvSACGeG2BlzOQeFL_QgGw"
"chandan maharana (CM)","UCdavp3meDQ2iPVOauDnEE8w"
"Chandr singh Gadwali","UCb0JwL2vTs_vSa3t91haN2w"
"Chandrakanth Reddy","UCxoYOXw7ceujX5U5YQm1tkw"
"Chandrani bhowmick","UCfWHjO1BUpvdVyHJUc_3ayA"
"Chandratre's Edu Hub","UCXLoqudrabh7Tv0s9ba7cgg"
"Chanel dot","UCKkkZpkEJQZKTcLBDoyRpGw"
"Chanhh_Hivii","UCsRqVPIjTD1wj_HFGRSEt9w"
"Chanian mapper (Cretan)","UCw9L4zK-DMbZRC7dzygz27A"
"ChanMoni Ai","UCjgkzr8dl-WCdtBBAMu7tyA"
"Channel 4 News","UCTrQ7HXWRRxr7OsOtodr2_w"
"Channel 5 with Andrew Callaghan","UC-AQKm7HUNMmxjdS371MSwg"
"Channel His","UCIreYIBD2MR1sBL88CO5jpA"
"Chantal Anne","UCF7KrpO_nyGd3wK7IFPQhpg"
"Chapo","UC5fvBsae2fmPTfEYPWMdLLA"
"Charismatic Planet","UCpsJarXqie5Z5NbeNTCCY2g"
"Charles Darrell","UCLF7cIEO28yba_eV_zD33xA"
"Charles' Leisure","UCsrpGyseTi5NvGSg56t19nA"
"Charles5477","UCnKUxSe0anUl3_WioBZ-7vA"
"Charley-A","UCiyi9RbZsqVrNnXBzcGU1kg"
"Charlie Cooper graphics and  advertising","UCICisL0-pZWOB2nv4VEIMGQ"
"Charlie Green Facts","UC9xyusbp-w1-Fm9rVHZiWVg"
"Charlie Kirk","UCfaIu2jO-fppCQV_lchCRIQ"
"Charlie Kirk Official Daily Clips","UCyrZx-c7ag2psfTCnUV8TeQ"
"CharlieBKR","UC9oBYyiFbongt7ZPf-hwzlw"
"CharlieJM","UCW-AMHvail3iBIt0oyXnYQw"
"Charlos16","UCBQ1uzzo1ovCdtREw0ep_xw"
"CharlotteTravel","UCVtLmanu6kXVGYuZ0ygjXAg"
"Charmi Art & Craft Fun","UCbZPmRg53t4K1NFC_XSxW9g"
"Charmslucky","UCh_rLa5tyAe0ZHwhisAti3w"
"Chart Guru Ji","UCgtz-ufM01i7vnJAZ1VgMIA"
"Charu Bhatia","UCJlxtBSiyYzIfEJpv_ABwhQ"
"Chas Rover","UCep6oMjFHqL-nLsHtr3PgMw"
"Chase Morgan ","UCxv34VIUbZXdlCxw_sbxifg"
"Chase Teron","UCljn4ZsJxsKEwzhUka3-yOg"
"Chashini","UCuKWnwQ1TTPNl82xQxmnAhQ"
"Chasing Oz","UCOp0Uzscotrid2mvA33TebQ"
"Chasing Space","UC6Srbo_zIlXJ7cM1cV3pG9g"
"ChasingSunlines","UCnIAc6wNho4ez9-eM9Qw27A"
"Chasnasaurus","UCU3jjdErO58Wtb-zNHX0QOQ"
"CHCH News","UCjkETDTi-OBxrN4z5lvaL5A"
"Chean Marak","UCXruW-da-4oCWJEN42JT7kw"
"Cheems Meme","UCNKcIQ6aR9D2YVFR1RMCRFw"
"chef Art' 🧑‍🍳","UCZGr_iLSSSkgH2t5Qr-UuRQ"
"Chef Chompoo","UCJj-bl4dPcdDiTgrIXNyNHg"
"CHEF KHABIR MORAES","UCF3oJHUf5X9uJgfZUV5PZGQ"
"Chef Mario Castillo","UC8abJE6d2xdKCZWE-l0iKWQ"
"Chef Thom Keith","UCpZ3eZ5Wl4ja60LeOLTm6SA"
"Chefbosstraveller","UC02am_XwxIpiXMWXt3GAb7Q"
"Chen Lan","UC-UOrIiSqkHGhp6HYqdrSyw"
"chenet and marvin","UC_h8vhQN504QdyY069tYiBg"
"chenglocsin","UC4U1Nojr8dnD_okgIvpIL4A"
"Chepee Tv","UC0otsYt-GfeHI5JY3uwbsCg"
"Cheran Academy","UCBTje3Q6Crs6fbWVoU9lSmw"
"CherryωittyUwU","UCnce4w25B5OFu0vZNgaiCqw"
"Chestnut Tree House","UCnvCOTydYdYShF-CLnDvK7A"
"Chetan_iQ","UCUFUbFj_wc4qcr6w1ebCKxw"
"Cheyenne Spence","UCZ4ooLnuGUnHO9WxzlgeRog"
"Chez-It","UCyGkc9ZkjVb3FPTeUCh-pxw"
"Chhandita Biswas","UCrJR7easxqBgUPOKct7hDyA"
"Chibi Travel Tales","UC3VrZF4EtvcidZ7dbz3H7jg"
"Chiboy Divine choice","UCg6apgK7lAZKEdknzGaU38w"
"Chicago Gaming","UCjh7UTayzXUFaPX4kBRb-HA"
"Chicago House Music Culture ","UCHsZ0AVhf18cLuIk3VmxS_g"
"Chief arnuld TV","UC5P2Bfx1DKBoNaStAp6QiXQ"
"Chigozie Truth","UCgQMIRaTcLcI4eC8lggTVxw"
"childreenanimationcartoonstudyonline &naturalbeauty","UCMf2OTxvAWm5EMufmp84dQg"
"Chileball Mapping 🇨🇱 The Crashbox Fan","UCS0m13Jr5WWonbdz5STmNyw"
"Chili Klaus","UCj1lgD9Xs3HBN-KxRnuZ4YQ"
"Chill Dude","UC2VuMmGmsivw7DgDO57tk8A"
"Chill Financial Future","UCtaGtm5E6ts1DmFUReL3OTg"
"chill guy","UC2MXvqH4P__eGHHkFaLeUlg"
"Chill Retreat","UCMqFePA7wpz7BgiYfXxVlEw"
"Chill Vacation","UCyjx-kWbNVXp1OmIF3AYxBA"
"chill2vibe","UCKrDGet7-GzSrsLt7wKjqWQ"
"Chillario","UCzMXfJknS_raGigAZJYjT7w"
"chillbloc","UC6cibuMhialZGHinCXvBuVA"
"Chillie's Cruises","UCfDJkewLL4ZtgAnc7IV0xgw"
"Chilling Winter Academy","UCnEPyQRa9gQcDkEYCugBoWQ"
"Chimu Adventures","UCPNVg4gKEArtN2HnnhlkZ7A"
"Chin","UCdxuJIjQIuLEEr4xg-5RMig"
"Chin Han Low","UChiLR-63mJYf9QVNA39JRZg"
"Chin Swee Swee Honey","UCz5X_V8gwrMvtKkqvvauMDA"
"China in Focus - NTD","UCBOqkAGTtzZVmKvY4SwdZ2g"
"China Unlocked","UCBLK7a-BFJ3mNRPRS28JIpg"
"Chindo Aja Lah","UC2DjCwQzoItHXIMVsGpvprA"
"Chinedu Timothy","UCcbML3JsrE41Eq90RRsMXBg"
"Chip Baysden","UC4Bd9K-0bOm1JzlF0V1bppA"
"Chiragmakani","UC-BxznbuV9ZXIWYTEmPC4wg"
"Chloé and sometimes Ludvig","UCC9BFGKDYGAycjXklWHdaTA"
"Chloe Caldwell — Travel & Lifestyle","UCWk-oPvVAxK7vo1ad2YsKPA"
"Chloe Madison","UCcJQc7rthozSZ4EC6dRRL0g"
"chocolate guy","UCcoT0b9SNoDiVq5vryRiDlg"
"CholoZachTV","UCz-EQUHIBM6EXxOE5JUoWyg"
"chomu party","UCvOQzBN6L621YsaBzDqUeuA"
"Choo Choo Travels Solo","UC2GgbTGVIzlXXnu2LlMWwNw"
"Choose Your Escape","UC0AeM-FPPUr5oN3HVqqUTug"
"Chopra Blasters","UCwTP2HIPznfarHPqsbmmZgQ"
"chotavim_drawing😎💀","UCpvRAzTPFxouE3PIxKpnINQ"
"Choto Rafi","UCxq23_VdCtaAMT65N4-pZcg"
"Chris","UC49Aymj29wMkAN9XyQIqRyg"
"Chris & Meagan","UCml-94OpJkluKcvhWYiIt-g"
"Chris Barnes","UC-v__WT0uZV5GoaElmnMcEA"
"Chris Bertrand","UC6JgE53wMP3iaChqVHmcH6w"
"Chris Birch - Off Road Coach","UCTK4SLXIIvcFNeUYpv9Prvg"
"Chris Cillizza","UCuLsa8LcaKXcg6OPVGDr6DA"
"Chris Darnell","UCmoRg6-xPDPXWBqQTu6iM7Q"
"Chris Hargreaves ","UCL3E6i627QPvQyKNR3hl7ng"
"Chris Julie Christenbury","UCsS3j5lJNyJAwZlsognkiog"
"Chris MeyerDiggins","UCGiNmZCM8XMJ-dfRf6D67-Q"
"Chris Muller","UCOO3NiXk0dtdCxyG957APOQ"
"Chris Must List","UCHDv0KTnSQfmS4OyWO58F6w"
"Chris Pattison","UC-EjFMzCvkFXY5AJl5Zmm3g"
"chris sessions","UCuBHbTeSoyhtsB3bNtnZIog"
"Chris Stallard","UCbRYVfXtQepAeR8p0iTeGZg"
"Chris Steele","UCly4Q0_EYIemF1jlGEVlDWA"
"Chris Terrell","UCq5Y3XLjXVSmTql9fMtDrHQ"
"Chris Turner","UCw62Qa74SJ4NCdWG3jw7Dfw"
"Chris W","UCXJ8n8p4iCemtLyDyJ_1pyQ"
"Chris World of Wonderment","UC24Ks67jSgh9HqqEKk3gYkw"
"Chrisdunnonplanetearth","UCK3QECe5hlbAf7jT_F8Bdsg"
"Chrispygaming","UCD6J9ncOIrb-AAicnfNuzFw"
"Chrisslays ","UC0Ctj4-MvLbStYtO3z2l-0A"
"Christian","UCZmtMlZu3Gqag02KPdEcfQQ"
"Christian B. Adventure ","UCT7Cab5H_ZOoefMI9HbSRYQ"
"Christian Cummins","UC8tC1OxSjNH-JvWTmWGg2Uw"
"Christian DREVET","UCahSifDNOyT7xDgBMjG2Img"
"Christian Hinojosa","UCBuFFezLhix_re1FkX7KvaQ"
"Christian Nørgaard","UCXjvZbVBShWXSHSkKjSVfTQ"
"Christian Saugmann","UCfH9V_a4qzCnk11U6F2MjGA"
"Christiane Amanpour Presents: The Ex Files","UCbQpsn0-BPw6LMkyIud_D-A"
"Christina Angel","UCQP_22WwjDvLKtHavLapILQ"
"Christine Jean Biclar","UCZ4-xasofvSqRgGGT2ZcZ3A"
"Christine Musselman","UC1QfY2HBxkRmuftGLx9qvgw"
"Christophe Deblaere","UCdKwqJSU4t9fUBpMctql6Aw"
"christophe monteil","UCD2pssOMM8BVsXN3DGCxNBQ"
"Christopher Slovick","UClul22H-0oS9YMUUicJeJIQ"
"Christopher tye","UCZOLbXwS1QPyTVwtLYofXKQ"
"Christopher Vonheim","UCqumuRHEDX-0d98baZV0TTA"
"Christoryman","UCF5rMg2KHF0GYRb5fCi3R4A"
"Christ's Corner","UC3gPw0Kf1M-ZCc2y-rtsaSA"
"Christs.Church","UCeTqVxJoMekI5VCGd7k0q-w"
"ChrisXDiscool ","UChBhPadooMpDM3bg6SOnqIw"
"chrisyboy2000","UCIiGf3UYDzA1gvG5mOXxTjg"
"Chronex World Network(CWN)","UCNVwEWrA-j3yrKCH8OVrg-Q"
"Chronica","UCHrf_ADYE8xArqpwCj1U4og"
"Chronicels Of WhatIf","UCCyp43JiZK5CJq0XF_FADtQ"
"Chronicle - Medieval History Documentaries","UCOk2CgtW_euf-9w34fnYQnA"
"Chronicle Age","UCUnkxkrHxxjlRDV9ih5q_Ug"
"Chronicle History","UCuk6vSpTZ0hmWgCp6rSdZBQ"
"Chronicle Shorts","UC77nQyqnijhtGSomicDsojQ"
"Chronicles of the Drift","UCfbeOL_C10CGtOX90S9arnA"
"Chronicles of War","UCupVvRb83kh5VKKHmwW1ysQ"
"Chronicles Unveiled","UCckooB74nhfXNtf3LdbH4Aw"
"CHRONLASH","UCY6ogrzoEmaE-rYbRL0H-1w"
"CHRONO TRAIL","UC1SblyeaG_A7dceyRJEJEew"
"ChronoBytes","UCuf0S0HBBlkdNdu0f74nDzw"
"ChronoCinema","UC7eEfi0SeoESWOqgmON_wLw"
"Chronoshadowtales ","UCluQb2kzhne2J_9vmNggkbw"
"ChronoVerse","UC0TqQPF05-mfObpf4GyyY9Q"
"Chubachus","UC5PVK1i5myMFBNzsOeH4m4Q"
"Chubby","UC_cHGYjPZ1YMdgrafgCzY4w"
"ChubySonic1","UCVO8ObJaraw3GLz3lDv51Ww"
"Chue_Abroad ","UCwO0A0pMGXH7zD6rpUh1cFQ"
"Chukwuemeka G TV","UCce3qWCpP75RCD8QEjvaD1Q"
"Chukwuma Ugbah","UCs6Q9yAtHExHfL00vg_N4YA"
"Church of Praise Bangalore","UCp1BXAlK7UDmHz62Ji_4TVQ"
"Chu's Authentic Australia-Hong Kong Food - GREAT!","UCrpQlnsZa0Q-CQvPO6EOChA"
"chynna kelly","UCNbOR7x1jfKfhmby_JTipyw"
"Chaal Baaz","UCSpG9Z7u4Vn2Meov9TnzaDw"
"Cimraan yare","UCS-DltQK2kPrsi670ac27DQ"
"Cindy  Kimberlin","UCOShmwLJ5a748wZKvK5OtLQ"
"Cine Clips","UC0DLnLWJr2OWQbmJr60Az0w"
"CinéBoZ","UCfs7VZUyyFiJwFX64wluetw"
"CineDecoded","UC757p8rDHlPf5SIiTUT47-Q"
"Cinema Geography","UCzz-lMUVGIye6jgSN78nxSA"
"Cinema Reels UK","UC-5lYAzR3jmkLWJrbc4MILQ"
"CINEMA SHAUKEENS 2.0","UCNKG5KVPDAwfi-YvRJxOc3A"
"Cinematic Adventures","UC54AOvgr_QceSQpTqRjMvWQ"
"CINEMATIC BILLIONAIRE","UCRqJ9TmOkqPtPp8Aak0hKjQ"
"Cinematic History Taless","UCw0CUev5nx-Sb8JdEo8kHTQ"
"Cinematic nation","UCvLw3V4qoC6lR2pdYBNFNRA"
"Cinematic Recap","UCFh75CzMcQ6cCEt8-gpUqkQ"
"Cinematic Recapped","UCadjc3VGrZ72JV_meGcfF4w"
"Cinematic Travel Visuals","UCVWefesFoSp-x019_A9bTog"
"CinemaWins","UCL8h3ri2WN_-IbviBlWtUcQ"
"CineWise","UCnt_b4gg3Lko-u8utIGvKvg"
"Cinnamon Dreams™","UC0UgIBBjf9lHfM1B4r9nMMA"
"Cipher of Ages","UCTj0hVjPuWVObbjaT2hnuqQ"
"Circle","UCwDmzjPg8Ud8M7zGgtgfH4w"
"CIRESvideos","UC3sXkALzF6FJIRojwThB3rA"
"Cities of the World","UCNf8dWJM-rGgy3hv4hjXD5Q"
"City Boys","UC1KhhcG23yUPU0C6O2xoyoQ"
"City Life","UCBLOk2qH4Xu919iB5bP-TYQ"
"City News","UC7bOHKxiPCf3PmUYGY-nUKA"
"City Spies","UCRDJ5ehven43RsNCSQ7hPHQ"
"CityLand","UCPmHeuFWdSE4ZIttDjB1ptw"
"CityNews","UCVKAcQQCO8vv87Gk62SutAg"
"Civex","UCcYgPeN7bnbcRaiQ5v1KVkA"
"Civi","UC8YQhU6S9mlXllBYEQHcAXw"
"Civic Insight","UCoznftn5XYvjgUxdcnzH9Aw"
"CiviClips","UCDjn8-WDYF4r845atIEGOrw"
"civil prep zone ","UCuhmWgYX9EOk9yGF-UjlE6A"
"Civilization Cycle Podcast","UC5p87fbs9FHaYcCjKuKcA5Q"
"Civixplorer","UCiXIoDMcK5B8oRjD4gt0BDQ"
"Cızırtı","UCpLWLwTlntaFR90r2uyQDmg"
"cj Ma:TenG","UCzAMAQ1uuxKSAL4Jm38vdDQ"
"Cjapedits","UC-TIEN_R1zbNS_pzP8EC3Og"
"CJay Studio1","UCLTaWyXptIudpOALcmKyX-g"
"CJPicart explorer","UCjl5fTV1Su1Z7k5TAuGPzdQ"
"CK Prime Media","UCyVVEp6oSkO0swlzZOU4jvQ"
"ClapstixAI","UC1Csah0c1GsielndMMUQpjQ"
"Clarity Now","UCqmsV5dHP6WvF7nYz_xTH2A"
"Clarity of Concept UPSC","UCjDsV8qfUVuy0ZXPF1e6kvA"
"Clarkdonnaaupca","UCFkxr553vf46z1S9Tpw64RA"
"Clarkes Outdoor Adventures","UCg7iERX6dfQ62GnC2nK8vdg"
"Clash","UCqFHDajagtz7E6qpLArEKuA"
"Clash of News","UCl5Eb7FCeBX1OyFK3hR93Cw"
"Class and Cities","UCiUablcETwjANTxmtCd3G3g"
"CLASS OF KINGS RAW","UCWIj1TQdXq0qvPaa_Anh-NA"
"classic adult movies","UCO2T8jtmcy0RzerYVt0SakQ"
"Classic-Charters.com","UC88Gw5v2mC1Dw0C2Pr5diiA"
"Classique","UCuYMhY9GqOzFqOirJ0P7tlQ"
"CLASSY Boy Gamer YT","UCHp7Md2KircNx08Oo5sxv2Q"
"CLASSY0001","UCP3WCYdl6caczRvH_Pr8UMQ"
"Claus Harder","UC-ofgAT7mkITBDi602rEd8A"
"Claus Kellerman POV","UC4qG04RcOZ8J1Ncw5CPqsLA"
"Claus Reiss // REISS","UCTwrpCIpkZr7zJZUgvtfm_A"
"Clay Indian Restaurant Wuhan (Halal)","UChWIxpXIW7ulxZsD4U2T7Vw"
"Cleames","UCN5t19KR4sJO1z4CoTsSeyQ"
"Clear F1","UCss1bRt3E-mg4I_f6WrY5mg"
"Clear Vote","UC5l82-WSma2g0U8Sza1n1XQ"
"ClearTalk!","UCx6QlS6cbWgcbYsxwO1ttcQ"
"Clemens Fiedler","UCkD6b2OibuBVzUNjKHkXqrw"
"Clément Cherblanc","UCuTnsQkeTx6OptJ1qPy4IBA"
"Clenette Emata","UCFX8zYfW2LBo3eEUkqXZ6sw"
"Clerk’s Notes","UCV8c9R6fkI3nTeWt7aldwYw"
"Clever fox","UC5DXItKlY1bjnXkxD0B4jug"
"CleverSnap","UCDqFFANdFEY5VEhzlEQ7h0w"
"Click On Detroit | Local 4 | WDIV","UCqMdEOPBZbGPykVOhUqWqfA"
"Cliff Beats","UCM24aNhUAPc8qDYWEv4hhAg"
"clifford sy","UCvQWNwXzNIICA5Os-v7Kxjg"
"ClimaAlert","UCEtWHdyQ8_uNab7ui5Mgy5A"
"Climate Action Forum | Stanford Alumni","UCrm0Nv4G3ydgnLMPF-y8OAg"
"Climate Advice ","UCKUX2yjHxhIt9VXRc0jfB5g"
"CLIMATE CHANGE MASS EXTINCTION","UCHn1awz3Zja5xuuLia5Wm-w"
"Climate Chronicles","UCUyj22ZzL-zpnT8sahOHHYQ"
"Climate Damage","UCzscu1bkmM7QFqT6Plpxe1w"
"Climate@MaxPerutzLabs","UCwxfXV1iY2ROr6hf3zDH5JQ"
"ClimateSAN","UC-yflETGElWItG-sfApXCYA"
"Clinic Homeopath with Dr A K Verma","UCWm4RXEtbuH3Am7PFlaxcZA"
"Clinton Yellowjacket Esports","UC99CuXyru6DpKVD3U90xbmA"
"CLIP SURGE⚡️","UC1EDZTHGBJ0AhAQU2Xp1opw"
"Clip_vortexpoly","UCPpgx8P0LkkUnFrulTFi8pQ"
"ClipForge","UC58JJkeo0uI6hZU8gIRikow"
"ClipFrenzy 💥","UCTUDJwk7rX_m702YtGdiTcA"
"ClipNation","UCwU1YVfDoDsh-45ZR5VUNCQ"
"Clippeez","UCKy-DTcsjlLO4670gKkw0Og"
"clippingthere","UCL6nL2PShvbLeyHi5nqN8pg"
"ClippyThePaperClip","UCVbOvkgq6USUQk0hW8nX8Vw"
"Clips Kingdom","UCxyysCfV8EvRjjPOEb8yLtg"
"Clips of tech","UCAVVE35vObm1p9T8nzsCjyw"
"Clips4u","UCZKu02Y-SkBr0YF8TGTwHag"
"CLIPSnSHORTS","UC91HZduPeGzgvWhEMNjvEqQ"
"ClipSound Creations","UCyj-XA67UVfXb037CV5Ca4A"
"ClipStorm Cinema 🌪️🎬","UCLX-R9ay9OdSAxOpEHL_-FA"
"Cliptok453","UCd5bY6-D5iu-2m59s23CyzQ"
"CLIPZCENTRAL","UCU58iukD8RsiZYC3Fl5FhXw"
"Clockhouse Primary School","UCnFhrD6hDyZv6qv2cI3oGBQ"
"Close History","UCBUN3lsP-kRaaYimb9kB9rg"
"Close the Chapter","UCbOAViJfzHfPhKCXaraEuQw"
"close to nature","UChanQjMokd2M0Q7M0aFo-TQ"
"Cloud Brianna ASMR","UCNQ2hndxYOm441JIw17WQcQ"
"Cloudise Gaming","UCwCG8GtHwIb9CQv3Or691nw"
"Cloudless Rainy","UCmnRjoTzcyb1V410sdxifNA"
"CLOUDSPELL","UCasI1avgtZFVYvb0prBQH3w"
"Cloudy fr","UC_uX6NZBaLotVKBOnuR_Rkg"
"Club Baby EDU","UCoOv_LQr8yHQwXSzsOp7QNQ"
"Club de la république d'Épfrige d'Auguste","UCGdcCethY6kNYRlB9ZQwKHg"
"Club Pescatori a mosca Ticino","UC6Qz-SZtb-eGLocd7dRsN7g"
"Clue Hive","UCmbuysMYdSbRCD5yBhBcVKg"
"Clues from Nowhere","UCbmRPFk2GbMAK5MiaoYKdgw"
"Clyde Harold Miles","UCujPFft6HQNgdUngPYEH-DA"
"Clyde Hoadley","UCuLi85XPC85KwEk2R4OpoSg"
"CM Philosophy & Commentary","UCluu5EQQLNPzNQQPXYraEZw"
"CM.سرکار","UCn8WIOqJjcmO8lt8I4R6D4w"
"cmattc other","UCwi6u1Y5THOJdA3uNmjxOlg"
"Cmd Neptune Media","UCmFMFjMag5JFQEwW86KbETg"
"CMG Production","UC0_NM-Xeq92vEFzuCmo44Eg"
"CM's Travel, Outdoor and Sports videos.","UCu7XXJwlFwBxHPJRiq5KTGw"
"CMV Crew","UCKl945ruQk5wKJ-yCpZcN-A"
"CNA","UC83jt4dlz1Gjl58fzQrrKZg"
"CNA Insider","UC_Lnb8ZHqqgLbp-7hltuT9w"
"CNBC International","UCo7a6riBFJ3tkeHjvkXPn1g"
"CNBC International Live","UCF8HUTbUwPKh2Q-KpGOCVGw"
"CNBC Television","UCrp_UI8XtuYfpiqluWLD7Lw"
"CNBC-TV18","UCmRbHAgG2k2vDUvb3xsEunQ"
"CNI News","UCfYOo6fdBX1sdM8O_aXUZVg"
"CNN","UCupvZG-5ko_eiXAupbDfxWw"
"CNN News 24h","UC-LdGy0zOUsF6ZF7bhZdVxw"
"CNN-News18","UCef1-8eOpJgud7szVPlZQAQ"
"CNVPlays","UC10H7P7YlvG8U4hxNKYkamQ"
"Coach Narayan ","UCE6YWXM8QIhV91w-D7HeQZg"
"Coach Primo   TV        ","UCZcuuIjlqF5ERqYjd2BTRPQ"
"Coach RJ Delatorre","UCqszsnxV2LkWt05R6korwng"
"Coast Files Podcast","UCJDOEvXJX-Jl0ApfTFnvCsA"
"Coastal ABC","UC6mErCql8lNdlcMDil1kENg"
"Coastal Killers","UCyIjvnZ0fi5IgKO3e5F9OHQ"
"Coastal Spirit","UCGdz0BZo2WEwTKxr2dK8c6w"
"Coaster Studios","UCCnG72NjB4Kr0NDAiz-ksaQ"
"Coastfly","UC6iXATO40-BTOKrySL6jMoA"
"Coby P","UCC8DEG_5RUMcUdKcRln_eWQ"
"Coco Candid ","UCdvmcLDDul6roIJWihK4b6A"
"coco playz 1k","UCzPnZ-Bm5_Yl3mnVNv6Y8iw"
"CoconutScienceLab","UCce4aPm1aACILej1cDXFIQw"
"code vs design","UCOqy88kWDLDS-Yl0vaSfjvA"
"CodeXR1","UCArprI8OgoxqXCEAFb7dhIg"
"Cody Anderson","UCJ3oQGdeGTGdjMnrN4k21Qw"
"Cody Cayman","UCzzdz32le4wvWgKnQI4jqcg"
"Cody McInnis","UC40fddbGrbnH1tjxgegVLog"
"Cody Parker","UCBNU8DaOKjMk0GlbISoneKQ"
"Coffee Table Science","UCLoFfHNeBiFZtk1qSX5LjSQ"
"Coffee with Ken","UCuqx1LDY9qB5FqEvJM9EBeg"
"Coggnize","UCYmeh6MS6sVnwN94MD0MHSw"
"Cogniblitz","UCqDMk6L3o32lyGbuMoM8FQQ"
"Cognitive Pleasure","UCc5uE5H1oTh0bVmrU88_Wtg"
"Cognoscenti Club ","UCSgFwPkDUIsRYtAcS6vap6w"
"CÕI ÂM AUDIO","UCNBssPqS50b-b3OsQ6bscew"
"cokeshawty","UCkX-4XKZs2sOXuIPBGVAO4g"
"Cold Breath ","UCDDQo4Pe2qnFgy9MK6cu7MA"
"Cold Case History","UCCyLyLuKANHmbIVjHhIUCjA"
"cold case story","UC4niW79tjUiKjFMi0klA0Rg"
"Cold degree","UCr2hg9MUu6tJdwveJVZkKCg"
"Cold Room","UCq2rf2x_7-7p0KTsSyjq6Tw"
"Cold War Close Calls","UCGMZCwMAYvgMeP6YjoW3yUQ"
"ColdTake","UCXstl3HYl6ek1x7OFQBfZAQ"
"Cole","UC5ouyP8Fpkhwyv1FAJcxNww"
"Colecity121","UCisHSByMf8_msLlp_op0bkQ"
"Coleman Hughes","UCUk0AvSMU5CJ0wUqJf9TX8g"
"coleopterologist","UCt3EZ_cDhgjJEdIkOtkec1Q"
"Cole-Pilot","UCmotmrp9rWFJt3x5jbfDQtw"
"Colin Harper","UCUePyt3ZztH4Shja8XiQ-Hg"
"Collection of BestFoodreceipes","UClIIiNuGOAg1xQA69WFPEYw"
"Colleen Bradley","UCmfw5Nw_N5-en_4TXyIifag"
"Collision TV","UCl6EOiQTBAYog9xCWSBdmLA"
"Colonel Soft","UCcM26d0zik48uggw_CJAx9Q"
"Col-or","UC6QMSwxXNzz4mlpK39FG-UA"
"Color AI","UCmgZPiumsQr_ASidaRiX_RA"
"Color Aviation","UCr3gSuQ3mQfPsDBp8EwVjKg"
"Color Flags","UCMGmH-pgZNgBqLYSWUIZu7A"
"colorado","UCRlneGyPdckfdERwJhtPZbA"
"Colorado Runner","UCsWyow1wWSkGTZw_0ru_9cQ"
"Colorado Springs Track Club Elite Team","UCMp380hdcDDa8-fCJ7EpGUg"
"ColoradoBall","UCAKt-PrWFcA1LMwg4WaOUbQ"
"Coloroblox (🇵🇭)","UCoagi6J7iH17HsC-OAnNWMw"
"Colors_of_Planet","UCcpxjfv98wNoIQuDmFv6IZA"
"Colossal Machines","UCQWQh2b9D3QH_csakjzX1ZQ"
"COLOURFUL DESTINATIONS","UCNcOJHqrAcm3ROL0i1lUf1Q"
"Colt Nix","UCSQ8qt6o8QL36zsihcQ4JrQ"
"Combat Military News","UC8SIE7qh61M97CGL0Tb35Wg"
"Combat Politics","UC6_diH6gpYROSjryrH_Dllg"
"Côme Cahen","UCNAnm89_mAct6Bw7Ed8R9vQ"
"Come Fly Away - Flight Experiences and Spotting","UCgn3ivTSiR_coQZvF76iBcA"
"Comedian Mike Baldwin","UCMbdbq8KBHJCyKl9JKrz7Nw"
"Comedy , Entertainment & Nature...😂👀","UC-cDmohEaTByx_f3gK6sNDA"
"Comedy asc","UC4SsgHcgOjyIU9rs52G03DQ"
"Comedy Central UK","UCsv4YOF2RBYh0NQ1vuHQ-hg"
"Comedy For No Reason","UC2r4yo33sgDzIMmJS23ch3Q"
"Comedy Insight","UCcsnKx-N9Kh6btOmgwKMrhQ"
"ComedyCentre","UCvncN4vvxjuQZUtZvIQLw-Q"
"ComedyFeed","UC1unbOwKqzu6OIFDJvOJySw"
"Cometleaf Destiny","UCyGZFlsNKBjpDDga-uaI6VQ"
"ComicComedyClub","UC-kx3alcyZAcD9j1EKqMBAg"
"Commander Brito-Ruskie-Ski","UCjDFuS0cDPvoaPobSlR6UYQ"
"Comment","UCAxbH2N8u92xtzSepVDVyVg"
"Comment with Lucia","UCtIar3EK3p8ynFhiKsnnNUQ"
"Commentarii","UC82KgNCbha1lRoc26-0112A"
"Commissar_Roach","UCT9nCY8zyTes8TzPEcv4nRg"
"Common Man Show","UC2OBxx-y_gQJMu5XuaWGpCA"
"Common Sense","UCSYd7UqhZHUXcqR2x6GTUyA"
"Common Sense For America","UC-ZRqSHYLnlXQVfEeeozGrA"
"Common Sense Media","UCYJTfZSjqUraGJu_GwCwHpw"
"Common Space Enjoyer","UClk7B0j8FHoY_qk9GwkL0hA"
"COMMON THEORY OF PRB","UCEww1WNIfS7VZZvFWHVoAlg"
"Common Things - Surprising History","UCCUf0QzGTP1WBBIwjoNksug"
"Commonuseless","UCkDrWgITu8613-SMSYcoCeA"
"Commonwealth Union","UC0E4Oo3X2KyJud4KFP_FrZw"
"Compare Countries, on this channel, we compare ","UCrzwdq3X51Ob7_Agd_6JNOQ"
"Compare Things","UCKlJGLfX6s2GDpNYalJm63g"
"ComparedEdits","UCSf3R23cpi-8b51RLc91j3w"
"Competition made easy for all examination","UCzyNk2weykT6HS3o4lI3C5A"
"Compitive Maths","UC1bbHcDwuBlNg9tHz2t4x7Q"
"Complex Mode","UCDYVsGYglLqFudRrVurxF0g"
"ComRade AFghan","UChIkkB13BIvfr3CFKadRZzA"
"Con los ojos de Ana C.B","UC6yy_phWi1BzlrOBVVb6yOw"
"CoNaBlue","UCMUEBpPJNZ8JdYSsyEG8qvQ"
"Conflict Map","UCTzRXwZefnWN8EtWTr78sAA"
"Conflict Pulse","UCo5Y3Y48zlvOGpN1HVVVPWg"
"Conflicted Truth","UCWQ9oMRbf2T8FEgKZUGaJFQ"
"ConflictX","UCIXH9sqWOh0lROoIYJ6IcBw"
"Confuse Musafir ","UCjmdMnae-HqSiAisnyb-ztg"
"CONGO BEA$t - Topic","UC4W9Bh5GUAbrpHMNvkTJkiA"
"Congress Clips","UCJQFbOJfbN6ZjJ3R5AvxNyg"
"Congressman Don Beyer","UCPJGVbOVcAVGiBwq8qr_T9w"
"CONNECTED on TaiwanPlus","UC1oUAE7Bj5o6zEGm0Hq4BdA"
"ConnectwithNature","UCxzDf3LNvg3IAYuX8CgLvIw"
"ConnerOnGames","UC2xrfLwX5oEDvHn5l8vkuzg"
"Connie Deng","UCnwmd1tTU7ir22OJtS2aGJg"
"Connor","UCvWSCoM28h9traV4jih3BJQ"
"Connor Davey","UCpHY-Fj2HCliLaTs6rLgrGA"
"Conservos","UCAOkRWMfS3_ML_yfWf2hM7A"
"consoellogclips2","UCNHAATCWp7BgJbtB4iVzYcQ"
"consolelogclips1","UCzY8MLiYxorD9mIDkUnqAnA"
"Conspiracy Domain","UCVevUr8mdaJZC3k6FWtLolw"
"Conspiragamer ","UCb5jztVPntKLzg-SV-QSKrA"
"Constant Rhythm","UCU-A5zuu0ntlfW6xRVrQ82g"
"Constantine","UCmPWPJt03b5Wlma_F85qiCQ"
"Constructed World","UC1870xmTiiL89df8pkaJLjQ"
"Construction World Connected","UCigbHCjo1mm7tQuYXM_9CGg"
"Content F team ","UCNVRoIwYym7XnLQNuSQdiAA"
"Content Hub","UC_v2t51EkTTh9N8pve0n9vw"
"Contessa Yachts","UCFo-KF0FFosQC_HWoFLiMlw"
"Context Corner ","UCMj-CLy9WJtjTye3zDWNhvQ"
"Continental","UCwAEXlA0JkGBOlhdZghQC4w"
"Continental International","UCIcnlPQq5N6C23PdBathVjw"
"Continental Tires APAC","UCwSeV3mdpNRiPZSX3xSqkMA"
"Continental Tyres South Africa","UCJToYaYbo3noBuY3Yh1vNEg"
"Contrarian Financial Historian","UCJ-iBjPTpdNty9mekdnZLeg"
"Contru","UC-gWK5vKmgw04rPtxIH2gZg"
"Contryballs Random War","UCcwbFhS2x-heotPDl0YwIHw"
"ContryKnight","UCVR5YKp2pm_QlzUIBbEhDoA"
"Conversations with Strangers ","UCKPjY6Z4apoNFASjtY9ijAQ"
"Conway Lens","UCwpVQ1HVHlWQR1mF4otrPFw"
"cookietorup","UCfEuMSHM2cSMYVFH1IYsy1A"
"CooksMcGooks","UCOYQ8MUfBHtHJasbheSZTjQ"
"Cookson Adventures","UCq8m8ExKRAKU0g_2YmptOMg"
"Cool 2nd","UCdOjSccTIZ__YDeuaCn3jJg"
"Cool And Stuff Empire HD 2019 (Cool And Anthem Empire HD)","UC5LnxADcveVrDgtVdr_ob2Q"
"Cool Animals","UCFm7AlzCuEzTj_DKEMFXDpA"
"Cool Cat World - Learning Videos","UCjsHLSxHbYYXNVLCwMKTJMQ"
"Cool Factopia","UCjUrwpVdNT07sYefX9-oWmA"
"Cool Financial Historian","UCh1_ZAIUHs5ZyueCsa4Jb4A"
"Cool Things","UCyTgprvQ4_KrlMzJSDkmY3Q"
"Cool World","UCopc0vtiAEx60nIs0Ok-rzg"
"Cooleysgaming","UC1beSUlzmOVGHXI7LsuiW_A"
"CoolKidJain","UCqAb14imSiybNFSSam0kbOA"
"CoolkidRoblox","UCWgqFDGq5aEGxLWQcf0YUqw"
"COOLTOWN","UCtuf6XlbK1JA5PNX_DtGF5A"
"CoolWorldVideo北美晨星視界","UCYKmCiOyDyp3zi4_k1O0RYA"
"Cooper's Amputee Lifestyle","UCkdeg4OcMGMwITUK8r8c_Pg"
"COPA90","UCEPKlFeUjRY_1mpZP8GnkVg"
"copperthecomb_7","UCC3sxeF0NuucfEnJ6w8Eaxg"
"Coral Holidays","UCF4aCFRoaeowHvsk8s0PnBQ"
"CORE INTEL","UCC5et8M1DmlZ2VX1rFbVfug"
"Core of Values","UCbJFp6t4rqTF0HTQufwfJpQ"
"Core Page","UCIwqzeZE48r10K7lna2FbCQ"
"Corgi Circus","UC7T_ADDVot2IFcfcM5W_sCA"
"Corinthian on lose","UCH0rYXONLcTzjYvvAZpfSaQ"
"Corn_on_Jacob","UCgvanTuvD9Sda7QZa7D9l-Q"
"CORNELIA CRIŚAN","UCB_mT-9AzcacrW4IrpfZryA"
"Cornelius Koo","UCaW7VBYNjZoCDY9PeWWAmrA"
"CornGTs 1st sub","UCzq7oTh_86luUhyWrS1UfZw"
"Cornwall country ball","UCVRjocuShJfkWioE5lp03jA"
"Corona Connections Worldwide","UCKTjD_r3gLbLpuuAHiCcqvg"
"Coronavirus News","UCMHQrw4CktQDe2KFng7uW2A"
"CorpMedia ApS - Clever Business Communication","UCMUdV6dqb9ohkHV0Ty0I5Wg"
"Corporate Decoder","UCdCCOEPOJpzLMu_pT0--r5w"
"Corre DosMoleque","UC15Iz9atm3iu5QK1mhlAuUA"
"Corrupted Nation","UC3Yw34UixlR0iAn_lVQtuFw"
"cortoon_facts7","UCpPq_RmYGNhMrjjrK0dVrWw"
"COSIPS: Computer Simulations in Planetary Science ","UCyKwJxHtsBH1l1o6XXzUQDg"
"COSMIC EYE","UC1jxwOQfuh1Fc9jGztHjunw"
"Cosmic Genius","UCK8ePHim4RDiY_Thic8gOUw"
"Cosmic Nexus","UCIj_HDlJEVx5xY444SBMlHg"
"Cosmic Technology","UC-Ddntmd4gmqYA9VjUe1LTw"
"Cosmic What If","UCKTX9jqOsJ1WXUMeecCCHBg"
"Cosmic World","UCZEgoGDI2jcj-5ixEOeT5kQ"
"cosmicgalaxyYT","UCD1KagyogrhRKxu7k9S75uw"
"Cosmo_knowledge","UCixBir-2q2Us3pEWWaAATQQ"
"Cosmophilia","UC1pEf1I7E-gomrWPCmtALQA"
"Cosmos Unlocked","UCOHXVvaVbrVsOg_TMFPSf9Q"
"Coto Rider 2.0","UC7UZudJmVtt57sdu3pRqBLw"
"Council on Foreign Relations","UCL_A4jkwvKuMyToAPy3FQKQ"
"counter balls go","UC_yGZV6AkhVWOO3gSQ4IgLA"
"CounterTimes","UCDhB1v-iTzkeM4tAfuEbamQ"
"COUNTING ","UC7lBGpkcY5obq4KGKW4sv0A"
"Counting Countries","UCXkB1B_hWzVFCxpMHEpfePg"
"Countries Explained","UCmRycEYJBzSXk-YCC-C31Gg"
"Countries Explainer","UC-dmsWeCUccnY3yHz3RYEgQ"
"Countries map size comparison and more","UCystv32hLh-sEWD6GyYDWgg"
"countries real size","UCCZEalhZb8OxPbSgvLhd6zA"
"country 20","UCOl58Lh_sySa3SUn6PfHUkQ"
"Country Attack009","UCTQiwewdvEYzoHsvJU_dUgA"
"Country ball","UCT22aNyQEG5ED4kn0xmniCQ"
"Country ball INDIA","UCQ1MbFngL6vqp_OwqjKHdEg"
"Country ball of the India 🇮🇳      (Kartik)","UCddSiAC6THjvmkRP8hsHF1Q"
"Country colors","UCCxZlkheOwffz2md2LhYusw"
"Country Comics","UCV7yvTgQNir9Ky_Y_YQMQhw"
"country comp","UCudXF9HNHNx-vC5yaMhWbEg"
"Country Compass","UCQS4BvsAtvPNU_ThV0TN9ZA"
"Country Curious","UCPsNfmBuv87n5tAglGjcLVA"
"Country Decoded","UCizBJkbg0g-qm7xReXTn_dA"
"country dude","UCml2KdXLu0I67MndFBPbHMg"
"Country Facts","UCQxqpPDz_rwilGnVfWEKf8g"
"Country Facts!","UCzPFlaoasdm_C5XCUtBeiyg"
"Country Geography!","UCHkbshdUTd3vJV0lbOQ3WQg"
"Country knowledge","UCnDeeehoEA2pXf6bJ_CglWQ"
"country man","UCA-0fL1yiWM7JqOj-u-YJAQ"
"country media TV","UCrJmYv1wrQdv_pAF4Hrs0GA"
"Country Reveal","UC1XUxg-mZ9XAo1plXOelI_g"
"country size","UCZQxdyifF67Tb4AnyU_SBFQ"
"country size comparison","UC0xt-NzWD_nC881eY-EGvwg"
"Country Size Comparison","UC8nR5YJToU1As5zTmX1ro2w"
"Country studio@09","UCqTG4FmnstvvmqEoPUEOMGQ"
"country true size","UCUtecr9yJhosg_JVhpA99hA"
"country video 09","UC7DWDgFqc5fUxnf0qXvKoJA"
"CountryAviationGamingPrime","UCQbm-JJlVaCNmiHgf-lpleA"
"Countryball Français","UC3nwQXVGFZzFdA3GHoIXC6A"
"Countryball Studio","UCIAqFzOvTaKjrnjk93M64KQ"
"CountryballEDITZZ","UC324kN2euL0j-vJNXOFEaPA"
"countryballroll","UC_zs7P5BT0i50DEa3aB_LqA"
"CountryBalls - Japan","UC83uRH-D4mEWsrDJZBJbang"
"CountryBalls Animation Studios","UC9c3OlVUS26usUUtNTGyOCQ"
"CountryBalls Animations","UC2WGE-4gDi_rd-6MbhOqqmQ"
"countryballs tuvaluan ","UCxLMJz3YgmYnt1Ev42Brb2Q"
"Countryballs52","UCNzv5QsqAVQAljzYWdbUICw"
"Countryballxyz","UCQ6UZTY2VCFIA8qajlwpkQw"
"CountryBattleTV","UCYnceieBkBieNzLULoQJh2A"
"CountryBit Edits","UCxfFSBUfZ6KJ_5WJY9bSOKQ"
"Countryhumans Belgium Chanel","UCy-ZG0ze0KlF1VTjt1zFB5Q"
"Countrylashka","UCnahQ_SWRA0LJ_pB-BIyajw"
"Countrys Factroom","UCC1rm6-NUooRNzz6DCkHNdA"
"CountryVN","UCRNS9eu4bMvY1E2O1Tai39w"
"CountryZ","UCVjWIUtdNizm-0eFyzhAj0g"
"Couple Reels","UCTN2IdgbIMNFzEc9A4Ig2QA"
"Course King Net","UC0HuX_gG23etALdJi3YApTw"
"Courseasy Geology","UCnOTioFOEVp5lO3VS3KTqsA"
"Courtney Coulston","UCMTKFhP7UvINjDpBwHNf9LQ"
"Cousin Curtis","UC_y6hWdQ7u-GRkkXs878b2A"
"Covert Failures","UC6Dach4SczuyZeludZr2L9A"
"cow man","UC5wJqXzWpT5qQORLtXunDwQ"
"Coyote Video Works","UCdiWkeyE97rMz9YCB3PxC9A"
"Cozii ☁️","UCmhvipvQZLAm7IWjTUVlaZQ"
"Cozy Campfire","UC25GhQfx6RJ2ztN3nRris1w"
"Cozy Shelter Ambiance","UCVtyB-Avtkn34aAyB6SnIBg"
"CP24","UCs3o4RhBiP2wcwqkZR2QVLw"
"cpac","UCFZSV_So_OaXgXVzgu58tJQ"
"CPI VERTEX ANTENNENTECHNIK GmbH","UCeUP21Dyr1GnC_brruk40vw"
"CPS Samastipur","UCN1mK-_wHOn_TQGsMP5h8Lw"
"Cpt Sunny","UC3ibr7fQiYwzCfX84IRjncA"
"CR Exam Point","UCpEEah2e9ukSFKYt2093UrA"
"CR Quiz Hub 🇺🇸","UCgEyaHGaaWJJm_YTWzXB2Xw"
"CR Safari","UCkm33_IUk8DCGHNue6BXFrQ"
"CR Studio","UC2jIC04gTF2RuzkcNrXMG6w"
"CR7Editz ™","UCpJVtHRksdCht_8jrgnREJA"
"CR7IsTheGoat","UCbfQ8REtlukWrGUTkmj7cGg"
"CRABY666","UChfu4_nO758VBmOEO5RwAWw"
"CRACK IAS","UCTpJ9Fzjuk6fE8OAqu5I_4g"
"Cracked History Facts","UC_VonhZLrbSivqG74o7Dofg"
"Craft and Imagination","UCxdeLbXXoBYtP6dLXnX0GGA"
"Craft with Magical Art","UCbFp2Xx4jZwbrsD5Mzt19dg"
"Crafts & Edu Zone","UCoZlq_ayPEkcxemAgJLaIvg"
"Craftworld1438 ","UCh6KqBoDEZjoUJMT3Kk6UuA"
"CRAFTY","UClKhFXiOsVjFqqmJvd4002A"
"Crafty Riya","UCRooq35xVIXPoXwPkB-qqnQ"
"Craig Morgan","UCv5pktc1WFgv0BBW5b6s4Xw"
"Craig's Geo Quest","UCyRiPRSr9TU2vDwuwf3nrHQ"
"crashsitetube","UCz-cL6h644H3DL-Nm_r1jGA"
"craving heart","UCb_g-jc8uy6AvatBKR33a3g"
"Crazy boy","UCDSIO1hZiNqiW6SHVkJ5-wA"
"crazy boy mafaz","UCVGD9B_JcDjPvhLbN7Ahh6Q"
"Crazy Comedy Hub 😜","UCvs6tnfOkSb7Sow3KXHkYJg"
"Crazy Football Fun","UCWrx9Pfi3xWrX2wlCQpS_9Q"
"CraZy For sastification","UChwvginqJ_kyvBmWTOexEXA"
"CRAZY GAMER","UCWK1iBN7YuoyW81Hy1mHtlg"
"Crazy Legoman","UCfUaxafDFMZ_eGC4E764cRQ"
"Crazy life Varun ","UCAdgY9y25Uz9gOkdRX6lc7Q"
"Crazy News On Time ","UCaUbqDXM8DZQ44Lc1TcIPNw"
"Crazy Shorts","UCo2L1X1Bfluwe_mwaXlegXA"
"Crazy Short's","UCyl7AQMlaz5Xz99uoGKe7CA"
"Crazy Shree","UCvj4lwerW-nhCMYTeR6cwvw"
"Crazy things ","UCk3G5XWs7hnVS1fnOd1xVnQ"
"Crazy_Build","UChEyye9FAv7Z-bFrVuBEvvg"
"CrazyFactsHub","UCU7mJqBbO0Sevt8CvZ4xkqQ"
"crazzy shorts","UC7pBtob1JJ8-VVuUEyzLhKg"
"Crazzy Vlogger","UC3w8cVKRqgJrA-vyzQ1PDlg"
"CRCS OUTDOORS","UCvgalGhu8nWeU2AbVcQsAvw"
"Cream Blueberry melon soda ch","UCDjOT4qowj-A9_3DpQdz_NQ"
"creatiFun","UCg0lcks4mdrIdUuvMxLfslw"
"Creating Wealth","UC2zN8G-hQBVc2l0Sgo78IpQ"
"Creatingforpeople","UCkFV5RQVZaS2LS4U5-_B_mQ"
"Creation Zero 0️⃣","UCTYujmAea59JrA6uUW6UcxQ"
"creative arshit","UCDk7JV2H--3U6ZVzRZww5IQ"
"Creative Art Gallery","UCaGczKduguO4P3Mwji1DoEg"
"Creative Conservationism","UCKy7cPFDcYHLsKG56Ee2_4w"
"Creative Corner Spot","UC_TXMfM41RHdyit5V-U8VNA"
"Creative Earth ","UCKyyisn24MXFzO-IzaWpEUw"
"Creative Minds Legacy","UCodfqgD1YWoXVByegqWdouw"
"Creative Vishu","UCyEnJ4PsOwbL_TetWnnr1Aw"
"Creative Vision","UCEIn4pDYhsntKl4Fs0s-F0g"
"CreativeandKidsRhymes","UCNa5MctQUKZ94-14UYy09gg"
"Creativegirlie","UCSQ52QK6zKazOtODKQAbxNQ"
"creativity By Aifa","UC_np9QTQ-SgS4CSlcILFW9w"
"Creativity ki Duniya 2.0","UCIOUTmNZTTNmFlSyJXfYL-w"
"CrEaTiViTy Of NaTuRe","UCDcK3RSm8jpRemEDkFWEjRQ"
"Creator shorts","UCftMAunsIwUC45jKZRfAGwg"
"creator03","UCUx_R_wB--PTgjx7NJNu6Hw"
"CreatorEYE","UCnUIstYgiWVmrgvvzOE7llw"
"CreatorLab","UCsZxKRBL3m70hoeMMavIkLQ"
"Creature Explorer","UC714vRyNSyrjxUD_x7yWctg"
"creek951","UCLLAC9BSPYSp7L4Pt6RtkDw"
"Creepers","UC2f1f7xc5VDtlwiGU9ni-JA"
"Creepy Facts","UCxY_8UA1CJSzSxYwpcQoFvg"
"Creepy Lettuce","UC24XTxXrUOFr4HzoDGIgHQQ"
"Creepy Tales","UCmS2U-yFKQNxCbTk6hG9sAw"
"Creepy Tales","UCZRNSGyOGo-rWZuYOTs_rNw"
"CREW LIFE","UCpCvKUGXCE5AbmZ2LQfZUHA"
"Crezy color","UC7pK_0y9b0PFKJ-z8_gXMfw"
"CRICKET  WITH  JEEv","UCLz041QGmPS_Do0Lki_58_g"
"Cricket@1845","UCM7vvhpbBxd8xrxoc3XuQYA"
"Cricketeditx3.0","UC7iVlvFSnfA1Pk6279U3YKA"
"Crictimes","UC_SZdS8CBY7ssF2Z3B7E_vw"
"Crime Documentary Tv","UC7lHkwrfS3NAP9Y_VrNz2fA"
"crimenightly ","UC6lSeXu5tdRxE2JAnE2rjwQ"
"Cris Hansen","UC-Hjn5mjjorTOpE1rPPQTsw"
"Crisis Radar","UC3nXyl9GjmikfiEtNk0FOjQ"
"Crissy & Frido ","UC3PpdUFj9tFiyO0pLFBqFvA"
"Cristian Presură – Physics Through Stories","UCUsR7k3Zlvt_KVhnEYm7xGg"
"Cristian Ungureanu","UC8YdyvMvAdEMpBVdRo-wAXQ"
"Cristiano Ronaldo ","UCxC1xwNjIoaoVFY46xzY_bQ"
"Critical Thinking","UC5kj1OshxFOpuVJEx5ifEbA"
"CRITICAL247","UCKdK8Kii0OCG-Fjxy3T7yCQ"
"CRL-AI","UCte2ER-wa5Z2a81U4studYw"
"Croatian_Maps","UCVR8kLWXgU8nG5C2n1rlKkw"
"CroissantAV","UCvdxEIdyl_IF9ybEOdQd4sQ"
"Croitor Doru","UC2giQpHYqZwCl_8DdO_PWmQ"
"Crónicas Tranquilas","UCzivKO9ANIXDZa85KXykoOg"
"Cross World News","UCyQbPOIlTSsHisArGCRnM0g"
"CrossBorder Conflict","UCN1_3v9NnWYOEgN6pF8fWUQ"
"Crossing the Globe","UCfsDL7ouMctH1LYDz2VT4Nw"
"CrossWorld Media","UCQOYGgmlHHhbSjhEClxEoOg"
"CrowderBits","UCMAtX9eFBpwc4LtgvbqsOpQ"
"Crowdnik Entertainment ","UCiFys5b3Gnug6hYK0w431-g"
"Crown Of Blood Official","UCA4FeGS4Z044qtqifBNljXg"
"Cruela Deville","UCLhWX-3dJNI7lH7KS2r4l2g"
"Cruise & Maritime Voyages Australia","UCyDX3OQHxYRmQ7U_U64PH-w"
"Cruise and Travel With Bill Panoff ","UCOPT0wcyD-Sq8GYQjLzYV-A"
"Cruise Life 🛟⚓️","UCs33_7iuXt11yLZ3ymNtluQ"
"Cruise Professionals LLP","UCCucfqI2MrxEWwXMdPZ3oFA"
"Cruise Specialists","UChfznYaskMEM9wjlkpggPNw"
"Cruise Traveller","UCfR2Ekq1uR38SzRylvy97vQ"
"Cruise Weekly","UCkQjQzzTpb5cJ59IAkQzbfw"
"cruisegypsyuk TikTok and Instagram ","UCvsqoCaDSCeiF_qRxHW79rQ"
"CruiseHols","UC2xpLbtEchzZtweWm2rnidA"
"Cruiser_ Chhotelal","UCL1ksIzv2O7CuVTJpVFFPmg"
"CruiseReport","UCvTxRIyo8WJUxsq1Jyhjz1g"
"cruisewithbruce","UCXi5_wwL587VrDxmHm-F0Pg"
"Cruisin With Mark","UC17VktwtNXigFzMGYPr0Uwg"
"Cruising Company Etc.","UC02qe1eGwUk_-MCLoLO29AA"
"Cruising Crew","UC9VEhRcpq1VCVc71z32PZog"
"Cruising with Matthew","UC3MbvZgOLo3qikjjj2tDLuA"
"Cruizy","UC_tICT5z-0GRZnfn9Llg81Q"
"CrustyBalls:The Sequel","UCm9Fu1qIcVV5BYlDgdyfvhg"
"CRUX","UC3prwMn9aU2z5Y158ZdGyyA"
"Crux Investor","UCc0h6rwJD4vr_Rtdasuyn-w"
"Cruz Turton","UCZW4Xy3V_32Js_q3JAHKhIg"
"Cryosphere Pavilion","UCr_TPYUAyh13kVbQjzVKh0g"
"Crypt Market Items ","UCXl6wEmk-Dr6ycvQPyK_jfw"
"Cryptic Messenger","UCr1B9xfxgkm3JQ8O37jU0Fg"
"Crypto Airdrop","UCXnoaMg9qhThf3XzWMXNXDQ"
"Crypto Ascensions US","UC-F2_5VBcaI_kPEeqGS3Tbw"
"Crypto Craze","UCD2KUn1eDIyo731pL2_LVGw"
"Crypto Learning ","UCbvDI9Oz3Gt9Q3KtMmCImJA"
"Crypto Tech","UCI-c6KNgJO-bNN97Di-QY4g"
"Crypto With Timothy","UCSkIukscGkLlePK7NvcIBWg"
"CryptoCarpenter ","UCrM3Kx3jWhe3fqBJuplcAaA"
"CrystalflowSpirit","UCZG_qtedTlYZf_ulP1Ekn5Q"
"crystals","UCwqwOMkYtCVliAxcBYpKnVQ"
"Crystxl","UCzQeIkudTPst_1ISxE162nQ"
"Crzy Ocean","UCOxmiGjJaKVhEXTj2GeJggA"
"CS.Food@24","UCHJb6-TCpQe94lBjx7r3srA"
"CSIRI","UCl83Mrl0ePI7FRE87GRDk0g"
"CSLiveDK ","UCpUK-6V6TYjBoH6SUeEqUqQ"
"C-SPAN","UCb--64Gl51jIEVE-GLDAVTg"
"CSS preparation ","UCMIL-eodplHocVEUFOZIz1w"
"CSUF - College of Humanities and Social Sciences","UCkkH1IHDXQGqMravEx9MchA"
"CSW By Ramendra ( Civil Services Window )","UCHlwOt0f4wKpeA-yXM65q2g"
"CTA 53","UCpaLpCXtK6hlMV7fGkEGz5A"
"CTGeography","UCw4PjFRotAnVxRG0sGaR0qg"
"CtlCtn","UCQ6HZ2q0uhQ_jTbzPZAi5HQ"
"CTRL + Movie","UCbkEAap0nbcYPBy0UXkWKUA"
"Ctrl+Reality","UCMnG01FexuWjJCkVuy0nB2A"
"CTV News","UCi7Zk9baY1tvdlgxIML8MXg"
"CTV Your Morning","UCyI4gi0BtlKiUl6KgtuVIUw"
"Cucu Tumunda 007","UCQh8PZuWQ1fAvcMLhXB3FwQ"
"CulinaryChloe","UCgHp4Ryb3vib3DOXP6RIU5g"
"Cultivate Calm:","UCYFYLDDJTjM6GvZrjprutMw"
"Cultura Colectiva Plus","UCTkMHz3_b0nT4NlOdmDF0zw"
"Cultural Oddities & Curiosities","UCqRhnnI6vlpbwEweoNMDHrQ"
"CulturalVibesJourney- 50k views","UCimLMz1lYODoOWpRqLZqHzQ"
"Culture Blink","UCs_rAfzWHIYfj-he-OfHspg"
"Culture Clash Podcast","UCR6-ZbTc-2XkZhy2mwSJLyA"
"Culture Quest","UCrVkuYV1yQ71HUOUYqg7Fzw"
"CultureOsphere","UCdnsu6b7YKRj2U0j4PwHphQ"
"CultureVillage","UC7Ufb8GmLIYKoJNwEFICncg"
"Cuphead","UClHpLt-cpV9Y6yAwUUMMlwA"
"CupMeren","UCjMt0E9RrwFEnB1l5jOoYDQ"
"CUPRA Official","UCfsWpI_CXDSs39uVPo5c92Q"
"Curio Chase","UCxiSHwVflA-B_Pun1c6ztQw"
"Curio Station","UCXrBLXDGBpb6uZzdOJ04zAA"
"CurioBytes","UC4Kk5siVtF3wjuFfnlL4eFQ"
"CurioCapsules","UCKf2CGFl1URRtGMFQxxQFww"
"Curios Hub","UCVljbaJ9d9QLmb6jMNLnWUQ"
"Curiosity","UCnTQlq1w8q-wpNvBTA0lAag"
"Curiosity & Discovery 2023","UCxZZhVG82mY0EXtqWUP5iaw"
"Curiosity Capsule","UCykuCZFR_J-_j5SC8OPDiqg"
"Curiosity Central","UCDIx-60Z8xcc12JQTbhvUHA"
"Curiosity Champs","UC_oyVYk6p2kdUkT7UMdCvXQ"
"Curiosity Chronicles","UCLqvL8h0dHeFuPjM3aDCcBw"
"Curiosity Core","UCyO5e-Ifym-QwMuIncFt_Mg"
"Curiosity Lab 8k","UCVaWb6wmKOqS50sAHCElmQA"
"Curiosity Quotient","UC20YFaqGcWrHR8zt37MN2JQ"
"Curiosity Stream","UCd7zlpSjvUuUwsQdqV3LF3w"
"Curiosity Stream","UCS2-ooh5VjExi5LlnxYmAew"
"CURIOSITY TRAVEL","UCeTD23KzDgnkwqMCJOwhc0Q"
"Curiosity with Abdullah","UCILj28AbdzE_AZirwksQenQ"
"Curiosity X","UC3s8bSBs5rup793Us4bqa4A"
"Curiosity360","UC5RIND5H2_1-ZampGaygS4w"
"curiosityCBB","UCjBL4M9YoskYCBdEDZL0jMQ"
"CurioSphere","UCUiFvx_dSq894sa0hY0Hcag"
"Curious Capsule","UCg5MTXxCoHSuI0u3GCmuF_w"
"Curious City","UCGa3JzOXijW2FSXzsYl3-zQ"
"Curious Cubs","UCzexQR-YGMIuxPJquYV5Jsw"
"CURIOUS D FIlM","UCw4xKOBWOKLNeOpOG7ol3kw"
"Curious Discoveries","UCItnFZIS4_yIKJQg0Qx39og"
"Curious History of Everyday Life","UCPixFNsVI6MhgL1vUBVMXMw"
"Curious Minds","UCdMMpaH4gb_27jbbYUUA21w"
"Curious Minds","UC6THC94MmpIxXeYPUKFQ52Q"
"Curious Minds Hub 92","UC7QTwb173f9XrGOI4z-PZ2w"
"Curious Panda","UC6uJk8khJHpSAn-3I_gngQw"
"Curious Traveler(JJ) ","UCimCPOHKREPiJCfaZqhq3fg"
"Curious Wiz","UCEw2JjC2vn3Z5QhxIWapLpQ"
"Curious World Chronicles","UCF8wt-C_zac3V2M0AXu5bGA"
"curious.world_","UCSppRavTXNEPdGThmiKYHkw"
"Curious_Jo","UCiGVeqXDbtz_Hz3kVcOKwgA"
"CuriousByte ","UCs5VDVuQxBmj7MKWKxZ2MTg"
"CuriousQuest","UCL1_aiQYpYmppuSrkCZIxXQ"
"Curioussguys","UCnTBPxB2c7Mx1kbNW57RTDw"
"CuriousT59","UCj3xxP-1J0089F8XfoiZhhg"
"Curiozy","UCaAlBCy0zrSAxog67XKtKPw"
"CuriZone","UCscXfrypBbgOxk0thbZ-MSQ"
"Curly Tales ME","UComVUV6GY59DYaOQq3nSYog"
"Current Affair","UCc50l5OyNYTmJXpwT6Wxaog"
"Current Affairs","UClxHDiCJ-tnwP216bdVvlPw"
"Current Affairs","UCmUvAvT891cS0CYmSaRhMmA"
"Current Affairs Today ","UC0rWimza6wiYRIeDK-17rgA"
"Current Events ","UCndmOD_KjoqIM1IDPymSx7w"
"Current History Ai Shorts","UCjUzwAvSflJehOUdXTUdUhw"
"Current Shiksha","UCgyJxiwe_C1stmipnh5RmGg"
"Curseofpele","UCdT_opP26ioFEHpkgdqx9Yg"
"Cusmax Media","UCVU3uiXfhOH3yWV-TLyiw5A"
"CussingCats","UCfAz9MmsC7YDWnXvM2wNvgg"
"Cut Rai","UCTCvXq2OjbQNIRq0mttxyEA"
"Cut The Fluff_Calvin","UClsxr3SiXao4PeBdZIbGV1w"
"Cute AIs","UCeIUYoK6pQbol0xvOJ_ToUA"
"Cute Animals","UCRkwCgJ76I_ILXrqBXrmG7w"
"Cute Jessy Vlogs","UCnMO1ca50mrr5UIMwS-CRzQ"
"Cute life  ☺️🥰","UCNPaCYoGNEm--vNIUISjvjA"
"CuteAnimal_JC","UCnKiwVQrLa7OKGF86u5swkg"
"cutesavage1340","UCnSkinZUS_ZGg0RummRmBCg"
"Cutting Through The Noise","UCPXheJNrzIMaHh4vXVLcU6Q"
"CVRD News","UCVC76fWloXGO85HJCgcNYFA"
"CW Ham Radio","UC1TpCWDg4vtVkGqbNZH7jWQ"
"CY LEE","UCW7R0UoN8PJZDxdVB4IZEtw"
"Cyber","UC33EleTgFScX7pggofZG3zg"
"CyberFrontierNetwork","UCxUweFIjVqBr3yJkq17L0BQ"
"Cycling Rudiplandang","UC7a4euTuaV3SJvh198Kv3zw"
"Cykeldrengene","UCWaSCIxLFe8AGTs50s--SDw"
"Cyn Wynd","UCLo-4Bh-vZ_itUuerH_tDDw"
"CYNEFIN","UCEe5hwOwzm-FSw1GIeamIQA"
"Cynthia Pitsiulak","UCA0s3MvhWLpyrGbSS4WfjGg"
"Cyrus","UCH7rgvH7gL2z0ysezelab0A"
"Cyrus Janssen","UCxEQsjgRRfGWiJJu_PDygxw"
"Cythera Guides","UCvufk37kSfCoXbOcXeeNUIA"
"Czacha Dymi","UCbv3nYUXerHTqZJEblQBw8g"
"CzechBall🇨🇿 CB","UCkx2MXcZCsqQrMq0FurQiQw"
"czechcountryball mapping🇨🇿","UCgOKpb1e1kzTu1C9oBBz1Mw"
"Czechian mapping","UCcKNKz8ftGfPV1qv6Zk_Oiw"
"Czechospain Ball","UCXnQAejOR_m0fzoir02ne7A"
"D D O Knowledge","UCKvj-hqmP5aQ1U1PuO9xyVg"
"D kumar","UCgvWptyxU3ioDhaInsZnANw"
"D Kundu","UC309HT4Fm5uu3g8J-HgDFOg"
"D valvi GK","UC72mDrtkBjEv57AjWNjCrgA"
"D.D News","UCc8lI3GWqn0ZDIcIla-7Swg"
"D.I.E 404","UC5SSOPVcjSLPeyyay4MaSRw"
"d.l facts","UCip6RcSUrW_WMkiSaYdQhbQ"
"D_Gamer_YT - Offical Channel","UCRfHYIyTa5WQfV-tbff1spQ"
"D’s Universe","UC-wrhl3yKGNMbuYkF9SO-Cg"
"D0chii X3","UCdaCDX8rKUsrYmE1EJ0mMYQ"
"D1 Global Facts","UCR0MlQLfID9ZxRpp01Rkyqw"
"D8_Mapping","UC6G-MBMVjYZuqjPJdTKyPYw"
"Da baby","UCuy2uPCSwmOkH_65MxmqJpw"
"Da Vosk Docta","UCexiSQ6UiFRwRK10lYzZSpw"
"da.nielbrett","UCGQ9k0SX3KZ33Z08jXxGUig"
"Dada Yadav Vlogs ","UCxYviUJk148cL55PhBmPH-w"
"Daddy Colling 69 ","UCQd6fBBqXPPN-Zaykeai_vA"
"Daddy n Liyanah","UC-H6ygqaHuGqVAtPI1Sx0qA"
"Daf Williams ","UCGiVPemTagPJimy9rezvFdw"
"DahFunnyLettuce!?Boom!","UC0DUrlOQ91Xa14DclVtyIvQ"
"Daily Affairs","UCFwAilU2wJm1pyCDyiGBDQg"
"Daily AI","UCfj2MT74cSQlNUBYCp0oAmw"
"Daily Blast LIVE","UCypeFpwuQcq-G-UpEFkmJzg"
"Daily Brain Boost","UCt_bDGUDdQkzxiyh-d7xbHg"
"Daily Bullets","UCpGEamdtwQz4Pyq0uiSFaUA"
"Daily Byte","UCpJpOvo1RzplkfvCWAcaKLw"
"Daily Country","UCtLvbV1B3Q79g6m6RlK4DsQ"
"Daily Curiosity","UC3Iwx2lFjbci8LeIhJp-JlQ"
"Daily Did You Know ","UC3iNwabWWlVBGQ2X0kLi9Nw"
"Daily Dose","UCkwfvLcSacKMxRG-sF6a0tA"
"Daily Dose Discoveries","UCK8e_pmHr-gS16hnhVS8xbw"
"daily dose of funny","UCJabb0fjfz_HlLgqS2cvMoQ"
"Daily dose of Shorts","UCoD5VdEpoA0rExVrIthrUag"
"Daily Drive Tours","UCM1Qs7KmRhx367_f1lCGNew"
"Daily Eagle 🦅","UCPzf2G4ouztpHcK4iWWM9UA"
"Daily Entertainment Video For You","UCF9a5uWbBMyrc1MIUgJZBgA"
"Daily Events Worldwide","UCniIvueCmWtz_3iq2A-uTfw"
"Daily Express","UCz8omIXCPabFEgblrC_VIfA"
"Daily Express 24h","UCnnPx2iI-vMScpItIpnfcWw"
"Daily Facts","UCHAYdXwQ0TXmUZbg05PBiiA"
"Daily Focus","UCvFSTuA2verD5Mu1_8xt98Q"
"Daily Geo Tv","UC-9ArVHxziSxsBlPjzmJFeQ"
"Daily Globe Facts","UCowQZnx_XSCdoWvhqL1f8Sg"
"Daily History Stories","UCU6Fo7y05lXYbb7H2CYkS8w"
"Daily Holistic Practice with Coach Kalind","UCgj2UZfA_4CjRFKloHqi3aw"
"DAILY HOT NEWS","UCGYj1qHoPLcjpf2q98Rxv_Q"
"DAILY HOT NEWS","UC87oL-_PwvK65JYjTGhNu_w"
"Daily Learning Something New","UCZSw56QCsWamGmwEsiTM8hA"
"Daily LEGO Builds","UCFUL6qoyiBJ5DY-5KTGYusQ"
"Daily Life in snow","UCmhcfAbxN3noieRh_Z6uC3A"
"Daily Life Knowledge","UCOavPt38oqyGhutaI661QvQ"
"Daily Mail World","UCw3fku0sH3qA3c3pZeJwdAw"
"Daily Motivational quotes ","UCK47oxZKdZ6VTtY01RMAHnA"
"Daily News ","UCGEYYR2FHyO0Vkr6Thoj0Ow"
"Daily News AU","UClL6W1FlRt79fTkjwIegX2w"
"Daily News in Short","UCb90SYbk1J4YpL9FGfGdvVQ"
"Daily News Talk","UCZvjW-Va9ax6m3QhTu8u3XA"
"Daily Optimization 2M","UCCwlhKSkebGq6RSFPQ1GH5w"
"Daily Ranking","UCIwAVLqWtjDCYPJIlLTiVsQ"
"Daily routine in life with vivek","UCmoiQVHhXLqYyyaicVJthXg"
"Daily Scope","UCTVWOKnQQGB9LLryzt8AvUQ"
"Daily Shorts","UCrLPiA4RX5b2DAcNx3t25jg"
"Daily Speedy v2","UCx7JwbzZS60hxkD1atABEZQ"
"Daily Top 5","UCwlDIk1lukrJl6EP1I0eq8w"
"DAILY UK POLITICS","UCYsvt-FJfAm8eC17focvWyw"
"DAILY UK SCIENCE","UC7CGORs9xeue404LfVFSKLw"
"Daily Urdu Voice","UCNnsSbn69yL8J3JX_jP_HpQ"
"Daily vlogs","UCPKlLsrtGcssSvJIo_ZmmNw"
"Daily Wonders","UCMxsr1cp3e9x1EVNdQ3C4bQ"
"Daily World News 26","UCkr9RxTFPT5XKPjAR5rcOeA"
"DAILY_DEALS","UCg8dTrgl1Hhg86J2E8zephw"
"DailyBollywood ","UCyshL8qDntMpph_e9AinLKw"
"DailyDose","UCFMAEVqwaeSc3P2Zxrvu7JQ"
"DailyDosedotexe","UCZywEqfZTZ6jMl7gP134o9w"
"DailyDoseOfHumans","UC0gNW23lF_OgbjPM6bc2b7A"
"DailyEsoteric","UCGiC4xazW4xGCE9oIw2IGaQ"
"DailyFactDose","UC7zBBMn1hONgTqsJizPtmRA"
"DailyGeoClips","UC8mq71F7Uq-SfD8XAbEwLSg"
"DailyNews","UC0NUzRUoAGNNWR01BkbrihA"
"Dailynewsupdate","UCfQq_PE9puGEj6Er8H_rOiA"
"Daily-Reports ","UCMkQ06k_EfMgWlnH9RUYfZA"
"Dailyshortsback","UCOypjytQuRmnvqa7L029jeQ"
"Dailyshortz","UCeBgv7qpBHlV1W1YZT3JGuA"
"Dairuka","UCKET3lZScbD9K26QsBQ1bRQ"
"Daisy Koderos","UCLw1qJ--6UiRZ5gNMsZFP8Q"
"Daisystreet Seducers","UCTF3aYPw4CHhEYyh_zh-q_w"
"Dakotaball","UCpapHKnnH_XYZULJ45wWYzw"
"Dale Martin","UCN6XjQWfy9NN9nILCs3UXrw"
"Dale T","UCCeE0I3ayRhvLXBDNES0TAg"
"Dallas Stoneworks","UCwmQfa8NlaWLAVFA0_xlF8g"
"DaMa Fpv","UC-Dh79pHz4UhFkbafSioROQ"
"Dan B & family ","UC0_Qxix7Mz3WsIO7u5Pku4w"
"Dan Cloutier","UCTfFaHvsGiZ4uvQC9l4vLTg"
"Dan D. Normann","UCGCu2yOo1lg42cys-RGUiaA"
"DAN FILM","UCg2byMhkWh3n9spKoziyfFg"
"Dan Perry","UCMWAWpPRwC72dfLlMuI_hZA"
"Dana Mladin","UCCGwVA2hBn0kS7owuiL-5EA"
"Dana Wang","UCG9gOI8JdFZGfLaxLMZfvGg"
"Dancing With The Sea","UCtctJ5dXpYeG__i_eRnmlwQ"
"Dang You Zesty","UCIEZb_p1apCAgrWl84aBtYw"
"Danganronpa Lover","UC4q8xtaLfSxKuQz4kJ7wXiw"
"Dangerous movie trailer","UCmAy7AxZMpKYjritIRoP0Qg"
"dangerous world","UCJQZPLIo5Y51eDjywz8NRGQ"
"Dani Connor Wild","UCx9JiwPgJHy4cMThY4nmQmA"
"Dani Dani Sport","UCVeYIqRFfZ63t321lDLRz2Q"
"danic373","UCDeQCe8Xv9h_Svh7YYmbRaA"
"Daniel","UC1pu-7nWpeANj8OgDz5wa1w"
"Daniel ","UCUTetYFMXYVQlNEAIUoIC-g"
"Daniel BBW","UCjddrMpfq3W_bMm_0Q51YKA"
"Daniel CC Movie&TV Series","UCCuKxrg0JuF64CEtV0n9kKg"
"daniel gripenberg","UCKYs74eoaY1klehTKg9ISSQ"
"Daniel Henriksson","UCazb3W36MD12iAXFRhWmHvA"
"Daniel Michalík","UCj26vOiQuyrxq2aFXR0Chig"
"Daniel Reynolds for Idaho","UChJEp9ivo7dV1umbcEugblA"
"Daniel Sander","UCWGP2NdjxPOc3YHx49jRMJw"
"Daniel Trivin","UCqEVyA9IAht9JM8Qx9FUnhw"
"Daniel van der Maas","UCLyGHmxoRxGU-NpS3ikdJaQ"
"Daniel van der Maas","UCzE7l_XDhRmOcPneALfXB2g"
"Daniel Whiting Jr Aka Evan Afton","UCE1ipeuaXKbRH0NFCbqlZeQ"
"Daniel Whitmore","UCQb31jAKL_x5qJ8SVy9AqVQ"
"Daniele Dans Benedetti","UCvavS9qwh1Kx0_HfkBaYPhA"
"Daniella Nnamani","UCkuGve5XnWf3O9WynVGw-_A"
"DANIELLA ORDAZ ","UCY_VcrWusJs_KP3eDxJb1rw"
"Daniels Journal News","UC3FKtmXw98i4uxoffpUduug"
"danielY0UTUBE","UCk7gvGvJx1mww_duqat3wkA"
"Danish Countryball","UCFSELuoug4u_K9L8LrSClSg"
"Danish Institute for International Studies (DIIS)","UCQ2xOqvNsOscTRkz0EA5zzw"
"Danish Mapping [DO NOT COPYRIGHT]","UCDqGYRCnOROyhoItyX_Uf-A"
"Danish Mirza Official-k6u","UCTU0eWz2xmOO1dWED7DyeAw"
"Danish Solo Traveler 🌍","UC0B2unRBFJxa3yN7AdY0pIA"
"Danish Strongman","UC2LJE9pBNSSYyApibUMtKcg"
"Danish Zaman","UC2J5sPAjx3U5oiP3N7jOSpQ"
"Danish_AviEditor","UC79Psun74pXnT-Kc5uT7AdA"
"Danishdoesherthing (DanishDoesHerThing)","UCJ6rHiAdWRpWy9eStExvstA"
"Danish-InfoNews TV","UCawWwBrlOmj5KUhDmkKPxdQ"
"DanishTube","UCxA42l3L2bICMK-PdZD1O0Q"
"dank memer 1","UChVqY3550sVGBEPxgwrtfHg"
"danmark🎄☃️","UCWoDKnW7LJnNmRs-OQXT3tQ"
"Danni Robertson","UCcGqxDxxrD-XeHnJGXE0y5Q"
"Dannie D","UCdi6fBDRh0VNUpKA8aDRDZg"
"Danny Horizon","UC7EootaURs9iivcKzS0vDOQ"
"Danny Molloy","UCQrCw34kzSTs2JONdRVBWIA"
"Danny Nielsen","UC3tSPQYdjvyUeAIxtPJjqpA"
"Danny_Productions","UC03q0x4Lcl4fkmqBuDYniqg"
"DannyKPolitics","UCY_pf120y6sW_cETDFQ0jzg"
"Dans Dollars","UCQW89K6YkVnjynvPvCPXK7w"
"Dan's On The Street","UCYlWaQWHo2NfhmL0gduuo9A"
"Dansker Digital Aerials","UCDJPb90bJa6uhlZ6Xch49LQ"
"DanTheEagle","UCoGznIA8R3PNweCC08fqG4A"
"Danube Institute","UCqaco3WuAaf6wlhaeh0CsbQ"
"Danyunsik","UCHY0OJoyHPUrm_-NpSU5nYg"
"Dapper Media","UCs-6FG2C2z8-XzaeGx5Qm2Q"
"DarBelClev TV","UCAvpsA0OY5bHLfMlPfTZFIg"
"Darcy Nowdlak","UCGfnOrOkt2oldqkrnQjjqmw"
"darderlm ","UCAZeGmEyiZXUzqRjwRgU5TA"
"Darius Mora | ASO AppSuccess","UCfaxmVZDN-hqV6HfMbcCOwA"
"Dark","UC02oDyOWy6Xv_36F15AjnCQ"
"Dark Events","UCq9IatJHxjPFS9-NfGkNYbQ"
"Dark File Network","UCLaejchfQtGINkJ2vviK_2w"
"dark history","UCzkRJCi3IYaX2-rO2jXHfmA"
"Dark History AI","UCtlEgaT92N0mCdXwMGBbXjw"
"Dark Information","UCtk3nXL1pDIWTObr9cyza9w"
"Dark Isle Bagpiper ","UCZc5YdLW-tHq9UPU-eql97g"
"Dark Meridian VI","UCfnyTaKs_VlN3Z2y-n8QJ4A"
"Dark Minute Tale","UCGXqEajQ-pzY8VLB6hAj0og"
"Dark Origins","UCMvNxu05GR_qHix3FE9lX5Q"
"Dark Real History","UCnNqRLTlKK6qlQ2bffsgpiA"
"Dark Reality","UCAgSITCEE2PvRgZVT-nOBqA"
"Dark Reality Stories ","UCjE56YOOP8EgmL92nIvpNnw"
"Dark timeline Tv","UCqtiJrB6HA7yEAufDAipmlQ"
"Dark5","UCRQebyNJm9YRyO5h0eWEVhw"
"Darkar037 In English","UCXhJ2inlTHXZqSe8tGOd32A"
"DarkFiles","UCRNZI98M0Rps0jLHUB45PBQ"
"DarkGothicWoke","UCGv9z4FLPyGt7C8KZLnffNg"
"DarkHistoryFiles","UCngxTS58Y00KIy17_wW_Avg"
"darkneddd","UCC8iDYxdOTRj81PpQ8zv94A"
"DarkWhisper | Urban Legends","UCt_kEjda0pIYg8dBTz90QEg"
"Darrel gaming ","UCWoMOfMdip-rz7B1saBybTQ"
"Dartmouth Engineering","UCkJ1VmkfS2VfqyNsA4dIFSw"
"Daryl Rust","UCltjh03VqZrdiWOpiAzBGqA"
"Dashing Superb Shorts","UCWWFEyXpLAJ04o9CBcIoEqw"
"Dashric","UC5Nin4qSO8Z-PRtlCLTt0CA"
"Dasht Foundation","UCjsQ-mdw7RxG1ofA20LNJYA"
"Dasmark","UCq2fpT0cJo8JT0Qxw_Rh3Fw"
"Dass Art Gallery","UCLLa-Xa6UrqGdclvJWLUndw"
"Dasvi Official","UCStovECaFuJLevNDEnMmZEw"
"Dasya.","UCiAwDreyMMkAOOeCmr4YDMg"
"Data & Maps","UCkRA_vMV_z86DOM04bJqycA"
"Data Discovery Network","UCmI380GAKXaqtRL2RhpGzQA"
"Data Duck","UCXM7k9e_wxy7ZDuXSwmqedw"
"Data Duck 2.o","UCuhkkjwiFNmSoWsGajC3AVA"
"Data Kaizen","UCSlOHN0BQOI-MBfWwKqlyxQ"
"Data Lover RRJ","UCp871Saab-p9XjRJ_Fv4ekw"
"Data Orbit","UCdZdXwonDoG3jge8u0P0rkw"
"Data Player","UCB3NINWyUBM0siwJiuE1K7w"
"Data Visualization For Fun","UCgAKB_Q6GFUkCDvrm0xB8Rg"
"Data zy","UC9cE43XsvJDSiG3mN38hj-Q"
"data_channel","UCNnnSWnTj2dLAHLNZFtAUgw"
"datanotdistress","UCkfU_X4896hujGhiZJJu3Dw"
"Datar Singh","UCXPrZfNda-ebyr8GD26U10w"
"datenshi zero","UCvjx7FLkj6kygN0o7WCg-PQ"
"Dating Coach Rickard Österholm","UCU6SoNzV02puwh3v2uN6iaQ"
"daulatbaba","UCbjP9kbtYrTg7ymGbrN5l0Q"
"Dav Kat","UCdqrW8rAcVmuZCewxkox3PA"
"Dave and Sherri Clark","UCbxXkDcMcuh1Hpht9oFxvbw"
"Dave Howie","UCA9MiDaiBoXs7PgPNZWRXEg"
"Dave in Osaka: Travel Japan","UCiQD4ejZi6cq7DSw1ThDnqA"
"Dave Jorgenson","UC4V84y8cUtthXhRzLKSly7A"
"Dave Katz","UCepa7CMqTrqjqI4zhOiMB-w"
"Dave Riley","UCFHKwAK94rxefT3bjrf0l5w"
"Dave Talks: Politics 🌐","UCO1nkl9unQ_18KU5SIw17HQ"
"Dave Weinbaum","UCchp5_8LBTZ9Hr9Vf9JKKAQ"
"Dave Wong","UChnfB3_vSZeyvss_EH6vg_g"
"Dave’s Kayak JetSki Adventures and Art","UCT_p17n0KHTAxWqecpcLN4Q"
"Davi history","UCy54QbqKu-wgWfJuU5CVgQA"
"David","UCGAh3ANnYi6_QcD37RjqGxQ"
"David & History for the Ages.  ","UCowkuJYFNs5G56CrtTwZDNA"
"David Ayedun","UC2wovIycqpxiNJO4ni_bvTQ"
"David Creff","UCJg4JS9iaMtSH961T68h_wg"
"David Del Ángel producciones","UCMsS5k7LEtyZD0sOwAfDRuA"
"David DePinho","UCYB9GpF_spmqPVUvp08jM0w"
"David Dukes","UCnszz1FxN1lR4fOYggOuJww"
"David Emmons","UC327MyPfkIHFLijGdgVpaWg"
"David Feldman","UCPx_etxYtUYRyrdOszrDA0g"
"David FLYING smart","UC1J4RidEz2-yUACs3YXZ3Sg"
"David Godi","UCb756gwg_YJoBX_HTLrDOLQ"
"David Icke","UCoXyt8si-OAago0vXFTwHVw"
"David Jame1","UC8llMbxAy5QW1TC4jaL0oYQ"
"David Juanpancho","UC9UTdXfUn58Eyz5QwfjvvZQ"
"David Kloosterman EN","UC-PQU5OlD8dSncCkOf6dbFQ"
"David Lonergan (Arctic Film Productions)","UC1SpBUCa_OcKDzfI42j6C4g"
"David McFarlane","UC9XSVYTIbqhh0AugtkRG2Ug"
"David Pakman Show","UCvixJtaXuNdMPUGdOPcY8Ag"
"David Perry","UCtxiYgbsCVdxjgBOJZEerVQ"
"David Petta","UCv4kPrzOe75NtQq43GFGSEg"
"David Reed_Insight","UCM1SCRNV-0WXqMbiyEkzRuA"
"David Renna","UCGMcNnS1mfb7tjqZfoQhAAQ"
"David Smith Analysis","UCcpQ1nOdNS1TbJAFpatDg4A"
"David Snow","UC3xCB8ByC7VJQb99UF77NZg"
"David Voelker","UChNzDcV0XTDvRL2swPt6UUA"
"David W","UCp3ikM7lZlV91ru_X7p2lXg"
"David242","UChUdPw3Gjzbvc-l9g5kX6_g"
"Davino Pugmire","UCcL6yde3CWDIYC9LG7Miieg"
"Davon Knows","UC3sn9zVSMnylVOivk0AlbcA"
"Davor Tadic","UCKnqyDb_WjuWfINu9IMEVxg"
"Davor Teon","UCxzs1g2WB7wTXDnvF08TLZw"
"Dawa Gyaba Officials","UCmbB62tiJL61PF2GPgZcFjg"
"Dawg Dee","UCTDV4hM5NYoZnchh1YlJptQ"
"Dawn the ssb2 gamer","UCBTNLGKDIPLsjd172c0yB1A"
"DawnNews","UCaxR-D8FjZ-2otbU0_Y2grg"
"DawnNews English","UC_xWTNsx7zA2uI0ydQikViA"
"Daxx92","UC6uaisof1ptj2ug6N2QFQHg"
"Day By Day","UCYrUjac517xz7sbs2D3kLyg"
"Day of Discovery","UCluXspYK39jYCm15TGrlE9A"
"Day Today GK","UCvAcrXhzP7XRH3H1ZdJDGLw"
"DAYAHEMA PARADISE","UCmO2J73c4C5tERNJeSDWxDg"
"DayAndNightToday","UChHp12Xe3oIfNPxCE9wnSRQ"
"DayDream","UCoNVuDnIQlZ4czP3xtyIgbg"
"DayFunStuff","UCFjeRCzbJouNWHmqXX38Xhw"
"Dayli Shortes","UCcL1BNYwNoH1uCVj8m1hZ5g"
"Daylight Multimedia","UCvjFWjcfO7746BlkXSt3hnQ"
"dbramante1928","UCIAbFUoZAlAXvhwfGzR5Ehw"
"DBS","UCtkNltgZicHZl0S2S9hATTw"
"DC tolpool","UCCyE0neEMEXbnFWQN2QCamA"
"DC_CREATIONx7","UCwK0FaTaCi_1xpoBQvEbb1Q"
"DCAFlyBoy","UCXfV6whRbMZT9VFLW1eCkxg"
"DD India","UCGDQNvybfDDeGTf4GtigXaw"
"ddeviles ","UCv6QMFlP-O0jyJdpFE746yQ"
"De Balie","UCWCIOLDsX8lY_CeKmV4k3NA"
"DE LAY COM","UCVvHIQYlMJLlwylFoSh-Rpw"
"De Wandelgek","UCZH5dhpaR7r0krucFWHR6yA"
"dead","UCWPqOkm695QQPCOA4Hu-eug"
"Deadlink Archives","UCnzAD2Jk1WYryZ2B2-b7PkQ"
"Dean Blundell","UC7iY5Dctwa3oply0uu39u4w"
"Dean off the Map","UCx4PnSBGx1rJl2N1bsO1KLA"
"Dean Tatooles","UCa6gsID3LR2OcOYa1OD2WNA"
"DeastOk","UCKB2S1-sJQjEbPIDkP-2Hng"
"Death Donky","UCC26jR-uDjm9ZkjMWF8Yblg"
"DEATH EAGER 777","UCXyQSnCK3aQ68kZ-3vLyPSg"
"Deb Miller","UCm31oQ1mHxKi71IAn0eXNVg"
"Deb shorts ","UCiz-ziLp589DKrLVgD1MkVA"
"Debasish","UCp8VUstpVbQTdANddX3acZw"
"Debate Topics Only","UCmKBGKV4fu3YlAhN6T1nvjg"
"Debora Petersen","UCOp7JfYGg80dkVDdfcgEjhw"
"Debrosland","UC_HjaaKuJ-zu8L7aiW1dm0w"
"Dêçéñt Rãhûl","UCG_zEeAJzzTTEyKwGyixfNw"
"Decode Bharat World","UCPpJWPPgZo-Dc_Bi72rikbw"
"DeCode Docs","UCNMlZt5BAYqeztQ81rGS3vg"
"Decode Geopolitics","UCOQOd285zIqi6l-fhCYnn8w"
"Decode Politics ","UCz9-ooznVcQNoDEAqAPiPxw"
"Decode Reality","UCRIoiERPaJIkTPikN1KXbPA"
"Decoding Geopolitics Podcast with Dominik Presl","UCtYQaZPOCMtrijLRYFnAtEw"
"Decoding Solo","UCdzfqyyormrFiOT4He_jSmw"
"Deconstruction","UCwkm8epFHwyW516MidIgU_A"
"DECRYPTID","UCSMFQGqEfV0aHrjXWtvSsXQ"
"deDomino","UCSwgEu9GH8k1J1BqL1vxiYA"
"Dee Knupp","UCHC666_teh8zhBy5goXfYwQ"
"deenbeen1","UCJctJSyuCZUxQOapXcUpMRQ"
"Deep Fact","UCh655jyWt2PsOdcJDDyGjQQ"
"Deep Feel audiobook ","UC90kBsAfGQhGRohqpMvrLLg"
"Deep finance documentry ","UCIkC0oaegSsssJRFVQ2weSA"
"Deep Hustler","UCq0x9o8SHV5Qt6zYemur-5g"
"Deep Naskar","UCjZWmkPGYdLV1DandbQ36RQ"
"Deep Relax","UCvjPTDX8-LVZo2PkWbTP15A"
"Deep Sharma","UCnNAjzduvnEdTnBWyZ7jD5w"
"Deep Sleep Stories","UCIaePQk_cSzFe7p60JFTcbQ"
"DEEP TIMES","UCA7nnWdk7ITpjeRCezCMp9w"
"Deepa Rathore","UCX1grSOB6r0mkr6XWOl7X0Q"
"Deepak art_143 gallery ","UC6LG_zTf2nP1yp1yOIPMtLw"
"Deepak Kashyap Vlog","UCVkrbwLbgtB-frQJ_15cOtg"
"Deepak Saxena 2.0","UC59DOXB6LjJeh39Vdfj33ZA"
"Deepali Goyal","UCs1h_o34hniew6-404grBUA"
"Deepa's Titbits","UCMLJDQl-geoYz4Kypga7zew"
"DeepCuts Quicks","UCDTg2zDnmG-NrYoorXgQTnw"
"DeepLens","UC7ofk4C9uXF8cYEZUWeP5ug"
"DeepQuack","UCxxldAXiSYUinaIc1-laxeQ"
"DeepReality Lore","UCMnv14K-JaE1ijxEea8lzCA"
"DeeRidE","UC4lA8Nb9V0Ys48bKH_AEtAg"
"Deeside Flight Simulators LTD","UCAlKyT0hFkc6RbicfDY7hkA"
"Defence Express US","UCkK8Mz2O1tltrOMYjFZEtbA"
"Defence Files","UC3KOTFfeLUsSgAjE41DXMAw"
"Defence Insight","UCppYAkBlAxPlkLo1NyiWI-Q"
"Defence Zone","UCAmbh14SJ-s983QKt5bu6qA"
"Defend Democracy Global","UCsXd_68nofnLtixQyD5ic3w"
"Defense & Aerospace Report","UCKTxvtC106sWs6hGyemEwow"
"Defense Matters with Vivianne","UCi5G7PrwmP_ZNVsxTB6leVg"
"Defense Now","UCKBNaxsFV4hpGVc8QOUmsFg"
"Defense Vault","UCtcVNNHLKtJswNph7Xwq51A"
"Defense With Hassan","UC_NGcgouqX5vsFW0Se5LIXg"
"DeFranco News Clips","UCpLB7kBu9O5dbBKhaIOmqcQ"
"degenaub","UCVkmAk47JVaiWpGKbKdH_MQ"
"Dei El's World","UCcpnNvHfyaVnDt6ALD2RdAA"
"DeityGod","UCMjzJGDKby-3vVeYKClUDtg"
"Deiverson Ramos - Nômade","UCJGu8kwCmDfntsq7G3zkzeQ"
"Deja View","UC03QBnwy82bZMOir3jFNLHg"
"Delicacy of Nostalgia","UCP54NlcxWc6jHNnevSjMi0A"
"Delightful Travellers","UCHeFV2atoLtgdKH4iu29orA"
"DeliverQuick","UCV6DgJKj9zxM7TrmBjHfkzQ"
"Deloitte Danmark","UC6KhP3zVtihdiLdw1LjEU8w"
"Delta couple life","UCJptq-2jwoqadv8QlNG1Zpg"
"Delta Waves","UCGpsNKShiTVEBu-o12yY_Ag"
"Delulu Universe 02","UCEtdIjACOKhCvR5CTKGwXDg"
"Deluxe Air","UCOd52qeO4-V8YPrG5Uf5vKg"
"Demand_decoded","UCnSGT_MNsOQlR0tY_JKjyVw"
"Demirep","UCz-y9OLmILUM1HGCE4Ffbkw"
"Demo duke","UCGboMDRTHLaPAxy8nhxcH1Q"
"Democracy At Risk","UCyOQA5L7pHLTfDn5qM1RwMg"
"Democracy News Live","UCHsM01k3nYbJRh99u6kuzLQ"
"Democracy Rising","UCTl9zfkrFZIr9IKT5J9syWA"
"Democracy Watch","UCw6MzR_Q-sIZ6XX5SHNc4Yw"
"Demon Lord 50","UC4sWpMokNyDnUOJ6pMwhckQ"
"DemonRu","UCm12Lnvcs1CMEXjHcTlvE5Q"
"Demz Amban","UClTfh4_y33MQJCn4GfoSvhA"
"Den Nivnia","UCnwMdiRk3p3l1efielfL-6Q"
"Denan BNogak","UCPQuM3dK10eR2OCwl_PD5fQ"
"Dency Varghese","UC-8TxzZsixL_NYI6XcEDMuA"
"Deniel Ohanz","UCF22GmgKeWHNq0yGDnHAo0Q"
"Denis L","UC-v7AQ0n7TOBlzIF-ZujSWg"
"denmark","UCignBkCOYYgGrkeOKds-g6g"
"Denmark Ball","UCV0SY__04piQwMnczt1QL0g"
"DenmarkExplained","UC6lmCaMhgD3UPYT694YtACw"
"denne127","UCgIGAiyhsz_jjzyzxiRionA"
"Dennis Fang","UC1ckMhiQiO29yK-yU47hKuQ"
"DENSITY ","UCpRQo5yzmhGkSS4U-BR0Fmw"
"Denver7","UC-2MJlKSq9_pYk5-bdvMhnw"
"Denzel","UCF0zHi2r2GT57kYWblSLNag"
"Dep. Erd- und Planetenwissenschaften, ETH Zürich","UCgHXnnNNEAF1goJ8KrwemFg"
"DependableFlame","UCgKVwtuIIjlz99J8r9fmQcg"
"Depop senet","UCmoTQ1dV_n_xfoSEl-X_DHQ"
"Depressed Ginger","UC0I7OF7PU6V5iKy1DOql0tg"
"DepressedGuy","UCLHC8JGbECj3iAeMeKkf6aA"
"Depths Unveiled","UCADYD52cMVGuW3XzEbohgGA"
"Der Hut","UCQsc9fUcnjMsVYdYFSopEMg"
"Derek Walcott","UCT-8CyFsvswdwSc6TTEC5Zw"
"Derleng​ silent-ដេីរលេង","UCgex692s3ApPocSUdEJcTRA"
"Deron For Super President","UCx3XuBeIP4O2g9dKLlAZNnQ"
"Derrick Lewis","UCQ8XbIIwjRQey5JQP8GSO3A"
"Desculți Homecoming Media","UClbLVIULYhCBn1oshVD69MA"
"Desh Duniya","UCh1d1w50yN4tsV39aqXrb8w"
"Desh Duniya fact","UCEO2dxy9BDzNxU64Rg2q7cw"
"Deshi kanxa👑","UCGuBbP1o7RUfXy_H379OGsQ"
"Desi Avishkar","UCbR0HQRX4PhSCVEi1D6kLxQ"
"Desi Coffee","UChyHNQbl3VHsEJXMCURkEvQ"
"Desi in Amrika Raju Shrestha","UC3h33r4RbTcCW5AS1NQLVlg"
"Desi in Europe ","UCrFszL_OKQPiNLfwfCuTbvw"
"Desi Puloto","UCwu5gy1oxtZQqcCU8nWhqVg"
"Desi Punjabi Vlogger","UCV_81IOGrkNEDWAOPFlRihw"
"Desi Quiz Hub","UCGDpu6zFkTrb_Jw1HVaVh9w"
"Desi Story Zone","UCylRWQdzUrVXygVeKb8xGFQ"
"DESI TV USA","UC-yDqvnCxwkZ7EoarPnT-fw"
"Design Studio 24","UCY8E6YCS5rVCVBgUToakxxQ"
"Designated Drone Driver","UC3akZEiCWgBTSHKOrkulRZQ"
"Desitdown News","UCpP-1HRrVNlBVXW2ruPl2AQ"
"Desmond Fambrini","UCwTaV4L2WelieRzMJgvrF0Q"
"Desolation Sound","UCpricMWEPFkIigO5m02E_GQ"
"Destination For Us","UCvu849uZngxMWfpgNdT14cg"
"Destination Micro Meditation","UCfTsj9021rf_7qTjrVQPn1A"
"Destinations Revealed","UCY5w88_dX5Ra1XyuFVmyHPg"
"DestinationX","UCEsXU-pWXj2abBQk_VRZILg"
"Destiny","UC554eY5jNUfDq3yDOJYirOQ"
"Destiny","UCIFtADcWrOApqrsinzPoOfA"
"Destiny world Tv","UC-kz-QZkIq5lS2e9p46n-Tw"
"DestinyClipsYeah","UCoXQCcasYkS9vzrt1EFKc0Q"
"Destressing and Relaxation Downtime","UCPD3VN_hohSvpR77fz1CUZw"
"Deterrence Nexus","UCRmYfWd3Ox-fnNy_At1SkPg"
"DEV AJ","UCufAqv8lLJTWmWeAckpdm6w"
"Dev Sandy","UCRgqDm2XJXcSBo1iAJqbbvA"
"Dev vlogger","UCttFcwx3Qvi0r1Tfo_lxx5w"
"DEV_FILMS","UCYpEnMyPkXb32W6m2SxANKw"
"Devang Sethi","UCCZrWLq1BlpxvIF9wwhv5Lg"
"Devansh: Flightgear Sim Pilot","UCPlZ4V81kb6w7wem4gMfUtg"
"Devid","UCcAeY_hlH4ZUCm4W-tR8X3w"
"Devil Gamer 👿👿","UCSvS0UIwUVtyx8zRGzek5Tg"
"Devil Is In The Details Podcast","UCf5OlnsjchUGJ3vRmdCfFog"
"Devil~Gamer","UCPKv6wZbB8Z4zbm30eaLepQ"
"Devils vlog","UCQ4M6D3nzqz05giUJn6aMzA"
"Devin","UC2eWh4ipXxQBv2OW_2hO44w"
"DevisinghRajput.22","UC8Mw_usx2Ay2gYnHlN1Wmcg"
"Devoo1414","UC0UvsEr75NksQa6Vcs3cFZQ"
"Dewi fitria g","UCVKSVe6MOQgGsN6GqWda5pQ"
"Dexar","UCVFiAolKSle7nawJn6lUX2w"
"Dexter in Copenhagen vibes","UCmZ0CvdwWv_Jd7gcWnk-8iw"
"dexterlorrigan","UCysRVkEFQkXusCkrolXai2w"
"Dezinicht","UCYs_v0vuLKeCI--nTS1a5Dw"
"DH Information","UCbqua2prXF-FOmtpEgcp5XQ"
"Dhani dhani","UCG_rFiDpENHZzDDKEC90LDQ"
"Dhanraj Dhurve Extras","UCiGYZbYHf1LL3ZoUgTNW7yg"
"DharmaPratidhwani","UCrjjVJWroCi9i1LPxpuYGFw"
"Dhimanendu Sarkar","UCXeKp82ym_4kAQOOvzpRxcw"
"Dhiman-Official-K9","UCM-CXuJukp3WbCB1BVgyGYA"
"dhimanvikulyt","UCiACqOWjW1foKDVnRKTPivw"
"Dhram_related_video_yt_9218","UC06GXTFlfmzyyZ4mqjNOUCA"
"Dhyeya TV","UCMXdi-xFPcZV2tDXlHuZHgw"
"Di Think","UCBO0Ho-S7GhUkYjkf8PkJvw"
"Diab Rabie","UCQ0MbGM0c5NZCrVOxU9dM8g"
"Diamond Not Fugazi Films","UCNVCtwA81SIP2ITnIaNsCtQ"
"Diana D'sa","UCVnUNnIHQkUzSQyeGP_kmvA"
"DIANA REHM","UCsZQuuZyooeoxJ1t9-9mGOA"
"Diana Yapo","UCMFXRnYjaBC4LANGsRRvm7g"
"Dianne April Alcantara","UCjxauAaB45uUbKbBwnBbVTw"
"Dictator Country","UCvt1CaEoJZ99jwAS9AZu11w"
"Did Ja!","UC_fSTi29TyUANJd9plkLyJw"
"Did you know","UColwz0DQ7TVJy6JKyv17CDw"
"Did You Know","UCpcvwnXuEgHztuKMCnki-zA"
"Did You Know","UCj6r7f1yQzFh2W52ernt4wQ"
"Did You Know Hidden Truth","UC4m3QNCQlriEUZXqhV3dJjg"
"Did You Know It","UCY1qVdDhw8Da8JJLH1DrdEQ"
"Did You Know This?","UCAkUQsk_0aoyqTwbAXbSIvg"
"Did You Know USA","UCFwTAzCdoFWCCap0BK6-O0Q"
"Did you know what… ?","UCYxFCnITgsrLw5qRuQh2uGw"
"DID YOU KNOW.....","UCLrXcrFwOXZoHw1RkkjEmOA"
"Did you know?","UCykykeOJGk1PgEW8zzNz7Yg"
"Did You Know?","UC65Oj0WeCNClslAUeC4Sx6g"
"Did you know903","UCVbxTsnRZ_guPidr0ADWRfg"
"Did You See This?","UCFH5dQAkGIqzcFYmM4tNtXw"
"DidgeridooStoleMaMoney","UCbfkFOEHcp7QeIEOBFNy39g"
"DidYouKnow","UCZ2sATJ2jPoMTDzhFUT4T1g"
"Didyouknow?","UCh2eV9pKoVwFlWWWEY2fBPA"
"Diego de Osma","UC9gV3SSQIb6SHFR-sOlH1yQ"
"diego lopez","UCl6s7VfBNM4CJH-Z84AbCQg"
"diego lopez","UCYU8uHGliRSmcWn8zYR66wQ"
"Diego Meat Pie","UC-Zu4zvoKX_qi1qhE_ymn7Q"
"Dierk Reuter","UCgSzdVrXnDti8lruR7s2h-g"
"diesel955","UCFKtDBTGzq1SxW8W2S3ZgDQ"
"DieterAviation","UCkPjaY8W0DrE1lYJKghnCDQ"
"DIFFERENT GAMING 300","UCb6zaH1AT5_-0x0wYRjwd8g"
"Different National Anthems","UCzZDminakUbvYvSoBMxrZWQ"
"Different Nazariya","UCaStedWLm3cLDjRJBoUxl7A"
"DifferentSounds_MP","UC_d36J63Jj60iBIMPqrWalw"
"Dig Deep The Mining Podcast","UC69dGPS29lmakv-D7LWJg_Q"
"DIG DEEPER","UCmz18l4lEntyBTshch4_FRQ"
"Dig State Facts with Josh","UC3LYH-LL9J76ECLxZ2qS-BA"
"DigEnet Podcast","UCfbo5ffQ_xP94zb20y-i_Og"
"Digi snake","UCZdFTwll5FeTif8_CzyZOKQ"
"DigiEdu","UC1tHix8IbXW2_u87p8QzQCw"
"Digital  innovators Dreamworks (The art of editing","UCSErA7BjNCizJ6xoZ7o8XRg"
"Digital Artts","UCnUL6Zt2W9_Rpco0bA9_kiA"
"Digital Data Dictionary","UC45yZrA7YevpxKkFCpSmo5g"
"Digital Dreamz AI","UCw7ktAGWYxepF_Oit8bI0mQ"
"DIGITAL DUNIA ","UClrVRlY2nAtjkSjD86gvfbw"
"Digital Fincorp","UCNLreo_O6QLmRl1rItQFgfA"
"Digital Gaming ","UCKoyYCDDxfUyBfsAbIOTtwg"
"Digital Hidden Truths","UCqsSw6RlXCMema8xNzfxvIA"
"Digital Manoj","UCsG2FX89Y3jlmTPaaf9QVKA"
"Digital Nomad Life","UCu-4R2rpTCa3cpz_Pj9YMjw"
"Digital Nomads","UChuQ3UyHxrPJcysHRrPuoow"
"Digital Waters Flagship","UCsxZZXKX8nEYFlrm-T7pU_Q"
"digitaldovideomn","UCRwgwyMZCZwNf_HLSxEa8aQ"
"DigiTerry","UCZpGylSsiVxyX1aIWy9uX_A"
"Dil Se Conversations","UCeJLG33wpOQGtCYCTc4Ax_A"
"Dilip Mishra","UCokIqVrCHqT8r9HCF2-06sw"
"Dilip Pariga (Bunny) blog ","UCFKDenp9RHHr9P3Lum_82fQ"
"Dilip Sau","UCw5EXN_AykkcnBjTDJzHazQ"
"Dïlû ãñd vîñü","UCmm3nx3KmePQ75DJt7a-EwQ"
"DILYARA SIN","UCwmFzlpxJ91JBggfwSN-TAQ"
"Dima Bilhac","UCSnuC84TD7enFsLX6DquNTQ"
"DimiPlace","UCrT2k0dvwRJFEvgbLCf-ilg"
"DimmsdaleActionNews","UCNqbahiX02ajYVf_pHDpH4Q"
"Dina Kuitse","UC-8dKSaYjFlrLHqSx5HWaBQ"
"DinaricSlav","UC-xA8eNn7pX6AkJJyyL2sOg"
"Dinesh_Ajnare_","UCeh4a4EI7WRr_oDfkS25u3Q"
"Ding News","UCB1QtlOKfmpGhxq8sOe0LkA"
"dinguyen8547","UCrE4fNgyF-b6EGc3mHUUy1w"
"Dinonath Mandal","UCas8oVmcPNvoDsYzei8qpeQ"
"Dip18 bangla","UCkg087sRGoLvox4xmD6O1RQ"
"Dipali's kitchen","UCrrTZrn0NkXHBzQLYOAgmyQ"
"Diplomacy Insider ","UCkABGRyyWcmQ4r-pZbDQlIQ"
"DiplomaticRelation","UCX_SyLn6mInaTG-jk8J34zA"
"Diplomatrix","UCGCclVX5u1oNv8IGLMYxCvw"
"DIR 44 NEWS","UC3bgU0NwqsIlM-hdEzK1piw"
"Direct Travel Vacations","UCsninNeT5AgC4ZKzMUy68yQ"
"Dirk Karmel","UCe05jCXjuKMszUTDLqP2g8A"
"Disaster Front","UCFIvPgtbtellJMb_gQ5OdqA"
"Disaster Space","UCPDBcYI8f8yAZowosrWX89w"
"Disasters News","UCazV4nLikQoWP0jylSQTLvw"
"disbanded account","UCXm_Ju79uArbPn1U4e9VwsA"
"Disc dime whitetail (normal era)","UCAZP7Vsni2-yvsLSMRCRonQ"
"Discernment","UCHTLKg2GjsuiaJCS8WBrjcA"
"Disciplined Traders Academy","UCRDkybMr5dt9-MEeywP7Nrg"
"Disco Saturn Does Anthems, Songs And Other Stuff","UC3126YPOWQne9h6pYC7tvzg"
"Disconnect Vacations","UCgjXzYr-fc_XCvBmwQ0XXaQ"
"Discover","UCuFnpipfVG__CH3H1gcs1dQ"
"Discover Earth","UC41Xg23N7kLdafbOQcd4yGw"
"Discover History","UCWi_EVnEVZWsxwfT1i83yog"
"Discover Neelum Valley ","UCKNM-mtDvOcUiRv_z-rCejA"
"Discover Now","UC_-ZUaZF3Z0Pgu3a93Y2Qcg"
"Discover Quiz","UCmU-W1SugQzzH3zsfiJhGZw"
"Discover The Truth","UCSOjbcNlcvi1o3tlqGc9lzg"
"Discover the World","UC-bQAMqnTjoWl3IhyYnD0yA"
"Discover The World","UCEAP2rv7MhP8DcL5YlGGgjw"
"Discover This","UCm66W0JFXs7yASlzlByO5dA"
"DISCOVER USA","UCFEQy-D5v5YMqVYaagxXPYQ"
"Discover Ventures","UClqOv5V4W-hpxq2pKFTh3_g"
"Discover Wildlife","UCRxL0nf9H3ZL-CeI8wGmPHQ"
"Discover with sabi","UCFCHxRGzSE95B0T1e_lazkw"
"Discover world","UCULXtyU4Ab59otiSeMX9J8g"
"Discover World","UCUFub8j6qZ-SMabdsiKBp5A"
"Discovering California ","UChZBVwOYQbI1UardSO_b0Gg"
"Discoverix","UCQF9YHNOYlFotla1VR_UW9Q"
"Discovery Explor","UCK5hc_2lkZPMHdnX0hIf6ug"
"Discovery Nature","UCiOZo5xraOZ49rM_UXkslUw"
"Discovery Spot","UCt2SFUIr0465xehjN4h3AqA"
"Discovery UK","UC9cGX5x0_EXkdfmWlvPbu3g"
"Discovery Ultra 4K Video","UCNB58ps5_6Iz77HnNIN4MuA"
"Discovery Vault","UC3EyMJDlGtPyPqef1Q04aJQ"
"Discovery wildlife 111","UCUzUkJXY44k2tdLkr_yuZbQ"
"Disko Adventures","UCgSsBXEQRV8Sg9fDKs9ED7Q"
"Disneyfacts_2.0","UCM-zt-uzuuZwsGbzRZcPnrw"
"DispenSound","UCaD3Uoo21j0u0GqYytkSfOA"
"Dissident Zoomer","UCVQ5FOuvV_3IkDRqGntM1lA"
"distantelephant","UCnIli0ypolFeEEfqE1JhLsw"
"Distorting Ate 3","UCCjAwCjeM0lyMfljGQQeCVg"
"Disturbing Da'P💀💀ce","UCifkF-gkBZPVZ8jBmY9mosA"
"ditch","UCSRGVLDMJv_SmCR_v65A5lQ"
"Ditch the Guidebook","UC4T7ayASW55_V5lzoAmFzdw"
"DivaLoom","UCc3rZIFXJ3B4txlBU5iCzSQ"
"Dive in Greenland","UCZkhTvHKUmkUnDFveeP5ocA"
"Divergence Zero","UC5rTwCOI1uKtElaFfeEVFow"
"Divergent Libertalia","UC6d6vnoXlcsLrky6qmJQn3w"
"Diversity Dose","UCA7OFaPJc_Csz78YZ-l2moA"
"Diversity Nepal","UCoK66EC6tVkYf8-YPyBNg8g"
"DIVERTISSEMENT SPOT","UCG_T74c-39S2IJ76aMNgHPw"
"Divine Angel Aashi","UCWO3ExuBC3kuAYTSSfFn9cw"
"Divine Pathsala","UCNxlbrZNdCnv8d9VIGjJ71w"
"Diving Further","UCqlRzpVBcNCl8VzLVVJyqFQ"
"Division Da Space Boi","UCK7kdHITH554VeMp406Yzjw"
"Divya Singh","UCOtMqh4T4K-mwtIrTE8uY4w"
"divyanshi555","UCLlhkHyLAzW0A6YkU-ZDaag"
"Dixyia Channel","UCX6pEIPGDYiiDoy3oZ7adsg"
"DIY Alchemy","UCWionQ3gm6jJUvSOMDter0Q"
"DIY Parul Creations","UCFVyEsZ1eQmxt-RSHslYUrA"
"diyalama","UCvlG_TFce6CzYhgRefNGg8A"
"Diyarbakır Çevre ve Kalkınma Derneği","UC6yR7umZR3Du52_EMCV0VIA"
"Dj Puelma","UCkIIHr4g2JOPNIzWr7rusDg"
"Djaydenyt","UCpuh42bkB-4mD3Qh9OP6Fyw"
"djf1231","UCi1Vswu6qDq08SQZlTpdTNg"
"DJGENESISDETROIT!","UCPPB8xe5f6kI0KduBcjlq8A"
"DJI","UCsNGtpqGsyw0U6qEG-WHadA"
"DJI Enterprise","UC9gLvca-96qDQBmjEQtOwoQ"
"DJI Germany","UCkq3OD_Q3Gh2Np7xL6i4u5w"
"Djibouti","UChNPUD4HQiiT_vF-HlgOHmg"
"DJM","UCUquwWaemnUQzOlZtXghmJg"
"D-Journey Junction","UCXwOKjxt6xkmhOIdcvZhSwA"
"Djukin","UCxlcCX-gE41QuI4Fm-p-smg"
"DK VLOGS","UCN2l-O7KXdnBusp7EAoxGZw"
"DK2","UCihsyLFo70HtPXzYmteAoCw"
"DKNOG","UC5j7MTZw7DAKlbUidlwFUdg"
"DL Hughley","UC6B_HuuSaR-IDsKuJVK0LEw"
"DM News English","UCxsIC-F5rLSSJrmU9_bDiEg"
"Dmitriy Gnatush","UCt_TRupE_es7WmCNCClQhbg"
"Dmitry Dukhovskoy","UCcGkXQFja-p_S-Y8GFd4lEA"
"DMMEDIA 2.O","UCpj1BPSHWlrxh6A_3-wroJA"
"Dmytro Zavi","UC6uP622TSVez7FiIk4rZW5g"
"DN Anthems","UC-g2Rb_rM1j6fj0H23lEiXg"
"DNA Uncovered","UCUcBlHLkNVKv0Bw4V5HWJuA"
"DNC Media","UCTRPE1rrsKYZG5GYhq8elmw"
"DNN","UCUqNIZp0A3gmf1qKrlAua5Q"
"DNN","UCrZeCSbjOuMW5ivLa6T60CA"
"DnSMills","UCEcEKTKyj4U2izLOwb_IIfg"
"Do Pacanowa","UCTzoyJj0gqABvlEPFtChQBA"
"Do You Know Us","UCXtRy80ISLNo4iYULLPdNng"
"Do You Know Why Facts","UCAFIlaMn_zUf07oVEQE-rbQ"
"DO7OK","UCN-A6CSjzX-iPTSx4lG5MWA"
"Doc Military","UCQag9CGKYFcayKhJLtmEhgQ"
"DocSalmo","UCTaoOJCabfb5m6fFb4vxo9w"
"docthemetalfreak","UC8kpKzK8wu4keCRZrEF4e7g"
"Doctor IF","UCjBFkHo5DzImGBckaFEl3Nw"
"Doctor Shawzy","UCdbUvfBDGaX8Qzj0dYtrfYw"
"DoctorK_in_Denmark","UC1HecmCo-O63LY_s48a06_Q"
"DocuBite","UCECJ-i3WsSMUq-byF5nZDyA"
"Doculogy","UC8Nm7qw_md-FhDrbEyFIS5Q"
"Documentary Mind","UC9RgI1wE13FvpAD6CYWPpIg"
"Documenting History: Trump 47","UCXSWqpPp35vQhlSVcSc9UAA"
"docutainment","UCoVXvrDiKGxr-NA82IRQIMQ"
"DodoLuluPepe","UCUvJzc3qvQuCIIC1RwVn90A"
"Doel Universe","UCU7xX08kFDWj6L-mZwjyBaA"
"dog_express","UC-O6Eb0dxt9sA_dsmT-FUKw"
"Dogmanchannelyt","UC6uyl8OB7-ClrK-5wqF_e0Q"
"Dogs Wiz","UCXhwiMRxiZ3cWOY7F-MYvmw"
"Doi Hin","UCuPraEfwjFrd0q73DII_01w"
"DojoVlog Facts","UCl8AurovZa-j01_45Kd943A"
"Dokdo Studio","UC66vFJ7HzjDiUabDchMUuHA"
"Dom and Josie – Red White Adventures","UC9OAT0J1-t4q4SiDG-3NW2Q"
"Domenico Lapietra","UCpT2CLz4up3U7eXmSNA2trw"
"Dominic Neil Hug","UCDmiTnf0ZJOCr4JZ6wFlw8Q"
"Dominique Bleichner","UCLZBqQ79_sBzpU4xI2CE0Vg"
"Dominus Cigars and more","UCRbN5TG_tLKTAlMrBH8iTng"
"Domstructinator","UCqVne0XWNJcomLvxpmBSp8Q"
"Don Figo","UCES2Vc_gBK6tJl5oMpFuWhA"
"Don Swanson","UCyd1T86Zgmli6uCTwmkxN4w"
"Don’t watch this channel ","UCDVCepM7UFR_wF4fJbfFEHA"
"Donald","UCWgvnfegHbCbIkNQ12snmJw"
"Donald M. Vories","UCjqbsTYVFRkTxPo5UOthfRA"
"Donald Mudge","UCD0cO8Hyizt7ntwbg3WA6zw"
"Donald Smith","UCucDsKiTMjwDimjlA60Qr3Q"
"Donald Trunk ","UCN79-rFVWGnFs72QYOIbOkA"
"DONART","UCfYkEm04hyWuoycZtG7HAqg"
"Doniasconsultant","UCMMCJ4m5CRPGoAdzvEbvSEA"
"Donna Flamino","UCpkMQoedHIyR0b_l1M_sKIg"
"Donny Alamsyah Vlog","UCiGE2h_pGyUPDy9gHYaImlQ"
"Donovan Dread","UCELqmFrwBI8cEgAUp8o3q4g"
"Don's Family Vacations","UCXI8D72GDxDww2oE9DPoG7A"
"Donspertvchannel","UCgnDUeVTmA82EgOVr3H2HIA"
"DON'T BE A FOOL","UC9yCKLVIEoMbmcbMGG-4Yog"
"Don't Stop","UCWzWp2R4p2tZwLjfeqDolag"
"Don'tSubscribe","UC_7K5gOJJ3urQR53ltIck8w"
"Donuts & Grenades","UC_g28vBHUwtnOGQCvomP9Gg"
"Doofs In Disney","UCiGF1jmfULF_8FWXmzyejOA"
"DOOM Slayer","UCj4ElJjgEJ18a2DqLws3d5w"
"Doomscroll FM","UCCz-aJpPpWIjly9O7po9oMw"
"DoomzyEdits","UC0A-09JpAfcEnwHWnn4Oswg"
"Dope Sauce","UCZzVnaJ6wMotBGkDuf2COTg"
"Doqe Gaming","UCzzIAe9YczfIyKjkKi5a0VQ"
"Dorin","UCi1_cOLvivj12Vdxy45mrfA"
"Dorothée Adam","UCgMdzcFQHmw4-AtKcwxS5Xw"
"Dorte Zeeb D Z","UC6u4HLUWZcT03FBDAfs1xKA"
"DoseOfAsmon","UCkWxVz9J5X_rjcuOsNXujhA"
"Dost Da","UCErVfav74R4hPCc3tFkh2jQ"
"Double Knowledge","UCkVOz4-3VaVYFKikifrktXw"
"Double Story News","UC3PGOpCUjoz7JUFs2GBt_lg"
"Double Toasted Bites","UCfPbsFe1Y3U9LFYNUUG00AA"
"Doug Hardman","UCNfoXCsTIfP21AlHhdpQxBg"
"Doug Kirby","UChRKKMzwjO07CymNR1j7i3Q"
"Doug Smitheman","UCWGyCJme29w9aJm915g7IAg"
"Doug Spencer","UCbdTQPFR0r-Fq9G2bzaZZew"
"Doug Sturgess","UCbee0vXgIrUarcNU7KHBZeQ"
"Douglas DeVries","UCJE8hBXw_7ldQuzexkFWvPw"
"Douglas Lauder","UCsPhad4zKfRO9dQa3SELxbA"
"Douyin Trnd","UC91qRbFn8BgfkY7Dkf31dlQ"
"Dove Digital ","UCK0h5Ew3PMqQc6XHn7C6OnQ"
"DOV-Riolu","UCF8SjHt0pOL9PdGstXlz7qQ"
"Down To Earth","UCIB_MLJZL0T_s5OUuqhmbVA"
"DOWN_TO_EARTH_69","UCZ3aWXZjZtidBxssCTNcf_g"
"DoYouKnowIt","UCepD-YAiJ27hr-yd1jgPBzw"
"DP","UC5I8au1fuh2e400W6B5wj7Q"
"DP STUDY SPACE","UCpeoS41nQd3KvLUYr-_YPvw"
"Dr AstroGeoTech","UCZlLMa1ZKw5Vp500rvLGvYA"
"Dr Ben Miles","UCUeZBocfxALSUdOgNJB5ySA"
"Dr Davido","UCYX1AvOoELiyQzB4CUe9oYw"
"Dr Dexter","UCrO5BnFHrUei2RuxCkA6c2Q"
"Dr Gilbz","UCjaBxCyjLpIRyKOd8uw_S4w"
"DR GK QUIZ HINDI","UCK2ruPP1gwyEpSkwo-B4RwA"
"Dr Joseph Ierano","UCDCR8eAxhGF1bzjQxfRIgSg"
"Dr limacharlie","UC_Sb9qJcugcwpSSvIYFEJsg"
"Dr Nail Nipper","UCcESIbnsKwNja5sDtIQ_4bQ"
"Dr Raoul McLaughlin","UCGk9VXhk_l__aLVp4Yp90lw"
"Dr Reacts","UCQEPbQrFtygpR4r9WCizEyw"
"Dr Sharifah Mazlina Polar Explorer @ Kiamat Iklim","UCvduUpnKIaflZ6m_Sk3d6Gw"
"Dr Spiritual Sophia","UC-8sXQKgzD36xyxrvYCTu-Q"
"Dr Staxa Facts","UCMAMchE2mrlXOTitSe2xX2Q"
"Dr Venom In China","UC6L3YHt1xRzZgHZnSHzbHaA"
"Dr. Adam Norten","UCNuOvghpSGAEAKwWfTLVGQA"
"Dr. Anshuman Agarwal","UC1cJKb3vvNVnsd3g-jMz8eA"
"Dr. Charanjeet Kaur","UCGcLhIhNHUtZA5qOpte2N-w"
"Dr. Christie Agawu","UCvsEGDtanXLv3ROdC-yK5lA"
"Dr. Conservative Lens","UCzBNEXBPNCvEg6y8wevmwqw"
"Dr. D University","UCzQkD03sHOsuYZTpeVnuC6A"
"Dr. Dan Mason Ph.D","UCL_sGZlu9o3SMCFfPm-r2Pw"
"Dr. Jim","UC6qAx0CkGalK1SIjOVAXrfQ"
"Dr. Joel Duff","UCKFGXH_YUdWE-n9kSV5sg3Q"
"Dr. Kia Pruitt","UCtGw98WeVPbcZQqUrZLOflA"
"Dr. Know","UC21vZWuKy0FunAdTZYURvhw"
"Dr. M. Nasir Gazdar PhD MPH","UCsIt-dZL07W4-ie8xLpQ5Iw"
"Dr. Sajid Tarar","UCbxw8pdt6NxHanWLrpKkVGg"
"Dr. Scott Young - Patriot who Loves God","UCvk8zFWcrbMsUN9loqiZH2A"
"Dr. Steve Turley","UCCsiAKRKcgzA_372WbXNBaw"
"Dr. Sudhir Gupta","UCLgiUk5VYfE2W0xtxzilc2A"
"Dr.Gabriella Korosi Creator of Communities and DEP","UCigEzzLFCOFEFX1dGfBpBKw"
"Dr.hdr_vlog","UCSlnODHTEesd44_NNx7pC1g"
"Dr.SteelB","UCyqoEeUPD-T02IL4GiPWHtA"
"Dr.TimsHistory","UCEOUB7TAltvaj6J8Clzv9eg"
"dra9","UCFJ1DlCbFnF5ONxsJko8-Wg"
"Drafting Travels","UCVQRNIpvRBzqu-y_5DJYBhQ"
"DraftSpark","UCfjScVG5slmDXCNDnK8ckMg"
"DragBrasilFan","UCIPY2GPkaWLE7pHQxfxABuQ"
"Dragon","UCnd2ozRdihIvLjrpq6hSCdQ"
"Dragon art 1412","UCTH8CIQ9SQMzBNDPzqdBHIA"
"DRAGON KING  INTERNATIONAL  TV CHANNEL","UC5ARK7pT8if0hbpkzMnSGSw"
"Dragon_ Nation Gaming (ZickZack36)","UC_MBu4KPb67VVl4ajVT7FRg"
"Dragonfly Gamers","UCNa0dPhCA6DRFu6Ptb1mifg"
"DragonMidMapper","UC2yFuMhNkkLamYq-lAiLVDQ"
"Dragons Galaxy","UC6QEQ_K21vqE-GqEOR4ND7w"
"Dragonscape Mudfossils","UC7v1B7N57sWqb2mMt4mXK0A"
"DrakeParagon","UCpfax0gLoUZMqw-ROxX77Yw"
"Drakteve","UCF-ETdjnet5t5cDCFChObXw"
"DramaTrail Stories","UCOUPsgo6ScOtC_is1wW2QRw"
"D-RAPTOR","UCVc097AvhKhWQNdjD56pa2w"
"Draugr Ballad","UCpFGvuxYvNwpME8kTT4XGDw"
"Draw Animez","UCBfi1sGTUVtF8lHMA1p5rkw"
"Draw for palestine","UCV143vQdb4otICSodwA_jVg"
"Draw Spark","UCvom388QU9XHS3dxc4KlLvg"
"Draw with Banaja","UC1E_-e7GLfl0O0TxmmDXqeA"
"draw with nitish","UCbIaiTy53tbIlO7XNfDz7sA"
"drawing darshana","UCvaNBKJmOoONpfVa5P4nTqQ"
"Drawn Through Time","UC2Q2ONAUflM_PFrpVjRrUCA"
"Dream Artist Editor ","UCR0hO0Oj1h7EOrfip5ArAhg"
"DREAM becoming SUCCESSFUL","UCnUadPZQLTIxBnUsdh1_Erw"
"Dream Book","UCBTUte6G1lFHsJjvYta2Pjw"
"Dream Flights","UCrqbkd7_fa6oF7gcc6AsadA"
"Dream Habib Network","UCdLIVDUDfRI5OulnGnj2Y-g"
"Dream Orchestra Sweden","UCe3gkwz6I_pRb8qrX49NhVQ"
"Dream Pixel 99","UCf3fToknJisHFBm2zO2vWQg"
"Dream Travel","UCDRfZ0gH8H4G9ZRnZCVondg"
"Dream Travel","UCDukZ_euUFdrL7KyfRLPshA"
"Dream Trips","UCetYFjkhf7S7LwiuJxeC28g"
"Dream Trips","UCeGK_u5OCh-25u4GkKlGe-g"
"Dream World Max","UCMqeK9vJy9YhcFNV7heCHkg"
"DreamByte","UCkQHRcCdE4LF5CwX6HVF6LQ"
"Dreamfuelers","UCR5FUCtNA_UwlYsQ4spcvEw"
"Dreamholidaycalm","UCyEd9DzXpd_GqylBLD1gP3w"
"Dreams Come True","UCKVE88gmGZQ64-HkBe1Vbzw"
"DreamScreenAI-w2c","UCqX-F_e6NkvpUIfsW4xZwKg"
"Drew Binsky","UC0Ize0RLIbGdH5x4wI45G-A"
"Drew Durnil","UCPcABVoFfCK5gDfX0PY1KGg"
"Drew Gutenson","UC5JzSm_cCrJCP8jPHA3pO7w"
"drewfornow","UC8rKtMaeIXhVmtvyyqIv6vQ"
"DrewShorts","UCp8FaA-DeSMTpPRdgfN-Owg"
"Drey TheGamer","UCNUUJPqGGno56q4vKXDyHUw"
"DrGariS","UCs2mBK6qZx3S1rXD-ATfN-w"
"Dricks Shorts","UCEjhdt-c-1L--tS2K4rtRxw"
"Drifter Dave - Travel the Unknown","UCFUp9-7NB0XFG5qX--l-vzw"
"Drimy Bay.","UCFLXPFQFhbgct7V19MfGKFQ"
"DRIP MUSIC X","UCJAtPmoLI7t4cfw1lvI0VQw"
"Drishti IAS","UCzLqOSZPtUKrmSEnlH4LAvw"
"Drishti IAS : English","UCafpueX9hFLls24ed6UddEQ"
"Drishti Shorts","UCM9hgsx2MJIBqgFUWbzJHXQ"
"Drix","UCvLIbHPdUR86acAj-pw9fPQ"
"Drix 42","UCVbDtNg57N25c1E5iLqXx_A"
"DrJasonJohnson","UCoPISf27rcNfKh1nSV69NXA"
"DRM News","UCrvG04V6wbOau6fVJI01OlQ"
"DroitAuBut_Calvin","UCwgzPlXwLhA5u_Vn-Cr2EYw"
"Drona Gaming 2.0","UCxLAdkEIsGEU692XOB7Wzzw"
"Drone FootagE","UCw6xSPRwY3S8hxV3ndc3mBg"
"Drone lovers","UClDI4PGWSUqFJ1UOddv1VRg"
"Drone Snap","UCbDH6Ga-wuaam2IHqAxm3hg"
"Drone Stooges","UC18rl7bTz7GKlf2uq95FBoA"
"Drone The World 4K","UC2Nm4lkGQur0X7uDpCyxh4A"
"Drone video","UCYMDmDzBRnHDRUgvl4Yr-gA"
"Drone Video","UC7otNQfk-ExVm0ottpSI5OQ"
"DroneHead 123","UCZ-m_jZveh3bAR8bi9V1Huw"
"Droneshots","UCb34Epp9IgQXaRAVHMS7ZXw"
"Droobi Wanders","UC_CS-q37tp3ntgmH7liU5ZA"
"Drop-Out","UCD-zZFXXO-wzM0S2PB_RoCA"
"DRS74 Water Resources.","UCFW-pgVBo_4QLru4TggANXg"
"Drunken Irish Bard","UC3x3Yr9tVIC8NtIvWa0L3qw"
"Drunken Irish Bard - Topic","UCNc9JO5ez2gUiEiZvw_NcCw"
"Dryads Outdoors","UCU7n8BsQ_tux3wtiJrMzgTg"
"DrYouTuber","UC8ty-jqedSRF16v06hVPXNg"
"DS CHANNEL","UC14pMh6An-WY69mC_hq-HXQ"
"Ds facts telugu ","UCatcd5uFwu5Efe8ByFJxKvQ"
"ds tamil gk","UC-1rBZi6Nhmb5El3_rftJbA"
"DS0001","UC-2tjq2Ht5jktyMCt6l35Eg"
"Dscompany","UCDVTQJ9kBPNXf7psmFDFUww"
"dstirz","UC2Z39G_BGbMZPES2x_Jjilw"
"dsy official","UCNHjwmSiRGwfxcO91PLAMsA"
"DTC","UCjBWylRNKvmxSXXUvXKcnlQ"
"DualMind Growth ","UCsBp5Byo41jvdU91eChH-Ng"
"Dubedo Travels","UC31bO_2P-Q5D25up7p1UqAA"
"DUCK UPON ROCK PRODUCTIONS","UCG_V3AvxjB-0Fkd7pSsKJ_g"
"Ducky","UCACbqKanQSrT8Cx5-8DFDSg"
"Dudung Gala TV","UCLvaddseOsJ9bZ8zdAhB_JQ"
"DuduTv ","UCOXE8SmmCe4ft65gxqR6g3Q"
"duerdig","UCZtGcvMFrEt79un2MOFFTnA"
"DuGarx","UCT_WVVgmVn3hamZ1gkF6M6g"
"Dumb City","UCGXNUAxGEjSpqV_al8IpALg"
"Dumitru Marian","UCeicP-InrFlt6M67juYtckQ"
"Dummy News","UCG9ldkzzawrg8k91ctZ2OTQ"
"DumpyLive","UCei8zyA24jx_7iCjZdt0DTw"
"DUNIA DALAM MATA","UCxr2HPWh5Xh7D3ItLbqBaRw"
"Dunia Dalam Wawasan","UCWtMxuWxIstb1pW8DK20RCw"
"Dunit vlogs","UCjURg61kIGZHguo1QFE2Z6g"
"DuniyaTrip","UCqrcWAGFUgUfo7z3Tr9quSw"
"DuoGetsRekt","UCKE4ADQvPVszDoE1DA3bSWQ"
"Durgesh ","UCST33TC2v6-d-LCLkQJ5MGw"
"DurhamUniversity","UCmY_l-JTJH-ztouzuc9pDMg"
"Durs Productions","UCmBDW9rzs4u0oK7FDLOvsJQ"
"Dustin Deweerd","UCV-jcTrGx6N0lNQpfdY72jg"
"Dutch Snoopie","UCD0azQVcn-apKxMh2oncYTA"
"Dutch Utrecht Mapper","UCUSywCLLtDol9zsQZHGPGBA"
"Dutchie Dee","UCM0iieD5RQ6c2GyJGBG7J_Q"
"DutchMapper","UCvBIHk21GYeO_FJHNQU3mKw"
"DutchNationalist","UCAk6BLOYVK_rqG9wfMRpxDQ"
"DutyDiaries ","UCpIyx-628cKa_1varyhwkjg"
"Duz mapping","UCGY8I924Hwd1jcCiYUxjQpw"
"DV8er","UCyH_gLYFz6AZ_Jzc01KwJzA"
"Dvan239","UCU4skj0CB5A8OyVI1lGoPKw"
"DW Documentary","UCW39zufHfsuGgpLviKh297Q"
"DW History and Culture","UCXD5-f9urX1Foas68AL_HHQ"
"DW News","UCknLrEdhRCp1aegoMqRaCZg"
"DW Travel","UCAjA4SbeRNqig8NdNszDBsA"
"DW_videos1","UCAzW_wtk4GwBBlW668A3KZA"
"DWAYNE THE DIRTBIKE BOI ","UC3CSTqdpUwpPPcseEBrsx5g"
"Dweller Between The Waters","UC8n3dC52PLUeA8BGSiBKOeQ"
"Dwi Daily","UCceJQqrwjpqZVGYRaqDa6WQ"
"Dwi Karmila","UC4tDiE8gW3fcmdjNIv5Wgvg"
"Dwiki 08","UCZOfeh4yoz2UiF6btgVzSyg"
"Dwines18","UCVUAYsUJiPSejwA5jMRp1Gg"
"DWS News","UCrrXvYmau-9oMA6XJKZS2fQ"
"DX_Study","UC2dcqZRfUa0Ekduu-M_l3Dg"
"DXB News Network","UCZHYpwn-EbdTFbJ3-qQx_Yg"
"DYKT_Didyouknowthat","UCzj4DdfOMxRWNqK3mksQmMw"
"DylainiaMan","UCA--mWeD_sEUmXaIkv2KWEw"
"Dylan2811","UCQsNQ4Tvn6HAxier0Vz1Bhg"
"Dylanperr","UCMtZG-3ehaXtaKuZKhRmxZQ"
"Dylogaming","UCP0-Bp7q2pa9No4M3f_KaBw"
"Dynamic World","UCZTE2Tgu7OgEg2IUEGqjVnw"
"DynamicNews","UCyYX-cE88wn9DI_E0cWXK8g"
"Dürerstuben - Topic","UCmrYjeOSlTGBdxKr7q9yHRA"
"Dystopian Daily","UCtxtHrx_zqIY9vvzpXl67xA"
"DZG","UCi7NFEHaa34k360Nd4IEkHw"
"DZN_Aviation","UCEnmyS0y-a9esEyhldZC3xA"
"Dźwięki Bezsennych Nocy","UCTysWnB9j8XDpFvZJbN9iSg"
"Daala Amossen","UCZKeCa9fd1Rxv14Z4KTA7Ug"
"E Ater","UC8MK7KB_7TNXtOWnwYYS9Mw"
"E R","UCUaWRy223G6jvFvHkY7_Msg"
"E. Willa Simpson, Scientist ","UCNsVnXRsx-IETUG4D8IrJZg"
"E.X.O Facts ENG","UCmJewK_TpffjMqMbd_o3bjQ"
"E3coach","UCCPjOk5Ge7td3UW2ZCMNPMQ"
"E8 Markets Hub","UCihhdB50ZPGNDA0r5qkLebw"
"EA09 studio","UCHr5ntWx4gS5pxv7CzhLV7A"
"Eagle Eye News Live","UC4UOYzXwreq06GJT6ZxzPxQ"
"EaglesWorth Tv","UCH-N9M6ZNCUSirquy_ZXKoQ"
"eagzod","UCn3NJLsUSqplVGhNYPcTXvg"
"Earl H. Roberts","UCpoNoOVL671ymVqHDqfEC9A"
"Earl Jo","UC2cbFwRitX0DLMZ3SI8vvBw"
"Earle Ford ","UCp0DMdJwLdcxOteXR4gpw5A"
"EarnSreamXx","UCLf0DBAZs9QB0BW_PUC_mMg"
"EARTH","UC5rm17WQ9xnfyASWDzNCqJQ"
"Earth 2 Class Workshops","UCadTrEtrumYSGOEcfMB4h-w"
"Earth Adventure","UC0VZe5vKiBR_fECTq1iB3yg"
"Earth Alive","UC-2QknVciT4eYzrEhY33tWA"
"Earth All country","UCNL0hoxD82k6V7ufWKLmKxA"
"Earth and Cosmos","UCRW9-xXnmSWsNQ6LQcHhvHQ"
"Earth Ball","UC2FaS2Dxd7TKunb-g1QwKzw"
"Earth Beauty / Wilderness","UCH8A4OegBDfKaMlU9iiTbrw"
"Earth Central","UC1Paaw2C3u-n2e6jQtIvnjA"
"Earth Curious","UCBnzL5HkOyeXr-hHRtBW9Hg"
"Earth Discovery","UC2P5kcw4k5xnPk8fWXuahFg"
"Earth Edge","UCIrOpeDn_jCJZADjbf8Tcsg"
"Earth Events","UC8i1X4YZSJRWoRDK-irH2hg"
"Earth Explore TV","UCVDHfWVsSCwiYWecwzOZg8Q"
"Earth Facts","UCqa61Z8Fzow3m0E4IOAU_kw"
"ٍEarth from Space","UCjjh-BUkm_6G2p5GXzVCNkg"
"Earth in Chaos","UCvpipUeqGRUwDGHQECWvUAw"
"Earth Infinity 8K","UC_3QmCTkBtjNTxaFH55w2xQ"
"Earth Mapped Out","UCkpXXLGSqs1OdcgrmnIociA"
"Earth Odyssey","UC7Yy81PIAl5SceAU5JHxlww"
"Earth Percpective","UCTOWNS8ha9Vruplsj_nIQiA"
"EARTH PLANET","UCkEO3IbAzaPit9CRjFF5ndA"
"Earth Planet Ind","UCG3wqasmlHR2P9huUJNkCpg"
"Earth Science","UCYHlSWOaiAvDpkK2c5tzGCw"
"Earth Tour","UCnmFmxB4oIup0gmrAwDGSZA"
"Earth Uncovered","UCV4zCRiLRdVJgMCtf8SX6tQ"
"Earth unsolved","UCZkWdV9ChhTaOa8T5hP8hBg"
"Earth view ","UCRdOwdZYa3OHAj165Rt3MMg"
"Earth Vista 4K","UCFnFAtTOnrLWdkH7iOlikmA"
"Earth_Linus","UCEzyI2e826907c-XO7PfaOA"
"Earth_zip 🌏","UCwkRfY7F1hZmxKjQlfCkVaA"
"Earth360World","UC0OSQPcShytwiCqHlm9bomw"
"Earthdisc1","UC75F7NB47B_T2893gqhV4gw"
"EarthFilesEarthsHistory","UC_b0h_be2_7SqtBtxmNS9JQ"
"EarthFlows","UCj_jwlnHHslI7B7PVQTKF1w"
"EARTHICS","UCPGmExUfr5uwQ_cmKtC-RHQ"
"EarthIsAwesome","UCD6vVBl1FCtKgeC9gUNSyvw"
"Earth's Jewels","UCyM8MwDAQMouZtdVWUijlfw"
"Earth's Marvels","UC50EPRH759hCzYqhtL6S9Vg"
"Earth's Wonders","UCgQL9LWO-DAAoSTzZdrkPKw"
"Earthscapes Travel","UCOl2oX_MPM0vSX7k8TKogMQ"
"Earthstic","UC6eZ755CxrxsK-aEhnLeN0g"
"EarthWatch News","UC3MLcVLMWbScIXZozp45IeA"
"EarthWater's friend","UCxY11X8MYdaQved01lkXo4w"
"Earthwide Tales","UC9avJJ880ZWV2MMAaMWovxQ"
"Earthy Adventures","UCvjXSMDmlOYfzuKl-McQ_1A"
"EAS Alarm YouTube","UCMWxHKX5GQb5Bv4l5EVW9Iw"
"East Greenland life and a piano","UC-WjUlqRDpF4_ffsiLwRTrg"
"EastCoastKat","UCuFaJS6urTmV6Qr3puPW7Yg"
"EasternSeaWolf","UCN8e3uplxuyihki9VK7d7Dw"
"easy art","UCFeJktreWQI9_LfzAoIGtqw"
"Easy Arts Easy Crafts","UCQse1Brmt5K2m9eJrCEBYqQ"
"Easy Documentary Travel","UCteY3u33D92y3vIdTcQH68w"
"Easy Learning ","UCUVUzTVE75C96bxibZ0Tu7Q"
"Easy Million","UCuj6ezxtNcmODWxjnSkHnDg"
"Easy News Digest","UCPv9W2VlqKNqQagM8ieTh9w"
"Easy Peasy Breaking News","UCsE6Xj4TUZSkRcIQYAkhHKg"
"Easy Peasy Finance","UCZl9ry5ew_2YeCQ6ECk8sxA"
"Easylife Travels and Tour","UCraElifJRERVXG6QCr1qGSw"
"Easyway To Explore The World","UCB3rSTU3le1bkC12S5466AQ"
"Eat a Donut Aviation","UCwUd6_O6llfb3jv5xXcmW9g"
"Eavesdroppers","UCDkbEQs_I3Ltv5neiTF0ELA"
"Ebarlig Gliva ","UCjel2XCSMm66dVQq04ynN9w"
"Ebiskinews","UCaMqng8xClZ8BbtG1HpBu7A"
"EBS Kids","UCRTa5N3Kjrhg20Xkd6v2qnQ"
"E-Champions TV","UCv0GmHE_bOO7Wab6BwhEoRQ"
"ECHO PAPERS","UCgDRGqNBL8SVNagDrUuE-aA"
"Echo stories 2.0","UCmboWP1zqxuVCTw-VXf14xw"
"echo tours","UC9mtWcwNNxlL68aWbXySUlw"
"echocasefiles","UCju6A_ETvvx37GNWf-X74Rw"
"Echoes & Diaries 📔","UCa3iDdN_46CrcX9kwMY6Czw"
"Echoes Behind Hollywood","UCzHywX6P6q111asOXcHdsIA"
"Echoes Hub","UCsyG3HVd4FVfq0ycjAijjfQ"
"Echoes of America","UCxHRLDcFb6Dsa0yIH0sHEZg"
"Echoes of Conflict","UCdBQxfHLx-RfsGEfr62DshA"
"Echoes Of Eras","UCCf49XuGT_Djf-NUB-lQfAg"
"Echoes of History","UCsa9Lb9ojt8wfDhwpYtN9Hg"
"Echoes of History","UCW9CCH7LUDWSo80zN-X3xng"
"Echoes of History ","UCYO_sYmc1DGvW_K2LG__-vg"
"Echoes of Reality","UCmPZwLrx6fjl8G22JZhNWhQ"
"Echoes Of South","UCS9s39Hajt5FQ0HEWcIg1Iw"
"Echoes of Time","UCxXH4QPUvDzHribavngcKnA"
"Echoes of Time","UCJnfezSiQSJlOq3jvmyWcGA"
"Echoes of Time","UCmBiKmHFRyvKukOhW0OQv6Q"
"Echoes of Time 84","UCe6ovjSdLVLFBnyN99NA6oA"
"echoesoftruth","UCqJ0WjJi04W0cc-c-aAmXtg"
"EchoSphere","UCHkOga0GTbJH3F_oBnR_OYQ"
"Eck Hank Hank","UC9CZxqEygl952xnacgUKdtA"
"Ecker Geopolitics","UCqJCkPNEg3KfuOqAaAwXObw"
"Eclipse2024.org's Eclipse Simulator","UCeh8wjSZoPajyNbcG5NzBQA"
"ECN","UCSuI6QmSDCfLnKk_sXN9XVg"
"Ecocentric Media","UCnBXu-tq9DxpUwTNoR3eD7Q"
"Econ Files","UCSH476ZEhkhCtTT2PY5VRkg"
"ECON MATHS","UCLevGSmGXat0V3nIsMurjGA"
"Economic Breakdown","UC7TzeG_GaUKz9mDVqZA-vtA"
"ECONOMIC GAMES","UC7nVK46Hi7a4WU-eE-EZIOQ"
"economic histories","UC2jduZtzAnLSG7Afc-6_56A"
"Economic Insights","UConvwgSHZL6PQhUOmOEvq7g"
"Economic Journal","UCFVZSV0EFO72iB9FxGq8jzQ"
"Economic Stories","UChZd0WiUHvMLVNYPrw70GUw"
"Economic Warfare History","UCFUYmezCJDN9_F_kvPbxVWA"
"EconomicExplorer101","UCytUKmJjKTi8QCH_RjLv5nw"
"Economics Explained","UCZ4AMrDcNrfy3X6nsU8-rPg"
"EconoScope USA","UC__h5svuXzetlNkXfnc7QYg"
"EconWorld","UCIQ9JmTOljcfbbxu12mYpjw"
"Ecopod","UC0bgtrk5LUsuEup4YGw04rg"
"ECP GAMING YT","UCxtowo8YDkkVj7F-3gK_F_w"
"E-Currency","UCb5n-0yeNeR4nKSIj8HzJgQ"
"ED 4 ALL- SK","UCD7R72Kji60SDKsuc7mZ1IA"
"Ed T&t - Edu with Traveltech","UCqdeeYE14pGcw3wfgoyLWwA"
"Eddie Florano - Topic","UC1PsChHE8QKQZwI6xKJTuBg"
"Edes Kajak Kanal","UCtkeoSOTYxhX1LZ6cJ4AxhQ"
"Edgar Muenala","UCChu3dVmU8FAgdtcAtDKxDQ"
"Edgar Muenala - Topic","UC467_al0XoXldAM6NA11ndQ"
"Edge of Survival","UCRVZ-yZxzfiXD_kgdumCM1A"
"Edge Theory","UCT5f3-2_yEkotgsPXzE0bnw"
"Edinburgh Geological Society","UCPYcOiV-w9rgr_nb52ByV1w"
"edit aura","UCb0PgAnMTwuHwgfy6eJZyUw"
"Edit Home","UCBWTssX7h5MGbz3H4ibnQ1g"
"Edit with omy","UCKQt4Pq1vDc4-zMP3pJCX7A"
"Edith Guobadia","UCikQ7emPKjhALWQxOcQHGXg"
"editing videos","UC4gK01fFCKl9bFzB40Espiw"
"Edits MukeshG","UCPFemX6Rioygkc3gqx2V3Jw"
"Editz by V","UChyENeLhS7LNIAbaX-tekiw"
"Editzonek","UC99R2maY0MPVBIs1bXWINrw"
"Edmartv vlog","UCqI7WTzFG9izpk-GXSAAVKQ"
"Edmund","UCe8xEJ6BKA1Wcp6HywvmlVw"
"EDU TAHMID","UCSvP7Y9y7egkF8nnqhMXqDw"
"EDU-ARCTIC","UCAXMalFigsqOYQjjfbAc0BA"
"EduAwesome","UCtwECjSpsKNCxqt0JNPpveg"
"Education 27 First ","UCay8KqVdtX-b_mUgrggyw6w"
"Education Karega","UCr2rM4lxUHfqgKaxn4OfIXg"
"Education Shots by Anupra","UCo9ajAR28tXNT474b41NBsw"
"Educator Hub","UCF9LZ-3DeN_DfC04sXRlCdA"
"EduMinds","UC5E52biby_GsEqPpbnwi1Cw"
"Edumuije","UCg5CDDIzaLcdvarU6QExZ4Q"
"EduTips","UCeJVsjsHo4wqthbRKAof4xQ"
"EduWonders","UCuywV94m-4p-75z78QZ7RTw"
"Edvin Čakić","UCMexv8pyS6wjPCpVVjzdjVQ"
"Edward Hasler Photography","UCYnLgiDMxUB3uTkI6EnuDKw"
"EDWARD KAPOGI VLOG😎","UCkaHGqsxnaTQTB33mUUMqxg"
"Edwin German","UC0MqpWJV93D_5zW_KX4JtKA"
"Edz Paid to Explore ","UCH3L0kt8VgQu7SqYj_weK_g"
"EE_CB","UCV_oUfn9WQU_QMCm466VnMA"
"EF_Meteorology","UCug9D_gLoRz0fNtkCRcDXDw"
"Efecto Lupa","UCef4F9YrDzd5706oslkBmZQ"
"efootball25 ","UCtMmJsXfZURyx0qX3EU0gTQ"
"EFR","UCVsv4WgPkVjJRWP_ZS4jw4Q"
"EG GEOPOLITICS","UCfSrGc5xK9VGW9_PLTighaw"
"Ehsaas Music","UCXbvgRfo1UyI2xJeKwv5-Ug"
"ɘʜT ᴎi ƚɒʜW","UC5_fBlorABJKDEwVQGEAhGw"
"Ehtisham.50cal","UCxICvj6wZ9PTEZKejjVIlww"
"Ei","UCxQAyoxqIOO_e_7o5Ci_24g"
"eighteen and freinds productions! numberblocks","UCHQ7NAnYy2kmVjooCYRiJNg"
"Eijo Gamestar Venture","UCYzPFFkiMXoB84ciylMuP4Q"
"EJ","UCpP61Sf1WU7xEwEy_9OKOfg"
"Ejaz World News ","UCH8A3UIu2f_vELaw3iLj9WA"
"Ejectry","UC3i59-e1PwC-5JllzNZsRgQ"
"EJHogan","UC9HQviHXQzmnxN9aA9hZ2ig"
"EJSM Channel","UCon4av7ySwJldqAAoXQFD8w"
"Ekam IAS Academy","UCQWGYXbFaoxOf31e7lPlwSQ"
"Ekrageo","UCFZwdw4zOnEghHfUPD5ftWQ"
"EL DRAGON","UC4EEFC-di4jS-6IOegH62uw"
"El Jablonski","UC7HJo-_YAOfSzwJfpM5Nr7w"
"El komadante","UCI6fCV753c-m1B0Evn0sjTQ"
"Elated Vlogs","UCit6nRbaAd9d28k1m20tWYw"
"ElBee","UC9_MM4YeeOVSxX1UP07qmlg"
"ElBee 2","UC9jISqPgNbaoIkYUxtb2s5w"
"elcalvus_tv","UCkhfafwBNf4jrsYh6qoSMhQ"
"Electric Evolution Podcast ","UCP5Wu1tQi2L57Kh50cAb9Uw"
"Electric Titan","UCuSHglZW6jAkoGY5Tuizg5w"
"Electroverse","UCy1mA8SxLLAYeUWpzFYWowQ"
"Eledh Psychic","UCtdlEAbqmu06Fnwk-_F0Pug"
"Elephants in Rooms - Ken LaCorte","UCb8sfMalVgTMvA68dfKzA5Q"
"Elevating  mindset","UCbzvWqW0qUuDf1JFWB23LcA"
"ELEVI","UC1xTWBdhtNSv5-5vLN4y3uQ"
"Elex Michaelson","UCrDJOS2mRFrF5ZDl9M0nF-w"
"Elguling78 ","UCTplpx8GDYECjqPdvXXa9KA"
"Eli Bianco","UCLLamHQWWfF6ChyvZb-nYxA"
"Eliana Explains","UCbRTiWPFhb5QkUqGbDQKY8g"
"Elias Cerda","UCSNpmeyqCJuyygFmhA1a5LA"
"Eliel Escuen","UCkE1Sb_1ti7S0JIWJEGIoYw"
"Eligamer Official TV","UCLMFXrHGfvrHTLkJDq1jVtQ"
"Elijah Wagner - Topic","UCPgkQLYTkmoco9oefaYD7zw"
"Elite Global Watch","UCdxV3tNwlsP9T-ZdRqFbbbA"
"Elite Mapper","UCX-BOpMn2H5Kxuor9WhwlYg"
"Eliza Dawson","UC2UR2ybtrrdqDsSw-S4Ct4g"
"Elizabeth Moore","UCE3jKGo-qNQ6FA0bBUgA0ug"
"Eliza's Adventures","UC0XM1i8_Dj7Kwt2sH2XBRdw"
"elkho.mapping","UCNm9UyrOPPlaTaxYkx3o2Hg"
"Ella summer life ","UCdtkN3HSmwI80_6-fkt-hnQ"
"Ellen Gardner","UCGOYDEAv-2F_Pe8rA5OrINw"
"ellerno123","UCqtltQcKUYvp40lD_yHik1w"
"Elley Knows Rocks","UCLx5Ia9uYwakhvJIsuElVJA"
"Elliot Grafton","UCeIn584P4Sn7Fxu9iqC2caw"
"Eloísa Ozonas","UCxnKJzZxJ3IfzBh2glvN_AQ"
"Elon Musk Evolution","UCHcADZQJjR5YE_47FaUo_tA"
"EloyVlog","UCJI68sivV67vJl1BovlppLA"
"Elsie Honny Music","UCNsnRN9h6Kq8iDxhFTyLd2Q"
"Elu Deleon","UCJo_Yj8mxhD7e-XtsJGWN-w"
"Elumii","UCXgLRhzPcVsD9EmW0MdwXTQ"
"Elvin Flamingo","UCDnuhxIpnScHc9a5HiRX_VA"
"Elvira Bary","UC2nNqeoUOsCFo1HPITbq8VA"
"Elvira7072","UCnVLRbOukbKjqKOdaFFmVVg"
"EMAIL DB Pro","UCZTfB6CxFmbcBjVJ3tymzbw"
"Embark Exploration Co","UC5I0fhZFMQuIIT3V5ELtz4A"
"Embassy of France in the United States","UCbq_AyHPdsFDCFgGrjSeMKQ"
"Ember Gaming","UCv42aTET2Q12WDostOiwkrg"
"Emerald Runar","UC4zKyGjXYLz-TYJsoGhBKPA"
"Emergency Getaway","UC3E_-HCsJzaevQ3TmkS5ijw"
"Emergent Media","UCiE2wRZwqDIApQpwnHtPz5w"
"Emil Jensen","UCFNpUbXKND93DirmA8Lf04g"
"EmilkRunner","UCdXPcyEt4AzQHLJV9I6DgKQ"
"Emily","UCsmEuhvONQZ9OioeB_v0_mw"
"Emily Turner","UCTORIL3d6UxdznQenh62U5w"
"emir","UCcMr9Rt16Yx4OBtl19yN8-Q"
"Emir Maps","UCYDSmAvMLXl6IpicffA2DXw"
"emir neziri2","UC5YoFVBQBSpZUJTPjC9OYVQ"
"Emirates vlogs","UCsAVK5zTozPbYnNco1qVXCA"
"Emm","UCCZ_NkQRDbITKcFDfNSQLuw"
"Emman Uel","UC1L_0CL2uqRToiTo2xXyXDQ"
"EMO EDIT ","UCSEguxZWdEFwVunmeO7V9XA"
"EMOJI   WORLD","UCDl-jJ89IjFdLiZW2IzRM5w"
"Emon's Vlog CANADA","UCvFghhibFdJFa7tUbH3S4-Q"
"Emotional taylor ","UCYWAFg0xF9w6dFLhBWRiCBQ"
"Emoto Adventures","UCMaBU6EzU-NR3PREz5K1Adw"
"emoviolence03","UCvyJA-iWPWigcNmpdNqSRew"
"Emperatriz Facchi","UCbgqvtIsG-vXWd8NNz9aeKw"
"EmperorTigerstar","UCUXqYwTCR6R3Wr-FkLTD4AQ"
"Empire & Conflict 🌍⚔️","UCJ4zmTmJ755GTudrrcvVMMQ"
"EMPIRE OF SMOKE - Topic","UCvwKTY6no5TqfCbXNCTisMQ"
"ᴇᴍᴘɪʀᴇ¹","UCm4pvgjzsWQ7TVPuilkcqCw"
"Emre Öztaş","UCkuZckPgFsr1LpjuwOcODLg"
"EMU Faculty of Architecture","UCr78t7K-gB_bVn1kp5qWzxA"
"EnchantedAIscapes","UCA6kgw3gJTzweEo4N7-TDCA"
"Enchanting Earth","UCVf_FKchdEVys0lkHujiiCg"
"Enchanting Escapes Cinema","UC1slbfZFsddlkyWfDLipWsA"
"Encore Films","UCRmmsCKdD5lTe1G9iSQ6bMA"
"EncycLedge","UCbhBDP3Eg2YJeWtrR0Nejlg"
"End moment Study","UC_AXs59hxozoEyrWbfphDXw"
"Ender Block","UCzRPG5zzhyszY9KYnZ2H0Jw"
"Endless Content","UCokwLZI2XlZiUQaxyrNUeuw"
"Endless Flights","UClX3qX2Ll3F3Ro8t2p6jAMg"
"Endless Knowledge EN","UC_eTuSkC-jj3l2E3gdegNMw"
"Endless Techhub","UCuiXv2eYQJGHtpkzgalfNEw"
"Endo","UC_4w2JLswruaOcwYNH-f60g"
"Endo promotion","UClABsfReWTJEQ26_zcbCYFw"
"EndTimeTaskForce","UC6hgbDz3qsE2facoDpyN2nQ"
"ENDtv","UC1HTuvvu-MYzkYNgVd73FFQ"
"EndVerse","UCR4fMYaSJXsse-NC5ER5tTg"
"Energi Media","UCHZA_aJuGa4jEoJs6KW-_pw"
"Energy Explained","UC7l8u4_OetsCKXp6Np59ypw"
"EnergyFaultLine","UCqcZfLSc2rLZSMBXNn7RdIQ"
"enFactz","UCBfOwrT7D2RbvwujCsxQdnA"
"EnfeMapping","UCsOvFYPuYAId5d_VHhY233Q"
"ENFINITE BALANCE","UCzjCct-xtRn9uFj_wGz65BQ"
"ENGAGING Factz","UCt8K4F7oWqXrBaCRsdNBg8w"
"Engin Dikmen","UCwy339WUMruQkQiajwkmlMQ"
"ENGIN HINCER","UCxl_mDvMpmc5JNSiy-iQLdA"
"Engine&Motor Café","UCphctEbdoWUfmhMNcOXH3CA"
"Engineer FPV","UC2dUXHpG4Q1a19xGNvCJHMQ"
"Enginuity Nexus","UC8iMHJg-XCR8OUchl0SGouw"
"English 0.9","UCvqWfNXOyCLNh_iL5XFysKw"
"English Countryball ","UCRsH5ilFyliyW0nPnX4fHVQ"
"English Mindcast","UC7vr5IWG2kRVw-G8yTmcx5A"
"English News updates ","UC_yBdo9FpO2zu5uPbmnBngA"
"English planet","UCIljvTrpPJ-_JYXK3kOHhkQ"
"English short ","UCKmUBl6kiBEepy4T1C9XvRA"
"English Text Factory","UCZh_4ViyQIZolGpwIjqeiqQ"
"English with Stories","UCOWZQbQ_G_YzAKU_O80XQhg"
"English Zone","UC7-VsimaugHS2ax6mEnVEkQ"
"Engrossed AI","UCn2MeGRTvuTlKV-eCUVRDnA"
"Enic Gamer","UCo0GNhaT6kW46TShkExP8XQ"
"Enigma of Horizon","UCU1qT1fGbcKQ_dvX5iTaVEA"
"Enigma Routes","UCyyzuamayuuO-UhLkS5NMcw"
"Enigma Unveiled","UCtQ9ldMqjTOhlL3Grj1RSsw"
"EnigmaJourneys5","UCvByrLueOLoQVZkWiV-Wuaw"
"Enigmas From The Past","UCC67CJyOYsBBfDQNxB4OHiQ"
"Enigmatic Narratives","UCC3p17sNeVbRG_ICXONU-dw"
"EnigmaticHistoryChannel","UCoiV2Zl6zjD9Ltv4ARwB5Aw"
"Enigmax","UCpG7FQGLnaXd52g0pzkWNYw"
"Enjoy life","UCkYvbX4x5SthZXTdlbpXz2Q"
"enjoy the life","UCEIGTRI4NfJi-_dwpXsRIZg"
"enjoy.explore.travel","UCubYRhMG1LnEjbLdz5tm8qA"
"Enjoyable AI","UCB6PCP4F8xN08tza-TrNkbg"
"ENLITE IAS","UCaD_hSH1zav6VcbbZuprjjw"
"ENN Global News","UCKRMtWwM4SY0fmHyPX3h2ew"
"Enokentiycast","UCH6CdmTt88acX-oMW0N0i2Q"
"ENRICH GEOGRAPHY","UCCBoKHviFoCci3ctCPejniw"
"Enrico Pescantini","UCjxurBQPi7UhNDwrzUv1PsA"
"Enteresan Şeyler","UCsTJsMWv2Pr-hV6voCHXrYg"
"Entertaining Nk","UCiSjZCj1pM1z_Qd2BQ3EBfA"
"Entertaining Vlogs_1313","UC1WjvPABiM6qt-yQR_TEDUg"
"Entertainment","UCf4lwFLcsHkJKGXdQANxDNw"
"Entertainment Center ","UCxSdStEeLJxEUXAtsEAQFpw"
"Entertainment Central US","UC2Y0sLbB9uFWJ_fDkr2IATA"
"Entertainment full-on","UCuDKn5mvAW7_YEMzUMD4Vfg"
"ENTERTAINMENT HUB 👑","UCkQ_5qoUHVRdfb7bAuNGn6Q"
"Entertainment Ride","UC__wcwhwC9rTOwIclj2o7pQ"
"Entertainment Short ","UCGn27sXpxhIj2N38KeIzOAg"
"Entertainment vlog","UCrvVEVGUtuKUgKllSBfF36w"
"entertainment world","UCwmXThDBAnM5GXAN6tjDwuw"
"EntertainmentNow2","UC-o9W25Kj-Dgc1ehGrPCX6A"
"Entity Unknown ","UCi1zRTnQ7S6fB6kv4xtnVkQ"
"ENTR en","UC4ey0yGTzyL5RjnEabQlFVQ"
"Entry Level","UCMdZRPa_EcKGQ2vf1HGYXBQ"
"entsong_yo","UCkjUVw0key7c8k9J_GH6Jlg"
"Environmental Coffeehouse","UCLn1rVPShIYfD-cXzgw2z8w"
"Envisage","UC-5qSc0oXUeTdgvu9J9NxUg"
"EnXms_Editz7","UCZDeXBqw1AS4s4VlVsl2fLg"
"Enzo Margot","UCm85GhGHsWqynIS3oBwO3GQ"
"Enzo Plays","UCq572VIFisWfepYriYshP7g"
"EO Open Science","UCPnL3aynCQxTOjPttxMiS3Q"
"Eons of awe!","UCSfjcqZj3U2U2Lea3yfnbyw"
"Epic 10s","UCFxTGQo831JAsg23tuwBEcQ"
"Epic Arc","UCU_KElJpMd7d1gr2GVY6sVQ"
"Epic Brain Flex","UCHN5GzwdCc9EHViBBIyXlVA"
"Epic Chronicles Clips","UClDhjprOobkoIfPBDL4-PtQ"
"Epic Dose Archive","UC_0lkGrqSNr2A2Qh4EENnPA"
"Epic Earth","UCEkf1RkMlrordjpu_vbviWQ"
"Epic Earth Entertainment","UCqCYWPHVfOzoyXEjtHUneyw"
"Epic Eddie","UCNCDOhXuv7UDbIpVckE8Seg"
"Epic Energee","UCpgW6h9AujQfEdQkdaQY_mQ"
"Epic Ethereal Lord","UCEY72OOFlUScAsqe6XIiUcg"
"Epic Facts ","UCHpp1xVcl2nD60-zqqKpcwg"
"Epic Frontiers","UCpzzeJVXPKlEU4_ZVVZBjGw"
"Epic History Archive","UCeZBbtRKoP0jnEY1oQrrsNQ"
"Epic History Tales","UCWX9n7cIMH68R9ITIHxHMmQ"
"Epic Hub","UC5qpSySnR9UR-JW5R7ddK6A"
"Epic Instrumental Music","UC6J9_2RtTcx-GMRUECIaRNw"
"Epic Journey Adventures - ਪ੍ਰਸਿੱਧ ਘਟਨਾਵਾਂ","UCK1qdQZWukkEwmHF7E5_tpg"
"Epic Map Tales","UClfrEoapJVkrML9W__YeEMQ"
"Epic Niuu","UCx-7Bs5x8R9e_MSz9xb2UvA"
"EPIC ORIGINAL SONGS","UCi-3iAFYSEWgP_kXS5wEILg"
"Epic Random XE","UCCTMeu6cR7tzmGsPHzTzETA"
"Epic Stories","UCAgieHXjnrPP_WKhGA4bLeA"
"Epic Unseen World","UCJ3buKnRRicvU6rdGQHIGzA"
"Epic World","UCSrr0abCuTXU-7DbFvbNHhg"
"Epic World Tour","UChXkpFgaM1J2oSZJsK67Y8A"
"EpiccVisionn","UCQkBVxnqFRmbtvDJwNOieBQ"
"EpicEditStory","UCIhmukG-Yq9nVrrkEi0Z7RQ"
"EpicEndeavorsShorts","UCO2gQLAj1QD8nH76jJ3Q27A"
"EpicPast ","UCTT7DeicHMIJRnlMlkxw3Gw"
"EpicRevealed","UCJtE-QIm_JNirRvqAMRzPOQ"
"Epicview99","UCyXSpwLm1jVwkxQDumsN4FQ"
"Epiqon History Videos","UCXlkDQ5UMi8MaMEv6lYJbVA"
"Epoch - Global","UCrr-xxQVR3mTzHf1CmrvL_Q"
"Epoch Argumentum","UCC8zAiNJEDNQpoa__p0fhcg"
"Epoch Enigma","UC_muHL4C5QyX8WQtByPpqmg"
"EpochTimesSG","UC0RQQW7KKceM0QJjEcb6kZQ"
"Epoxy Empire","UC7EL1R31UkEseAIWMnhT0kQ"
"EPSTEC","UCSjk0kVDwYXJY4jFruZ-Iyg"
"Equestrian Adventuresses","UCTwquRYNy_gOoxZJDkglZqw"
"Equinium Sports Marketing","UC7Qk69l9beRmxnBGnPiSiHA"
"Er. Vishnu Kumar Agarwal","UCalNZpImHTGgv6oj0tuG1Pw"
"Era Explorers","UCqGUaiyNdIz-CLG_uZO6bCw"
"Era Of Knowledge","UCgTx1BhdURHlv-ToYOSQyWg"
"ERA TRAILS","UCE-BojjaGSWmyMTSm8NBDIw"
"Era Vibes","UCx30jjyKCQCpLknkXqLSZuw"
"Eras Revisited","UCSoybqe2MD4AmMonPhHnPRw"
"ERASED FROM HISTORY","UC-TI0dJYhuq2tvUpHheWniA"
"Ereka Nasilun","UCLzDEHqgsnu8pTFuIlV8oQA"
"Eren Eser","UCXQPGkqTXv41GG_AHX6asqw"
"Erfanmkball","UCZHKkI-WlWDdiQ5U7z81Pnw"
"ERFC","UCEj2h21EEIuD-U0y-qk0STw"
"ERIAGISAQ","UC2ES-VggljsV6aFK1zDtcxA"
"Eric Bishard","UCBWVaCEkAlm11QkAhYxsPRg"
"Eric E-Bikes","UCeEQS1DYBCLG-H_ZlydMrOQ"
"Eric Gaming 2026","UCQgl__9qIG4HmFfiABLeRkw"
"Erick Cummings","UCMLwmChJ8E9uro2AUI2ED7Q"
"Ericx","UC5i1Fw9B7Rff2i-HHSjOwYQ"
"Erie News Now","UCuZaDBgxdLybpA_DnAgNeTg"
"Erik Bloodaxe - Topic","UCAdR_v23uJNvDQmwwojfDmA"
"Erik Christensen","UCvITQ3mIRea0WHai-CRevCg"
"Erik Rudholm","UC8_iD8rfpA2_Mlo5cl1IflA"
"Erik Van Conover","UCu8ucb1LRJd1gwwXutYDgTg"
"Erik Voltersvik Landro","UCrqqp5XtqUtj7iKtCkzpIOQ"
"Erik Wern","UChHMbrLTEgR6rtl-hoJ89Lg"
"Erik Aanderaa","UCUH6fLsV6J7WKEmf7vJKfAw"
"Erizon News Network (ENN)","UCUzxlU88WtDOnAxuo8H3A3w"
"Erma Dayak Kamayo","UCewI2uqh6I3VRS4mbMKNz8g"
"Ernest Espiritu","UChUEEmu_OeZWu_aYh8Xw8_g"
"Ernie Madarang","UC0cIz6sdYLUXGr5dADkAVwQ"
"Ernison Jay Recina","UCtuuwhRmJ2dza_6jMuHnK3Q"
"Ertkong","UCzNc9BJKeFnCWFvD8ouDcPg"
"Erudicion ","UCTjcwAiVTFdCDuen5jFCzqg"
"Eruptions Now","UC3_g6dATMk6DI632cFqBAUA"
"esa","UCIfL2LYO_0k3F2l9kXiS7IA"
"Escape Global ","UCHQe7eg3t4MXmcE6Dh7Cs-A"
"escape planners","UCL0ad6woFIZUbEx4SYj1mWA"
"Escape to the Arctic","UCXkPb9QKjo-9QIGRRs5MFGg"
"EscapeWelt","UCjE5U58ndlyAYWoUv5Fh-zQ"
"escNath","UCKq8REsYt8XKmRd_NoUDdrQ"
"Eshwar PD ","UCRF64iFGn39FKMfUxa2cP3g"
"eSIMplanner","UCPmchaHZdvQWrUQzIQzYIaw"
"EskimoBall","UCeMFkNPUczCeGpJU8dHdUFQ"
"EskoTV ","UCTg_Nl8ACu7VixxyoJ9nNYw"
"Esoteric Atlanta","UCTA208fPy9IexXsllIpkbUA"
"Esoteric News","UCPBWioQrVksroVOLZPwqnBw"
"Esoteric Uplift","UCbTcaSJRlGaIavbqXzIVIRA"
"Esploure Geo","UCKTIaTHUVSRtzxWYM936-Yw"
"ESSICUMD","UCglCmnl8cncHS-PuhR2HYDw"
"Esther","UCHmNRbyLamisAEna9TVVGow"
"Esther Fortunoff-Greene | EFG Designs","UCn68t2yMpG46b6007yUDfPA"
"Estonia ball gamer","UChuJ1DIrsS7XptV8DP4Eg0Q"
"Estonia_Animates","UC4eUBinJD0BSv-fYc_kEfXQ"
"Estoniaball01 ","UCIsWwq8DGaHOfdY4xAZFQWw"
"ET Now","UCI_mwTKUhicNzFrhm33MzBQ"
"ET Now World","UCJ04m06GHw3DUDQG6chCAUA"
"Eta Carinae A","UCCOim8t3vYaeW-fuZG-pnBg"
"Etea Education Test","UC4tpKKiT1S9xtJGWxUEt4gQ"
"E-Tech Technology","UCc4ApA3V5w27hxwccqwYctQ"
"Ethan","UCAZGrd3wtjivWCOMY4zTMiA"
"Ethan  Javris  divina","UCh7IngbQjKkdBRhXRNkCZFA"
"Ethan Balkfeld","UCXRUfhSKpu1HglWgbLTRT_g"
"Ethan Chan","UC1lWyqIGtDAbRJ6J5tCoNJg"
"Ethem Geography","UCmNlHDVg5FoyOPAZ6T5yfTw"
"ETHNARE","UCFJSSFdJ0sincKGkBVJ25og"
"Ethnos360 Norge","UC-a_gILa-vVckDOsm_kaBPA"
"Eti Drawing Academy ","UCkJB_M3PcVfO6yEKp0QF8nA"
"ETube Zone","UCxDipIT7RZe7pLSUc9z0BvA"
"ETV Andhra Pradesh","UCJi8M0hRKjz8SLPvJKEVTOg"
"ETV Telangana","UC6ickpgDIsltU_-8CbZaksQ"
"EU Debates | eudebates.tv","UCkXWisas7nopnXQVgqMwodQ"
"EU Made Simple","UC8KFs307LrTkQCu-P1Fl6dw"
"Eugen Schmidt","UCN65nR-naF5dT2WfRqiS1HA"
"Eulz Midea","UCF-wT5szcM_RJ2iJW0EAeFA"
"Eureka Travel Explorer","UCg327hfa0fw865I3pjRfKsA"
"Euro and Travel 🛩️","UCajxin2oPBPgA9y3H--4KCw"
"Euro Zone - MK","UC9eJAzlBwxx0m3RAW2wZ6aA"
"euronews","UCSrZ3UV4jOidv8ppoVuvW9Q"
"Euronews Culture","UCHiuwyokpjVfx2UGzixp5Ew"
"Europa Project","UCOGWieOGYgqv6MSWaQ_QxdA"
"Europe Song Contest - DBU","UCvB3DlF3OuYrl-p7Gz1u8SQ"
"Europe Top","UCP7PAr_cfZdT5z5zOPCCnCw"
"European Liberal Forum","UCFb387B2O1_Nj5U5vMAcNLA"
"European Metropedia","UCmpYWBnjtmyi4eUEvNT8byg"
"European Parliament","UCvU4p_w08osQsrNi_I4ZtDA"
"European Space Agency, ESA","UCIBaDdAbGlFDeS33shmlD0A"
"Europeanball (T.A.T.O)","UCIpUD6OJB2pUkTD_l-zrR8g"
"EuroScope","UCklYBIRRvaSBejZoODV8UpQ"
"Eutelsat OneWeb","UCzs-1EA5e6MRHXK8NKyqzcw"
"Eva '","UCAZNxVhVyA5ldP5ajf-czHQ"
"Evaldas Karalius","UCetrtdsa0vZX_JK8Bnvp5uw"
"Evan Calder","UCJFc5ocLVEJzHV2gpgCrC_Q"
"Evan pinto ","UCaOcMzIYaSR-TD1CoxHQpcw"
"Evan Smiga","UCvaePQcQ2QkseWsfT0sjYdg"
"EvangelineOnthego","UCOvgQn2NHpDwH6Mm-3JjBJA"
"Evelyn Murphy","UC4FaKNzunrG49RVjFbtq_Rg"
"EventEchoe","UCl9ASzG_WhrLbfdCJz3copQ"
"Events in History","UCp9wIyt89EPP_-eUpt7RsEA"
"Events Worldwide","UCfXNi9QaJyIb7JqSrmjk8zQ"
"Everel Airborne","UCRZoMPsuwh1lvua_W3PFtrg"
"Evergreen Creations","UCUE4cosGp9eyB2euQ-Y3FWA"
"Evergreen Math Algebra 2","UC7sW74T_qWS8o2sfMtpTOMw"
"Evernew salon X Vlogs ","UC3aPG8WI2z1UaWobrpe1V8A"
"every knowledge to sanu khan♥️♥️","UC8Ta3sxRaEPXSXEx6bFb6Xg"
"Every Visa","UCaD8S3kCfTaz3e026EpPV6g"
"Everyday Curiosity","UCGGod88iiebMA9BmjM-Q3gQ"
"Everyday English Stories","UC6aou1WQwEiKtCjG1fcDUhw"
"Everyday News","UC4_P3WQlwi2C1NCeaehOf8g"
"Everyday Objects Explained","UCVtGxMiwDWWUe5ScMQUovGw"
"Everyday to 100k","UCsu9NtkTm2KcngUmeefxkqg"
"EverydaySomethingNew","UCquPr3Ao8UVQbWpIMVu45Nw"
"Everything","UCkg4LIvJK2GxnAb_2iy-OXA"
"Everything at once","UC4p1PeHvnhz9nH6xuYU1QtQ"
"Everything Burns Review","UCpIb_E0RbL9Xia49qPsHdMg"
"Everything Everywhere (Everything Everywhere)","UCJkPDjPNMTMhiJKAA8IOsmw"
"Everything Fives","UChpnNseMUi_cdgxVr8UGsqg"
"Everything in it","UCys5iyxYdJElyR3xR4z-QHw"
"Everything Numerology","UCTaTDXbvpEhFTi9UdjtNy7g"
"Everything STEAM","UCYJWnRoZC-VFEDbv2WGJJog"
"Everything Story","UCD2HIo-Vq78eV7rPgdxkVzw"
"Everything Trump said Today","UCrRSMSrbLQYj64ZNC0qqwdQ"
"Everything you need to know","UClYzeL6hl8MRHOQuqck_TFg"
"everythingtop1","UCeNcMPz-lGm7QwfrU2qpAjg"
"Evesdroppers(U+H)","UCw9Nn4Zo_GoNMnkV8akH3qQ"
"Evgen D.","UC1uJ09zXRUiok9gmtxD11FQ"
"Evil zeno","UCSioX_VauRVaZTFoIViU-ww"
"Evil69","UCSdR4UEJYn1uxkXl28XhWIw"
"EvMeezy","UCUHWNu2tGkTldt9VSFeryHQ"
"Evolution Bites ","UCQ_dyaydFrjQEsdGj72qnpg"
"Evolution Void","UCDYMS4m-PGPVEg6jDN7g_wg"
"Evolvex","UCp0QUJsdMx0wtDUjGWl5BCQ"
"Ewan Malcomm","UCG7rFyCdl_inMh2NMVkU3Ew"
"Ewket","UCSnmfu6LLOBxVbZnpl-JMPw"
"EWTN News ","UCaJBwb7XkojUOPbz_6uzPag"
"Ex Cat","UC9B1Rj5zNPD3DswMMGO9XPA"
"Ex_calibur_1","UC_CwWIaOVEyn9miQpbOQehg"
"Exact Civil Services","UCW6Jy2vNA_ga0WuRnu4dyTg"
"EXAM  RANKERS","UCWLBy1BKBT0Gt8bq8eDQ69Q"
"Exam Combat","UCgOh65VO1hNMyRsVsXqTizg"
"Exam crack Tips","UC1BCu4VT0nNnaghbPUVCyqQ"
"Exam Idea","UC9fVTRHrshl0ngmg-WEUjXw"
"ExamMantra","UC2_x8F_6fjTJlYWsP6bBYJg"
"Examolecule Facts","UCe491YOqXbMlKwDPUuiBH3g"
"Excavated Truth","UCl4-VfL9BS6uSYDkfUCB5rQ"
"Excellent Archery Club_EAC","UCh12tMPiL8pvyio0viIkmWg"
"Excellent Quiz","UCwYKe9b3dqUFUcWCbZvsDSA"
"Exclusive_PCS","UCith3QwdhvaKixnvIFOUfBg"
"Executor.....","UCdth5t5U3g0Agzl9bbVL_Kg"
"EximoZim","UCZtw2lG8_mHLIFCL5VQhKgw"
"Exist in a Minute","UCEQayMzMtwad4ow_n3mZUpg"
"Exo Science","UCJc0E0hyhix3HAdGTpkPlaA"
"ExO_TiQ_SoJourns","UCBL-ENITrY6iGDV_Nn3cK-w"
"Exotic Foods Paradise","UCZVd9-3bYEe7p4SVbXVdOeQ"
"EXOTIC STUDY","UCoP6RZgHUlD3XUvtr97dJGg"
"EXP","UCaBrbFo2MNBOkKEExk-yJQw"
"Exp7th","UC-mubWKp9_Qz9hCZdh_7iNQ"
"Expanding Elsewhere ","UCADDujqSK76UJ6LoJa0cpFg"
"Expedia Cruises in North Vancouver","UCHOBrfuNcj0HkxwBKM29iWw"
"Expedia Cruises Mississauga","UCPZhYjvWQif8kW394R8ixlA"
"Expedition Engineering","UCVMQRnzDyfPGTUFwoddMCZA"
"Expedition Life","UCj8nrbREl_C_0mP4twhJbvA"
"Expedition Overland","UCiyiTqpss-ihtLHz-juFxIQ"
"Expense Tv","UCsT-w6Q2Zkfh6CB1vfxl5tw"
"Experience The Explored","UCJxqXVHQM423JI9KjLsHW_w"
"Experiments Nothing ","UCoemD5nXCPuY55pbCUroTow"
"expidition vloger","UCEgxdf4xahSPcKvuxm2zqtA"
"Explain in Hindi","UC76qr9-pHw2jQLZvwAjuIZQ"
"Explain Quietly","UCWdHe3_UPWoHJEhM0VTS6yQ"
"Explain TV Bangla ","UCNYaai-7_Gm6FaGXnmdpZbQ"
"ExplainaZone","UCuRr64brOZrjxQX25FKtHHg"
"Explained","UCVWJLWCDO3hzDNxNjn7Yb4g"
"explainer animate","UCPSx55atR6WppSOp2GrnglA"
"Explainer Anuj","UCKpCpm47nq1kzWYl9vBftNw"
"ExplainNutshell","UCW9n6_b3m17TD7TKbqcRc_w"
"Explicavit","UCezM352_q4zf4pcj2ddwfvg"
"Explified Labs","UCxFPOr1TcWwwtRCHnvHBa1A"
"Explora Journeys","UC8TFn2-oTxTBIMK83hlaFcA"
"Explore","UC6t8L_ih6SK9jFRQPs7xfjA"
"Explore Age","UCcFR31ZO1HzysJZk_ygGSGA"
"Explore Destination Reactions","UCtOFkNmA6V8mi4izJpMqdtg"
"Explore dreamland shorts","UCR17X4iRWFDkY4Tu3h7nsSg"
"Explore Edge","UCy-ad2q1jYKeZlbOn7CCZQA"
"Explore Experience Express Latvia","UCXCCMrIFOFsE5B8mnPdjDHg"
"Explore Geography","UCorFt5eW3DMoM9RWkb3KKmw"
"EXPLORE GLOBE","UCD-qpDRpUZ5YE1Zo1zFRRQg"
"Explore Greenland","UCGcm6P0sMsd_shQYTaCnSCg"
"Explore in 24","UCGau6pXtuKvbvjU6NDzonkQ"
"explore me ","UCLhBrAexKI8Et7QOG8iVEDw"
"Explore Music","UCoxOB57wCVuo-k3mPo_CL-w"
"EXPLORE NATURE","UC4ye2gmb_rRUzktEkl36r2w"
"EXPLORE NATUREE","UCH6rti_l5s5ewVB4w72VBvw"
"Explore Papua  Official","UCPTQy81H_teR9wuRCBcTUAQ"
"Explore The Earth","UCPHKSBkYyPt1EZfFMG-bcZA"
"Explore The ROAD - Douglas Parker","UC3h_axC-iD8KPPtI9KeB1Sw"
"Explore The World","UCiMEMZTyLZy6tN0yqHsmyKg"
"Explore The World","UCULC39OSnwmj8EHzIH1WemA"
"Explore The World","UCrF1hXAc1Uaf6lQNfOLhAVw"
"EXPLORE TRAVELS","UCUbD-CLoRzXoG5aaE7-btrA"
"Explore TV","UCR4peNKi3Q94ooeiLrQOTNg"
"Explore with Dodyoo","UC0qYFDUqTFv3uB3VjoItDiw"
"Explore With MAT","UCKuOTL0ZaQ4Zdz67uFD_eVA"
"Explore with RD","UCCEyU2Hk5uS6CuqpJvrEIMw"
"Explore World","UC7WoygTt-KWSgGDg5Et9Ouw"
"Explore world","UCw9WxTKz608hHseu1jdGAHw"
"Explore world","UC5nrBkc0_iIZOR06JwIXTpA"
"Explore World","UC286hAMHW7_f8ufWDGBNJRg"
"Explore Worldwide","UCt-7TlX8lWFIJzxcIw_HD-A"
"ExplorEarth","UCavrQ4siTUtWWUcOoq3qSBQ"
"ExploreHist","UC1FHn8GAPTnYG9-BSsoHqtA"
"EXPLORER","UCkFfbCbJM7PE9Pww1ZiOi4Q"
"Explorer","UCB8msG4wcmMaydV0bFJ7kBA"
"Explorer Aye","UC1uwJokMzVPLaNX6W5ARzsg"
"Explorer Channel","UC7JD_iGhylqCiQTR_OVzV1A"
"Explorer Himanshu","UC1-2sDq0Ttz9Dh-rWtMSYwA"
"Explorer Kitty","UC34spNbGah_xVupjhKs4tgw"
"Explorer Monica","UCbNg39VYPjagWwU7CEhFzyA"
"Explorer Monojit destination অজানা পৃথিবী 🌎","UCbUag2NYKd3ivFz4IY18S4g"
"Explorer of the world 🌎 ","UCZ21ySanPilZiphM-IgAEFg"
"Explorer X","UC3Ek716S8FBDQA6qN-3bmLg"
"Explorerbuddy","UCin8IR_geTJ9OHxtoU0G6hQ"
"ExploreTheGlobeYT","UCTFdXXOZxGR0pM2XO1MkdOQ"
"Exploretheworld360degrees","UCXo0j8sLCKdWwnFt04zibrA"
"Explorewithnavjot","UCnsHczIddpgWmT7_bbxZBsg"
"Explorewithus","UCY7lRUj3T-WV1BkFvq_dqyQ"
"Explore-X","UCSsWFatxm2d8su1RfN-2aRQ"
"ExploriMax","UCSqOmBl11flw7tuqbTwe3iw"
"Exploring By The Seat Of Your Pants","UCvQkEzcH9f_9OylEdmALiWg"
"Exploring ME","UCt5-IZC2I4MxA_DdhBdGf4w"
"Exploring The Nature","UCXFBURDnKZC8_H3gzFf-zRA"
"Exploring the Past: A Journey Through History","UCfgkRLZPrC8IWwqSaLb4PNg"
"Exploring the Universe with NASA","UCcdBjLMOtWkLdUKc4okOOGQ"
"Exploring The World","UCKIsr0Ti_UGXAPE_ySgj9ew"
"Exploring World 🌍 ","UCRar_cCVhbf3t0TiBQsh6Cw"
"Exploring_canada ","UCpKa8eunrGSmV24KbQA91sg"
"ExpoStudio","UC4q7iq-XtknuqPRZRjkpkrg"
"Exposures of the World","UCtRaT5JHghlvEMjucPwlWXw"
"Express News","UCTur7oM6mLL0rM2k0znuZpQ"
"Extant Chronicles","UC_EUQR3vsB_NsIweTL6CsxQ"
"Extra Bulla","UCODTw_uGnhU2r7plT3YIe9w"
"Extraordinary Hidden Stories","UCQio5OgGVpJEVcvzofgxP9g"
"Extraordinary Journeys of a Dropout Psychologist","UC2-TrZ_opilhwOnaElGipQw"
"EXTRAORDINARY REAL-LIFE STORIES","UClXcEpJ2KhfNetX4GxZN5_w"
"Extreme Archive","UC4e-LliYlvi7Bp1PW5PKCDg"
"Extreme Climate Survival","UCTIKQTI_k7r7YvoKfU7fbGg"
"Extreme Disaster Zone","UCKUaauqp_K8IY9kT1hgx-Lw"
"Extreme E & H","UCmlrp3y74JN1L1o1tSdeINw"
"Extreme Storm Chaser Jordan Carruthers","UCOApnzFU-DG9op88QY5Wu5g"
"ExtremeEdge","UCj2sjmN0l98mjNUJa7LfZpg"
"Eye Of Asia","UCz1ZnmEsVcBT5BQfTCGBysQ"
"Eye Opener","UCFIWUqnyVjeYUJVBW-1F5bg"
"Eye Tour","UCFFpWgDs6IcOtr9ZxJLlo8Q"
"Eyeman00","UCTyRSn98VpfrCQDEumxZ--w"
"Eyewitness News WEHT WTVW","UCqsDMOucTPxRHDgsvfrwxWw"
"EYOS Expeditions","UCnagq_RNYeGbYhoo2Ki36EQ"
"Eyrock","UCCox0hahULCuvlMzCcDsBjQ"
"EzeeWay","UCu2PyQVoebXVnj6Z2MADEYQ"
"EZIO","UCP0PicQ98o5qtAYPhQI1r8g"
"Ezpz_9879","UCAGaYkQt13Jmy9ia-X2jE3w"
"F Awang","UCIxrtaLKT-ALnPfGEtacYbw"
"F L E X X Y 🦇","UC_txuvN-8iltFdtzBKkGDow"
"F WORLD","UCOvFZbEDMjOv1qf7T62CIJg"
"F4 Facts","UCkZ4CIUIHt5fm-EZjk9aujA"
"fab. io","UC7_bG8HjRvCsHEzIwJLmoKg"
"Fabivs","UCXZD4L26usKK5hiqmKO14NQ"
"Fabrizzio1985","UCwMp_YdbO9dS6giqbqDt-Bg"
"FabsLens","UCNLKm-8zUqHWIvwpK8qYUbw"
"Face the Nation","UC2x_qNZXKDxNP1j4jvHATRQ"
"FACE-IT","UCD2nD-2EhxImPjIVrSXSg_w"
"Faceless Facts","UCF5ShUbudrRwGrLcttoejeQ"
"Faces of the Past","UC1D25JCalF5KYozCex7h98Q"
"Facing Future","UCXjXjzC8qcEg8-659UbAgKQ"
"fact","UCJyjC2h8xVZOAtWDJ1UhupA"
"Fact","UC3WWiNrd-nlf_IG4QJvGIoQ"
"fact","UCL-kLU9fQBEf__JJB_Jr5yA"
"Fact And Fiction Revealed","UCCdFCXKSc9If-tAQc7XvJpA"
"Fact and Inventions","UC_YVloAXYRaxRjHzmrmAX8Q"
"Fact Aura","UC5cCu7HQDM2cuUOz_hBIZUw"
"Fact bhai 02","UCMo1m7UXD_s85hXxZ2B9RGQ"
"Fact bizz","UC6G1ACXfgG0ezgU5pXZDv-Q"
"Fact Blinking","UC4UXRxMCXET6gb_fNN8irEA"
"Fact Blitzkrieg","UCy8baLKnec_GsL75cfpYuMA"
"Fact Bullet","UCoKkCa5haBaRx6I4KvLm14w"
"FACT by","UCGnoJefUiBXV5ktF1v5X_iw"
"FACT BY RAJ","UC1h8ugn-yGYKcKVMFU6dp3Q"
"Fact by Smart","UC77mYpPPaJ7Op5n-3Ks7LKg"
"FACT BAAR 07","UCxooGhUUdLJT2YRR71i4aWA"
"Fact Baazigar","UCEGWWnTvwDC94_jn8xYQRkw"
"Fact Check!","UCQUovHqDQ7c4Tb_VFZ0dU_A"
"Fact Cluster ","UC6egqY7kN5IXUxFEu08APXw"
"Fact Dukes","UCqRv_ylc8Tt9u3XtfqP33Og"
"Fact edits","UC8MRwu8FLfEhozRW8KwC80A"
"Fact EYE","UC6JHUx0S6mamo6o-5XJanoQ"
"Fact Fetti","UC4Klc6G3haiRVGl5uES4X6g"
"Fact Finder","UCMWOC8OjKtDwBBcxAG6l6IA"
"Fact Finder","UCRi2qK_Png062UkiBSE-v0g"
"Fact Finder 5M","UClfDd9BBqLw_CFBy4W8QebQ"
"Fact Finders","UC10kt5coz6vFySV5Sh8yiDg"
"Fact Fizz","UC87VTBPYS04w779WqGjbwNw"
"Fact Flare - Top 10","UCIEeWDs1HOnjVYl7qwUxuTw"
"fact flicks","UC-hnO2QkFBxgjicT48OUsQQ"
"FACT FLIGHT","UCbt_xh8RQ9pvgDhJVuowqDw"
"Fact Fountain","UCa2EXzAUyRreeCESpM1o5Mg"
"Fact Frenzy","UCoNMA7K7FvYemS_36DBTm8w"
"Fact Frenzyy us","UCRzSrODlxB-5Oc6fqTMhVkw"
"Fact Fuse Lite","UCHypPesfnste-A_jTedt91g"
"Fact Fusion-x9y","UC4wUkTuFNoN4nmXGddGubdQ"
"Fact grow","UCdt1Esz11NWAFaGjKBMMnCA"
"Fact Hind","UCUR4Zjo8GS_-ha_MnxvNvlQ"
"Fact Horizon ","UCNockE90vliRMg35l8YBXtQ"
"Fact in short","UCdwJFmveKGkHYkvyCeWlwCA"
"Fact Insight","UCAxzWH76Bx5JayBqkQ0FYDg"
"Fact Ki Duniya","UCzeEO08IMpVItAvdB5d8BQA"
"fact ki udan","UCIGXFdyc9MDUB9Ko6t7FXJw"
"Fact Loop 360","UCRVPpnAKqBzzaP6FmoyBU9w"
"Fact Mate","UClts6JnC-ln1E7cw8YTeEeA"
"Fact Me Up Scotty!","UCmIf6kKlDhGiVfwjbVM2Djg"
"fact news information","UCYs1IgNVgDnAndhZs_pAefQ"
"Fact Nuggets","UCpCRZEd-MUZcBjQB69uy1Yg"
"Fact Nuke","UCvjRJdIhXPN090_c3ikm8Cw"
"Fact of how ","UCxFXo7iM23Zj7jDGo1Nm7HQ"
"Fact Omega","UCEc37tCzSDvGtmpF0BL-yeA"
"Fact Online","UCizhxYb2CEd3R2dxmidxXmw"
"Fact Overload","UCiQPNktwIw5gsycy4oeFz1w"
"Fact Rish","UCqleVYuigt5VKfIdQdthQ6g"
"Fact says","UCm7al6WYDzn2CjjZospwrvg"
"FACT SCHOLAR","UCQF28GG54ugPgBYgS4VAy7A"
"Fact Snack For You","UCyOZiTGinYCQKF5N5XCe7vQ"
"Fact Spinners","UC1OeA45JnyVVgECf7pfIUyQ"
"Fact Stellar","UC7jINox28FX0e8X0ykLbzwQ"
"Fact Stories","UCMycUq3lMJGnHNdk3sHr5Ug"
"Fact Tap","UCnCAC-9bk4IgwPPU44Hgqzw"
"Fact Throne","UC18_wBiYWYdPMhOD60hxwNw"
"Fact Trove Hub","UCdz5eTI4ipFis42AnSV0vTg"
"Fact Verse Junction","UCtw7V2q5EsrEnkmNMePOlgA"
"Fact Vijay","UCNn2aw2ZBJf34AB7b8FL4cw"
"FACT W","UCNY9j2bjcCn_dkr-7wOtYFQ"
"Fact Whirl","UCVogiVSFaFT0ciLAJkqZRBg"
"Fact Whisperer","UChj963HXwtzLiAIXnP0Xutg"
"Fact World","UCB09M6gNGDoxaXkkvMUvbMw"
"FACT WORLD","UCcjk2K3dkQ8QZBmhfB-HFRg"
"FACT YATRA ","UCKQ6sI-3Fdmgm2qMHu-Elqg"
"Fact Zone","UChuLgXBCepiIFgcu5xdnCfg"
"Fact_Storm","UCfeB-HFLAeNTsP8mtXsE7sQ"
"FACT1417","UCIzyos8kR9qeNlKXlAf9DRw"
"FACT2DOSE","UCIYp2oSUYiDdlCGyHJkR-VA"
"Fact2Fact","UCjx-YIjkPMauIdbKmDgEjpw"
"fact4act","UCiCU9rokr0rbBZfTSpOFI-A"
"Facta Geographica","UCHd0orr92YBsTFoTrxeLRuQ"
"Factabhishek7352","UCHFYdmVx-7eewoOYwVbBS_w"
"FactAngle","UCcpcR3W3zTDQ8ESgaJe5CSg"
"FactAS","UCny_h0UgcdK1uv4l6b3g_Yg"
"Factastic","UCroAKhtXKZbsY0rTGncs2EA"
"Factastic","UCb_LLiu6xaVh7cxccmdz4Sg"
"Factastic Daily","UCEG5k8g2DuhPNmQkNCDywrQ"
"FactBlastHub","UCdEOSzSMIj29RQv4JbQ188g"
"FactBytes 360","UCY1OGLtiFwI2vo-sIBBzLVw"
"FactCulture101","UCDh3SJks85lJqgH2chN19Iw"
"FactDidYouKnow","UCS7XxjCAw_y1HlgeYoQ1CKA"
"FactED","UCnSwlYtJID5p51y-1F-YOBg"
"Factehonation","UCozT2S5DB_wB9uffNyxDmMg"
"Facter","UCW5RxCFMRqUfGnDnKz9IZYQ"
"FactFile","UCQYqZHRVVWo_CFk2xryfzkg"
"Fact-Filled Mini Videos","UCn-jc9aIpW_hIup8z0pyT3g"
"factfire","UCtcIxEJCOsWgDN9gPsyeQRg"
"Factflamez","UCo64ES_1NJ8kynhKFuq2fHg"
"FactFlux","UCrq2SX4AzCVQcI8QtrKn0Xw"
"FactForge History","UC7tIRcfjfzNZ2Hg_VCNhQyg"
"FactFragment","UCP-Ez_rN6Xwmg0IbshVOl1A"
"FactFul","UCchFLCwI4wOnb9xcCKN3A4A"
"FactFull Short","UCiHQ3FYyCAVRL-JeBaqraZQ"
"Factfun05","UC95rAyNtblPu_4zRQP9TL9A"
"FactFusion569","UCCqXb7Ml8Na6IpV7Eyp_JUQ"
"FACTgenics","UCmRFwGkiPit7Pw-VTt9WdMw"
"Facthub201","UCtITcjk78efl8_2DKmET4LQ"
"FactiesVideo ","UCCH9ORle4if2qabc1wETCWQ"
"Factified हिंदी","UCJSuvL_dMcLSI4-bLodNm8A"
"Factify_iQ","UC9RQOQKgAQwbGkl4za0Gxyw"
"FactIllusion","UC9HisEyjpLts7IZNcCTS5RA"
"Factinfo","UCGFCoaAy3Zu9ZGJ8f_SrSxA"
"factiverse globe ","UChCpkGw-PHe6axr6qw5ehDQ"
"Factivia Global","UC9LW9wYj1Dta8y9Jt2hHPuA"
"Factlab","UC7CQxFS8msnWmVQjSebumpQ"
"FactLens USA","UCVvd445mB-wXrt_0BelcHRA"
"FactLine Hub","UCtWvX1ekaTf_PYfhwP8UGeA"
"Factly","UCc-Q507G_o-D_nGrksCObUg"
"Factlytic","UCn_j8tcaYQr3bwsKZVJWbkQ"
"Factmellow","UCqKXNM5wTf2xtr6-PjAVdOQ"
"FactNatic","UCQDDVe2ooW3EmVQSiHksszw"
"Factnology","UCq5spt_NmBAcSfpIvcfzVVQ"
"Facto Brkm","UCjOhqT8aqoXyrvDIrA66hsA"
"facto keshav ","UCM8p45nIsa4rxuV92PolRlQ"
"Facto Matt","UCCt619LHxMNTHMN0NII7WHQ"
"Facto Mek","UCf4QTe9-mokfgEqIO-AHdXQ"
"Facto Mht","UCOuB0fmulVSSNCapAEG842A"
"Facto_Crux","UCPNznHxzpIfdWXiooyb6wbw"
"FACTODICTS ","UCSzUq4AHav_yi0drtKKN6Ng"
"FactoGyan","UCJhDE99gX1bDpBzh-NMVhJA"
"FACTOLOGY","UCswtArzL0eN0-T-sOels4Iw"
"FACTOLOGY","UCYW_EV-CVlXtIfH_gjGCRrg"
"Factology","UCFkmziXoOaHFipe3e8yodUg"
"Factology Geography","UCvFVEAE6G6Dxo1c23n83MNw"
"FactoManiaz","UCwoJPaaVVxa_nEeRit-8bCw"
"factonal Ak","UCQ6irm_TIwtCZQreev1IU3g"
"Factonaught","UCmhU4kNxnRuYoth5FILHxcg"
"factonauti","UCOgC7IskUn7gUa7RlpPbrqg"
"Factonization","UC1NwLKO7Qb3425NW35lfOlA"
"Factopedia","UCCkptziMwVKBPw5y48NoWwQ"
"Factopedia","UChZoR_Vqh9BUEp2jyd6N3-g"
"Factopedia101","UCYoJ3PFA-69FMDs4zO3VBrg"
"factophobic me~","UCDmm_bD_Zb9ZUxaNz-Ov4Ew"
"Factopia","UCjxrt7TUk-rwcdApY5jK9tg"
"Factopia","UCkLknDbvIevMM3DRfvvoBVA"
"Factopia","UCWx4Bn4vOsQiBRAWHPqsxnQ"
"Factopia","UCFHOzCaFCBPbLDNkPfH281g"
"Factopia ","UCP005PFJAqTuGUosXon2_HQ"
"FactOrbit","UCvCuCF2i5kOVeeEKCqGByEw"
"Factorea","UCLjMzkjZJE9wAeL3ld_pHgA"
"Factorial World","UC-1PgPNgCwKBwNELhA_0ilA"
"FactOverFiction","UCIbpGMsmReAFm4MR6N6JmLQ"
"FactoZi","UCIddnsSsriEqO__z_ax2g_Q"
"FactPop","UCpOJaIK9P8z0mYnMJuzfdIA"
"FactPops","UCizFts9bKEiyDCRPAgJ8NoA"
"FactPulse100","UCQ_m1qB-ISXfKeU_xtulEEA"
"Factriangle","UCKckSFvLYgEYSW2HsSeAQIQ"
"FactRiders","UCUs-Ayk-YdAVEaiDFOynqQw"
"facts","UCxujZypJppV6xwEqW-jCkfQ"
"FACTS","UCZ1YnnmQ4tGDd-3HnESBj7A"
"Facts","UCmsopu1F77yZliNsF7-DFMA"
"facts ","UCLG1stt_POCp_0B_7wlvRlw"
"Facts ","UCaA3k0Ns-G1rjsnYLTfU5-Q"
"FACTS #1000","UCZ1j4X8QqL0kYRDJskA2jrg"
"Facts & Gk","UCJlD06oq80joS9Evq2_FklA"
"Facts & Stuff","UCQ_GjhSJ4j-Cndgn4de95Aw"
"FACT'S & TREND'S","UCHFtH3l2y31pbh5CqsyoOMg"
"Facts 2 Day","UCFTyeMPhUH8nX5UGbHQyKEA"
"Facts 376x","UCtx4HgWST7mLPlHGTgnUKBw"
"Facts Ab Tak","UCmDxClUX1GKX6L0-QBk_gwA"
"FACTS ABOUT CRICKET","UCxKb7LiouS5mdlsHT0MUQNA"
"Facts Adventure","UCfT_WfCxcecmkFw9XxZY9tQ"
"Facts and crafts","UCbbqYix9cmuFjwqomjmzd_w"
"FACTS AND DISCOVERIES","UCzFD5eTw8WNLOMy0JxbQFog"
"Facts and FAQs","UC5YPApR2Ajdxiu6A0OMF7nQ"
"Facts and Wisdom","UCCsLHSjyotg0bghzHAV-R9w"
"Facts and World","UCnJFd1OSXNh0qtHDkdAxmsw"
"Facts Archives","UCJRJJHCfj2PuXC5fKW7yK4Q"
"Facts Book(FB) Telugu","UC6ioApnpjsfosVq3aRr8CbA"
"FACTS BY E2A","UCqxTxbhmO35IgU5H8MlSh_Q"
"Facts by Rasel","UCnd6X0uXEHBSNR7UDsfdVuw"
"FACT'S DAILY","UCm7Fwhw04ch4iqUU3ZuCTCQ"
"FACTS DOZE ","UCoQeT4nYC_ipgFy41vO-COQ"
"Facts Explorer","UCvHrndJ9G3icTSbAkhKWVFw"
"FACTS FACTS","UC8tqKGXULsDQyT9vI9rvoyQ"
"Facts Finder","UCIZ689dMAX3GVMKP4HaHM_g"
"Facts Finder X","UCs14H7hYDu2gHYbUt2Qf-WQ"
"Facts Fiver","UCIF7esDMhCkdVpHVpLmMYnQ"
"FACTS Former Soumya","UCUdzBYRuNLgrUcCZmS6SGDw"
"Facts Frenzy","UCBWW2ZhKq5F5DKVfDtYXUKA"
"Facts frenzy","UCs3OR0e7xMAX0qow8xbLkcA"
"Facts From Our History","UCPj2oHG5FRA9Bc5cR49sdGA"
"facts fusion","UCxafD2d9SQZOuR3o3d18Bkg"
"Facts Gyan","UCyUimNl4k4FtajJXZpTn-kA"
"Facts I Never Knew","UCueRgWOmNzKdX8X_t4URH4w"
"facts in hindi","UCKInVpP-4AxnN-x3yR3KS2Q"
"Facts Ki Duniya","UCnKCgjL3TavvUHQcSUPGMvA"
"Facts' King","UCd3HlCvtnDvUNLvSSHK-Qeg"
"Facts lawn","UCLcWji1XBYWqtkxQsYB_PmA"
"Facts Monk","UCrspTPkN5LZBuNZ58rtUZAg"
"Facts n Figures","UC7BDZf1osfPHXYAZpIgp87A"
"Facts N IAS","UCLyMepEUFc7yTGMwq_l6lsA"
"Facts No Less","UCPdQ99Zg5GfxbQu61t5SwEg"
"Facts of countries","UCf-iC7XPO0hiWmQZSBuaaBw"
"Facts Orator","UC00TrOFy67pd2wOf52kxkJA"
"Facts Post Daily","UCyFUJWdZJJGAUDZksAx7AMw"
"Facts' Quila","UCBlde_PB1E_ZpQ6LbDwkdIw"
"Facts Repository","UCx2aRzzaHGdQx00qUSkT8pQ"
"Facts Roaring","UCgnpJHQo_NTviLMVLWPsgYw"
"Fact's Shorts","UCHFzMtdNFqsqyr2Aj3fWIcQ"
"Facts Sparks","UCKZ-h1Ki77uJbm0CZCPYlbw"
"Facts Study","UCqZ8Zq3ChOG9HYGkB2Gyveg"
"Facts Talk","UCaLY7rGE6Bnfx6pskfRZIXg"
"Facts That Change How You See The World 🌍🔥","UCBqqpI1jI3RlAXUU7LYrDcg"
"Facts They Missed","UCqyaxo4tJm1grVePrWCtO6w"
"Facts True","UCZlzSrzF24Lh3ltuhJQL8kQ"
"Facts Unknown(English)","UCr8Tdzs25lsqFurj8YFI46w"
"Facts Verified","UCGjSJoc5DQJ2FMgkqQYekoQ"
"Facts with MR3K","UCALbn-KwNgI3azeWuuJEIYQ"
"facts with pk","UCh2-kXhastkcMMhE457pJAA"
"Facts with Stats","UCVqJzht-PdSLM3fsdgUvldQ"
"Facts with Whitz","UCqwoNy6XgaX1vYrWIXgAsXQ"
"Facts Xplain","UCz7PBP0EDG5qjhiDtIcvf8A"
"Facts yt","UCtICg50_YuHVuK_erIcjvaQ"
"Facts yt 16","UCTvMkLhzzsMnBgb0X7y7QoA"
"Facts. Unique. Scientific","UCFBQpB8il2OPaPXfCSkLvgw"
"Facts.factory","UCVDl1MNlFlsZmKQHwceNvVA"
"facts.mining","UCsdEb_kM86SXwt3xYyLL4AQ"
"facts@pirwan","UC65pv1l3YN6yv7On1i-6lRg"
"facts___13","UCOkql9NwPMa2OzCCtWyMf9g"
"Facts_99plus","UCtcbUbaSOD6ROV1P8_ntmgA"
"Facts_YT","UCXsWPfhcO3L_nz6bNX852cw"
"FactsAcrossGlobe","UCw9chk2gDYbc4XLUB87HWIw"
"FactsClips","UCuJiV6aC1LbCmxi82BX5T4w"
"FactsForYou","UCfkjDW4wtuQ8OZks9g6C-iA"
"Factsguru","UC7VQjB0AcH6xYZgrUIapqlQ"
"FactShock","UCM9YP6FsBo31YcKScM8aCAQ"
"FactShortCentral","UC94RHPAqTz0H8rI5D5L7Bgw"
"FactShorts","UCxxl5KHvpH_ZXjIrVMi3maA"
"Factside","UCfhmFoWCZHmJlFGvq3iDX9g"
"FactSights","UCpFzca9n2cUzFPChcZJfyBA"
"FactsKnowz","UCyo4JhehPZG6h6wzOmImxQw"
"FactsMeUp","UCFTR_FL1ApdJqVBKMslML7w"
"FactSnacksTV","UC9E_2ED5uCmNK765-hv3dvA"
"Factsnap","UC-SrsQsWNgzzvdOZLBkZP4A"
"FactsNMore...","UCogqDQHIHQMH875pjZY8ABg"
"FactSpark","UC5EcQrgvXsgGLR4ukxBTM8w"
"FactSphere","UCghokmwPOlTWL1nCn66HlKw"
"FactSphere","UCtBa9SKkbarxzKxMd1yeKpg"
"FactSpire","UCBrCeijIpzJeJwNNK_mqMPw"
"Factsplore","UCPI39HDTFkvmUHHqDc-nMew"
"Factstorm ","UCko_Lsp5vVnUn-uqf5MQ4Ww"
"FactStrive","UC8pKsNH5Jj5YQdx2GSkQZHQ"
"FactSub_Killer","UCR5GNWyL0uwlnGZmLBpgSTA"
"FactsUnlimited","UC4YJ5VpjPX7t3qLpJTBC5pA"
"Factsurdu","UCl9SjDchS43FtKkMr-4G8Hw"
"factsusa","UC9pZofBGbbttt1m7YihlbQg"
"FactsVerseIndia","UCSLgeJkMNcexhsbZLksLo1g"
"FactsXReality ","UC9Grdhvgp6KO1S4S2CD1UpA"
"Factsy","UC1oNmgC4qS6_3oqB5UduQkw"
"Factsy","UCUrbxgJ6t4wogeyFvUVdvvQ"
"FACTS🥵🥵","UCcdTpj80osiaOjM1hvjxesA"
"FactTechz","UCGdPm5Aq081vVD7ih9jZf6Q"
"FactTrackHQ","UC9WQTpooTxUfUuxHVm5XF5Q"
"FactTuber","UC4MEDDPWde4fUPUBUESMc-A"
"fact-u fact-u","UCiQGNSIqgTEDgmQon6SjBiA"
"Factu Time","UC8MD0_tFPAXs3kRMnokMgxg"
"Factual dose rozana","UChX1yuHCEdpMqecl9acTtmA"
"Factual Pursuit","UCF_BgzGV2pSXRYBjfXqMi4Q"
"Factually Explained ","UCbvJ-Eqc8dIWgrcBSxMb4HA"
"FACTUM","UChReQNu4AG4jWcpNXFokxWQ"
"FactUncut","UCU-_kGLeC2MxJcSF7K9J_5g"
"FactVerse.Insight ","UC7AS0RPqA9d4soYvOZmUm4g"
"FactVro","UCMtJpZF_7qBBODyXt5_eOKw"
"FactvsFiction","UCvAYHMcZzvCg0NhfOZYqrxg"
"Factworld","UC3srOojZaBRW9QLtYUzimnA"
"factworld","UCdRb7sFHp-vTWYC4ugM1sZw"
"FACTWORM","UChxoFU-cQHuA7mo61mGmoAA"
"FACTX NOW","UCcYnZpCegAbvytSU7vFlhLQ"
"FactX TV","UCA6f4smL28flbVoNpUrTAOw"
"FactY WorlD","UC38lcrbR6wUE4F1DQxpwrog"
"Facty World","UC6cxlysxBhztenujagEEiKw"
"Factz World ","UC-IbafB-vigVKin2vOTkCdQ"
"faCtZin1","UCoaf-69A9UDV9XV3gHkr3vQ"
"Factzzzzz ","UCwtR8eB-_k_fmoZzkd3WjvQ"
"FADAH","UCB6_NM3Adpe0SC7c0f0hDaw"
"Fahad Ali info","UCQXl_5y0bDgUw8xp8nEyKcg"
"Fahim Taj","UCLebuPlzuNtlLUVasu489VQ"
"FahimTimikaYT02 - 2 account","UCHzb45oY8-IN6IRcDuVWZqg"
"Fahaan editz","UC-SvRSWLy2pVVE75au3wGaw"
"Faisal","UC59YEE0qGGWFZLU4Nlh0X4A"
"Faith Chidimma","UCAMcrOQn0n1iouyQwg9HQXQ"
"Faith Plus Nothing Ministries ","UCnCKa9ahfZ-t-IYDEJ1hLTA"
"Faith🇵🇭","UCJfZElGapB0NX4eBanrfWtw"
"Faiza Shaheen","UCKIyb73Zix22ClRzKPvyaxQ"
"Faizxedits","UCvyQy_glwDYuRdMC6dHHP2A"
"fajne_żarty","UC3ZXo71lb0vWkDmjtEl8frg"
"fake masha","UC5NZnXGnng1tThdrXkmKpwA"
"Fake News Real Ai","UCMEPJD-dOghCXzv2LoLDuaw"
"Fakta Detik ini","UCAd8kMGY3hcnSkI21deXgag"
"FakUn","UCkcifgPeC_QvTPkPrPDOATA"
"Fal Reveal","UCJtuxRn3ShaGpy7wndXN2zQ"
"Fall of Civilizations","UCT6Y5JJPKe_JDMivpKgVXew"
"Fall off the Map","UCbWPKkwrEOPIt7qidxVD_cQ"
"Fallen Wolf","UC3W2QPRiQUYUrnOxJIn1uUg"
"Falling Asleep with the Universe","UC3ggPcAh4ZHp9jTpymCpWpw"
"FalloutHistorian","UCe5IEs9CIH_LC9YUrCcm4bw"
"Falmouth Memorial Library","UCMoeKa0gyR8GyKYillzUckA"
"Fame Flash","UCuAF-0S3TADOxgXcrZbQT-Q"
"FameFacts ","UCKnV5oOSgwicEmsyP8FYyaw"
"FameGears","UCkiGxZYfBdW0v66azbz4F3g"
"Family Central Explorer","UCXedYJrH5GzraBleuJipASg"
"Family Road Trip Vlogs","UCFrBmQxjZL04C1n0knMGBgw"
"Family Show 🦋","UCwYhnOGl2SSLXvZHWkf9d9g"
"Family Trips with the Meyers Brothers","UC0AeHLnmELjD54JSLJaoYCw"
"FAMOUS CARS","UCYTmEcKRVYbfibSPnGReCnw"
"Fancier","UCQI0WnxmpW8yTUi5tBzWr2g"
"Fancypawfacts","UCRNldpUC9aLPUnu0BIHoHhA"
"fanof","UCNRe31qNGTcVRxRSzDnO0Bg"
"FANTASTIC STUDY","UCw3jCbmyckZMeUBtln_lhOw"
"Fantastic vlog ","UCduib5a-5E02vV--a4mwkuQ"
"Fantasy Factory","UCvMiofR-ples7wc0oIHC44w"
"Fantasy or Funny Videos","UCHmB4XNvn05kpHbL5PHiDlA"
"Fantasy Shorts ","UC5DoD2qGW7bQ5jHrJrTlp1Q"
"Faraday","UCdideHQcFZ7aa-e_7LLIeIw"
"FARDEEN'S ART MIND","UCWIT52e-upQiXyvOtCuHhsQ"
"Fardheen","UCyxD6nCxLN7JuvzmeoyvIMw"
"Farha Shaikh 7","UCxPLYBXMF1HzgfOm9-4xKhg"
"Farhan Ali","UCIljoMpf2ZvToZIN9y8U5SQ"
"Farhan Anwar","UCeieEPP7FV8COjwW3gCJ2XA"
"Farhana Shirin. Ok","UCHtM8fox4d6oOkCHw7_sMLw"
"Farhangamershorts","UCAIxgVNb0hM4eB8D-EYAOJA"
"Farid Haq","UCRXBRSDgazzmfqM6-1DDgRQ"
"Farid Ullah And Brother's Arms ","UCO8SKyXS3CSulpKQR4fyzFw"
"Faris AlHussainan","UC5i1AV7HBsyqLXFgyIL2TAw"
"Fark","UCmyvQTgp0sMBkY45-x_MZLw"
"FarmFocusJob","UCz9jwNG_wxEJj03FDrj_6Qg"
"Faroe Islands Volleyball Mens Team","UC4YNZe2wt7YCnib1qsuxoKA"
"FAROOQ SOLANGI ","UCZCgxLTQZVAgJoQ-aOEviLw"
"Farron Balanced","UC5dUUCs748wCYQl682LX6bg"
"farside2047","UCj_YxHLtgC4hFWne_tHkgcw"
"Faruk Ahmed Short ","UC9_GeQWSXrspYws_EHT9zEQ"
"Farzan Films","UCwqFGHLDXKSZmI63yCKnVFg"
"Fascinating Facts","UCZgi36p4LT0rjjW7_pWLBeg"
"Fascinating Facts From Robin","UCk9RrFpCr-5SMjDk5IU6Afg"
"Fascinating Histories","UC4ZboFk6xQ8xwtrhyaMfdRw"
"Fascinating Natural Wonders","UClmxsGAqvEoAdM5BJUMV3fw"
"Fascinating Nature","UCXKZwhc7-M8OorucFcATEkQ"
"Fascinating WAR History","UCk7JDrlYHTokFYrhpMFjn-Q"
"Fast Facts","UCVVGJnEUn4BlIRn2LUU5sOA"
"Fast Facts Fiesta","UCcEpmsIXHS7-wangv3woVdQ"
"Fast Facts Fix","UCwuKxqM5iXjHNRK2obZ125A"
"Fast History","UCxCgMUlL-RKU1F6qeJFD2IA"
"FAST SHORTS","UCa2168D7QJwmvoNbnWAYNBA"
"Fast Times Vero","UCTeqlx1FoRakuFhWY4bVVMw"
"FastCheetah702","UC_cSQR-scbpxaMauagnsU5A"
"Fastepo ","UCwUsX9NXZ6SS_XwZsUqRhRQ"
"Faster than Forecast","UCYrUIJmrPnswv-giyx6JOHA"
"FastHumor","UCJNyE31EA295t_tPEMfHb8Q"
"Fatal!Error🇸🇬","UCLJoMT3BS0t7Ii6bxp_ngtA"
"Fatiha Hassan ","UCwM2OR-JUSLbEdRhnDVNkXg"
"Fatima Batool","UC8LkL4cYSmN24mVoW1sHDKQ"
"Fauna Friend","UCWPUgdMC1g7gOJZHgydL_5Q"
"Fav adventure","UC9LFRaOFG8df_3dweO2jWUQ"
"Favorite World","UCPCkS2GvIHW9xzoXBJ4SaQg"
"Favorite_Princess","UCE2jMAUK9dEmMQqgfryOXZQ"
"Favourite ","UCuTscm4lKgsZaVQJwNQ65Qw"
"Fawwaz134 ツ","UCCzwk5nzsRBLv6EApM9TW6w"
"Fayaz Educational Institute","UC0Vimr1tAyrN2GUxu4TkmQQ"
"Fazal's Speaks","UCgPXmUsMZXkIF6ENkLRwnYA"
"FazYT2","UCP5y_8mHYwandnWcnDojFlQ"
"FBI LB","UCm0-E8cQC0xUc3BYlUZTrfw"
"FBReels Daily","UCAYnPCqN1GQaNGCZb44-Mjw"
"FC","UCUwlr_y1vWWti7LQT9C5Wzg"
"FClipperZ","UCDewYzc9dzFlaPkzo_lz1cw"
"FD Adventure","UC6LweKXMrLmT9zzXFWBrHhw"
"FDRS GAMING ","UCFyg8SO6xzr0CTn5Hr1yorw"
"Fear Capsules","UCnG0ifnw4NCX-CHCFZ-OmDQ"
"Fear Frames","UCV5uRba8NoMzPWBt-v0PXsg"
"Feared_Killer","UCQV1Ur_MnkYEgPy3oq9Vr7Q"
"Fearless Leaders by Col (Dr) Shantonu Roy","UCmq0FCNvlSyo_aI6eEAzVag"
"FearlessPlatform ","UCX62IUg3lV72xf0WV3T1wVQ"
"Fed Conti - Topic","UCPgadoAEXNVTdTojFKwsJ_A"
"Fed Up Americans","UCdh1PFXYYkc2vOpopqskxQQ"
"Federation Of The Gerlamese Republic","UCiAL5pCHD8vmUPTIVIH6rGg"
"FedNews","UCcjGb8PSMJp3KTZ5-Mm02_w"
"Feel the Music U","UCXViyBDU94UXLHQPxJZ6kZg"
"Feel the Rhythm ","UCv1JBilKkchsikVaOfPXegg"
"Feihin Tingting","UC-NtWbVcEYkbcR0hQqwTTIw"
"Felicity Arvizu","UC_H8rt3ewkNEMqJJwklKLVA"
"Felix Roux","UChJJwVhL1S9lu8qZjXIr41Q"
"Felyoc","UChTVBkAFSzSXPJjZfTToCNA"
"Femboy Firearms (Phoebe_AI)","UCLzwGKm0XZp_BwlAtQUX4Aw"
"feng manh lueng","UCoyblBFCTcOLTeN6_QeQ2ZQ"
"Feoniks 66","UCcG_8N1FSsBmyqEaC95g8lg"
"Ferdinand Cohom","UCqzChWo4J8nItntxqvXOsDg"
"Ferhat_Official","UCCqFJaWErh5etNZ6LnGTFyQ"
"Feritus","UCRSSlBJM-5yniX_cUILAVGA"
"Fernando Shcolast","UC8F38n57cJ4qndyR_GwRezg"
"Ferns & Globee","UCCFXghChErQgjNERXTMFFfQ"
"Ferry H","UCjJO6irMKwI0mHyiodw5Jrg"
"Few Seconds","UCwA59pW0phlrTaNK0f0xHhQ"
"Feyzal Beyk","UCIQ8gJFeAQgiXkYHc7C29uw"
"FF MEDIA","UCOPat09EzgPEUOUrDcP_w4g"
"FFAW-Unifor","UC9P275B8Pjtswfjf8VRhfcA"
"FG [GD]","UCr3YE3s3Qy_RILBmyV5Rfwg"
"FH JOANNEUM","UCKxriNXDjpjUpXLkH7N4lIA"
"FHEXA00","UCtZdo8sQ7-ESRbTtbKD5jhg"
"Fiann Paul - Topic","UCO47ue9wcGJDr5IV1erXGBg"
"FiddlerNick","UChaSiK9WgbI7AHEuNDtwIKg"
"fidzclips","UCrG_go6Ri5kLMwiE5OQrt9Q"
"Field Gemology by Vincent Pardieu","UC_QbZmviQL0k7oVuHecvQow"
"fiery dragon","UCt8LQOmIp50pHvvMqpLvFlw"
"Fiery Hoss of Da Apocalypse 66.6 🐐🔥","UCEFv4IOXty-PCoqzGplOHvw"
"Fifa Generation","UC3lYNa1mu_2r80M8VM96D5Q"
"Fify Lm","UC5RWfDaIV_un0XnbMQ-EvXw"
"Fight 4 American Freedom","UC0QdGyeN1VBiQsKFg9eCHtA"
"Fiji memes🇫🇯","UC9f4YSo51OLDyC05zlAI8Pg"
"Fikaima Sam","UC31bu6l81FZwVk9QgXZll0Q"
"Fil-Am Traveler Vlog","UCm3g3aVMYOm-wrujOam7aIg"
"Filbrits Couple","UCanTSTfaiXJhCKcQESTfqiw"
"Filipina in Greenland","UC03yFUCHOzlUjfK482MeOZQ"
"Filipino Neo Jared","UCaU4otDIV6BmCWwudLrbYLw"
"Film Fully Yours","UC2CUcLXVAnjWKRhGljM2CBA"
"Film Platform","UCHmytlhnBd3zsm0Yax8FnQw"
"Film Shooters","UCGcn95vqpknF1atjxkJ7qaQ"
"Filmagem com Drone","UCNMc0hK95cqBitQ3N3ewtPg"
"Filmation","UCWaTLxngaqTN6n9TdN-1mHQ"
"filmdekho","UCQe7j34hxKYqoow0_7X_73Q"
"FILMI POINT","UCfIMt3n6Nc9u8d6EqdmqFWA"
"Filming Adventures","UCQa4-En9h-Aioh6V75w_seA"
"FILMS","UC8wrE_FiBynsioPaLi_0GBA"
"Filmtrailere og andet","UC7WcTinsU8wks8q8miWs_hg"
"Final Destination","UCRi0jEDo_gcwchwNl7MaxoA"
"Finance ","UCmtrBKC3NaY7EpII0TWZkTQ"
"Finance Facts Fun","UC4oBje_qzj7DqZQeUj3wSZQ"
"Finance History","UCO9YMFVdxcmCLVV_dXvF2gQ"
"Finance Outpost","UC7QqavgvvtyBwEdA_0pWGBw"
"Finance Rocket","UCdScE_sbEu_IT6nuhBWqh2A"
"Financial Dynasty","UCF28LxzodLv4dGy4cgFjG7w"
"Financial Historian Audio","UCqO0gyugvaVrC3s70D5MVrQ"
"Financial Times","UCoUxsWakJucWg46KW5RsvPw"
"Financial Underworld FX","UC2R3qM8Pl9aHTVKWTyEgSQw"
"Financian","UC0Cyf-sOPE0AGY41I6andkQ"
"FIND fact","UCSWNR865SwVxRNBQo0AGmrQ"
"Find me","UC-Z_IIZwk1k1mW3OLgDaC6g"
"Find My Airdrop ","UC_n1mOzwDdgSENIfp3yfO_A"
"Findajobabroad","UCLjXr5emx4rdm3WyvRL96MA"
"Finding Beauty Every Day","UCeiHgl6FYHDNwsyE3ioxZsw"
"Finding Peace365","UCHtKm76RH2f0B0jOu25VCFA"
"Findings Found","UCHhFg8wNKk8BZD-bSkjpOTg"
"Finger on the Pulse","UCrTiii6k8ypTDd9inC4dDKw"
"Finite Flying","UCZh9qYCmgtg0tQssuFMJJ5Q"
"Finland Days","UCMgbqDIAXrN_xqa227WNMSw"
"FINLANDBALL","UCszyeh5Qaab2uSpmYlEZYWQ"
"FinlandBall","UCmELaQgtKBOVN4rQApMQBJA"
"FinlandBallMapping🇫🇮","UCn3Hv9kwxWG1Qv9SlHB7dYw"
"Finn Enoksen","UCLfV0juj1F-LOoXh2OWQ9Zg"
"finnegansache","UC3Gl_1sME61dM5LsS_CJNag"
"Fiona Apple Rocks [FAN ACCOUNT]","UCZ-EIh3E17XQFwNqDoeWGDg"
"FIQAHE JAFARIYA","UChxBFci6tJci2xo3EBSIeyA"
"FireBall","UCZobH-MXKy02hdv0rLeIGZw"
"Fireflydo","UCylRe1jLeGuri92lJXghZ3g"
"FireFootballMemes","UCCBvja1GvqDUBRH_KnSuUMw"
"Firefroster_Military","UCroMXFvwb_-5CV59qnvp3Lg"
"firey","UCkJCyZMRrxRrXnKWCLC-L6Q"
"Firmankidd","UCSK31JiVzFQ0htYSsEgUGlw"
"First Arts","UCw3U99mhlempLSP5BC0fd8Q"
"First News Broadcast TV","UCq1S0kDXCoNMzO3Hxyzxp5g"
"First Stop News","UCWERWbz9rZ45hXRD4APsraQ"
"First World Solutions","UCn75KGEqVqhlHzW9YxLPoRg"
"Firstpost","UCz8QaiQxApLq8sLNcszYyJw"
"Fiscal History . 2.1m views 23 hours ago    ...","UC6atiGSM_QQ496D4Nzw8Log"
"Fish","UCDXPCNFQZ9Aj6LgvbfyIH6g"
"Fishaholicboy","UCOo7P9x9ziJ20LH98tSBu4w"
"fishdreams13 ","UCSRcn-5hv6XoEGuD-poL3LA"
"Fisheries Management Scotland","UCfNxpiR9nk1pF6uCdAEA1Hg"
"Fishing Bear","UCwr3L1_RefecLz2I_RF58IA"
"Fishing Spot SL","UC81DzVmoRpjRBrVEEmprxCA"
"fiskarin81","UCUF0ZkoG6dFfnQTDR6YymHw"
"Fit with Ruhi","UCLa0v5HxzYUUlW1MRlJIpeg"
"Fitness, Health and Motivation ","UCRnIxbhNHM3LtsDJuEiteYw"
"Fitque","UCV1S8RAUyo9FEq0SWEEl_ew"
"Five facts form G'day mate","UCcpJwU4xASS02MzkbNKYrnQ"
"Five Minute Folklore","UCKVQ2Ey7DnE0wX73sWRXn7w"
"Five Minute History Channel","UCz_4G45wHC_s5MnK5rIUFiw"
"Fizzy Editz","UCCZBp65Fx6EAQjTLuD5_4lQ"
"Flag Footage","UCRrjkA86t11Gy2g2TdieaNg"
"Flag Nation","UCLfojRR65EbvBrj6cMPf6_A"
"flag Plus","UCXIpo9OJHUnucU9HjrH1idQ"
"Flag Sketcher Studio","UCA7NPkrp8jmqt5QCBTD4sZw"
"Flag This!","UCQnkPI_C0RQxrzZxcGBHH6A"
"flagcorner2","UCfc0kJB44xwx6bOsHrCgbaw"
"FLAGS","UCd9MOllJjE4ODRk6CYcOQkA"
"Flags in Focus","UC1GP-Xcmz_dumT7Ue_ra8mA"
"Flags of the Nations","UCQerW66wPWwCA7LXvAxGEGw"
"Flags Of The World","UCEGeNcdD6y75NNt_120CrHg"
"Flame Gaming ","UCe0oX8Bw2v6gevsDvbETZAg"
"Flame Today","UCQDanYkHKioiHFc-qHis5lQ"
"Flap Factory","UCoSMw24n64rvz7GDu26rhaw"
"flapitty_hub","UCwk8-z1yUs2ukKZcn4SEzyw"
"Flash Beat News","UCBMKfv1MVzy4z8wC1i7G_xw"
"Flash Expedition","UCBOY6YBOy1hm6zPJSHaZ8Aw"
"Flash Explorer","UC1mxYhTScnkxWyWrA2hsnng"
"Flash Geography","UCaDdkZG_gKB0MFRYq3FxhcA"
"Flash Point News [de] ","UCucklK7Q3HxVkoMTuEkn3NA"
"Flashback History","UChPL4dA9ZOYvtO-Z75dK8FA"
"Flashfocus","UCsHjcNgpubPQKVZO5Y951ZQ"
"FlashVerse","UCI4RUF2XjdvFLBSfKzXnPNQ"
"flaskpost","UC8Y5K28oM-4EgAPzjX7_ePw"
"Flat Earth Conspiracies","UCmAHIzgFWZCkmMvIRbg6sXw"
"Flavio Driatori Pararuan","UC9DzPp1lTpkfbzk6F3LfohA"
"Flavius D Films","UCX1HZ6O82KdnHFlY9cSrYEw"
"Flavor & Travel ","UCSBH8L1mEaHHhyVIFlYEtcw"
"Flavor Street ","UCcPjwM_EgdC_Z5w18Rqp_Hw"
"flavours ","UCwNoxUUgOUWtsdVw2VqCPEQ"
"Fleet Tactics US","UCRGJu9xwyzmggPpfmKEK_sA"
"Fleewinter","UC38uL6BNIgwfBKXzv5xLCUw"
"Flemix98","UCNEpTPhWqcYaG3mU6OAVuaA"
"Flemming Lauritsen","UCyV-RKlH81ZHsli9P9q7gVQ"
"Flex Media House","UCsS68v_biX2P1NGUFPXXu0Q"
"Flick Society","UCX7gRNbqM1Rtn3IP1h3Br9A"
"Flicker Feed ","UCbA4DmGnlOHw8NtA6bUvcwQ"
"FlicksFacts","UCC5CF5vqtEkLtWXeG3kg_OA"
"Flight Report","UCDT6FBsszN4ar3mzskbdCzg"
"FLIGHT SIMULATORS. WE FLY TO THE SKY.","UC18RPKlYo2Gl5ZfFiEJTKQA"
"Flight Trail Radar","UCwSPfySAgR45i8zYXs046NQ"
"Flight@Sim","UCrejGhYMG7TiDCz5_dGpRgg"
"FlightChops","UCPOMdL9KIwcFMG9Bxppk4Mw"
"FLIGHTDECK_PILOT","UC7gwWA9Gf4Pfko8yE3CqpIw"
"FlightDraws","UCjt8axRlClnem8SJh3eCmUg"
"Flight'N'Drive Gaming","UCg_jKhPPWfPwZY5NoK8XDoQ"
"Flightradar24","UCcGI_kXwKl_QhyW9jK_8gIA"
"Flightradar24BD","UCGH1csQZ0HBUBpmbjb1h5uA"
"Flights4u","UCL_ESqLcEhurlZyveP5hNBA"
"FlightSimPilot","UC9oSHNBpHbIREStAxHEF0qA"
"flipper883","UC-JPC9qRthIyEZsLM6Xx4zw"
"Flogbóltsvarpið - Flogbóltssamband Føroya","UCkaaCl-FzLSdOa-P8cazH-Q"
"Floh Cainglet Vlogs","UC1J5X9cGg7oipdK6XcNIxzA"
"floppa RFS","UCgB__UwofjjRMGiwC4klyAQ"
"Flora Woods","UCWGgEAXWZ1DsNw82YBVlL-A"
"Flora, Fauna, and Fallstreaks","UCLayTRSX2jSe80H3g5Bqjcg"
"Florent Defay","UCSUsx-0e5nu-sPjS64Paarg"
"Florian Wirtz","UCxF7OUPeyv3SUCsv8A6oNlQ"
"Flowers","UCDxF9adfy5nEeecHOwUeTQg"
"FlowersFlix","UCSHxZHrRT9RnUmY--EiUtVA"
"Fluffy and Snowball","UCDq7hCngh6J6c3n67WksvGQ"
"Flux","UCULZksDWI9v_oikUT62HZMg"
"Fluxxyy","UCyNtyUBeXW97kRgihN-u8HQ"
"fly","UCbwqxBryHy7l-elgXMbzu6w"
"Fly & Shoot Countryfieldmedia","UC5QiEUk_RDHLwVBM3EPv_QQ"
"Fly Radar","UCGRCVJ8pJwbTIjujoWagWew"
"Fly The North","UCOT1n_Co1zSMWIfO7j5jyOQ"
"Fly Travel ","UCgaPgYkZPUpKQTDtVQc_trg"
"flyandfoto","UCQxQM5TEKADMjcHiHuB250w"
"FlyAnyTrip","UCDIkHNZMrIGxsag19GqrA3A"
"FlyBGD","UCEVDwVqF_YbTBhYGZ5jMzjA"
"FLYER","UCabM-JWLywZ4N9SWXaEdgUA"
"Flying & Travelling around the World","UCaME81-Ib81vSgOLi3NJ2pA"
"Flying amanda","UCWYFT0XZ7UD-t6OzL2WdlhQ"
"Flying Anthony","UCadgT4vBeW9jJ9gw11EqSOg"
"Flying Meatball ","UChI7F_Y7K7in1OnJsYmX5ew"
"Flying The Nest","UC3CxEBKx2l38nl1_SFsC2gg"
"flyingman96","UCNPXxISZ2ZEjquLuV3fMyKA"
"FlyingTwins","UCEouTLlhTeZssVNZ2D4RjJQ"
"FLYTAG FLIGHT SUPPORT - International Trip Support","UCL6BuJTpefYDJpyyeNqlP6w"
"FNAF TD With Bug","UC86mqb_kaEVXNzHuiu9EdMw"
"fnafandfriends 3 3AM","UCpW2Fyi36MOhJjzqrd6sFIw"
"fnu Ngale","UCHeAQ985KC8hwat1ImWLhlQ"
"fo0ty10","UC1MaEYcASwIb5OluPQj6ILg"
"FOCUS CHANNEL ","UCIeyp1upDyP-ebpQ2ARO1QA"
"Focus F","UCnjyu3ugpSOzAi0CUGEDRcQ"
"Focus News Global","UCc90C82T-zvMO_L3HFoRRWw"
"Focus On ","UCiRXCHN-X49nDTzDXyNDCUQ"
"Focused Booklover","UCbCp_sSleSBCcuLktHx4uxQ"
"Focused Money Skills	","UC1ZJK0bisSfDIBWE7dF5htw"
"Fogbound Memories","UCEVmXM7GvOKg9h8UM77F8pg"
"Folktales in America","UC4yBrxwNQgSoAFZ9yTOCN6w"
"Follow My Compass","UCTasHGGdddK8UmaXKHvmUfw"
"Food,history,and sci-fi👽","UCha7X58ydLKzDVsjV_szh2A"
"Foodie Odyssey","UCyLkHPh7LBTsDXC1oVZHzzg"
"Foodies Gendu","UCBqJvZ9-PvjWFLjF6Xiusyg"
"Foods_shorts","UCtnEim36qHpHK3ecT62gMpw"
"Football Tactic","UCfZbmGxCQ0kJre1updSv-LA"
"Football with Flags","UCxrH_HCIGKQUOaFWNPJI8Yg"
"FOOTBALL WORLD","UClb_Ab5YiY4ddHIoc6nCkbw"
"Football,ocean,geo Editz","UC1EpXBjsWfSLLinMwnCks2w"
"FootballFancast","UCU9DvZhRF_BCKmwXiQzOp4Q"
"FootballTrivia","UCv3y7OD-f_GpTVTql-VFCVg"
"Footprints to Paradise","UC-AROOqge7v4iwRXnlL3-2Q"
"Footy Leagues Around the World","UCZdKT0QbY5lI8ipEfEZYs_Q"
"For A Green Future","UCLnlZSYVnsq5V9hXUPaQnZQ"
"FOR THE REAL PATRIOTS","UCulX6aviqTSq4ns1ncutynQ"
"Forbes","UCmh7afBz-uWwOSSNTqUBAhg"
"Forbes Breaking News","UCg40OxZ1GYh3u3jBntB6DLg"
"Forbes Middle East","UC6ip3rb4w_LIq1Q8kJXcKlw"
"Forbidden Files TV","UCrHU_HBOixWxdJyT_sxw5oQ"
"Forbidden Origins","UCRRY1OPRsfbp7F_-knfLMMw"
"ForbiddenHistoryFiles","UCyJNt3QuC2i9Al3ScQspZfg"
"forbiden","UCe7ol5WZ7yMCdd2onk-9ULQ"
"Foreign Fixation","UCQhR9CP8ZfsONOGSTQxnq2A"
"Foreign Policy","UC1x_EgZtYkAzVavuONBrLZQ"
"Forensic Economics","UCNDfWpv0aFyTJqezYkqOK9w"
"Foreseek AI","UCFVbGgpXOu5za27WpCRO-gw"
"Forest Files","UC7_62eh30ssRA89ImbvyTAg"
"Forest Flame Relaxation","UCkQcHXo0gI4SbL0l4eadgwg"
"Forever Young Aviation","UC2mzkyVXxVfLxVqVYj0Uvcg"
"Forgotten & Forbidden","UCWSULisEXZ4oDcSys-LPU1Q"
"Forgotten Archives","UCgUShWZjsEPkjANXKELduqA"
"Forgotten Cartography with Lorenzo","UCGRcWRj9izoesZuaYFQ517w"
"Forgotten Downfalls","UCHrMMBtcJ-uPH0CHCkmtEeQ"
"Forgotten Fallout","UC4kdJkhKQZBF7hOZ5PvXoYw"
"Forgotten Flights","UCTgFA9JgAS2tK1B1nidnPSA"
"FORGOTTEN HISTORY","UCJ5kKhnQUbZmABUeJJvj9aw"
"Forgotten Seconds","UCCgY3v6U8GEV8hIxU28Zy-A"
"Forgotten Secrets","UCfKnFNvwQ606KxwbG5Tbhaw"
"Forgotten Stories In History","UCi8m62g3_3dVTHhmUAd8qug"
"Forgotten Truth","UCb1FYGOPo5RaYTbmCOe_bxw"
"Forkin Around","UCL3lHNeoHeRLm_xO43RmLTg"
"Forsvaret","UCQZjKJUL5nqbeMt9LNCTOzQ"
"Fortress of Lugh","UCOKfTeI3E2VVOqqV_KPm8Hg"
"Foto Graal","UCAxJ1CEr01cQxfKHN_P3czg"
"FotoFurNL","UCo4php44MS5lVFefxS4EytQ"
"Fouad Travels","UCQf3ikSTm-fyxUsuJ6Fe1uA"
"FOX 10 Phoenix","UCNjfNLnQYbjBEvnS8KFuyGQ"
"FOX 13 Seattle","UC5bKZHg4PzURMOWcvanl6nA"
"FOX 29 Philadelphia","UCqdOvfSmM2NKRNE0FSbATuw"
"Fox Business","UCCXoCcu9Rp7NPbTzIvogpZg"
"Fox Business Clips","UCX7TbTCz71eh-FMzJNP7FCw"
"Fox F","UC9_A0u6siZP-EPIuJLDM9Qw"
"FOX NASHVILLE","UCouaZqnOJay2Lacj8fomO3Q"
"Fox Nation","UCG1CoynVOh5uj12qpDLQ7fQ"
"Fox News","UCXIJgqnII2ZOINSWNOGFThA"
"Fox News Clips","UCqlYzSgsh5jdtWYfVIBoTDw"
"FOX Weather","UC1FbPiXx59_ltnFVx7IxWow"
"FOX4 News Kansas City","UCBcu7y-Sqgx-X2ss3SpEu2A"
"FOX54 News Huntsville","UCfUU-PZ6eodene7d8hAz67A"
"FOX56 WOLF TV","UCSeDk_FUxRMVUOjEx1bvAHg"
"FoxOfStocks","UCdE-0vBP07g0T-_r1KPRIXQ"
"Foxy star g","UCSRHS1sAF31Ra2fC3ggSTkQ"
"FPNC","UCjR7RQnx5IuM4erPgR-lGVw"
"Fraction Lab","UC-YnruKosHyTU7qYKhnEkIQ"
"Fractured","UC3ZiISI0ZZkpVBksoyWZHSg"
"Frame Atlas","UCaKER2XGjTO7f_Rs4XairPA"
"Framelab Animations ","UCtcZJBtiBQfmRDADzSKbPfQ"
"FrameUI Official ","UCR0_1Ms8THrt6q3khBb29XQ"
"FRANCE 24 English","UCQfwfsi5VrQ8yKZ-UWmAEFg"
"France countryball [Owner of Y.D.A.]","UCjC4xROFHAXO8c_-fgbLzGw"
"Francesca Lanni","UCoI13Tv_zuXhjzVNs5rp_ww"
"Francis Carmine","UC3JB6HnXOm9xvTfZA_1GSbQ"
"Francis Harper","UCqR9S9hPZtIRgWwJDUyfK5g"
"francis&hazel","UCx55b_kD-CIs4wcANBaf7ZA"
"Francisco Ferdinand Lagman","UCGCrWgEJ9FB93smNygIfbkg"
"Francisco Frutos","UCfTleACmJEXH89Kk-jpzVlA"
"Francisco Gonzalez","UC5ih1XKWx4IP1JqfgwLtHeQ"
"Francisco Jaramillo ","UCPbYufAk-InMZIHLgsuP5GA"
"Franco Kaoru Nakasato Gushiken","UCQHvpxAqZzFKyGYu4z1slGA"
"Francy-ita","UCNmiAIZn3odBhx1VcbaLucA"
"Frango_en","UCK0av2D054lFAbgTfog8Pkg"
"Frank","UC90pC2U5RO3hqugP_ACRWqA"
"Frank Buddy","UCIAcc49ju9XihX9Td4CPNMQ"
"Frank from The NPC Show","UCl49yaTf95CnN_w-Y3yY5fg"
"Frank Tarrant","UCnXDxnqJ704AVfJQrmZXs-w"
"Franks Facts","UCxJblg7saOnEd-RJbhSgPHg"
"Frank's Show Clips","UCsN5XQ_HVz-hdoDtCkdC7vg"
"Franky_the living Scar","UCpYA5G6PWW2viLUdzRbYOeA"
"Franz Herbert","UCEVcj98kW4Ex81SwChsS6Yw"
"Fraud News Channel","UCRGYD8x3YBg7DR-beCBdUSg"
"Frazierfishing","UCQAnPJoQKNizPb8xzM-Vhag"
"FreakMapping","UCqt9zOvlhJtGcft8eXiHlPg"
"Freaky and Fascinating ","UC9BaWGfmGF3-d6TgH5uKjUw"
"Freakybob","UCSY2iUvE8c3VNebRj5tYN0A"
"Fred 13","UCCDxCjW9wrSsgg5WhG2tt9A"
"Fredda","UCrbPsI5RvQybygZykPUxBSA"
"Freddie’s Flight Reviews","UCYBf6yIyph5r68lVhi4lglw"
"Freddy S.","UCmbA1Lehuj69in5funlxBGg"
"Freddy_vr","UCmPJlx2ZqwIDZTrkd_4J0PQ"
"frederick&fischer relaxationmusic | meditations ","UCIWLOSnFlAKUFWpn9TzcN3A"
"Frederiksen Flyrods","UCUCjGE-PsNR4yRiI0RLC-3g"
"Free bird 2:0","UCoBirhOHjdwbzXDhaUIYw7w"
"Free Citizens Network","UCLmcIxO9JFiOELhlsSfahvw"
"Free Documentary","UCijcd0GR0fkxCAZwkiuWqtQ"
"Free Documentary - Nature","UCQtW2oz8ec8pHjjxawujNjg"
"Free Every Voice","UCs3M2n7UVfiXwztHT-MO-Rw"
"Free Fun Creative","UCVX9WXRXoqjZ4hsntM17cwg"
"Free High-Quality Documentaries","UC_g32e3JeECjEuRbk-loywg"
"Free the People","UCEPkS6A53GSnQelyGCHHIIQ"
"Free Voice Media","UCAyWTLdCdFnEHQFoAmodsJQ"
"Freedom Dynamics","UCq34BukBUkV-CmgQoLf0XGg"
"Freedom Focus","UCt_GUSCXna8q71LRV1LUw3g"
"FreedomFriends Podcast","UCOByvcTqZtScBFKIzNwOOyg"
"FreedomRock","UC6Qf1JwoDwSFas3dGjrZbkg"
"Freelensia","UCAGqxgsFa7WJLR_Mtc-wSKw"
"freerider -","UCXFtaXPZN4ztAy0eK-Gyr0Q"
"Freestyle Adventure Travel","UCppn6dxjs5lfkpcwIJdZoIA"
"freezeerf","UCww-AEbf-UkeD0UDR3BeAww"
"Frem and Focus","UCY3L13-cMg_Rh6aVaylhwAg"
"French Ball","UCowO_3CegPTIj0eIGrA-Ang"
"FrenzoTips","UCMI8UCO1csFFqB1OfAsVG1A"
"FRESH GIRL KELAIAH","UCXHCtuD1F7YRLVtCmwxLJpQ"
"FRESH SCIENCE","UCKiNnawIpT1XaTltPakAPQA"
"Frida Johansson","UCtIdgud_5cI7o54xiQhqVKA"
"Friday Visuals","UC_7AJlt6AmSVC7fp1FQej1A"
"Fridriksson","UCZBgDrvVtscJBMw3PsJZMcA"
"fried chicken","UC-p_SoXy-YL-VugMBOhCjcw"
"Friendless","UCLDBN2Ce6udvnl5UiIJltyQ"
"Friendly  Neighborhood WhitePeople","UCY_MBGW1KMlN0utxY52eB-A"
"Friendly Neighborhood History ","UCCJ8Ja2Zjo1Sg3mak52u46g"
"Friendly Phrases","UCMd1SKJ5XuqLzWv-UB9vrrw"
"Fritz Leip","UCrCd1DU4Dct5lc7BkJeASOw"
"Frixostheanimator","UCabqXf5YDjYwa6rDcCD1yuA"
"FRM Info","UCCKHYH09lfFgnEN5X-nWAjw"
"FroggyOfGtag","UCzo6zFpOJp_KE4bdmc2PMFg"
"Frogieee","UCo6QWnJVTrDb3iRrZDpJ4bA"
"Frolicking Folks","UCtV96CgkXuokS0k52Z0Zcgw"
"From dust to dawn","UCReyKeznfdtC44SWnzNj5qA"
"Fromindia2thehague","UCEqvXLNOPtOn9igCuYDeHng"
"Frontier_def","UC77hwRdCgDfJykuNI9xwU6Q"
"Frontiers Unfolded ","UCTO8Z46IZvSbhYnsDy5YFzg"
"Frontion News","UCYZar0MEX-Vz0MGN-ulAU_Q"
"Frontline","UCROn3vsmeKp24gKEFkLXP8g"
"Frontline Files","UC2GuKm6WnNun7aqh58sdxGQ"
"Frontline Frequency","UCMvx2Z0bF2dmd7KNeGX_sRw"
"Frontline News","UCH5qh3SlVMAvzrUS49RPs6w"
"FrontlineReport","UCB3M18kGFQrbz7rgXsLbgOg"
"Frontlines Forecast","UCxaD3SbJKS4ZZA1QJe5G6EQ"
"FROST.KRAB=FK","UCIp2hNKV9NjGVYcOTQO-AJg"
"Frosted House Ltd","UCON7Qi-UADeY_r7mjUSNPOg"
"Frosty Flakes","UCHuGCQde_vdnbMO73-y5d5g"
"Frostyfields","UCdKWmT9QmzwMolFc_Ywa2BQ"
"Frozen World","UChi4LlZ2Bg3xL-0ZE6cVG3w"
"Frozen World Stories","UCYXjvw124IdIU-N-pGM4aeQ"
"FROZENFLAME","UCF9vfryPc4GKiTEzu7opitw"
"Frugal Vagabond","UC-dtG9fVVM9d5lk_cUZoTHQ"
"fruit artist","UCktVQVGs5SM6Qc-iHnicDug"
"fruity&veg","UCiD3dqMu2EYQ0YOAW_VyvUw"
"FruityJuicy","UC7zTCM3LzI5UamMXOp788FA"
"FrxstyZilla","UC2AE6ePNpRkGpb_szg7cQfA"
"F-Series","UCdEggukBIytTgUlyqr3DGtQ"
"FT Life","UCG4Bnj7ZedwrnesSF7QjEAA"
"FTBL X EDITZ","UCnXqIs1JuSklsPe3PQbuUfg"
"FTD Facts","UC2vcjazcVurVmpn5svBRA-Q"
"FTD News","UCY-nD3MKsBeZtLHi3772eSg"
"FTV ENGLISH","UCX1KqRDhhcJ1q1m6Ak3dNTA"
"FuffyFaceMemes","UCdo-_EPyjkhVsbn3pA7KHeA"
"Fulkhinz 16 Vlogz","UCGcHRhVETXxXRWmvocyylbQ"
"Full Circle","UC1xYAl5OzVYRJx_7vWkuGdw"
"Full Measure with Sharyl Attkisson","UCxOEp-QgiQMwqBmJlBbgrJQ"
"Full Spectrum Survival","UCAHmI3MPpk5h2DzcseyXAgw"
"Fullcast","UCwDn6dqKjTZMNhkweCHyIvg"
"Fulus Timothy","UCzKvuNj7KAoTXXovKIyaleg"
"FUN • FACT • STORIES","UCggl2YAmNi3XNt5zqr0jvoA"
"FUN AI Channel ","UCThLEd2yVS-WuO0_kqvKu2w"
"Fun Art & Craft","UClK507psvGgQRGVUiRd7CIw"
"Fun Fact","UCCOZAmZ293d08GoCl_6CQOw"
"Fun fact","UCerxe2wCYajK5h-2ULNMUfQ"
"Fun Fact Easy","UC03V87S_P12K2dDqbonJTBw"
"Fun Facts","UCZft3Rcx6foYwEyjHFED7sw"
"Fun Facts","UC8eNl6k04MuhLgW-iuqi2PQ"
"Fun Facts","UCMgd7Css5EZ4uMrjnxIzkcw"
"Fun Limited","UCP9pnh4DI1Uo6yUgtIeYgfw"
"Fun Mantri","UCpIIQXYh60BbW4TQqD259TQ"
"fun maza","UCMoJhZdcl1PTTKOS8BrWjXg"
"FUN PLAY foe animals ","UCpqdqYQ-zGjFO0KpwJkqwSQ"
"Fun show","UCkTdwITQhRf3uDTwU_K0bNg"
"fun time","UCwqBBJ7E7fv6ZhaOpGPvsQA"
"Fun Vibe Lab TV","UCvEi96ON3_pSvhitwx-9F0Q"
"FUN 🔥","UCqi8-glTuU6lcMnXtd9wHgA"
"Fun..Factes","UC9a_lNhBXQzaQXFc0N7ZdEA"
"Fun_Geo","UC41pLuR1wGUu6sejbNct5FA"
"funboyjosh","UCq73_JFMuhmt4R8limhpmPg"
"Funcutss","UC1pBgEHUeXLPfFMtUQvejnA"
"Funewstory","UC_AklvRQ1YBLhPVolRMIpBw"
"FunFacts","UCJDRQJWGeFY97Xjbtg2f1BQ"
"FunFacts Hub","UCteyaS42KRU0m0F9sCEA5hg"
"FunFacts1990","UCKA1dIPv8Dfml9JUTjM3Vog"
"FunFactTravel","UCXBfkWuHGvm5cUTqvEN43_Q"
"Funfactual","UCA6rZjFzi69pYwpOR780B6A"
"FunMixTime","UC6dneV_-vnf1V3nFZg9ZJ8g"
"FuNN  FACTS 🤓","UC5qlwt9NYXsLEV_GotDXCAw"
"Funny Ai short","UCLYPEmoLxylAy5y2NDzXdjQ"
"Funny but Not Funny","UCLvNORiQLuZf1SAB6dqnGTA"
"FUNNY FACTS","UCLWPompjCfIipGj6P7tLGZg"
"Funny Hub","UCe0UmtO-ChXS4bgaI7ZXDpg"
"Funny politics","UC-6FDxxHUZmon4KJWmyX74A"
"Funny Stuff","UCxsBIf_doRgMGA8pqtQc0GA"
"Funny Tales","UC9oLeBnpXiH56bfPE-mCAtA"
"Funny videos 😂","UC2kUwWe1JnwQ6wkCZZ3di9A"
"FUNNY WATCH","UCdV5GfItpXlAgDbpTMOOKmQ"
"FunTerest","UCO_vas-_bakILd3TF5U9NRg"
"Funvilla","UCQlbNhsiXlXTc0Rag3xaCww"
"Furret walcc :3","UC4Uw3IdWMNiWlBiMqRVZGfA"
"furstonetravels","UCYtcrGkWY9FzsCqdjANXL1A"
"Fuse Daily","UCDPw4K9gqiFCdvw6ccYuVLA"
"Future is now","UC3TzX7tW1CaeVqj-8bbAvxA"
"Future Lore","UC_DPH0VDAe3LHZEf5SQ-P_w"
"Future of Tomorrow","UCCQHik5U4Est_XXfsS3-f8Q"
"Future Remix Factory","UCARd6Vg5ygoGVW_BkkY2vwQ"
"Futurebox Hunter","UCSlugjUTSLRQjah4zYejdrQ"
"FutureLens","UCvFnzc49MS19Ha4nHNT5XeA"
"Futureproven","UCwFXYSSmd8symOu8briDHlg"
"FuzeSnap","UCRnYTZnh08LmqMlVbRJIzSw"
"F-Videos","UCey1PTzgG4CIRylJoIxYZqA"
"FW SHIVAM","UCANPEBq0_iMYPH1VEIv9JAw"
"FWR Pirates","UCWD4qemvs_VIWPSfbCGpQDg"
"FY Chen","UCupui9UsURfxqpvvQi5YBMw"
"Fyingwith","UCFN52GRUdpWHNtZQagy6bZg"
"G       R       A       Y","UCSC8GjVSrvaMHdq9qiKVYrg"
"G angry planet","UCBPeH6-Cb2w4z37HnXNnIkQ"
"G bhai","UCo0moSuqM480zCIhSDz2mUw"
"G facts ","UCOd48VL65MEPU_CcJd6C3Eg"
"g Fun Facts online","UC9ozVwJe5mUwtURrtGgB34Q"
"g singh","UCgAHjMloep9Dvpv5p_6mjqQ"
"G&G Media","UCOeLokxF332tUtTOLHvxWPQ"
"G. C. F.","UCS9tEV0WAlZJpGnfiOAj9hg"
"G.B -TanoBuc","UCjpIx4w2cRkX4AQZ9JFdNQg"
"G.O.A.T","UCTX-d6oP8vBSFkh1bhxb3KA"
"G.R.P GAMER7","UC-CRqgDZSV65wkPYm3Q5xhw"
"gabbazzesco","UCr_3niTRKVgK0XeIK-2wlLw"
"Gabe Greenland","UCruF_IyHfj0uLgR_tQ86sFg"
"Gabe Leigh","UCOCP76uwOn6PbT5jQ5U_ECw"
"Gabriel Latiş","UCOZfq_bDwXEHz_Nx0fLcpPQ"
"Gabriel Latiş' World","UCKsY8KcYaVtNVXnBLwB152A"
"Gabriel okolo","UC16gZivvc2KA1o--U0tQKdw"
"gabriel romeu","UCuGT-8Ztv0fcVKhzFxicqTA"
"Gabriel Valdillez","UCgmGAj-D43XyMhv6E2lyYgw"
"Gabriel Williams ","UCA1cbGSpTF8Qi2rhxuqiTfQ"
"Gabriella LaPlace","UCsvFlXs_l4edHBgWvXR6FMA"
"Gabriella Pacrison","UCoTyOM9gw2v6YS7QgiJwqfA"
"GabRolCab","UCsW15OFxYzM1QSfcUno4aCQ"
"Gaelic Folklore","UCh5fzrjthM6j9BUFo750q4w"
"Gagan Rao 02","UC177I0MHQLrzo15-9Cvbqwg"
"Gahjawn","UCcay8h3cW_mP8FYjaTG47Eg"
"Gail Abby","UCTi9swN_mPoK3WSOIZzcoMw"
"Gaiska TV","UC9ddOBS5-JK_8-hV9VbTtKQ"
"Gajab Facts","UC88-uApwWb5RpEhPh86uRcg"
"gal_harpersmith","UCNGfaL5zvTA7QULn9EN2Lug"
"Galactic grasp","UCLKCCV_-c_QY0sjZ66-cSHQ"
"Galactic Horrors","UClX6JB9BSSHohj-IA9yjCBw"
"Galaxy Mysteries","UC5gj4NWV7A7_qDKtgCKKt_A"
"Galaxy News Radio","UCRPeffCySdBcjpP9yShMNlA"
"GALAXY OF FACTS","UC9Gw_ObOkKIHnFdrUFIX4oA"
"Galaxy S8","UCu_dsE7lp4ItYKckXEODezQ"
"Galaxy_Storm","UCtWxAnbbiGa3NbBGg_dSWVA"
"galgoli","UCnUe2gkk76X3uHqcxFpLcGg"
"GaLsGAMING","UCoHDsw_BTY9GuuMTd5QwHIQ"
"Galya Morrell (ColdArtist)","UCW3rKjyGhBu9p7WdVFZJuhw"
"Game Center","UCer1bCgUHrpl679ULoX1aaA"
"Game Changer Only","UCDfUQbhPFGKR3rt7Ls4e3ow"
"Game Slayer","UC6EYSHhkqudVDX3cMaWcKvA"
"Game Theory Politics","UCuAHPi3s2zaYDc6H3WO1svw"
"Game Time","UCFYaZ-lNGdh9YkqEo9GqQAg"
"Gameesco","UCMgIsz7_mJbnlTAV0VLxbPQ"
"GameFuel","UCZ8LEjFLcU7LscgJfB1HZFw"
"GameGlitch","UCmQUxet5bGOVWW0bDthfcIQ"
"GameGuru","UC1E67_h87V7RhFA2SiIxsJw"
"Gamer Rishav ","UCYwj6Euh4A1G4qjtgj_EGUQ"
"gamerEash","UC4MJ1pIvW73ao7u5GQ9npZg"
"Gamerz Point","UCr-8RM2-QKipMjiILm2Dg0Q"
"Gamerz Realism","UCe0wf6RPKwDAcoK0C0IZINg"
"Games dude","UCOQKe4YmugNkbrdfGtHaMTA"
"GameShorts","UCky0JqffHBzBzfyWrMQdT_w"
"GAMING ","UCzi2ERUT8iEYFieJdtcYJzQ"
"Gaming Ayan Editz","UCGaLZxyUdF9c55nKImkAoJg"
"GAMING B ~ EoniX","UCjszvv2kGkl2AykSTXqnK7g"
"Gaming Bacon","UCCIVYlFd_lJSGeWJ3XuNpow"
"Gaming Deck","UCnH8xpxVW6cRHAU1NxeasfQ"
"GAMING DREAM 2K","UCpubHsnVPzUePMHsQvgCD4Q"
"Gaming GTA Geography","UCqI4GwLIR8mmefdKdNruH_w"
"GAMING JOD ⁹⁸⁹","UCtVs5NWSfml1NCtjAAxgVsA"
"Gaming With Gamer De14","UC3Wwbnjy_gnUnx65fPuGLgA"
"GAMING WITH TD","UC-GmvABM8ASJe77xkS39x6g"
"gaming zone with pervej","UCFVKwhc_XIAT_MRo_VABVxQ"
"GamingWithEverest","UCbV3u800dM8Hgt7Xx11BCXQ"
"GamingWithSpark","UCXOGRAXcPSXq0kfSupSvBng"
"GANANG SASONGKO X AOT OFFICIAL","UC1LB2EJHVLAZEe3eD4ISmTA"
"GanderOutfitter/AdamGander","UCcahROt41pTHg5kiz9G8lQA"
"Ganesh A2Z Vlogs","UCODvzH4eP6zua9wkKpMoe3Q"
"Ganesh pardhi","UCNTOawhoYV5UwQG8dAIxv0g"
"Gang Movies","UC3_GOa_S3FQf6EL1OnPXJLA"
"Gapsa Official","UC4WimN1J0iH2EmZI5ups26A"
"garbagebear13","UCOZlEmFODtnswFikkx41iNw"
"Garden","UC9AlhoOdAch7sXEZMuaC4DA"
"Gardening Protocols","UCxNT-Stz378-Xzru9IQBpEA"
"Gareth Walton","UCw1WzUguoQN9kBD-xrwCyTg"
"Garfieldchef","UCDDV5JKh6KM0v6bKrx4bCNA"
"GarfieldEditz","UCMmjSrptwGkV5NRH6o9Cuvw"
"Garg Vlogs","UC2OKa_Mkg0P4BDfHOWnuNqg"
"gari Agrawal","UCIUmcsVLwyraV0l34rkSR6A"
"Garlic_","UC8ScQ9Q6WmuD8LduN3_GQPA"
"GARNGER","UCe6RyQLVO_0tJ8P24Oe8CLA"
"garnold ","UCuuRxvg-mjrgZpao6qPL7ZQ"
"Garry Ratcliff","UCt7B1IToslKPdL6BVmCYlAg"
"Garry Raven","UCb0cyWCzhYsJMasy9tWINUw"
"Garry was right","UC-pcPm9ApBu6MM_1dFn8fhA"
"GARY SOMEWHERE","UCp95D-nVzOFhx0ifWNlZZug"
"Gary Walton","UCjtoDJERVplX_N_1sI0Fmwg"
"Gaslight TV","UCZirSFMZHciA7uA7a9QFsqw"
"GastonEstBon","UCTjYZYNTTDBFIrXDAdbX7iQ"
"Gato X","UCY2xCHXHkVEn8BW8kfDVlGw"
"GatoYogaGamer :3","UCzAY6McPzq91R6N4q-3Ib2A"
"Gaui H - Icelandic photographer and filmmaker.","UCvNdf05APze3xvgURFWWB8w"
"Gaurav kumar ","UCDQN21_EAMDl_ilh797CVZA"
"Gaurav Maheshwar","UCmg3F2getY7pyEOHONRsnGQ"
"Gaurav Shrestha","UCg9cYQIwQrmU6VO04Fba_eg"
"Gavin Paterson","UCqUbjM2Ij3XLEkgr7RlK7Ug"
"GavsWeatherVids","UCKnPg0tFsYu03zThqgU1yTA"
"Gayathri's diary ","UCcugQCK1Z9szLenTqfKRMeQ"
"Gaze At This","UCR5ZSUN5922w2z_VEak9X-g"
"GazetteAI","UCd9auZext2BudGm9DBt2k7Q"
"gb per","UC2aoRR08A9FS0eIo0owmRQA"
"GBNews","UC0vn8ISa4LKMunLbzaXLnOQ"
"GCCrew","UCU3WDwDWXQZRDPF1GIxEbHA"
"GCI_Investing","UCAveYpZpOLfdDcyNYjzO5qA"
"GCT","UCajGeO34H9EPr7MyOtOFYmg"
"G'day History","UCQ9Gt5GyjzoNmFqwK5oVW_g"
"gdeli","UCkaU7HKps2zTfe3SdB_Xs1w"
"GdP CapiTa","UCG0gU-h0y8DZB0Ie7bcO3TQ"
"GE adventure & Riding in Tehran streets.","UCHYLK4Kk0sA6cnxQ86aAFRQ"
"Gear Down","UCT5IRM8oCYF9YQU6mIbnKSg"
"Geckos and Gum Leaves","UCJBZfbiReEDve99S6WGHQPw"
"GEDEON DOC","UC3m8f9Wxe48W5x2L2c64dVw"
"GEE TEE","UCfl3lfo8yT37ImSKNQ-cXJA"
"Geese Reports","UCF4jG8m61KZss7L2XFCS9rg"
"GeeseFinance","UCp6ftNcx4IbwlCi1VDh0v1g"
"Geetika Agrawal","UCxvbylJTuFNIcotxo8P8SOQ"
"Gegenpol","UCs-G8CXCziErSY1459e7U8A"
"Gell_03","UC3Uys1AwWumSPA9ocW7FBcA"
"Gelps","UCIF1FHZoHmJ8CYH0d2g9auA"
"Gem Tv.","UCfeTFW2SytR-pdUlSKn0Aww"
"GEMPELEI75 ","UCToKWW46hlzVZeuiuktRouw"
"Gene Covey","UCbDVKd_pSAL46S1u-OcV6rA"
"Gene Rants","UCQMIdP-mge8obetLdIkvJwQ"
"General Adjective","UCkXsb9Pp9aoXRHiaC3YoqQQ"
"General Competition A TO Z","UCqwfNC3nYHI36cATwPWwmew"
"General Knowledge","UCnD4jogYqIgUWY1ZYPU-Dew"
"General Knowledge ","UCs4rogk7mkS3eKKlpVhBDkg"
"General Knowledge Connection","UClnPKCvh9rAfqERRPz8N7dA"
"General Knowledge Solutions","UCuqKD1SA0vK2zOKFQtpXjQQ"
"General Knowledge85 ","UCf2_X8dgki2Gb7tr0WNvi9g"
"General News","UCQudq0WiW0XGdQP8pfqMVDQ"
"GENERAL SETI","UCBznTxpw5thhOfbz6TNN_KA"
"General stick","UCXUjQvCobVbCgFKD40RazVA"
"General Tab","UCDjVirf15JtvCaNrCponhog"
"Genframe Stories","UCTny6Gj-fHmm5utAQ9-RuKQ"
"Genjitsu Shugi-Sha","UCzsWX4xHJZSVHwz-gmonXAg"
"Genoa_Mapper","UCuDlRjNiO3W4gsyFlibb8SQ"
"GenReqz TV","UCY6iuQld2ZxZqQatyRZVjhg"
"Genrium","UCnHz5XqFVfwoYABDjZSKLxw"
"Gentle Max","UCu9nage-INJAYCXrQcflR5g"
"Genxtravelmom ","UCW8zvhhwvGnbRxIkwQrNt3g"
"Geo 4 Mahi","UCOFZXzt_zBrOehJJXA1GBJQ"
"geo ABA","UCQ-_NgdM9Q6fJJQFR5KTHHA"
"Geo Adventures","UC-lqxaTjGC6_lzvMtfyZ-Jg"
"Geo AI Political Hub","UCvvouWydQitmtp5asn0zsrw"
"Geo All Day","UCdWuhQg9XRYXTiON98aC03w"
"Geo Artist","UCjH4jtbgazfoYzOdRxDMeJg"
"Geo ball","UCgLMFDUK2baPzGwAmGmHnFA"
"Geo Bluecropper Studios ッッ","UCX8xQcvM8I9a2hhyvESanKg"
"Geo Blueprint","UCsZ1zeVuuDfo4IpGoytY5aw"
"Geo Breakdowns ","UCKBORN58JYB-83SdLZzhHkA"
"Geo Chakra","UCbTxooNbtrq8r5WVLMO0anQ"
"Geo Crusades","UCX-sbRQlWbZhFbISdx1yMYA"
"Geo Daily Dose","UCyP3wK8k3Z3_bYWPbdeII6w"
"Geo Diva","UCCgchxZ7pchHeit3SITamCQ"
"Geo Explain1","UCPt_v5-KXfhA7UcJe5aLJiw"
"Geo Exploration","UC9Qtl5qjrCcU4yMfdpot7Tg"
"GEO EXPLORE - ENGLISH","UCI3b7rvWxTOUyQEf-qa4l4A"
"Geo Facts HL","UCdcOoj3JYFZ-8guzrb2f6PA"
"Geo Focus","UCytskvzFxBPtdWGO-xsC6sg"
"GEO FRONTIER","UCSDd2bw2hYNGwhwTuVVQD5A"
"Geo Frontline","UCY3gogcZCqyt2OVadGqf38A"
"Geo Gamer Facts","UCdTPgsCGm8M2u8gmjSixICA"
"Geo Genius","UCa5iPRmMIiG6QL9S6hoRSyA"
"Geo Globe","UCf1dwjIh7KFru7RC2QUMLMg"
"Geo globe motions","UCk9fB7qDItsj7frlUIeKRIg"
"Geo Globe Whiz","UCB0AhRRdGmyKa3bceszYxIQ"
"Geo Gradient","UCe8v6vBbsTFG5of6eZqiOYQ"
"Geo graphical wars explain","UC17g88xOis1jTxqWbpchluA"
"Geo Graphical Wars Explain","UCR8560A4SvQFpJnwFMfNvyA"
"Geo Headlines","UCSI18LsgS8_3rfyD98nVMbQ"
"Geo Information","UCTgUiH0xwRj3JI9PIdv_XuA"
"Geo Insiders","UC3jRK5w1jptoUkfk--fzUlg"
"Geo Insight","UC5fbyIRDfdMTirI1LGMPdtA"
"Geo Jimmy","UCNmHY85Gg-bg715gUgOgmrA"
"Geo Located","UC8wt2hDK3sKIV9UNnIruNqQ"
"Geo Mapping","UCSrnVjyfEScrtlUR7Yc98Xw"
"Geo Motion","UCakHwee1yuCqwWnnOpoRs0w"
"Geo News","UC_vt34wimdCzdkrzVejwX9g"
"Geo Orbit","UCrX3nxRSl4oakmBNuMHq2Ug"
"Geo Perspective","UCG9RP4AIh3vJFvpFHrwlP_Q"
"Geo Phenomena","UCt-pyaDjWk8tkPPzUrRCpJg"
"Geo Power Play","UCOxjT5sIHm6j-v3Do8J_NOQ"
"Geo Ronin","UCYtO2YgylQ-vsSWoUKfXXRQ"
"Geo Secrets","UCAaogF9cD77pu9CYFUZAs1A"
"Geo Snap","UCTKhxJOM-vMDtJ3aUZB9yzQ"
"Geo Snap","UCqRYwXmifKIor4awQZ-Z6Xw"
"Geo Spark","UC_TJzMdgDQY8eTNH4HXTI-w"
"Geo Stat","UCjqUkl4Al32NpTJA7cvD0Aw"
"Geo Story","UC7toRbQT5nPFVV9ZyD3qmBw"
"Geo studio ","UCuRtGvcwKQAf2BoKYfL0_gQ"
"Geo Tatva","UC0YXeOeEO_5NEliHALAASzw"
"Geo Things","UCTf2BgTE7vP9bXFKuDDA9sg"
"Geo Wire","UCbLJt9g_vUtbsZNE7b2Lrvw"
"Geo with shukuru","UCuuEAF4-gVs5y5PEfx0Fqag"
"Geo World","UCTvWzWhw79M67B0DBS78D3Q"
"Geo World News 24","UCALDtOSdILdSckFx3yX3rQw"
"Geo World Stories","UCCbxm0Z_0zOwLHJ4d9bftZw"
"Geo_eco_win","UC6DfSgmxrLKLJBSqQseMrHA"
"Geo_Hunedoara","UCIDPGCITeUR9njqKfRTLd4Q"
"Geo59","UCRB1gr6yXZNi7M75GLhrtxA"
"GeoAtlas⚡","UCv6GOxBZFa6EDaT60xRw4lw"
"GeoAtlasium","UCqdtxkClGey-XZX9AkPQjdg"
"GeoAura","UCnA_e5SArjIDSnXdXlL0H7w"
"GeoBlend","UCV97z2XYCZGVj9JFEsQpxHA"
"GeoBlit X","UC6LARgU3jxaQ9Tx-vdatPCw"
"GeoBoy","UCQHxwDgVQ5uwbxdyao4dDng"
"GeoChronicles","UCaWaz5l3QK4HEXi5BhsA6sA"
"GeoClips","UC2CMEk3WNLgboRtK0CWERkg"
"Geocoded","UCDG3oWRgiHhKGKbA6KA9trg"
"Geocroski","UCyEyRS1znHXcwF4s8O5bCIQ"
"Geoctophry","UCEjRp6R_DK6dY7Cd9lno2rQ"
"GeoData","UCS8n8AfUAZrlS8FU-zQBSJQ"
"Geodiode","UC1raaXFgsFBSFR8qNgchF2g"
"Geodo","UCGuzhPzDSkDQW1ja4vDJDxQ"
"GEODUDE","UCfi6KUBUwoUNvLS0cR82i3A"
"GeoDynamics","UC5IUmlhvMNMik1v6C1tVN1Q"
"Geoerklärung","UCH6C2XWyi6uMXnYDwdYGB_A"
"GeoExplorer","UCozs__PjRY1VWdunYFEj0yQ"
"GeoFactr","UCxqZAmEh4DskwaPVsRWi7IA"
"GeoFlicts","UC5ZolIZg1XkbDQ2Hedgd7xA"
"GeoFlorix 🌍","UCMUv7xgPNWws4-DnRJ1iaRA"
"GEOFLOW","UC-ABWWUr0osvHiir0XqiVVA"
"GeoFunFacts","UCpcBm4DMIhUP57tY5QyKkfQ"
"Geofy","UCojmuB9ujBuQ1pPZBBrdxWQ"
"GeoGiggles","UCjjUc1PDcuPtCkjmbT_o8sw"
"GeoGlider","UCvpRxbdTmG9DvPG9SzmuMRQ"
"GeoGlimpse","UCBu-Z3FFWq4NUi-eIhQqW0w"
"GeoGlobeFact","UCo9aYTrWCVytq-5VKEOqsrg"
"geoglobeshorts7","UCjqXp4vvjwQVzpJnnf5BZdQ"
"geoglobetales","UCvkeJQulJHty8PdLfgqQMjw"
"GeoGlobeTales","UCPKVNqfbunZCkbvjBgf6CdA"
"GeogMaps ","UCMNBOJH0BviNyEeL-vP1QIw"
"Geograddicted","UCkH2jRqBI8BVGs9-zOH5KUQ"
"Geografia Explore","UCE6TNbzZ7ySXO74_S-hO4sg"
"Geographer om","UCbx_iUDRVOk3_ujSOu10-uA"
"Geographia world","UC-FbQegYsr49Q3FvET88Fmg"
"Geographiany","UCnNpGCAkKXLGYm6UygxgLLA"
"Geographic Haven","UCFnboqLQyddsmbRr0ipEnOQ"
"GeoGraphic Tales","UCwhM6fuC3aEXDihXN_V_mjw"
"Geo-Graphics","UCnK9sTvIUnuXuTPZG0ilK-A"
"Geography","UCWwYPHxaL50CbwDMBDPg1Hw"
"Geography and History Explained","UCKgWY_-DMTCDazbXiwJCnzg"
"Geography A-Z","UC_bDr2tMku6AqhIeCdcd5Ug"
"Geography Binge","UCFFUxXYwdAejH4xWlIxdWWw"
"Geography Bomb","UCpAV4c3zdkeIj2WSvpI3tLg"
"Geography boy 🌏","UCU3gp_QmfEqnySoC1nKP92A"
"Geography By Geoff","UC7-Z34pbJ0ZAOJRmUCEz0Cg"
"GEOGRAPHY BY MAPS","UCaTMtosUIrZonpaT_w7JYWQ"
"Geography Chad12","UCan36U5A3l2iqRLnqY43OvA"
"Geography Effect","UCdYuVMwhxFLc-87sulUbIBg"
"Geography Explained","UCgObkBQsKe74G5TiQ_GpO7A"
"Geography Facts","UCoWTcLREwWriA-X7Rcm0Asw"
"Geography Facts","UCR6MBOXl-h7g3qWpmUwob8Q"
"Geography Facts","UCpEH7hF0elemU6ZhRUuWpYw"
"Geography forever","UCyFv2s2hGTcKDH2U6sqahmw"
"Geography Fun Facts","UC4daYWTR7LLmOt5It3uhJ_A"
"Geography Global","UCrC776-AzrSRByatna3-Oog"
"Geography Guy","UCFr9PxajY3ax7CAC32D_RGg"
"Geography history ","UCqRF8qgZX5VxVEgYieev3UA"
"Geography in the news","UC0F6RuS29QW2ivzZEOV3ggg"
"Geography Info","UCkT40crUIpgpVf4rxTARgdg"
"Geography Junction","UCo91ZaeNfHZ5haxazTnkaqQ"
"Geography Lessons","UCB7oCfnzyJdIp4Xqbco_z3Q"
"Geography Limited","UCpmoTv7tS1UTZ5qkbGfsTbQ"
"Geography Lore","UCJQB0cNRnL7y5GXZuHvTBSQ"
"Geography Marco Yañez","UC_1SO5NrI9_k2UoNkjyDUmA"
"Geography Now","UCmmPgObSUPw1HL2lq6H4ffA"
"Geography on the Go","UC3Vvi2OIMwHTKOVoZT1lC_Q"
"Geography Perfect ","UCTENbNXO_zcf5QjZclxsKFA"
"Geography shorts","UCd2MAvepc0rW0nnUgIK1PaQ"
"Geography Sign","UCj0lcXML68o4J6BdK9fyxvw"
"Geography Talks","UCMrgwJyLf71RXKYRHYIt86w"
"Geography Team","UCMC80dNiNtF2vNVTtWR8a4w"
"Geography Today","UCJOjrBWLxBjtgzthw0-0hKg"
"Geography Travel 4K","UCJQZIKIVDEl0H41A1vjus2w"
"Geography Uncharted","UCTmZhKTfyriEjFARmhMh4mg"
"Geography Universe","UCsZwDITNPts57PY0EE3T3wQ"
"Geography with Zillan","UC-0-7jb3unfE4gS3V7F189A"
"Geography_onspot","UCZLP42eWMcewkefNW6v8izA"
"Geographyand.history_tiktok","UCDAq1c7hkUoS8gPqRNCCWLQ"
"Geographycial gaint","UCKA9UAu6Fim-QcspsNFKXtQ"
"GeographyFacts","UCvMGXPt8BMPiolSho4GwsBw"
"GeographyFanatic","UC4NLM0LIojsxIBq4I8AYaTg"
"GeographyIsAmazing","UCx-4U1uuF6x7XuH6z1AuBFw"
"GeographyMan","UC5_Xo3FepgjKmt68XEOrngw"
"GeoGyaan with GKS","UCo8CmYB4lM5A7ENkQ91yQiw"
"Geohistory","UCl84SsbBPIZlknQl2mvZE5g"
"GeoHub","UCb_LIpChyve4qI-_PMIRtRw"
"GeoHussar","UCEW-70kkxTIsxPeXJtdVaeg"
"GEOInfo","UCwtXpLHffD_dG9okgqVqjGQ"
"GeoInfo","UCJ-51vue1BGhnzxLhio9h_g"
"GeoJou","UC9nBd8dZBVwik4GLHBrOdTg"
"geokid","UC8MFBbo4Kx0aAlcRgGJopOw"
"GeoLegend","UCY3PCMK4J5aaCv4JTwqDPvQ"
"GeoLens360","UCAVJhEt_QQtAMoUkJZZLk6g"
"GeoLenz Media","UC2pwpFWKkJoZBEvvlY3L8Ig"
"GeoLineStories","UCodWoe5BvOW-SnLd2XVgi_w"
"Geolistics","UC3mWY_L0n_VRYVhCSc7wHvA"
"GeoLocus","UCaxTruIlqaGmIWtOr0W8sHg"
"Geological Society of South Africa","UC-KUo21b9xfN4pMlbKXoiPw"
"Geological Telugu","UC0tm8YQi9JGbetzM8y3n93Q"
"Geologists of Jackson Hole","UCIqF4IlVr75GZMROmG3myEA"
"GeologyHub","UCYeGh5VML5XPr5jYnzh3J6g"
"GeoMaddy","UC3UzwFE_hgYqrNVw1Z3bg6w"
"Geomany","UCFe9JBm179oBCMdb1BsAzjw"
"geomap","UCbZr8ItmUufHmHGIoNMZ26A"
"GeoMap Unveiled","UCUTSsHCHHLX8K1nUM8MbcvQ"
"geomaps7","UCJ_qf9hQ4eVi1TtqrbA2W_g"
"GeoMarvel","UCKdPMclxBabSAQuO3gu5fhw"
"Geomatics Learning ","UCML1lQXcQLrP4ik7ozvAAMw"
"geometry_ dash_roblox","UCUbtWadoqRSlqa9Cq3KEwqw"
"Geomind YT","UCFXzqsrxeEYqn9f92pVRTxw"
"GeoMoldovanBall","UCPq94hPaHvW2TFWoc0sa_JQ"
"GeoMotionTales","UCQl513VsK2rHMFnjwSqxLFw"
"GeoMystery Bites","UCsaOUkjcBUbKkAx-mI5tYZg"
"GEOMYSTERY HINDI","UC1VR6PPmRNlQnphSMYlUrcQ"
"GeoMythsTV","UCnuNFksQclttwEuW6xpV0LA"
"Geon Matzo","UC9PZE8UHBNSL3Vuw01TA1eg"
"GeoNarrix ","UC8S7Ib0N1fZ7D5bbZ2-VBKg"
"Geonauts","UC3xtSjN1d2uHoOgrqYSfc5Q"
"GeoNerd","UCpyAsx4EPpUs3cfj-y5x5jw"
"GeoNomad","UCp6IGS55LLG9njrWx3gBHYQ"
"GeoNotes with me","UCGlkUU8UchcJojZRyN4dRzQ"
"GeoPanda","UC_SjhZL0jM_appW_tavMrvg"
"Geopold","UC5wZGwqyPawfmzpve8aJ-hw"
"Geopolipedia","UCG2Kio3nhsua30MBnc7OFAg"
"Geopolitic Nations","UCoyzw2fOeFBmzJkd39hAmWw"
"Geopolitical Brief Now","UC1UB4Zuk5fli-m53Af8aoCw"
"Geopolitical Conflicts Explained","UC9GcllrHP7WqBbtqwxQqpcA"
"Geopolitical Economy Report","UCwlvSJdcMc7iGdR-aducSog"
"geopolitical Giggles","UCJL0i9OmGg9yWIuxM9NqRUg"
"Geopolitical History","UC8shRcZC-2H7g62k6yLSj0w"
"Geopolitical Owl","UCsR60HvM__OYQSoQnDFHpHw"
"Geopolitical Power Play","UCGzXe9ULARmiDHTrul-ILWQ"
"Geopolitically | Correct","UCd8-GSKpfgi_dJ2FmOhde4A"
"GeoPolitico","UCveI287JeeDOHMc2LX6c2oA"
"Geopolitics","UCQebVG4JIPz4ZRArpMe-q-A"
"Geopolitics & Beyond","UCgKswY1mUO08bzQ8dv80tOQ"
"Geopolitics & Current Affairs","UCVYBOQymVCssv6sdg-DmFzQ"
"Geopolitics by Luka Juri","UCZBa-LKvWpD1WPVedqEB5JA"
"geopolitics daily","UChgECP9KjEIJ_1wOVLg1SOQ"
"Geopolitics Digest","UCuguyQ0_PjNiQzqYa5Ct1kA"
"Geopolitics Explained","UCN2CtEKZLS7i6XFYiF7zKNA"
"Geopolitics In Plain SIght","UCvAGF7kzU0dq2mV0F0DspEg"
"Geopolitics Ka Khal ","UC4pfnyGYGqFxK-ga6-gS9rA"
"Geopolitics Sphere","UCP0A3OVsQhHvC5ZHiJyfogg"
"Geopolitics Talks","UCHKMQQBiVSPPT2djn8ttVHw"
"Geopolitics Updates","UC9iruoDZjqqjWxFkY1zY0aA"
"Geopolitk","UCztZTFPfzKDLknda3LEZmkw"
"Geopolitker memes","UCWW9atvi8dX-nM1N0aTrs_w"
"GeoPulse","UCbP_ftmeIkkhqifz1oKCSBg"
"GeoPulse Global","UCdArr1eEszpYXtk1vMZnPYg"
"GeoPulseBharath","UC49yKwxmqv_p4kMwePBQVpQ"
"GeoPulseENG","UCaHFgZHwoEVAnAxMSVWb52g"
"GeoQuest","UCOgGk4vNEyoVI-q8k1gg-8A"
"GeoQuest_Reel","UCaSTn0EqDMvNomieG36-tpQ"
"GeoQuiz","UC1mujLEVtmL_-NuYG650SHQ"
"GeoQuizBattles","UC9DsZo4mxPH3XPRhTW_LsSw"
"Georacle","UCasZEb8ZYYS2bhOe_dO2FAA"
"GeoRajdeep","UCUHWFUzi-DaxxrbGU4-antQ"
"GeoRants","UCAMx4EFn7CZXK37gk8ioUog"
"GeoReels","UCpkOAv8Sh0Ord2dYhQ9leSQ"
"George","UCRh6csXmwnDB3MueBES4rsw"
"George B.","UCRPN86ZCQJaKF9VOK64DwfA"
"George Benaroya","UCs4XreIaJxSv0SW_VE0P8tw"
"george conway offical 2.0","UCKBuU2A3fI-S-9XKB11zUCw"
"George Varn","UCn_4PHkbLs-_dNEr4vv3hsQ"
"George: Inside the Capitol Brief","UCbw-6IqKTo19Oo7d3loQctg"
"Georgia Center for the Book","UC-i1EvwOJAL6pfhD5LaFrRg"
"Georgios Tsianos","UCJJkY4Dg8oAbuyacyhDCKJA"
"Geormation","UCFoKGQ13Er-rYq1pnvcpmWw"
"GeoS","UCZhV-_WEQ52SBiA7msHcNGw"
"Geos King","UCnhJGNODnlDzGmdUBTB3NGA"
"GeoSatire","UCaA0LCSdl-b-U_OWj37a6Ug"
"GeoScope","UCrm-TI0u0gbfAs8w9QVsFRw"
"GeoScope","UCwz7Z8aU1weViax76JnxIjQ"
"GeoSecrets","UCkazNI4lNOL0YFEXd_k4i9A"
"GeoShock.wondersoflife","UC-oCOctbRGRuV5j0hN6mzCw"
"GeoShorts","UCliQuvKq_dlVb3UMQjkyeOQ"
"GeoSignal","UCkRgUld_WxhwiYCUw0Il0mw"
"GeospanX","UCw5Rq6wtEnFrvQgtFmVfPDg"
"Geospatial World","UC2UaNw8A-fQhIBBnaZPKEmA"
"geoSphere","UCdvgJSzjjw9g2CnSIDxOKYQ"
"Geostory","UCKl78qrxIwqawBRb4kytpTg"
"Geostory Lab","UCbq7pjlY421m5Daz3LTPW-Q"
"GeoStory4You","UCBCatEoF5CAlkDuFcWBokkg"
"geostrategy","UCc7gGxhPbON39t4V5ac6kuQ"
"geotainment","UCeY8FNPDItgln-u2oBnLHNg"
"GeoTop60","UCJnDqYjqh-LNeqBkvDc_Udg"
"GeoTour","UC9oPImYP4J-huPZeaS7acWQ"
"GeoTrivia","UCin55Ly25iop13sN1fJATGQ"
"GeoUnseen","UCdpWfc92AtdOMi0LM0A8RjQ"
"Geovarex","UCiW1H5RlCy5M_UdxJO2D30g"
"Geoveritxd ","UCXuuAscPuUdFddN_Ewt2-Wg"
"GEOVERSA","UCO95PqreQX1QgCnrwjjFZpw"
"GeoVibes","UCsQJafRyYahmjlV4NIpZDjw"
"Geoview","UCDhOA-MoZzRubVBYH7WXVEw"
"GeoVision by Basit ","UCbCSnPXdFH9R_Zh3sGJCAvw"
"GeoVista ","UCanINYdZPoLFOfugxvsUKiw"
"GeoVistas","UCPhikJ4nlO4-vR2p1KcS7BQ"
"GeovisualStory","UC9yWhTDvDv12r3uZDbdyPfw"
"GeoVital","UCaLhFLiyymGloscqn0wsCBA"
"Geovly","UCpH5iCgKCN8ekd1HzEPpm5w"
"GeoVoid","UCfd74t94vYZEQAPaH1ii0VQ"
"GeoVoyager ","UCbQqZApUJNffwGiN1mrxyWQ"
"GeoWorld with Haidar","UC7iAiZTJ1Kyk3MdGoWp1fhw"
"GEOxGRAPH","UChiXjxkZ0vipFW3cViPS2Ww"
"GeoYT","UCZi8ITVb9bH17E2IIHh8fuA"
"GeoZio","UC75utejjt4NP180uBCES9QQ"
"Gerald Francke","UCyEqRSGCMit3rKnDhsySCCg"
"Geralt from Riva","UCrnQ6xis6Qd5fOw6uxpmFqw"
"Gerard Butler","UCBPcYBeAPypIz84mKBIdYgw"
"Gerard Butler","UCPVagrhfZU5PXfbn0Zl5zDg"
"Gerard Butler Film Highlights","UCPx_YnRy7Fky2Pesy_wSLrQ"
"Gerard Butler Official ","UCNBYh0FRW18vWBgSneZjtog"
"Gerardi Aviation","UCpCiKA7tILuNsijA60Wmt5g"
"Gerben & Sylvia On The Go","UCP_OXudxPIDJnBrlxpBBjwA"
"GermanBallMapper","UCxE6TcyE-tUkI4Ugl_tYibQ"
"GermanEmpire1871","UC49VBbR57OmKRw9BVdbhZhQ"
"GERMANEMPIRESCHANNLEFULLOFFUNPLSSUBSCRIBESOICANGRO","UC6kx55I4mMUSpgNdVTIyIYA"
"GermanMapper166","UC_nDOcSxgKoRCDMZe0UST5g"
"GermanMapping","UCUYt2IBtaPYWBbbvezxeyjA"
"Germany_editzzz[MEQ] [GER] [UYG]","UC5RnKMhEYR7veDvyHBfwT9Q"
"Gerrit King","UCqM9AGJaKTwPz1oyiMvqRNg"
"Gerrit King - Topic","UCxXxb9987Gnj4sYUBLMrN3Q"
"Gerth Enoksen","UCVnTqvIRZQb7S0lDUwWRVTQ"
"Gerund Coonprom","UC5CPFzIduB2lw9vjMfoT41w"
"GET GEO","UCpRsTsWxELUBCGBDafHrqug"
"GET SRINIFIED","UCWlQiAf-1jEgvyLZo1BIhyA"
"Get The Basics","UCMjmUtrCknOqwvyYtHUEzgA"
"Get wiser","UC-mYECZL1gepMWZVdrlYsMA"
"Get.factual","UCvD34fvRZ3QHWSkU1aUM99w"
"Get.history","UCTRgu3iuyGXbhz5kYNjpObw"
"Get.nature","UCN3cPkfU_rHibcakOTKFopQ"
"Getaway Fly Fishing","UCyNqVtIQpL40WhKNgyk1lIg"
"GetIAS","UCRvcFVbmVT20srO-uKxTA-Q"
"GetTheBag Gaming","UCpk55JWo7NIOTvIlcFuqxSw"
"Getty Images","UCcIgGcUE-nb1tYKya3Qtp0Q"
"GEUSgeology","UCi43RDv-A9fr0KplyKzfeAw"
"GFC Cuyos","UCYCGKTCLg__RkFDwH4rUqvw"
"GFM_RDG","UCD-7HyqLI5qdq1l_x0l81fg"
"GGGRS","UC0y1u8iKSsFY2u2V3eAwnfg"
"GGPRO188 gameing","UCYLeNGqtbin0oLTmb5UjukA"
"Ghalib Husaain","UCYvgI1WtU_p_MPognXacrYQ"
"Ghani_Mapping","UCpyt-KfRh5PXh9jL-tlI1ww"
"Ghdjt Gaminghf","UCkQA1mBBapo4o-FEuhmcXIA"
"Ghost Towns","UCvh_Y2V7lDcANfOm9JLpkmQ"
"ghostdog688","UCAPwMOeMZY9KZv9BZSHztgg"
"GHOST-GAMING","UCtjvlJazjiM5KBbwsd8GDag"
"Ghumakkad","UCmhMLpgA-ce5bx_2ZfFFM9g"
"Ghumakkad_alkarani","UCxTkCDu7oi8in1NofLFKa7g"
"GI Joe Haven","UC5Acv3GRhrRadpOsx0Vcjqg"
"Gia Uy Huỳnh","UCMe9icVmDTywr_VIMXAiLkw"
"GIAN The Anthem Warbler","UCJCvA55vtaV_OWlDQVdYbhw"
"Giannina Rosales","UCFaubC04wS6n0WOmu7R4CGA"
"Giant Discovery","UC05lSOd2Ul7s6PP5709az4Q"
"Giao Hạc Phan","UC3X1iroF3z3Xp_Q8WWMOc7w"
"GidGud","UCdjT34x1j8POsrRzUaGLsZg"
"Gift Lee","UCRZa2EbkKaS1_vU-tlwxdWQ"
"GigaHurtz","UCPI5XVJ98wgBNLaxkKvmXxA"
"Giggle Fuel Daily","UCqzOal7g6G-lTtcmnaMD0dg"
"Gigih Setiadi","UCgnJxPsbVlfIz9CUOROtX0A"
"GIGO EDITZ","UC5sYja2PRwnqDmG_kvRM_IA"
"GILDAREL melyar","UCkGP2DoEuLiR0eLuEPOfYAw"
"GILL SING5🎧🎶","UCWMnFNIkCFl9UgJbgKjS6sg"
"Gintas Tuska","UCk0k3Akxq3eOR29CtNx-U5A"
"Gio. Ve.","UCV-MCd7J5q-LbVPgWxtmKNA"
"Giorgz_RL","UC8K9lN1silbAOX_ZT58nz2g"
"Giovanni De Rosa","UC_smgYXPIMqBtwBvHjdjLrw"
"girasol argentino lol","UCT1LWtb3x-VKb5wt7IWc4Gg"
"Girls Go Fly","UCLTxBBYUx_I4unWDZl8h45w"
"Gist Notes","UCM_5hqcSD59IRSI7hIXwctg"
"GITA KUMARI","UCoCdvomYN9d9zPgjF2qkKOw"
"Gittemary Johansen","UCFQ_CWYmt-ScWaPX4YfnBrQ"
"Giulio Barbonari","UCtaw02gJ_cGJlIydERhMKtw"
"giulio bozzoni","UCAHMAk7mjBc7N1iYM6U-f9A"
"Give Me 1K Subs Spacefriends 2021 AUTTP","UCaU4hZhcgui2YNh5_ctdnyw"
"GJ Travel Iceland","UCDRZtBsF91qouCtWaOlD3Yg"
"Gjes gaming.02","UCV4wOsgP06LEBAWYfiC5LrQ"
"GK  Shorts","UCZMq6k39Vv37KGFVEdJzHYQ"
"GK FACTS","UCIwPX73nMAbtvB-v52yl1dg"
"Gk Link","UCDsBqSDwhk2JncDJv1yk5CA"
"GK Pill By Pracchii","UCOBOwJQIZSy6vu4f5dHYGtA"
"GK Reddy's Telugu Facts","UCwTfIQw5iJ94rZA2rn0yqJQ"
"GK Satyam Study","UChO-WVtDyhkO8-oh8zBAqFg"
"gk ssc","UCzN9kPXGZ01o5_hQQkdxu1Q"
"GK Studi","UCgzbFlebkOpqMUzA7xQEj3w"
"Gk Talks 2.0","UCZrIZu3DH0EzPWOLewwjw4w"
"Gk with anant bhaiya ","UC_CweaL1oaEAxmvK1jytllw"
"Gk with Rana Muhammad Aslam","UCUvtlArEtAoMF80XYrJsuzQ"
"GK World","UCXzM1W9aNuQI_Zj2ikYw4og"
"GK WORLD CLASS. 7M Views just in 2 hrs.4 hrs ago","UClhL1WzVmypzR80uKc1y2xQ"
"GK Zone Ak","UC6G01OUhvqo00970qjq7h0A"
"GKCO7 ","UCvyvBmXtGc0EcLFV5U7jEFg"
"Gkhorizon","UC4Zdf5CYgUP2oEoPyzXxNcw"
"Gkhub Study","UCjCJjgU2WCvig-_gKMiMP0A"
"glacia bloko","UCkrR3tUbfYKB8PmOjcDPLfQ"
"Glacier OX3AH","UCwy9eZ9JkfsXnYdDbtJtivw"
"glacierrblx","UCRt8-VHPt4XslUnXT9BgZUg"
"GlassesZ","UC6maHhRRabNjbpl_tfE-NsA"
"GlazedKimbapAviationEditz","UCS2vg-TEw4SkBdbjpWZQLwQ"
"Glenn Beck","UCvqtzdcURSqNjY9RQEK4XmQ"
"Glenn Svendsgaard","UCJE9cw0NvT1WXhRiQtSrAHQ"
"glimpse history","UCSAbscg4WEkXyN6im-rbGCg"
"Glimpse of the Unseen","UCDGokQ-iXlkNFrBvUqzeBeQ"
"Glimpse Of World","UCcuHxtMqKZbwVXGkZuJG-NQ"
"glitchedfutures","UCaMQ7fWm-9fYvuz4HOVcjMA"
"Glitchrbx ","UCaEcaZPjqiNL9A29E_rM0eg"
"Glixai","UCeumjBNDyKUNU_f8Zw9T4EQ"
"Global","UCI-y_TFv11pYPfmck61hnCA"
"Global Affairs","UCLzs_sxtmz_au6UHy4L-cjQ"
"Global Affairs Tonight (GAT)","UC2m2uXK7rhE92_Y5ZIFBWhQ"
"Global Affairs Unpacked","UCEnOpsAwA2E7XzWFOdXmm4g"
"Global Alert News","UCz0yT8CaXaIVRiA8vstu02g"
"Global Aura","UCgtVoI8fEO3YpF2lQCM_L8A"
"Global beat Doc","UC8XjWgGV2Ho9H2ALTJbOZow"
"Global Beat World","UCUK3AhXDG0p4t7vQhXnQVCg"
"Global beauty","UCL0HSUfu9txvQaVpVwfi9-Q"
"Global Bites","UCan_ZdWEkGGXbjem4iDEhTg"
"Global Bites: Street Food Adventures","UCx_Fxt6AYEmTGW8jVDUAiiA"
"Global Blueprint","UCxaww3_TGeDxpluAelZlWzQ"
"Global Briefing","UCWcAvlCGXL879J5RcRze8zw"
"Global chessboard","UCREest8wHVP07Rmx2WUhbcw"
"Global Chessboard","UCLBm5Gvg2m3ZE0VIRyQQ6nw"
"Global Cipher","UC6luWRfvKBPOkN5aQUQnJgA"
"Global Circus","UCQ87pStLIVY3k-q_je6iVMA"
"Global Climate Change Updates","UCnU4EVIH9qD3iB66kbokAVg"
"Global Context","UCdRYcPNnNUISQB9q1jPXEQA"
"Global Context Explained","UCEGDXI_1CbhW10G0tQ2-IKw"
"Global Cornell","UCuwqcLHqBbwAV2jMczRg4vg"
"Global Daily Wire","UCNBlp2aXfqVLTOv6yr6CQww"
"Global Dive Media","UCdz-Ko23_bczAypLfSHx5Kw"
"GLOBAL DOCUMENTARY - Discovery Travel","UCohG8-NtggGKbzx8K7YF1uw"
"Global Documentary Studio","UC9S9ALthhz6BK8k7yE_zcXw"
"Global Dominance ","UCgMpNkY-SlIHHqFbkqOMyww"
"Global Drift","UC3d2UqihjiaVKc_fecRfLXQ"
"Global Dynamics","UCRZQkhEYUeoY6EN0WUcVeSA"
"Global Empire Tamil","UCjpAZ9gnGOzeIukdimpghGQ"
"Global Enigma Probes","UC2NG2SR4QiqjHOSYr41op6w"
"global eye news ","UCPgO2dPmx3zKpuvK09WxTIg"
"global fact ","UCegzmmSC1n5mr5bPGChFaWw"
"Global Facts","UC7sRlRlPocOQxzsz79CQWmg"
"Global Facts","UCXF3ghF-Dpm9aRP-AGVvQ8g"
"Global Facts in 5","UCzVFT4mhol6R9v6Vb2o74wg"
"Global Faultline","UCCevo3sJ-D35XSqsVa_8Pjw"
"Global Files Malayalam","UCW8V0gRO3OTbqo1dUgRH12g"
"Global Flavors Untold","UCu9armhbaIWxNspsAYUzNqA"
"GLOBAL FOOD NOMAD","UCsgCCnPbW1sLQnPx5XlRG6A"
"Global Fun Facts","UC8has70lHqwr0623QPXm7wg"
"Global Gameboard","UCiZ7mZZ4MEvOltpqgDZeR5g"
"Global Geezers","UC6xn_jkTvEfjHh7SNtrAJyw"
"Global Gist","UCqSxg4deFv0YoArAURDQ3uw"
"Global Glimpse","UCcxGvf_-1xsROYMrz67THPA"
"Global glimpse","UCaBhSQRYOvCalbwJaWWTd9A"
"Global Glimpses","UCHD-CZl0TDLUCm4Jc324FPg"
"Global Governance 0.10","UC7aBEe3Dbp4lUUlDeK6YAbg"
"Global Guiders","UC9wWBbS7Kd-spRc5ZmM4W2g"
"Global Headlines","UCD56GS5nicRmJvesJNPA3Pg"
"Global Heritage Cuisine","UCObKS8G9n234zdYLcw_OO-g"
"Global Heritage Runway","UCYi6296QNB8rd4DOQfP33Tw"
"Global Hit","UCp0Xi9V-XY-E4qFiaWoVDNw"
"Global Info","UCcaT71eu52JwUpJxAHuLP2w"
"Global Info Station","UCZuz8kDNAQ3H_4N1O-RM4AQ"
"Global Insight","UCltDbpBZkPrc16qgwf6FzaA"
"Global Insight","UCmHC1md2fU7S6ISDEHZFI2w"
"Global Insight","UC4JrNvw9-jbroYWonRZBVew"
"Global Insights: Explained","UClbcn9YdczzUzhAtyKv2k7w"
"Global Intel","UCLMRwcu61G1yetUJTs4bjYQ"
"Global Lens","UCBaKUg0rxr6loPQUAZ_PXBw"
"Global Lens","UCDnvxmdEc-kKvxXNYb6Oz1g"
"Global Lore","UCtfNiBQQQq1k0OhGKdyzs1A"
"Global Luxe Journeys","UCK0EcXdijgjQtnXnExZ_Dsg"
"Global Military Network ","UCUNY35Yp77vc459LkGZ30ZQ"
"Global Minister","UClwmDfErCXff5FuS2ugitzQ"
"Global Money Chronicles","UCvM87RpWz3yunH6v2gwHKow"
"Global Music Magic","UCpd4_wlD8jmaBEwtGK-KV4w"
"Global Mystery Trips","UCNWCI9KQjm_Ilt8bDC3WGxA"
"Global News","UChLtXXpo4Ge1ReTEboVvTDg"
"Global News & Facts by Vikrant","UCma52i8xqoL-OZ_Rp5DMeqA"
"Global News Express全球时事通","UCLb-5BfM_iGyfF1Av-q-8tg"
"Global News Hub-GNH (Hindi)","UC8ANLDQkY4g9VptXDWHg2HA"
"Global News Insights","UC2KrgiBqAJRjaPn5yk-bwSg"
"Global News Lab  🗞️","UCsY-1-vldZQtavlqXWjMYKQ"
"Global News TV","UCezON-jvEW88EObI-XIFNjg"
"Global News with Aries  ","UCt9rFoPyELcJe9fEwQ-nEtg"
"GLOBAL NEWS WORLD","UCIGEyk841qlQ9uPzAn2CCzA"
"GLOBAL NOW","UCaSqzs5NW4NkqKWb3pAfnJA"
"Global Perspectives with Emmanuel Ereyi","UCRCltnnoXXu68gexaHrZvRw"
"Global PM","UC_Y92atDOYSxFX-JCSsL_UA"
"Global Polarization","UCOBjKEf0slLkQtL24dQUr3A"
"Global Politics News.(GPN)","UC3GTZuPo4FSNGntfn2mbvyw"
"Global Post ","UCg6YGtLIfGsdm0yrl8rFcFA"
"Global Power Brief","UC618vxllQHMQLKJ6WXnQWJQ"
"Global Power Explained ","UCKcmJxMIXpaz0cqMvwnOfoA"
"Global Power Vault","UC7A3OB_kdR_Fw0s9Ocexdcw"
"Global Pressure Points","UCk7QhljNn3SS_H-FxR0VmIg"
"Global Pulse","UCE7z6L8FIgqHmaknTvoi70A"
"Global Pulse 360 News","UC1nVgw7DJOJF8yjsJhOGEMg"
"Global Pulse Live","UC9IbrhHQutJSb-EVcK7IIUg"
"Global Pulse News","UCSAGATQP22Dx0SHI2N9Zyxw"
"Global Pulse News(TBNC)","UCyTYdVzD2z79-SqSMcGZStg"
"GLOBAL RANKING","UCi9x28y3ZW0NdYxhzE41FcA"
"Global Ranks","UCxGDXGTXBOh6j463B9oc7eQ"
"Global Realm Axis","UCphlG8t5gC_uwA0YLhIddzg"
"Global Reports","UCPe6DyJSFqlI4RITqWtFGZg"
"Global Rush News","UCLB7NE2pbaHLLjz1MZ-7-Tw"
"Global Security Watch","UCPpI7vrBcH8EIyggksyx7_g"
"Global Shorts 123","UCs6eKtWVoN7paRix2-fAjgg"
"Global Shorts 456","UCSXoWMZEffCKqbZPP1WmesQ"
"Global snap","UCiO2FBd7COt07fnXgJvTFTg"
"Global Strategic Lens","UC_-SYuTXs6CGmubbLuooE3w"
"Global Strategy Lens","UCXn_mJ4VOcsiQNL5kJ8yrzw"
"Global Street Food Adventures","UC9JSHU6HBTv33xAnGbQuidg"
"Global Strike","UCZ0BW0Bgb-L0pU399CSSYUw"
"Global Tensions","UCdS_gC3-3WeNhGxtKW5L6gw"
"Global Things","UCTTfeKDGCqxot-KfjHptP_Q"
"Global thing's ","UCAviUuuR7iFP6fd99D1v89w"
"Global Time Vault","UCOdnYcGNsNBPzbN82JGDnBA"
"Global Tourism","UCM5LbRWIzcRB5JYLlVqIg1g"
"Global Trade Explained","UCxVb89IoRx-BJv7jm9U0DBg"
"Global Trade Wars","UCfv42nvLv6PiJ2nDydMLYkw"
"Global Travel Mysteries","UC6tW_yfzRM29GiEzZurS8cg"
"Global Travelers","UCAQnugg_OJkOfOnWimhe92A"
"Global updates","UCEC-NN0PTep1VMHU0hXsrhw"
"Global Vacationist","UCBCcnawOKimy52FlqO5LDRw"
"Global Vantage","UCHPCrwCclr9oOQr6YfIbv5g"
"Global Veritas","UC4QWNw7uKUknlxNgNzt7JwQ"
"GLOBAL VIEW","UCdMvZZZlNol72aW2SduRzAw"
"Global Watch","UC6UwEKH3mEBe7_1M7Fcow3w"
"Global Wonders 4K","UCWU3aUdBTuVL5nXIazxLOkA"
"Global Wonders Unveiled","UC1BDIs2JAnDRh3OOg3dsqPQ"
"Global_facts","UCYeAPlI_-ZoZZkJdlF5ktPQ"
"GlobalCtn","UCBd6DoUoFxfqWNP84VIu44g"
"GlobalDanish","UC8BIJLsdK2BNGyqDdVk0K4A"
"GlobalFunAI","UCrj0bWs9lgrCun39tMJk16Q"
"Globalization of Finance Capital","UCFYg8zQD3Iwe912PYCcd9Og"
"GlobalLandtv","UCSm283WN4aUIzEwkqaPmGNA"
"GlobalLegacy","UC6yGDRvQ-rGNMBI3lpkd_gA"
"GlobalMilitaryPower","UC8oxtGew7klbwLW9vMK9nHg"
"GlobalPulse News","UC1lflOABhds-vEQlL-Ah6qQ"
"GLOBALSTRIDE","UCYI7YZux0ay_xmOKO3S-5Zw"
"GlobalStrike","UCPazIVVZqtPIhYqXlk4vnmA"
"globaltrekkers","UCnlRG9stYW5Jnm4j-PhiMCA"
"GLOBE & POLITY","UCnq-NAVmkNryOEUmVATcm1w"
"Globe Discovery - NY","UC7Wp1HNhw2UPimYZ6thYU3A"
"Globe Doc TV","UCU4AgE74ewQKYQmeSz6CoDw"
"Globe Junk ","UCLJHoYV8T49jtchz4dtKUrA"
"Globe Pulse","UCjGeAZAKfsUZwkTNo85aUMw"
"GLOBE QUEST","UCP3tOQobXrAZA_XvsBL62WQ"
"Globe Sketch","UCCuB2ilATwKoYNhDb_nhteA"
"Globe Unfolded","UCcZ6Y8V8W65rtiYmzPYvE7Q"
"Globe Zoomer","UCLCUiJOOeQYjzMKCd_uWRtg"
"Globe_editz","UCsL3FZrkEfBilstUsFjt3aw"
"GlobeByte Maps","UCueUl98rVuWHLSSCZsoFRdw"
"GlobeDecoded","UCXa5YconJjgfrJCaaPUhOvA"
"GlobeGyaan","UCfNMnAo3r4i6iWTLb_7cQbg"
"GlobeHaven","UCpZa7sZEiBgjMJ1wvlRYFiQ"
"GlobePastHub","UCcYWt-w5WW-XUmsezlbZbiw"
"Globeplays","UCofkNaCJyvleG5EPMBpn8og"
"GlobeQuest","UCvd7sxVTJIrTkIR2NgQjFyA"
"GlobeScope","UC_vlkgODSlnjOY0VfluuxoA"
"GlobeSecrets","UCJ8gVUlNPtLpWtDBePxATEA"
"GlobeSnaps","UCL1oFM5rpF0LbKQxwyue9Ig"
"Globetraits Chapters ","UCDKH-Bro0_aLwXQqzvkhwKg"
"GlobeTrek Adventures","UCAtOaXlFSsUU9JVKWBVwL5A"
"GlobeTrek Vibes","UC6pGDdLTp-wp5r2P2Qk2ojA"
"Globetrotter Facts","UCTyttZNnccoQ5O86wfIN5Vw"
"Globetrotter’s Guide","UCxaa8oRQQ0_4kwsSqWV6etw"
"GlobetrottingSu","UCesm_T0_IvEv0HZdxEOzfDg"
"GlobeX","UCxGkTMFeRyE4U_MaW1ZhUjw"
"GlobeX","UCPbYva5H75yVphG74GC8xNg"
"globle world","UCAwRhUf2J4pxA1roEwdRcBg"
"Glonko","UC_4kaeIYRRAEoiRz8tfBGzw"
"Glore","UCrkjX-SG6vQExRPCi1Tf30g"
"Glore.🌍","UCB7aHGmqUJPcSIFQGn1M6xQ"
"Glory","UC1dlE9swinN38OB0bCIyoxg"
"GM Expert","UCJMZBJ_awsoXorPpD5TRCBw"
"Gm Jamali info","UCLhbbQIR1I75NkKZibIBdmw"
"GM the beautiful girl good at creating","UClB-XUD93ZORlg5jZuon3IA"
"GMS Ban Gad Main","UC0dyc_XOJWjP2DczFPV1J0g"
"GMS BIRMINGHAM SHORTS","UCH30SOwU3-h0Q0LjyqL-S7Q"
"GMS ᴄʟᴀꜱꜱ ᴏꜰ ᴋɪɴɢs","UCCcCWEX4bmZvoBW4oxxi6nQ"
"GMS CLASS OF KINGS LIVE","UC48DFHwfeVEpWFvyIfWLPxQ"
"GNAT TV","UC9N7ZUvq3okHOAiv6cqRDlA"
"GNC","UCe6qHcZshgan2sxaX1qg7_g"
"Gnosis Post","UC6AwUIlkrFL8jHeakaCt13Q"
"Go For Top","UCSO9a851bfCN2gIFw6WY1jA"
"Go Jetters Official","UCmpFvRQSMIhBKtcFYb-qv_w"
"GO RANDOM !!","UCPd_g7Xl_l6GAEqbS-FNmFg"
"GO THROUGH GLOBE","UCIGpBRA_mkfd8OgLWMXepzw"
"Go usa🇺🇸","UCZ0bh22Hlo53dUZrBjUBdAQ"
"Go Viral Today ","UCQpouivA2rQmVde6JPat5tA"
"Go West Sailing - Offshore Sailing Adventures","UC8nFwJ-BrfOk_6gh5tmf2Pw"
"GO WITH JO","UC1Q28t30k-o99Ijzoiox11Q"
"Go!Mobile by Brant","UCPokkNtQBEBzf47c9VoPXXw"
"Go4short","UCYce6DIhQ902OBETmGn1JBA"
"Goa adventure places","UCeuglqIOlIiOTk8EFvyE2iw"
"GOAT MATATA TV","UCw2D76lI2QpK_MhEdbqusng"
"Goat Rodeo Podcast","UCZ50rCAJkXKjndKZ7wcBazg"
"GOAT_SQUAD_","UC6buWxWl23rjvaH_sAe4N3A"
"Goated _Hunter 2.0","UCk0tqK2BCcVN1N-_iKy7j8w"
"GOATsim Studios","UCjjl-G0yV7aODbDOGtrLJSg"
"Goblinz9x","UCjvJudfzppqNVsfUdPDfcYw"
"God Of Reviews ","UCfU0cW7iJmngBAQbguXQVbw"
"GodBrand TV","UC9g0Kyh_67zHDisE29rIK8Q"
"Godhuli Film BD","UC8HhB6nLYC0dmL_XvBVWhcA"
"Godless Gardener","UCdqiHK6Lmar_9jX2SplwSKA"
"Godwin Joseph","UCo6dN5_2EPd_BsvJYSZ5XTQ"
"Godzilla And More","UCEHJWRDdDoaXyiZjWLZiCfA"
"GodzillaTN72","UCPbjIij7EoGXEPDs4NXygOw"
"GoEverywhere Holidays","UC9YfsNk7se5Pv0BNWnHyfPg"
"GoFlow Hidden","UCq0qI9pjt33QlurPUr0hw3Q"
"GoGlobeTrottersTravel ","UCeO_rVpTam8YRXz0SZJtwSw"
"GoGo The Explorer ","UCjYu4-nH9QYeRa71DoJ7XFA"
"gogogo","UCAUK04MFXCovLms8wvdWfKg"
"Gohar info","UC38cKcFqRK9bGPG8Fs4zAbw"
"Going South","UCosq13ArZQfixVj_XqQsc5A"
"GoingInRaw","UC_99GyQ4UPrh2xpUGn9tkVg"
"GojoSxn","UCRfcVK8CF6FImNqtCQWZDkA"
"golak_official123","UCzvLy1_h27x1qg_vq7oKxQw"
"Golbet Trading & Inversiones Deportivas","UC8DZtKnCEDG9ULIWuSE_I7g"
"Gold","UCYq44eLdP1WSFj8H5YTnw8Q"
"GOLD AND SLIVER NEWS","UCupO0oyfK2bEs0TjUG0_3IA"
"Gold171 Music","UC3V-YJ9OANUKInSRsmfUNbw"
"Goldega","UC_QID5KmwKIyLHmGQpniIwA"
"Golden Age ","UCFwKzEwV4WrhKIwmy0laj6A"
"Golden Beez:","UC1Lf5AsSyDV_VjTpyvPwMZQ"
"Golden Dragon","UCgSkVIQ6N83Wwa8sx_s7OtQ"
"Golden Dragon Cinema","UC4dZe-bROeSV3Ds5RJzm4HA"
"Golden Hour Travels","UCNiyhyf-APsoaR6olO-3NXg"
"Golden Price","UCZUQEgAfxKCuD-xzyaiBJhw"
"Golden Sunset Life","UCwlx8Oieu3TxkTSt5C6Qe8w"
"GoldenPuppiez","UCJcIcnEhQ0Wq4MjjN3D5Ryw"
"Goldkiwiboy","UCbA88961C6lH3Mjf--tGMnQ"
"GoldProspectors","UCFJqry_3DNFnmjbvOFzVleg"
"Gole Channel","UCzN6xqu-eTNtfypoDYX28zw"
"GOLF' Pilot","UCMIjUbi6wwABuOwdTlIy09w"
"GoMo","UCswkiGBw8mT5Pfabq6ZQE7Q"
"gomtangi","UCi6tbg0yebZvdKrVpp_qJQA"
"Gontar Aviation","UCPfYvnGyvvbjYLoVc7PkMwQ"
"GooberDog","UCUfFW0JuLRG9Bylth2xExrA"
"Good Advice Giver Podcast","UC23Kpxbq2_yhyCqaqXVMNIg"
"Good Green News","UCwAQ9Wi98ZlVDjQodKP8O2g"
"Good Networth","UCl_-K6pCaEOrNEy1cDzUPgg"
"Good Stories","UCou5UGxUIa_W12u4pBAaN4w"
"Good Times Bad Times","UCXW9oUSOwt7mcTT5d_5hQcA"
"Good to know","UC9RtV5t4tbPlnt5kZ5CzorQ"
"GOOD VIBES ONLY","UC-N33ftzgroGUrrZscg1U1A"
"GoodEditer","UCQiHnykNVZ0KyYrw0jP-D0Q"
"GoodGuyinBadLands","UCjzjaeMHeR48r9GGwug4AaA"
"Goodnight Morpheus","UCTl0kLOguuz4buc8lwv3uAQ"
"goodPatriot","UCEQLQYsEhZAx6IwmRd7w1Sw"
"GoodPumpkin","UCxr8MOLWd_iBipFfWUYxYNg"
"Goodvibes_Offgrid","UCREvkZUYBG8liT6xyrG3vDg"
"GoodVid","UC0r6rRT2M05Jm8pMMibeuGQ"
"Goofmemoryedits ","UC4CH58HIsD5f9UUx84xaO9w"
"Google Earth","UC2zHjOF9Womes-SEjdzTleA"
"Google Earth Finds","UC92gf3fCNlE8CGSDeZ4NSzQ"
"Google Earth Mysteries","UCEbmP9GHW8fJhM5rPYQrqDA"
"google earth 🙂‍↔️","UCOkjshbhzkKT1f8nVi-fIrQ"
"Google map traveller","UCedKDkKZiAdS-mmfszrkyyQ"
"googleearth explorer","UCp1Dwk9RDXMVSIDlbG2vVcw"
"Goopedia","UCGsK8A7gw-fBqgZnRdeLBvQ"
"Gooseberry Science and Education Videos","UC149V1z1PJJTfC3A0uRWgyg"
"Gopal V","UCBw62-J6J8SO5ZRdvhuyqcg"
"Gordon Nieslen","UCZ0f_RtDwmHfQH5DXFANKjQ"
"Gorgeous Earth","UCIaFSay3ICYvyYeNJkP5uVQ"
"Gossip Boys","UC9JwYrS3lT9vjfdMf-ShXtQ"
"GOT IT","UCwxPKLNVbiQe4MNEkEiSEXg"
"Gotham Art News","UCs4vOqt-oJfTMyl1pgWp8Xw"
"GOTRAIN7","UCujxGXZtHRFmx7dV5xpE9kw"
"GoUAV","UCKd703XIOOEtNbqdeEfotlw"
"Gounknown The Amazing Fan 2k26","UC96HDPkTjGP-EMIvgOp2lfQ"
"GOURAV_20M","UC4GX64gz0msecjEvj4cpxEg"
"Gov Genius ","UCORAlFuDVizt3JjxN6tgxig"
"GovWatch Official ","UCyK_tqVmlp658ESXMfDOR-g"
"Gp Dupitas","UCfC0OyfsKdeBrxbBgdGxrJQ"
"gpsc4u","UCwOyfJnePdt9qTnWMawpsFg"
"Grab N Go Media","UCxEySSAEGcKV825wZN75LXw"
"GRACE CHANNEL","UC9WElvujv6cQ0MYOqYOPHiw"
"Grace Donner","UCJAgexvQABEqLPVnt71t20Q"
"Grace Jorgensen (Gracia)","UCzFZEUqStc6BWoWUxG9voww"
"Graceis2slay4u","UCHNGHeqIm6567Sa-O882UQw"
"Gracio Dorotheus Lobo","UC3RXLE1iGTRhH0m5b_qERAg"
"Graeme Codrington","UCafjJboFJ6mi-HO9NoufQYg"
"Graham Elwood","UCX1rle36wIlP9ry8uidnCsA"
"Graham Stephan","UCV6KDgJskWaEckne5aPA0aQ"
"gramathu payyan Gowtham","UC_LvdJd40KKKzrvp53YaA-Q"
"Grand Meme Diplomacy","UCsstP2n8JBeXbAjKUDCIgLw"
"Grand Solar Minimum GSM News","UCP0Dfc4Tt600NS7lKEZtJqQ"
"Grandadan","UCjgOAHcnUyevPrCAM2Kq9zg"
"GrandexClipz","UC0tUfX8-j990ZKWGOZzKdWQ"
"GrandLine Media","UCXNFQ11MGdUELSMx25cNwZw"
"Graphico Historico","UCV35mFiJiySUXY-bPo4n4zw"
"Graphics Treasure","UCbHtWPpnseddAc3C1bLJQ1w"
"GrapyGroot","UCrU2n6efMQpJMfypxcOLnvg"
"Grasshopper Tracks","UCw2cJIhOi5YHWExaCcBOn6g"
"GraveCinder","UCyMZjFQUVf7yIuDW4MuwW9A"
"Gravit Sumaira","UCh96yzXZvfdjaCsBJvCOA-Q"
"Gravity Coil","UCQ2oVWiNyi_R3LV6BDffm6w"
"Gray Gold","UCUFLIXtaJ8Kp8V49rIz5ggQ"
"Grayson Caldwell","UCccEwlVeVW-QvYSkyvml3mA"
"Great fact &Great life","UCIS7L3-fl4pRMtMtWz9AgrA"
"Great Stories ","UCsxJC7tR6cQqw0-rAaPt0vQ"
"Great Vibez","UC8lc30Q2nqxrPCHnkkCcSLA"
"Greater htraE","UCW9TjhMq12VmgbnAuN072ZA"
"Greater Michigan Mapping","UCej_KCNKZbZKJDYvHdK6AJg"
"greatguyaaa","UCylmeBBokzvaYnkd6VNHAUw"
"Greator the greater creator ","UCCfI7lCfuJzVpL80Gd5QXXQ"
"GreatWorldlyFacts","UCL7I3jQO9zEWwPFseSiUdOA"
"greay white ","UCboNuxCCCW6vAKPDV9Qd5jQ"
"Greco-Argentine Mapping","UCyaruXU4_roqYJOhNxDTO7g"
"GreekGamer2118","UChpZwo32cNW-0jbeDrYTM7Q"
"Green Land","UC-7T2q1vPxrA98oWyIsF0sw"
"Green Land","UCjhkDxVOEs2tSVui2adrxzw"
"GREEN land","UC0JDNL5_Lc1QHnmDP5QleRQ"
"GREEN LAND AQUARIUM BANGALORE ","UCaWNLN6IK17rktSf-BBv1FA"
"Green Land Puppies Home","UCtk_izhNzfCe5dCq2RaZTgA"
"Green Landscapes","UCUgqUt6elYXWNu1Dcw7k5lg"
"Green Planet","UC0vURuMeuqwO24hWamO-Lvg"
"Green world","UC4p1Ykr0UXHUIHeAxElv1lg"
"greenboy","UCPODMtWZ-VOhix4XeHE32FQ"
"GreenDoodle4567","UCtDWxlLfqfPAYv93j7G1cyw"
"Greenland","UCN8ndKafmezUDxGgC5fMaFw"
"Greenland","UC9mn-KaOMoImYt1NOt8ceTA"
"Greenland","UC7iOfHI7cIyQYEmDbV6OKYQ"
"Greenland","UCXUXnSrQWDPdU7hxOO-376Q"
"GreenLand","UCFnUFrBmbC-Lz7LuURKHBjw"
"Greenland ","UCVf-rBPI4Rue1HvCZC3hQpg"
"GREENLAND - Looks Like REIGN by Dr. BerylJoe","UC2pEFU48896_XVmG_g5fZqg"
"Greenland Babies lullaby","UCuTmQQiqkIrAT_iR7kZ9okA"
"Greenland Backcountry","UCUXFV-XTJkwhQS1o43M6lMA"
"Greenland Bio Organic Fertilizer","UCvUAmO1qNww7FhmTBCkQaeg"
"Greenland Cars","UC7EBJSn5Qizd_nYt9XWjlrQ"
"Greenland Catering and paramedical College ","UCV62t66XEFXJ-ssuRHPSvfg"
"Greenland Caves","UC6j4UH1iBFAvPm46wCMduyA"
"GREENLAND CHANNEL","UCo_yG4snjWqJEORhiM7h2Qg"
"GREENLAND CITY DEVELOPERS","UCqIVWKG_V0G1sWcI50A5zWQ"
"Greenland Cruises","UCEFOmkNfj4E9i4jYGG1rAJg"
"GreenLand DnB","UCSFtPLHGzLNwRCxmorgI-TQ"
"Greenland Edits 🇬🇱","UCq5F5xyuDD3V6f9lfTbpImA"
"Greenland Fiord Tours","UC-aPq5taYXKZX6511K1DJ4w"
"Greenland Genealogy","UCB0NGqaQdft4qLtvUb9Q5RA"
"Greenland Group","UCiJqFOZEReZnvJLDOKC8eYQ"
"Greenland holidays  official","UCX5JpM8oUGnt0vxzxdX8fEQ"
"Greenland Holidays kottyam","UCrJdVenNCp1FeB7foR6bx2Q"
"Greenland Human Resource Company (U)LTD ","UCwmQLEL4qvqYoqYCykYwAMA"
"Greenland Ice Sheet Ocean Science Network","UC777-pEISiT7nRYeXraHArQ"
"Greenland IELTS & Immigration Services","UCJCDgFo7Mr4JJ8U5cLqO1Ug"
"Greenland King","UC3S-gk2EcKlUT4aQxXM9P9A"
"Greenland kitchens ","UCpqbZxYQ0S3CWRtt6Ptj_mw"
"Greenland lb","UCSy8GTE9VqQtED4O31hY0sA"
"Greenland Lighting Decorators","UCqn93cBKark1oew5oBupo1Q"
"Greenland Living","UCZW8_YTdh3GJCe0FMbgkwVw"
"Greenland Mapping","UC_j4avu3wQmOgPoXxJxrgkA"
"Greenland meditation","UCbn3AaBQSy8EyDdAWZodl0w"
"Greenland Minerals A/S","UCCq68Yw7K6g6xOnGV4kjQVw"
"Greenland Mines Ltd","UCeFNJ6vLoJ7rtAGkx_Tu4fw"
"Greenland Music","UCKoFO_Sjy5mW3gTtAOxKbHg"
"Greenland National Museum & Archives","UCgu6vMW4jK4RfwShKtwsINg"
"Greenland Network - Travels & Adventure","UCv3Oy6zvQeqINqqSOwxfHwA"
"Greenland Official","UC6dGQYLnuwtHdrDF8LbQC2Q"
"GreenLand Official","UC7N-M2H2GikFkk1uHdikAkw"
"Greenland Organization","UC2NXp8O0z7RrWcne1xq0t3Q"
"Greenland Public Transport","UCrt7REhpCnFUQZfz9YXO49A"
"Greenland Quilter (Katy)","UC2QzIF-C2uTmKWGEEy6DFTg"
"Greenland Revealed","UC2Hb9W-lt5-4fy3L795QRpw"
"Greenland Rising","UCMvG-SzRY_uLU6xunv_LxDA"
"Greenland Ruby","UCUkeS-zCcKTpwC5_frc-7Wg"
"Greenland Seafood","UCFojeX9XrmPZyxSWwLk2fhw"
"Greenland Sr. Sec. School, Renukoot","UCLQpFReyw5GF38aNsRFHydw"
"GREENLAND STORIES","UCjCa-5NoR-p2JuXC60jahrw"
"Greenland Studio SA GrVVngVVng","UCcJO-UfL7KknGJ14ixPiOlQ"
"Greenland Surinthailand","UCNqJjjiE2aLTMscXCGg8kng"
"Greenland Survival","UC9ui2ZFuEfBHsB7CD33IxjQ"
"Greenland The Label","UCpUwJaqT07BSPFSe1uDwEdg"
"Greenland Tidar","UCkM0YJoOGE5VkIONz3X5KzA"
"Greenland Tours","UCUT3z6hxajJanBbVTq8KOtg"
"GREENLAND TV","UCLxJ3MUdTBr8eu-W07t3DVQ"
"Greenland used Car showroom potta","UC90mhmX2o3kj0sK_6xmA2Wg"
"Greenland Winter Warning Association","UC4eCmzRCuMOPyEO_HkEj1eg"
"Greenland YouTube","UCg40i9L7DIy8FTPdttL_Lxw"
"Greenland. Bangladesh","UC8Hbl6aS_kc3uY-5Mi2G5Nw"
"Greenland_guide","UCHiI2ZZjQDW4pDwAeS0b9xA"
"Greenlandersss","UCk8Zq0loMNs85L1p0DrIcyg"
"GreenlandEV","UCM2cnlbP3XhKhLo7Hp1il6g"
"GreenlandGarden","UCAg34yRhSWkdF9WNBqWYniQ"
"GreenlandGroup","UCsh30R1xBjMz8V9B-4HQn3Q"
"Greenlandic Discovering Greenland","UCA-pND92xbtu5gW6OyZDUNQ"
"Greenlandic nature","UCKnPZMHcerj_JSeOaZj49PQ"
"Greenlandplast machinery","UCkmV6orpKEPLD7jDRbMKyBw"
"Greenlandvvk","UC4vQEDht7t5DayMeOhXTc_w"
"greenmanbucket","UCm_IBjaRFSeFUZMOCxxkuZQ"
"GreenRoc","UCZ52sr2YlAjxaUGoR67gKMQ"
"GreenRoc Mining Plc","UC6I1y1UsuLmA6gycVI23xyw"
"greenthing14","UCUfkSPGLGp7m0-oNpGi4BFg"
"Greg Ericson","UCdj-ijfkaO7hwVpXR0hhDVw"
"Greg Grund","UC_T0ylHxXdjC7aHpgI04tjQ"
"Greg Lee","UCKUbxkEtcBw1FPhwMSyzW2g"
"Greg Snell","UCObLrnWwxZ7uMoauv_LuGsw"
"GregCrack","UCYvoSDLMrWJ2vSA1yRQXOrQ"
"Gregory","UCfW5YDaxxsy_KY65mzwfKTA"
"Gregory Talks | Ici on parle de tout ","UC5whBzTFCg2GpWZ962tRJMQ"
"Greig","UCqRyjlg18Tr4Zd2jeJn-wVw"
"--Grenland ✨","UCZKyYow8zQ98mcEgN0iCTMQ"
"Grey Lines","UC9SapaIzDQgGQaNJYAihiIg"
"GreyDog Air","UC14tdl_OHL4ggA2QSbkWc3Q"
"greyhoodiebro ","UCoxCSBF4hQv9NsWmouLtdWw"
"Greyish Matter","UCCDHUAF_tOcXSdtwS0pN4oQ"
"GRIDD","UC3OzBPo7jcJtJvVH74kuG7g"
"Griffin / Wordsatwork ","UCLGwUDDVdklBiKi3NeDAlyA"
"Griffin Seannery","UC8XSZHvtTNkrfmWT2vhy43Q"
"Grim Reapers","UCZuXjkFY00p1ga3UyCBbR2w"
"GrIMP","UCobFM1-G_wrWkUip3g_o2bg"
"GrinToronto","UCAXbnc0_U-0y4gwBX8JCRXw"
"Grisma","UCwPV5nWN4A4cgdtpvVwuv_Q"
"Groenland 2023 - Réalité et résilience climatique","UCOJ67cS8zDUdvYKlc3yVU4Q"
"Groenlandia clips oficial","UCNzrrEZvnNb7CrbfgQoEUtQ"
"Grok Ai Fusion","UC-hC__OkLVmPB5U_dTtwVWg"
"Grok Trump Ai","UCQuu7HvUkyCzKovXrNbjv_w"
"Grounded Life Cruises","UCfIUXSuoMDRruH-ONG94q0g"
"Group Travel By Susan","UCoxPa83mXV_M-GBWBEb9ktg"
"Grow Fast Now","UCPGyEwKk6ZWPRyfyKEnrpkQ"
"Grow Higher","UCBovGqocGXVdxY0un7zrNmA"
"GROW POTION","UC6PeYy6baxgdDZtKMPwYOLQ"
"GROW RICH","UC3evdqlXUamm7nZ5l6Fm1gg"
"GrowingDeer.tv","UC7jyHQoVzGcS062nmPTpwng"
"GROWWITHASHISH","UCZFkgRLq_VqFk4BpRafHc9g"
"grsriflestocks","UCvol-bT0YBBhi77N4mEM1SA"
"Gru","UCJEDAMw4XWXduB0UcCtOXdw"
"Grønlands Naturinstitut (Pinngortitaleriffik)","UC4dcIE8mLgzOk803mtAunIA"
"GS for Civil Services (Ed-Knowledge)","UC_vMYI4v8ZdbCHaUfj3MgjQ"
"GS महागुरु ","UCXsgY0Pe_K8h9PFaPOJ7Bmw"
"GSIQ Education","UCZHkRaBaspKbtGm0OI3q3Bg"
"GT","UCL3fPJLywih7hVhLbMoOuJQ"
"gtax games","UCVl6FcKj7GgJ0UN_SWWc96Q"
"GTI","UCAAqPvRNHubmSIp96wUs9UA"
"GTR [🇷🇴]","UCey_DStdx1_3eMJBtmSaXuA"
"Guantimasao ","UCAlX9S6RMT75by56u4CjU4g"
"Guardian Cactus","UCfLwypbziTgWSt-8up5yFVw"
"Guardian News","UCIRYBXDze5krPDzAEOxFGVA"
"Gubernatorial Candidate","UCUjWOrvlw5UBcAq01kdd7FA"
"Gudlaugur Vidar","UCscyZEy6jETYht2BQb02wug"
"GuiBees559","UC90b_1SvJI89idnCS5kKSJA"
"Guide of Destinations","UCEM6z3Xlw0ZlZk_li96UuHw"
"Guide to Greenland","UCzYy2DMdRgELLGAJI12_gWw"
"Guided By Greatness","UC06BN89IF6KCtIK-PzNfkWg"
"Guidely - Bank & Insurance","UC-2Ga6vFz3l4Q-O0jFVnIIg"
"Guider","UCTV9-iUD0IBxBBRLdyT-liw"
"Guiding star","UCitHXWVXk6yKNdcAp1cB6cQ"
"Guido Bollino","UCENoqq8EGDWUk_i0EwRf2NA"
"Guido Warnecke","UCKIERSbtj6SrJChnKPVUgWg"
"GuildfordGhost","UCUJ9XmxkxeCuh3Dfd40REww"
"Guillaume Broust","UC8gOUGLHFwAVU0jdoArT45Q"
"GUITAR STYLINGS SAMUEL LETIZIA","UCG2ilqu4njsWY809vEVQomQ"
"Guitou","UCxDdvYOxkkAn85uBejdKO3A"
"Gulbahar Technical","UCBuDHP5fBgZ-RPOmKyTV_EA"
"Gulfam Khan","UCoZ-xP6I_f7VVQzNyOt1IlA"
"gunasekhar reddy ","UChs3kBj4JUIHW5IZyqdjDOQ"
"GunFireGames","UCUifEJbwheNTQAAAxxE6MRg"
"Gung Ho Vids","UCBeWGn3mho4_5Og6D4jHbXw"
"Gunnar Gunnarsson the Icelandic Explorer","UCCFb31uaefJHbRN061djeNA"
"Gunner Horn","UCQcKAqS9OolCK8IjlEebezQ"
"Gunter32804","UCVdTbI7K2ZGhqPt4WbjGl2g"
"Gurdeep Pandher","UCsxqJMylBN-0x6a-8RT8pAg"
"Gurkirat Singh","UClJx1rHqKZg2nZGcWsucK5Q"
"Guru gyan study ","UCK9EUs8jwN15Q5xpJ0GzvrA"
"gURu wRITEup","UCusc3fwWwRWfVEkTRt3T_mA"
"gus1thego","UCox0J-pkaXUkAbU3JdZhadg"
"GUSEUL's","UCuqEgQ0nCUGY6ylry5IeIOQ"
"gusssss","UCxOTzX2LU3a6ekNulR43LtA"
"Gustav Fischer","UCFDaBJf94kADCxHBJA07Byw"
"Gustavjusthikin","UCJWgfSZRHiIuGUWLx384ydQ"
"guure natural ","UCf2a3MIAQw4qhevTdJpZiPg"
"Guy Dinwiddy","UCgAyz1ciIMIskQJrqWpCDMA"
"guy einy","UCxcT8GF_ePDnRXbv0X-P4Gg"
"Guy Morsillo","UC8Hckpg09ygn-YRiWi1_KWw"
"GW SANUWAR FF","UCT5CFTcwvRw-lw3hGvxOYDQ"
"Gwen Marshall","UCdVIT93VfJRxKZfvNDhqp-A"
"Gwynbleidd","UCUJidEUL-0iZhEaRLaYudew"
"Gyan By Gourav","UCuCjNuBSrUZCPiQPQvWCJhQ"
"Gyan Darshan Rahul Srivastav","UCS2nMHoX1OJtLrqfJAf6LsQ"
"Gyan Expose","UC4XQ4R2R5mWBNBTz0qL6YYQ"
"Gyan Garage ","UCta2-oLu77Fuwp8jaTnbZMw"
"Gyan Kosh","UCjzhVvopFiyE1JJTcZpGTwA"
"Gyani geopolitics baba","UCO4wQGSaVq4Rp4VIFYBbCDw"
"Gyankaabhandaar ","UCpgvSKy6htWDpDq_MJuC14A"
"GyanWorld","UCteDd9zNILLpkL06UEibrsA"
"GyanYaAgyan","UCzo97wJv9X7mki-R2OMW8ug"
"GyLala","UCeLlknWUtfWUyAYpvWOUkpg"
"Günay Abbasova","UC9u4f-GhgswC4lW7PLdG75w"
"Gypsy Explorer {Honey Singh}","UCSuLBjl28HXYy22hufVXo1w"
"Güzel Tığ Oyaları ","UCB_0UtQlx1mMSqp_xAFZyhQ"
"GyaanDharshan","UCY9_6WTmhN0iSnOYa22PrGg"
"GZERO Media","UC-8_qAhNVG8G1wxONMnYr3Q"
"Gönül Bıyıklıoğlu Uysal","UC76Rdru9r0vksXBSKkW4eXQ"
"Gaaba Jensen","UCT5npuoGUMgUTIuVfi1XhYw"
"H E R M I T","UCe-jK47qqicGXGzzc8JKVDQ"
"H FF","UCuoAjdXINoEYTAu1I63fzXg"
"H L K","UCzv2ZxVF_SxwZFvUU7-_GWg"
"H Man","UCEPnz1P33xxEiKIPOrnqxvg"
"H Perm","UCRLIId11AxFk6F8E-LCA9Kg"
"H Rahman","UCge9FepfNfix6N4wHVhT2ew"
"H&A Diaries📒","UCM0JCUCH4R2aaxvdTc3CBhw"
"H&Qnews","UCPq5aVnMR6q-wTWBjgQHysA"
"H.M.D Origins","UCVVDkxQOfEL5O0m0b4IxQgA"
"H_B_K","UCWKjO5KkiGYjmhq8z7z6vDw"
"H_EDITS","UCRRLKgem4vISJlxUYlcrGsQ"
"H8editz","UC-YIlvCWF58nFV19VGjTxhg"
"hà Long","UCwFeLffmGojD9XT2rMZFG3Q"
"Ha Ni Fe","UCCbywfoqyz0Swp6YxP63Lzw"
"Hà Thanh Đoàn","UCqZaCFcb9MUmt2hnnYTjArA"
"Habari Entertainment","UC5Gp3r3tj4nozHmC2GyOF6w"
"Habit Chill ","UCZMmV6bdKbfv3HPk7JLrXZQ"
"Habla News","UCvhbtrYChEB4mrYR4-D43Vw"
"HACK_777","UCTZMbFkKOQIPPcbold4hvrQ"
"HacktrixMc","UCpMOUpm4i0WplSfb_ZkCQAQ"
"Had to Had reality","UCb5kBd0SnJC9T1ty7EZcAUw"
"Hades","UCpbZ-X2VPXEhFhzEM7vG8Gw"
"HadifZaf🇲🇾","UCmYcnPUtbNlhYlvQml57aiw"
"Hadji_Benyagoub","UCarsJ4wwwIejhkQY4iOmTsA"
"Hadrien Colard","UCFJqu0Y4Z7vvKyNQklHTSmA"
"Hafiz Mehsam","UCJcdiugPt1KC-NF9ltp6vxg"
"Hafsa Ezaz ","UCv9lcp3GZdndkoLYFGvkGZg"
"Hafsa_N","UCGIYmkfhRhTGtY1yPAKyV-Q"
"Haha i was","UCDqyeR4C3NkCtFdzk1w64JA"
"Hahna.boards","UC-lKwnc-Di93U_jtXHaAtNw"
"Haidar vlog12","UC6IKSU2ZDjTo3JGdMelRz3Q"
"Haider Syed","UCnlD9IXle-n5DyhjftdPx8w"
"Haifisch","UCrCb6PDIExcy45ca6aGfcSg"
"Hailey Public Library","UCoO_YrLugGc18Uyr3nR5doQ"
"HAISAM INFO PLUS","UCUSqCWyMovqMzmXWqNpk88w"
"HAK bio हिन्दी","UC6Jfvt1-J_zBTLlY53Jbcpw"
"Hakan Tuluhan","UCBwP157qEhUVBq-g3-4NoXA"
"Half as Interesting","UCuCkxoKLYO_EQ2GeFtbM_bw"
"Half Done Hypixel ","UCxjEv8IDtSI3D4FJtSu9h1w"
"Halk Star Ai","UCHcNWEDInsqaFkPjwxbqDiA"
"Hallowed Productions","UCog2jK06Ta2W2Kh-FYN6REw"
"Hamish Baskerville Sterling","UC9GdKcjZAGID7zpP8EwfAlg"
"Hamjeed’s Teaching","UCOUWTumnE-cTzoQndEVaQSw"
"Hammering Truth","UCdCxhHJVEnkpWP19ATkPd2g"
"Hampshire Outdoor Centres","UCOr2J88mR5rNHKwpx2Wf2Xw"
"Hamptons Observatory","UC2Yw0mC5RwXR6pq3WTvBjbQ"
"Hamster Discovery Channel","UC9x3znsLNhDStp75IMKk3hg"
"HAMU Explain","UCzCZ_w_akm1V99F62JMWh9Q"
"HandsUpMusicProd","UCiBbjYdB9-l8S8n0XlSEstQ"
"Hang Time","UCWDIL65Y3kHmLjfp_0ZrpfQ"
"Hani Bayyari","UCuLvncATVhnOP63UAIxeYIA"
"Hania Pisces channel","UCiYr50ig6mSJrghpbHNH9PQ"
"Hank Scorpio","UCN89RD1RyCKwWcFcGLf-OyA"
"Hanna Isabelle","UCxoJ1GlKDm1sD-Z7bgCyyhA"
"Hannan Raja","UCwLvthPZtxI0Mj7x4Rhv7ew"
"Hannes Boshoff","UCfjVqpaDKGU9eN8qoOMMCpw"
"Hannes Ingi Guðmundsson - Topic","UCOeQogjw_2yWqOdJq8jmuaA"
"Hanozi Travel","UCqpgvgbyG_eQwekguXi3HJQ"
"Hans Dunkelberg","UCTc4fMmDROWsCdEnX3xT_eg"
"Hans Henrik Tholstrup","UCGLmutJsaRvjJXe5tgfODKQ"
"Hans Ib.K Heimer","UCmX2YvBA5MxxN67PFwr3PCg"
"Hans Rodriguez","UCtWnBuc-UyFZO3k2B8ScPyw"
"Hans Solmssen","UC06JpMafxHlr_r8S2MIyyLg"
"Hans Thurner","UCVg4bI7Fkv2Kn9t3JS4EQxw"
"Hans Travel","UC6JnrhzCsxZC_MMaUm30h_A"
"Hapag-Lloyd Cruises","UCRJ3IId3bA_LvMK3Evj38WA"
"Happy Between Two Worlds!","UCrq2Uxd4iex8VKP9d5mLqpQ"
"Happy Earth","UC5QciHe35MiA_adJZUI-TCA"
"Happy English - 開心英文","UCiWV_EUXN_00gNeDlV3wglg"
"Happy Honey","UCSxnMODUSoxc_RXyKL4LkoA"
"Happy Mom and Grandma","UC3YWnwo99BdCR9OugQFZwQw"
"Happy Rocks","UCtyZrPw_EsJsVrrW2oBqQtw"
"Happy Tails","UCksz6laToJtI6lmIglVnUJQ"
"Happy travel 3D","UCvhffwSKdE1rz0Xz2KFOGOQ"
"happy travelers","UCiq-m7iWBLd0fyqJlE29fQg"
"Happy Vibes","UCymLMEVtUS7-tb-dQ4bT5rw"
"Happy Vibes Hub","UCP-NkWtH5edJWLK6_s3-zUg"
"Happymappers","UCL70mBy35s1sXe2kG3iGFOQ"
"HappyMe","UCaBRkrH9lP9jqXcOm6OGUdQ"
"HappyUniverseShorts","UCOLzzuYmTEQR5qhibE_YsFQ"
"Haptic & Hue ","UCOu6IHqBx-vt9dxdd6lAouA"
"Haqqeqi Azadi Shorts","UCeokbCZHOsYRRJ5kavzoMUw"
"Harald Johnsen","UCM3Q_PosnoWCoDqcTNXOTHQ"
"Hard Mixx","UCC9JOZQ9x_k-2t9cMCECIfg"
"Hard Rock Lunch Box","UCWVkqm-mdcVi92lZJLoVgJw"
"Hardcore Minecraft Stories","UCVqNCCLzBB5M6OQqsLxqi7A"
"Hardeep Saini","UCbzfHIkMM0DcqrgB2om35_Q"
"HARDIK 🇮🇳 GAMING ","UCxSl9G8TvOG-GBUPCOE31iw"
"HARDIK29M","UCCBswtBE870P2Ca2YCreUJQ"
"Harding Family Adventure Set","UC1_D12lYjkaecPo3bOnialg"
"Hardy Agdeppa","UCDpUnn3x55KDjWVLOB1OrUA"
"Hareem's Art12","UCZ01S5HuLXqCsv4LHtdYe4A"
"Harelplays","UCibnoq3el3aJoPECFhXZNsQ"
"Hari HKL","UCt10y7xU4Ox-ITeudsm6h-g"
"HARIFIED","UCsOuXeKZTX9mYnqTPiBWD2w"
"Harihar vlogs","UCwj2NOOv5ZUzMeABMQD4Rmg"
"Haris Times","UCoLVwmVuIv3vuaB2fQ6mjJA"
"Harleen Kaur","UCemt6habhQynlEyhirvY4ag"
"Harmeet Singh","UCHqd9MvY1-7a7obsV0dMWnQ"
"HarmonicaFun","UCED8pNffd635NqRkrXRcTbQ"
"Harmony Health with Ankita","UCRBywnUrQ5-_1aAOGfhxLIg"
"Harpreet Kaur","UCnEXJoM_c8GwSBw-qJttq0g"
"Harpreet Syan","UCt4gpqIlzp9RV2kCqq_zk5g"
"Harrie Dekkers","UCYdksfuu8Xudqvnzycv_CKQ"
"HARRIFF OFFICIAL Ke.","UCProRPeLXuUM6YUbgj9VEbg"
"Harris Alterman","UCXjpQcnhAmhy59tgFglTNGA"
"Harrison Brown","UCQuJ8sL9XsLAvUMz2GZit3A"
"Harrison Doctrine","UCVW_4V2STdC6Bm1p4pkUL7g"
"Harrison Smith","UCcm1-2OXPDKiiGC5KZS4jeA"
"HarrisonMapping","UCzOo4fCEL2EyObsuhWALHwQ"
"Harrison's History","UC-g108csu8dXiQY96IqgFgw"
"HarrisTsangYT","UCCZqN4SEEtjzMtMcPCMbCFA"
"Harrmya vlogs","UC9i17qPykLGgiHF2l0oZ2Og"
"Harry Ambarsariya","UCFtoI-CTHDUS9GBIGI9-FLQ"
"Harsh Dingra","UCWqz7jB3l7MuSJTt-ZW_yFw"
"Harsh Gaming Studio ","UCJblDkDQ7QBJ_Yg_GLm2M5g"
"Harsh Reality Orchestra ""PlodyPitomnika""","UCIWGJWvksgnJqPG4RxnZ1HA"
"HARSH SUJI","UC_tTFLbo5ahslR02RGsyIIw"
"Harsha KT","UCP3yKpvxSCCtyZJLtLxCvUA"
"harsha_SH","UC4yAnA77aKFyN7t8OMGBwNg"
"Harshad Prabhudesai","UCu0yt-LeUTtwTqLct-dBDdw"
"harshita studies","UCurgedk8ieeZYK5U4_jAo6w"
"HARU HARU OFFICIAL","UCbwmyWlxdD1pDaKTdxoEYpg"
"Harvard GSD","UCcA1don221rKq1EmbvQB27g"
"Harvey Hill","UC4Hg_IPEEswivuWfVPiMB4w"
"Hasan98","UCIiC1wy5YVCosNu3waWqsNg"
"HasanAbi My Turkish Hair Doctor","UCGUu-hch2FC3ivTG13TzY6Q"
"Haseeb Tv","UCA4UgOmb7f1vLAV-RUP5Xyw"
"HashirHamiz World                 (HASHIR'S WORLD)","UCUcjwMKVAjYXhpyKi2sRWYQ"
"HASHTNAGAR  GLOBAL   NEWS","UCNmjdC5BAJ-w5Srp6rDrVVQ"
"Hasnain Ali Unfiltered","UCeco5Ur0g-AD4c0Dwxy9Yzw"
"Hasnain raza TV","UC2FzTfb7v2p1N7WI1XUMlkA"
"Hasnain Tv","UCFlmfSaq-ugC-6837luLGzg"
"Hasnain Videos","UCfCPOJ1WLsopayKMBhCh-JA"
"hasnaa misr","UCqVpXMILcewOKg5dijxUoEg"
"HasPOGGIES","UCuvsaThJNdH8fKRGeF3sVHw"
"hassan jutt","UCZuW-gXwQlGyzZQHjKysR3w"
"Hassan Rehman","UCAdP48LYSr2MLabWuCCgrSA"
"Hasselblad","UC8k0m7iO0s-aLkVnh9r9VCg"
"Hatims Shorts","UCpaAinUuCAEA0IELy2v6QMQ"
"Hatpriv gaming","UCoFTrYaZi5PiRz9kkpE5ALw"
"HATTBRICKS The Brick Aviator","UCDvv_ZB3HN3RB2weHT5w2ig"
"Hauniverse History","UCyPUDb5H4YQ6lvJOxYFei8w"
"Haunted Haze","UCLuoYMWsEpA6t6wAswLbDpw"
"Haunted Places & Ghost Stories","UCUNMFmxqKqPdWyxaqp8CFFg"
"Haussmann Visuals","UCJPT2a5sf_8N21gXkYiIj_A"
"Have I Got News For You US","UCqRLVFfAW07FtEhYXycbW4A"
"Have Travel","UCjxDs_5T7zHrMmvlcbR5Nyg"
"Have You Said Thank You?","UCpVd22IULh3EkOJ8vyDC42g"
"Haveflix","UCqZ1sYhv2Cwrb3JfUPaPHWw"
"HawaiianTraveler | Sean Kaleponi ","UCLm9mtUJlmbEjMFHD-0jcrw"
"Hawkeye M","UCqU-0XbmPWug-0kaVDyQwBQ"
"Hawk's Podcasts / mdg650hawk","UCCcrmvbQbfwSZaTgBZPrjMQ"
"HAYFRINN!!","UCSZ2U-hMVb8Jo2GUC9AVH7w"
"HBS Facts","UCFKhopzhRNmSAx2UHJvZ-gg"
"HC TV Blog Shorts","UCwbMQKZkRVKvXDABHVyDomA"
"HCG Sports and History","UCmejeQVijLZADnl_b0ZcRbA"
"HCMTE","UCwGFMBb1IG53esdFeC5FHjg"
"HDrawLab","UCCVRmh_46iMak84vQn0E3dA"
"Hea.rttouched","UCTTfz4iDHaP6UO0KDn6a5Zg"
"Headline Express","UChGc15rF_xqDm-bcJWUSO_w"
"Headline Horizon WorldScope News","UC0l9KwNw8HA737X4jetfZ-A"
"Headline Hub","UCfCJBSQjbzbwM9fTS7Ts4vg"
"Headline Reactions","UCOOYhD3s3HLvYQGtkD9UiOg"
"Headphones Breaker","UCPMOlaG-slvwb9JVs2i3MOw"
"Healing Frequencies","UCzSXLrUVmh5KjdMhT54FtjA"
"Healing Sounds Of Nature","UCDM7FCNb5voSzf39-9mwWLQ"
"Healing Vibes 🎵","UCRTQiSfB49VBIi2TX49rAQA"
"Healingwithnature","UCAJdl0ttg-aqdnFbluq49cA"
"Health Is Wealth","UC_Mb7TWbxRLWQPgzUkTviQg"
"Health Lumina","UCr0tksrmf7gH42SFxwBTKMA"
"HEALTH, TRAVEL & MORE","UCRxtYH68aZzpkSrbJnQP_Jw"
"Healthy | Luxury | Billionaire - Lifestyle","UCmmV2xhQ86gqbCLEnUPjvEQ"
"Healthy Living Hub","UCdcTIibsVnYynzt1haOeYhw"
"hearmaazout","UCMC6M2RkFZWYhkxI54DubOw"
"Heart To Wolff","UCGtf9NA2mbJP_qJPgYOA9yQ"
"Heart&History","UCCl1IRY5mh1CXestpe8JCRA"
"Hearth Discovery","UCx4MxfsldLvsE7Cc2i0wz5w"
"Heaven on Earth","UC5kgxi1TTNDKjQ5IsWPm0mg"
"heaven world","UCK3cPpF6VxYDCobHwFOPsqg"
"HeavyFlight","UC5CZX1JTfRSZKlZAsuwzmZw"
"HeavyRain","UCudQWwV9nYXBr437R9LjmXA"
"Hector A Guerrero","UCapbucr4Et9U5BgCv0UYw-A"
"Heela Gemstones and Minerals","UC1w5EajVQRveobUIFGNu4Iw"
"Hege Randi Eriksen","UCghHPvctqQ3i8OCVPbQ4baA"
"Heidi's Home","UCyycKVKmyEIJrbuL9PXWUaQ"
"Heine Kaas","UCKIgJQXZynrphsSJHIQfT0w"
"Helen Levesley","UC8g7vCqzVZouy1fsINtpczg"
"Helly Hansen","UCJg9_ey3NQ7MSjXjpqeB3WA"
"Help desk sergeant","UCsSvWdrH-1QLXGGoG_JNiNg"
"Helpful Think","UCvddxBvyVuPmgrKMV7Osn8g"
"Hemalini Murmu","UCWcr43m1CkgJ-6lplXNbLkg"
"HEMING","UCoeb5eiJVbLCvnEMc7gt0yA"
"Hemisphere","UC6O_xrG5P01mIxkPUT4U9yQ"
"Hemu Fos","UCZb-NJXGqOKeve03Mhu6lzQ"
"Hena Doba","UC-bZoGpzOf0OMCOEx7g5jpQ"
"Hendrikx Fluorescent Minerals","UC6IokAdm7eH6q13inRSy4MA"
"Hennie Greeff","UCOu6IMGMG77QpPgzEXUsJIA"
"Henrik Buitenhuis ","UCWSP7zcgQtxxcwZQXhuCo9g"
"Henrik Dam-Johansen","UCfpXESlAkQF-p-2cWptA5KA"
"Henrik Danielsen","UCdWoRDD6UkwFTSsv48-FivA"
"Henrik Larsen","UCLNFsJ-n2XQW0L8R9ODwsSw"
"Henrik Lott","UC46-dGVV2Aac0Q9fACU3WAQ"
"Henrik Løcke","UCxM4ZuIwcOxDw9tSBVt7QwQ"
"Henry Pickz","UCBV2xJ-0g3pNTwS_CMo0YQw"
"Henry Veerman","UCudDvwSMuq6TkHqeS8CWMfg"
"her.faraway","UCZ_saE9TgtoCMKQKnXTviJg"
"her_tidings","UCriSHEbgqNJ1NJnYtwDFuug"
"HERBERT BAUERNEBEL","UC_q9GkBDgqBZxnwbHAF56yg"
"Herbert Klein","UCg5AvnZI1yfmUGjmRcZBTcQ"
"HEREDIUM 헤레디움","UCnR2M4w52Mp_AmaaBcLW8Xw"
"Herik 29","UCDUFM2820aCxFePL8uHMtIQ"
"Heritage Financial Advisory","UCc-McW8yAtsrqXrn74ISTKA"
"HeritageYT","UCw9G7zEOnZ9FCIkY-f0Brow"
"Hermann Helguson","UCQb5P4gTA3OlhSXpkR97E1Q"
"Hermine Stepanyan","UCf8cH6Jh7zLlYtLZNSRiuYg"
"Hero Plan","UCPvN3RQN_KbKI30Vjgjg-_w"
"Heroism@filmy","UCnKYyhx_6XV0Ec8jMYtB80A"
"Herosentnow","UCceeN6N966dyMS-S0HaAHaw"
"Herr Brun","UCy4-6xNbHq2T7QmgQqhE87g"
"Hery Yansyah","UCrKNrbaceVeBlaFatzmNeaw"
"HethersTheMeerkat","UChYyvyip-txOLf47MzLpQNg"
"Hexa","UCFsLIL5Y-D8LcyDCFlPgF4A"
"Hey Gen","UCoX1Pgy7lKMd8C6Xj-nBwiQ"
"Hey if you see this my account cant post videos","UCirO2CddgZ6nVdOV81UFveA"
"Hey it's fact long","UCzr35UJnK9Kju5TdTEQIBzg"
"Hey Look","UCdJ9h2w0Zr68KIK3FnVhtVA"
"Hey, Did You Know It? ","UClXjBKYBNmUqmXU8U2BWIWQ"
"Hey.tyler0","UCBCX_JMNxGDLIbMv5jmAwgA"
"Heysovietshere1[WCC]","UCWezFWb5jdIlms8gNbz_69w"
"HFshorts","UC7gL5klQpdFceZeaQCUJfrw"
"HFY Sci-fi Stories 2.0","UC-hMuS5w1CD-XiXgFS0Rwww"
"Hhdhdnuuehd ","UCLIHBH6_u-I9PZLGZStfqAw"
"HHE Podcast","UCkeDyTpOU-iXO5yfYeO6C7A"
"HHHS editz","UCh1F7sPVhGmalcJLOpmEsqQ"
"hi","UCvw2WSgHpI-7FdKHwqBSlug"
"hi beyond","UCLe0XfVdb26LyrngBzOtDBw"
"Hi China","UCT8RMFbTJV5ILaVykrluOQg"
"HI EARTH","UCp7_jqg5D98-2PZ0cUHq30A"
"Hicgi News Agency","UCC0IGAxcrX8wJugciFI-ZPA"
"Hicha","UCj5Idbq5QIV_NaxZ3xrQtbA"
"Hidde Planet Explorations ","UCDwC6I8yT2B8-ZSi6jcsv5g"
"Hidden Alliances","UCHxZ5wM7MLkSxUkgdIb1n7A"
"Hidden atlas","UCzae4AR8eBb5mKu9FbMTASw"
"Hidden Compass","UCNa_vexdNjpWFJ-WMtM1pDA"
"Hidden Earth","UCNz5tGEFlxtdnTDYNHinxlw"
"Hidden Earth Chronicles","UC3H4OW3TCjMHL-16Kz8GJIw"
"Hidden Files","UCAXy1iNHQEcG7mvmkxIn6GQ"
"Hidden Findings","UCSFye3vbOlgMFhXwtC2BcSA"
"HIDDEN GEM","UC1aYI_TF9troQ259FBuByRQ"
"Hidden Gems","UCm_ZdokftCzLcpg1HgVNvHA"
"Hidden Gems for Budget Travelers","UCxpsziG2peNzD3_ee8bZtbQ"
"Hidden Gems Travel","UCk-MKLSNagLzodGceGIUsQQ"
"Hidden Gems: Spectacular Places You Must Visit","UCQN-tlPDb3zIHnJwnaFHSIQ"
"HIDDEN GLOBE","UCY_O96ERwdxWIhC_NymuQdQ"
"Hidden Globe","UCtetWjyYHHZFJV7sSOlCk3g"
"Hidden Histories and Origins","UCLyrrNDi-I9K8Uw3Y3lawqQ"
"Hidden History Shorts","UC0RltVd-Mj8uHwWyjrTz3eQ"
"Hidden Latitude","UCBYdgaSfBAoB6Mu1yGl0ygQ"
"Hidden Logic Truths","UC62eP4CK-vkz5upr-KKMGPQ"
"Hidden Oddities","UC7n5DljYwEAQhbS4lxC5zbw"
"Hidden on Earth","UCYzAnvUEMceR1KxcM2ARKag"
"Hidden Pathways","UCVwEMIJ-5ufgklIFjFFZntA"
"Hidden Planet Docs","UCFi2OqSU0AZpTBT-zLldaIA"
"Hidden Science","UCYHzyYru8LIwlpU2p_sE3fQ"
"Hidden Timelines","UCphwx_H-nowwxecfVEQ6Csg"
"Hidden Travel Gems","UCclHakE_gvrNVssOTYrF_zw"
"Hidden UFO and Earth History","UCfurg_fdapQjyyaNCAGqx5Q"
"Hidden Unreal Earth","UC89nwJDRPhbF3FqVMa_2jXg"
"Hidden Value","UCrtiBYSCT_XMEDM60GoBRGQ"
"Hidden Wars 🔥","UCrlPfABGQzlmVjJlSfElahQ"
"HIDDEN WONDERS TV","UCGQR3ZXmW3a0AL3LBO_UYDA"
"Hidden World Files","UCx5Y6ROJpma4Xh4CDRIQcaA"
"HIDDEN WREATH ","UCBq-l3yrzPXuDUgx99LSnDw"
"Hidden X","UCqUusxkecFJR1uEV2We7seA"
"HiddenEarth Secrets","UCzoOXTis-7KTOhTDCcJdWpw"
"HiddenFactsVault","UC_MSeaRv0f3TygJrzeGQ91w"
"HiddenScope","UCrsrXoGI01wfPoQwtXX2mgA"
"HiddenStories","UC0BTf-0_FK08w5yFjPEdtyw"
"Hidexi","UCclbJxC3hgXgCtfXLHFe2ZA"
"HIG GAMERz","UCXLO0U8GqemsFJVZ1eP7WhA"
"High Thing","UCzdBteP334_fj0NKmGmGzHQ"
"Highkey Facts","UC_DSv8Ud0XiFGUQCj6jUFdg"
"Highlights of China","UCdy_0wsnYwNCJuqVPHi5rSw"
"hightlights","UC9NGu-QAoUAVsKz0Rp-bHvA"
"Hike Rush","UCWr3yvZa2zGuae8ZeyQXrHA"
"Hiker Hunger Outfitters","UCkWFRUN94NXdZ_UOHEYehiA"
"Hiking Hikers","UCzEoDjrhuOzuo7NTf1Vg0TQ"
"Hilary Clitussy","UCI8M6YVLuX_jtppUA_H2CCg"
"Hilary M.A. CCC-SLP","UC0PtsU1Tg2LwYJqMxpnNmUg"
"Hilary Plowright","UCsyTu2CtWGS-wlXJ1WDXmoA"
"Hildur Karlsson","UCAsKwE6PscAL7y5Vyml6_Ig"
"HILLS ENTERTAINMENT","UCMuGqJysNgyCT4thWcFODBg"
"Hilltop Roamer","UCU8O2XF5qUsXde3jF40gmYg"
"HIMALAYAN BEAUTIES","UC-gUMyR1pA1IW_6u794lcQA"
"Himangshu Sekhar Mahata","UCm8i3_3sE-kvlFP8hK5ZIWA"
"Himanshu gaming studio YT","UCTz6Z1m8gr76YJSXifIi9AA"
"Himanshu Panthi","UCB67Ecso4C1bYshWaC04dJw"
"himanshusinghparihar","UCTIrXHA0ytLlYASBY5ILY8A"
"Himfact","UCh0cyv7eYYHT02l2ljEiO5g"
"Hina Tv","UCKIdIzPr_KNcy-96_5bLUYg"
"Hindu Dharm Point","UCnBK0hR8RbOKRXZdTNLwvhw"
"Hindustan Times","UCm7lHFkt2yB_WzL67aruVBQ"
"Hioneety","UChJq0qujy62tfOX9UTnmVBQ"
"HisandHistory","UCP7-PAWPC_vXBdJtGuxduog"
"HispaSat","UCU0SkkAUjLvQLZ7IHQh8pKg"
"Hispasia Mapping","UCb0iZXfRVuVoUjrgiX4smuw"
"HISTAPHY","UCoh0yNcDgGhS5yGdAhFWDfQ"
"Histarix – History Brought to Life","UCk4daCMqHBCRbVs0PEd8tKg"
"Histent","UCOQIxYSr1PkbpxtXe2X29Ew"
"HistivaWorld","UCaGme3QJrxxEaV7KVQ-5yXQ"
"Histo_edit","UC_3R6nRqq_R1V6NES2YLw9A"
"HistoFog","UC12TMrTTTR9WKo1EiVMdP6g"
"histofy","UCAH-DCLD_tlqOYhaG1oge4Q"
"Histomap Tales","UC6AKV97mDx0xWQplSDWrstw"
"HistoMax","UClC70pb7Qn2ArEQlvKp0jrg"
"Historia sportu okiem Miko Morci","UCZSEkvhUMe9l4KPL8cf0GUg"
"Historiaclly","UCVTw48-TNEO_swmkONGu5sA"
"Historic Central ","UCBrW363qZr2qZ8-JdQPRllg"
"Historic events ","UC-mI4j_Ow93qbf2pDpfxnnA"
"Historic Holdings","UCD2ziv_ClW3W5QMAVdDulbQ"
"Historic Saga SJ","UC958Dlj8VqM1fv1dK6ikPBg"
"Historical Anthems & Songs","UCUcAMLG1AP90mvFpq4kHKuw"
"Historical Creature Documentation","UCrcXSi93PdoNABFIaUs7OSQ"
"Historical Equation","UCKHRvaw17CYYqt_ecw1nwPw"
"Historical Factz","UCCYmgj8QVQ_58gsGv_b7bVg"
"Historical Fiction","UC_1XH4XCDMbBf1lUSyOpEMw"
"Historical Journey ","UCyNNdAojTG_IOQZFdu5y58A"
"Historical Legends AI","UCHmXnolWS5oMcAx2a4YzZ-A"
"Historical Marvels Showcase","UCVdUBtirw9wc1ZItswEPH3g"
"Historical Origin","UCyLrZsSlXDnG7f6TlGlqucw"
"Historical Shocks","UC7dRdn4bg_EYzpiUd5q7siw"
"Historical Snapshots","UCoTjf8sqjXvUS5duazTK4qQ"
"Historical Tidbits","UCk57SyAZj-D-H_Ed36zwbLg"
"HISTORICAL USA 77","UCfnzpypSlSpXaBVuCh7XVAw"
"Historical World","UChu6n1l7YOWO48sbT1Cxk-w"
"HISTORICAL WORLD 🌎🌍","UCZvXkv6S8SJ6vByS1cMIonw"
"HistoricalHiker","UC_eY2xz_OpGaG0qpQtyP8_g"
"Historically","UCoZd78hRUdxxsuGiABuHF_A"
"HistoricallyAccurateMan","UC4KypmEUG4Cb0801nRySdGg"
"Histories Route","UCzuWsLsmiQZKEH-JFfogrcw"
"HistoriesAI","UC1SSTyAnGYpPvI6L-YPAlgw"
"HistoriON Channel","UCxhCsaccYE6f1VgcTQEwqHg"
"History  Lost","UCN5MCvjpN4UjOdsbrymq4Hg"
"History | News | Geography","UCi3FFbEwV7V1a_wcU5Qg2Qw"
"History AI Films","UCbD8i7P4_nOot_Gj7oazf_w"
"History and Mythology","UCHCmsgfTrbTqfQn3CoenXUg"
"History and painting","UCpCkfj5cvHEhaJB676vrq3g"
"History and Philosophy AI","UCFKlpOTMRw96fUpuths6Npg"
"History and Quotes","UChhLBIQbdEKBW5VWc_MDIQw"
"History balls 🌎","UCj6wYs2bLRa3KvKXo7j6NCg"
"History Before Sleep","UCCNcHj6vkay2PQuEN8cia_Q"
"History Big Screen","UCyIhtFvzsHB6PnSDLlDkDdg"
"History Boy Official","UCQgoo8X1KKZLJM2YIPj_LAQ"
"History Briefcase | War Chronicles","UCAIXcH-yTTkwy_6yXjavd1Q"
"History Buddy","UCAJunFDzGX5SMHCzQjQpcoQ"
"HISTORY by UMME","UCTZDYmQTTzTmqovFZV2ZStA"
"History Bytes","UCydcl8k6wx1aE3qw_kYUNcQ"
"History Candle","UCgLG9H242AkbnnrQOW7y-oA"
"HISTORY CONNECT","UC7y9nt7DdH2e_PdmoOlCO8A"
"History Decode Hindi","UCEJcgrRul8N3eq6ZkYJ1uwA"
"History Dits","UCWkiRKFv00qAjLSwa0gxyyQ"
"History Documentary","UC9-LkaGmFDZUKi9_gNAKeCQ"
"History Duel","UChoIUGfyyZngh-Wzv4eXZHg"
"history enigmas","UC0lTRDBTRP6SJlbbdw43wLw"
"History Explained","UCZjogWaj7RxUrjsqBcapMlw"
"History Explained","UCp6_7oKB3EUF8asODaWtFcg"
"History Explained 11","UC08s1dlBx4N1MrNeTE-G1ag"
"History Fact AI","UCQ6VcYQV2NXwDZ3KGJam1wg"
"History fan","UCVv2oyonikUk6cI5nax2_Cw"
"History Faxts","UCuqIgSj_HaH70Zm1xYwQTDA"
"History Fest","UCUE-SdZzX82KigPY9U3oKJw"
"History Flashback","UC3S6A4bvIrknMDe4BOBywEg"
"History Guy","UCTKLpLFrVkQtOV3RUwVgZvQ"
"History Hit","UCZwU2G-KVl-P-O-B35chZOQ"
"History Hive","UCMnHhMu14Lrsiz-_AOAB2vA"
"HISTORY in 15 sec","UC9gOQa8HmSzWnPs6kA2f0xw"
"History in a Minute","UCE6Bofi1GCXOqNZD-c586UQ"
"History In MS Paint","UC5l169gcTGH4egEH-QGUl-A"
"History InMotion","UCkZT7rOYDyIkpqpCntn2w5A"
"History Interactive","UCR9IW5xxx8bVxr53agPOjHQ"
"History Katha","UCAUlIpgXO124prhaZRk3Rmg"
"History Lens","UCVNkdP4_2lkz3lrS6ti1L8w"
"History Matters","UC22BdTgxefuvUivrjesETjg"
"History Media-HD","UCOFcY-c4QmypQxTkg9DkfeA"
"History Mystery","UC4p_YgdDDdmwcNYTtsmBB4g"
"History Mystery","UCoOPzTIc9YDEk4zGoyw_gaA"
"History Niche","UCaSyLwxZITQ5sovVCKLaNtw"
"History Now","UC6WhU4AD5nIA6vS027vrXiw"
"History of Interest","UCu_WV0-YqDvOYzXPD8Sldkg"
"History of Simple Things","UC95ANqPeSKRNEH1CaCOs2ew"
"History of the world","UCLW4xedUvCx0H4K_5umnOmw"
"History of The World","UCZFCgcfhuhE06_Ebr4pk1cg"
"History On Repeat","UCBDz2hAI2CRdCgmdEpyTWXQ"
"History on the Map","UCYlEMvQ_UN_49d6bPGzTOfg"
"History or Mystery","UCwzN_-lcsRpLYS7OvKRQKpQ"
"History Pictoria","UC9etQNdLsn9kbUUX5baae1w"
"History Profile","UCCqJeaeDxoOc6GSKZlFz6dA"
"History Quick","UCfAAXV1ci1fZa69Rw4XQzxA"
"History Reconstructed","UCto5YhHbRGLdjEuAkUq-GCQ"
"History Reimagined","UCKgAMZ6se4FiD9PqJpbbimQ"
"History Revealer","UCSzqUpi45sNjQNVDVR467gA"
"History Rewind","UC5UG0tEpv3fY4zRlfUA0QLg"
"History Season","UCpbG7BbQdIWEeruaSCT0EXw"
"History shorts","UCwLaTIT5P8f8sDFwIDhs1OQ"
"History Shorts India","UCTdfLKE-gYyKJsil5xmoSEA"
"History sideways","UC_k10Lm9Pg9DWdtT4fcg53A"
"History Slices","UC6C0UshthEs-1N8roYwTpew"
"History Snapshot","UCo46RzY8yElcBXcqfDaQCEA"
"History story","UC4qLBlA3vBbmJzGInfDfmWw"
"History Story Lasting","UCpVEEyYxK-WbxX01WvjSR2Q"
"History Teller","UC6c7nVeRAv7Wj3qLBHSxkxg"
"History That Wasn’t Taught","UCokdqF1wpcZWZ0A3T8PjMfA"
"History Through Maps","UCd_GPB15yZTCeovYrKvvMDg"
"History Through Time","UCUQzBeaolpeisNHlrvC-Nqw"
"History Tracks","UCZ63vev-DsVuVb5XQ3tpHaA"
"History TV","UC9pj12xm5TAOor-vF2-AGCg"
"History Uncensored","UCwlVlNiji54R_9JUGizkI9g"
"History Unfolded","UChgyvOwiIpAVyg7Ai1jI--A"
"History Unhinged","UCRtwx7ziqozh_jjQRq5rb-Q"
"History Unlocked","UCrttbWPyJixH8WNMWGv1j2A"
"History Unmasked","UCgBE2UF_I4DjdwK29dmY1ww"
"History Unraveled","UCAyKw-p4Sl9VMnEHoAmABHQ"
"History Unscripted","UCA0bm7OWHqV_bJdsdwUl_WA"
"History Unseen","UCBl6vkmKTv3VLQ021FMJcog"
"History Unveiled","UC_XxoLODaCClCb3el_f_nkg"
"History Ustad","UCRwBMF2usqX-gfXPKlbRkRw"
"History Vanguard","UCMFEnxaShhdmzxo00JMmcJA"
"History Vaathi","UC-_4T-RXU-zsUhK_wpYSaOw"
"History With Hilbert","UC1Zc6_BhPXiCWZlrZP4EsEg"
"History with Kathy","UCxo-LpqIPfAiSpghJR6RJQA"
"History WW","UCCEBBIm3JtTpjQe0gregBug"
"History X","UCipNKcqzEsM5_OQWBm_X6IQ"
"History X Edu","UC7FH272aN4HLdlnPh7rlWjw"
"History, Unburied","UCp3v7PMZCIF5Uf2NtCmbsJw"
"History_Vibes","UCtpcP5vCFoYJHxoDSI8ZA2A"
"History’s Secrets","UCWejUIils_ljQ_XwsCou7uA"
"History’s Shadows","UC5OPkrA9Bvi5pMDsUCmropQ"
"HistoryBrust","UC1I5Kow4R9cqXelprB-qyRQ"
"Historybyrandom","UCXLflNHPVlBs3oVS6WW6TOA"
"HistoryGuy","UC6GOqROUTJD5E7Pt1tzeUmQ"
"HistoryInStyle","UCxQOd7WqXtbyp1eNCUbnQdA"
"HistoryJabroni","UCHAv6L3d0hskPjhFw4L5sPQ"
"HistoryLegends Flashpoint","UC8fGfSNhcPERwrKTnaTSv-w"
"historymc123","UCkMQE_DO3jjEtIbhq254U3w"
"HistoryNow","UCXMndxRzGWlS4QucCzquJcg"
"HistoryNuggets","UCTLP7OlXW1MsbFvWiV2OCIg"
"Historyon","UCZOAvSMlNwKpHMxbOeNsF-w"
"historyretold","UCV6uMgjxe_QBIrpYn60-Yvw"
"Historyrev","UCoTV5h1fDCAoe4T8NuMS2kA"
"History's Bizarre Bites | Geo Secrets","UCP0EtzN2jLae45DvhfvMhBg"
"Historys Mysteries","UCK9gI6ifi4WT-K8Ca7TLpAg"
"HistoryShorts","UCzKDxbPwhU5QwW8JP9p8lrw"
"Historyshorts556","UCA2uEg8qZs1GLaPwDKuH6yA"
"HistorySnippets","UC6-QkBf17hK2HBwcNxgpOdw"
"HistoryThings","UCEcBxcWRcyhcssPQ9vWSQww"
"HistoryTime","UCDHX2Y68LYKe5Om-qVK6C9A"
"Historytragedy ","UColC7DnSNcfDXp79rC1xxpQ"
"HistoryUnveiled_Pro","UCP6-55E8WCsyOHzIGygrpIQ"
"HistroXen","UCIIvQjxe5IjsYwruvYDnEfQ"
"hit","UCBMJ3JdWTKU9FspA3Z1Zr0Q"
"Hit gi. Gyan","UCkACugZilPKCNXI9havXUug"
"Hit Stars Channel","UC4L4bVYXVZ1Vv_jDz9dbxsg"
"HITC Sevens","UCi9SqUCnW_flgsrl6_PRJFQ"
"Hitender K Panwar_Techi","UCC-YexkVTgSq7Zg3WUv3WXg"
"hitzgirlforever","UC6x5NqKx-8US6voZsU94vFw"
"hivemind pal planetballs","UC42_JUSq7eGuUathPLQGn_g"
"HiyooGo","UCXeXSzN1Jte51g2Cq484MWA"
"hizas_destinations","UChaPy6b_fU-FXSrPn-QDBOw"
"Hi🙏 Videos","UCbKl2br_4AHRcqNYFf80NaA"
"HJ Shorts","UCZBO0bwAh1SZraJENsEerdw"
"HK Discovery","UCOL0_u7G2zl-XaK3kuqrt0A"
"HK GARAGE Shorts","UCU8-NSU0ruFScydNeUATk-Q"
"HM STUDENT'S OUTPUT","UCOXrOnD4RN2yZ-zS8aQgL6A"
"Hnp Music & mystery","UC_RzCe9eoyVlZshUPgm8Mgw"
"hobby after work","UCH7d9G8h5gQOtLZYmdE-zpg"
"Hobbymyfreetime","UC1FG1Ap9YZDBRHBkfIdp-dw"
"Học Tiếng Anh cùng Son Tần","UCN6vVpgLAbIq2KbJ94D9Ovg"
"HoekBrokerage","UCXD7pCZYAFWsBXVZ4pQojFw"
"Holger Graeber photography","UCcgR7Pj3JJdGgJkQ9F4VpNA"
"Holiday Moods Adventures","UC5TXgN9OynFKV1XlLUQmIyg"
"Holiday Specialist Pak","UCvGmWHC6Awt__xAMOcNHB-Q"
"holidaysg.com-Travel-company","UCVFQvHYvulnTb-R6fHaWw9g"
"Hollywood Buzzing","UCCdkyXPN-y831lOl16GnaZA"
"Hollywood Prime","UC3LTSmV1crkUplUxmYvE_og"
"HollywoodHustler","UCITuexX0ULdk0SAiOtFDxjQ"
"HOLOGRAM VIDEO 3D","UCkR0aoSuu2Z2bh4Xrn4MB-Q"
"Hololina Hologram","UClSqyjeeCAuH1GDRHUrI4jg"
"Holsteinball","UCONHz8LHZUt14Jf0XPTU50Q"
"Holy Korean Mapper","UCLFxBG1AsEMW_Jys8UUYM2Q"
"Holy Moly History","UCTYoXRn292QBCAbs2RT1I8Q"
"Holy Spirit Dwelling Place Ministry-""HSDPM""","UC2LTx1oKFvqKWCDXqAXhqMQ"
"HOLYLAND JOURNEY","UCp7sMwvTM1e9id8tccl1TMg"
"Holyvessel34","UCU9k7tjsPbGN9yzj4sC0JFg"
"Home Kids & More *INDIAN IN USA*","UCTxaLimWbYJ_JBHJIx44yXg"
"Home Lab","UCbcu_yG-Y2vJA52Pqhb0KZg"
"Home Tuition Master   ","UCIXQI5s_0888A3SVaX3PnMg"
"Homegrown Hustle","UClCgyqHWdHT3vmOBMSCVarQ"
"HOMELAND NEWS","UCchQmcTf7sy4KwFgaHI7lrA"
"Homework for life","UCRAGmbUbroeSkoOOh6xaxmw"
"homier image","UCKC1F6CV0OAcsLkPKYJNNyQ"
"HomiezRULE","UC08-KTWvs5Ly7oi7eFIYGTA"
"HomoSapien","UCz1DnwJmGEl0vaEh989w93A"
"HondaJet","UCNqwAuQZQDx5F2b7DwaAS3A"
"Hondorp Howard","UCMRJwzae9y6wyL6yMSMq04A"
"Honee Honee","UCYcYBnEJAGn2fAUuB5ncJvw"
"HonestiGubby","UC6v6kfSj0eTlO_RUMmMDZ1A"
"Honey C Golden","UCwtmbEttkeICLWlc5HlQh-Q"
"Hồng Mai Trần","UCXlsMhMf-vhpmzYla3NNQUg"
"hongkook chon","UC-g9jit6tHrFOuqclUkCzdw"
"Honu Music","UC39DvLnrEDNjqzViYg0J4_A"
"Hook Global","UCyri-PL3l4Dn9IooWXQAqfA"
"Hook NewsFeed","UC-W78bGfNt2slW08Ag9emIQ"
"Hoopologic","UCn3_zpSQCOxk7n2ZlxuAOwQ"
"Hoosier Maule","UC4eESPx8l8xaAQ7DFZ_Aseg"
"Hop on with Harshad","UC9suXa0BH6nZq6cgu0jnt6g"
"HOPE PIO7","UCTumPkPASzD9Nq_Gs4J_LbQ"
"Hopeless Productions","UCANIwgAnI4cNvIAXUfLbsLQ"
"HopeVibe Studios","UCSYBaoW6YnaTT67he_fKwHg"
"Horizon Doctor","UC5mb7RNm70E8cgTTVWcCITg"
"Horizon X","UCWp4SOMtZnJ-w1lPur95Hfg"
"horizon_hoppers","UCyVLdPfNdtDRabuXNqMhvqQ"
"Horizons Revealed","UCce38XPla0wIir3NACutTSA"
"Horror House of Haunts","UCNG00yBDaoPKjj8xdKuad7A"
"Horror Mask","UCDtLytWXSch4BDm61qqyXWw"
"Horror stories 2.0","UCalofLGmehXYpLid0v3u3CQ"
"horrorartguy","UCoZxzT4TTz5Wlwmng6p63Hg"
"HorrorStories","UCAbVCi3iSDzenjjUPj7R6Zg"
"hors frontieres","UCrtui1lOyE6wG6AK4cntNbA"
"Horses, Caballos, Mustangs, EQUUS Films and More!","UC-kODnDnBfW6bHsD918NLOw"
"Hoss-737MX","UCuYfTkvJdATPB_j5J3dFLXg"
"HOT DAILY WORLD","UCXgFTI4V9Ac7z2ESW75EsSA"
"Hot Minutes TV","UC1QT7iHy13xPwnUN1mhUt3w"
"Hot New","UCqtwZeRl8IAu9-06uED1afQ"
"Hot News","UCTpVHCPySDZjjPViZ0SXIOg"
"Hot Stefanny","UCsOhAqiwD4hdSyLm6w9pT1A"
"Hot Takes Daily","UClv8IClPnKumablwdxXRDuw"
"HOT TALK","UCQ6hVejhSmbuplUNkBPJdzQ"
"Hotel Desert gardening  tips","UCzaScOsqExglM-QTEtZUmrQ"
"Hotel Sisimiut","UC7shKrB5yWFmZKDsxRGNm8g"
"Hotel SØMA","UCU_qdYEO66Zs0z0uuNyYXYA"
"Hotpocalypse","UCKfYwlq3tUhSPc0RBtj62dQ"
"HotTake Insight","UCMwr1SMWPSVsCabScqgHieA"
"Houlind - Topic","UC9mlfDDPC9mEwtjpvGXCHEA"
"Hourly Daily","UC9LVOIE18-pXt71VOGR3zzw"
"House beast","UCTvVlzOxsnG0DSvemctytpA"
"House Duck Chicken","UCQN0-X2q5hCRyWCjXJYtFSw"
"House of El","UCJ52xpIoq5aKaIU_ZP40-nQ"
"House of knowledge ","UCJOuFNHtIrTakX3p1CQdSbg"
"House of Scott","UCWfYnUFTC-DbrDRiimSCA1g"
"House of The Most High (YAH) Ministries","UCFk-hUpuMmfSj96ODLkhSvQ"
"House Of The Sky","UC8JJuFQ0_YPicq-J2lP1ntQ"
"Housemates Shorts","UC5WMW-0qkdfcqNn2qO80z8A"
"Houzeo","UCl5c3Y1e52hcpqZBBVh_zlQ"
"How","UChDOUYUgdn3wKae-adF1cRg"
"How Far From Me","UCj_fENYSq27YesjOPxsgKyA"
"HOW INDIAN RAILWAY LOOK LIKE??!!","UCeapD8FizqhS4J905ITMRVA"
"How is that","UCNqIXsvubWQLHRUAQm5KhsA"
"How it happened","UCcjd92_589JtWEElsmoVFBw"
"How NOT to make a game","UCFyhqdiTLEyanBPt--I6JWg"
"how to draw step by step","UC--x-s6OUUmuqGBoXpx5N9A"
"How to say Armenian?","UCBEwHmp6d54jpBtfWFK0p5Q"
"How to Videos","UCNLlzqxmFFk7afuTRLzcLJw"
"Howard & Sons","UCxxOcacRZqZQtJpYtxe8v-Q"
"HowIsItOutThere","UCk03WO9P6ndbBh4Qx1c57rg"
"HowSH0RTS","UC12KXko3g_o_QAVIxP9jLdQ"
"HowTo | The Wanderer","UCmpkvyOIA-hwXK3m9b9eoew"
"HOWTO NT","UCwaCRYK5SyJIUtb2CzDuqfQ"
"hoyuen0814 Yuen","UCozwlhSPHKlZD67WWM5cfSA"
"HP Digital","UCAd_st7QRKkCtiFBoYjJnmQ"
"HP STUDIES","UCLQ2oduV9s9j5w1FIkhxI8w"
"HPS ARMY ","UCLfsnlO1KJzRf2-eM1nXEaw"
"HQ Aviation","UCVyA_uVSyIsu7a2f1pJM7Sw"
"HQ hub UPDATED","UCl0_z_xC3d5F48pAPWbaZJw"
"HR Vlogs Master","UCdQd8YGBnddk0-xHL2-8pHA"
"Hrehaan Kumar The Advocate Journey ","UCVOqt5Ggc8qEE79tQdFaSqg"
"HRS","UC31rXfgt2zM0ldAgRyuioSQ"
"HS Funnies Al","UCLTX3XvMAbTW3enldIuqdfQ"
"HS Movies Shorts","UCOmgaV_KTUu05KJ7cGtiA6Q"
"HS_sound","UCIToSoIrp84FJbwSl1HaAwA"
"Hu Yang","UC3cQ_i5EBYzeAOINZ_vQMZg"
"Hubbards Journey","UCwehYlolja42iayew0WUbjQ"
"Hubert Embacher","UCsx7euoKTZ4RKkD0h3m6oHA"
"Hued Bible Stories","UCl7JTmcH1bE-EKi4fhGqHeA"
"Huefete","UCR_NVrLMNgp7PrihLSNSCCw"
"Hugh Hewitt","UCW33N9SmALr7JKOFdew8gxg"
"Hugo","UCW2n68UluHQg2wSUhbS4q3g"
"Hugo Hernan Taborda Bravo","UC1nZuAvwz3lM95TxBMYGasg"
"Hugo van Kretschmar","UCj3oaz3MLjcC3T3LDJ4u_eQ"
"HuhLife","UCrGm_gXBFp-kSDRduddCaJQ"
"Hujale Diary ","UC0DR52k8N0hOMa33q-Dnsew"
"HUMAN DOCUMENTARY","UCaBZFu33kVTdJH2k1-Py2Lw"
"Human IQ","UCFIgkBuDVMebXfeIgBs6bQA"
"Human of Facts","UC_WcuX_q4wZ-alR_w8tiCeQ"
"Human Vision","UCk6GfmZeZoNlPNi-Q-BCkRg"
"HumanAnimalForFun","UCNAi9jHV2VbogiXgaZDjZ1A"
"Humanoid History (Humanoid History)","UCDidQxwQteZmWObcV90Ea_w"
"Humble Fools","UCGcRhz6u4Fv7qDJiHNuC6xA"
"Humble Learner - Finance","UC5CwOwcceFy1tBC9Hv3DMtA"
"HumSub","UCD4XdQLjDYB4O0ibILhgSrg"
"Hun Jackson.","UCcTt-y49DTGPzdAzIlhjJdA"
"Hundred Years","UCBQiTv6N-m-Pb6CChkqEB7w"
"Hungarian Mapper🇭🇺","UCEw1FurmRZnecWZ-Znxzolg"
"HUNK 17","UC1kQVPSfYza_qOMWbBz_CSg"
"Hunters In Action Channel","UCxlQJWuwCw20cYlgFQEph1w"
"Hunters of Light","UCciEs0lazC7CWVTwA_wI3tw"
"Hunting and Killing","UCKVnZ7avga2TA-boUUT9I-A"
"HuntleyFilmArchives","UCJ3lh_RGlrKecYSgbaXkbYw"
"HunzaValley OnLens . ","UCKJp2Se55HGydqhW47jCVVQ"
"Hurricane Gale","UCmbj7RPOWZh-tE64-MadA3A"
"Hussein Sader","UCCgHeBqjYCCt6S3v0ypVbRg"
"HUSTLE FLIPS","UCvJA1MbYgUU7lPC4O3XDY2A"
"Hustler989","UCFVhoDVRivut6_WYJVsd9Sg"
"Hutting Yachts","UCBQyLUwsVmf-iDOLKSkUTOw"
"Huzaifa Bucha","UCeR5g-MmGRL_o2b6Y3a0kxg"
"HX Expeditions","UCKNcD5mH3Cp2Y4gMt4KVc1A"
"Hyal Farms","UC1Snd0jmHlZm-sj8rUj7g4g"
"HYEW.","UCOL1S-pRMl51fJ2V6ocljAA"
"Hyksos mystery channel ","UCPts-u6tsOahEeFb23BEI9A"
"HypeCuts","UCfVL0LznFjhIJM9HeYOzyfA"
"HypeLine","UCkDUmVbJ4GSpkQKmvUnTfFw"
"ℌ𝔞𝔫𝔫𝔞𝔥","UCA7dfZULFznpdWDzymHB4Hw"
"I am an editor","UC-dCIK5pFrpPk228ri1yynw"
"i am Elon Musk","UCb9SQpioI3G9QolrmtNkniQ"
"I am Harshit ","UC_szeof9_91qubXgtUDNwBA"
"I AM MOVING | Amanda Shults","UCZHpcmcnwpQW71d_wJI_1YQ"
"I AM NO ONE","UCVqXxUkhqCAMJdM3R6EUPLQ"
"I Am Sekhmet Hathor","UCdkz2T67c4E9CR7qPibU-hw"
"I caca","UCBkrLQ-Arxkvhse8uZuXppA"
"I Came With Fire Podcast","UChSxShXLBivpTu14-zTvr3Q"
"I don't know Geography","UC1dVJsTlygBst88n7Ze60Rw"
"I EPIC I","UC-aGmMuhWM10KEIDYMqztpQ"
"I Hear Dat Podcast","UCwkubuJCS5CDqM8knXtC2DQ"
"I Iva","UC9OsuzQ0qf75aCK9OJ9eEaw"
"I LOVE TO TRAVEL","UCwHKdpZ_oRT-lsRFmB7Rw-w"
"I Ragni di Lecco - Arrampicata Alpinism Climbing","UCRJy8Tkfn07fLcsaUGzoWAQ"
"I viaggi nei paesi","UCHXPLbjxweej467HSNaOI_w"
"I will rebuild the Roman Empire","UCXa0m9AXzZLXL4e35_5oqGg"
"I Wish You The Best","UCtN1UDAJvCreofzSQY74a3A"
"I.M.ONKAR.GAMING","UCsFqXsKTGG-qtz_Uq9cFM0g"
"I’m not going anywhere ","UCPWoWhjpJxB2YV9HtJJYGFQ"
"i24NEWS English","UCvHDpsWKADrDia0c99X37vg"
"Iacob Gigi ","UCrvBwqc4NVRHQWnA3K5qhjw"
"IaM","UCRoXsy-ZM5o4imxuD7pjeYg"
"Iam Mortuo","UCsqtkY0XZNpGJ0NQOADTGSg"
"iamalmostlegend","UCKAfYSwDLIKJO1TKHfleD2Q"
"IamAnvay","UCBBiAw43U8qmWoFowES4R5g"
"iamJoeyAps","UCaxgRTwzZnmGO23IymB1nEw"
"IAMKOHLU","UCcfXKCmeLY_wU2zueP-G58w"
"iamnotbhavik","UC_Xe5WgRbWO8A-9qiHFVioA"
"IAmSTEYN_Editz","UCCmeaHkhgzJyI8AxVd7DcXA"
"Ian Berry","UCXNsAuUJiaaE-hDF2p6Oi2A"
"Ian O'Reilly","UCH_jSBxMXUl6JTWZ64-Jdrg"
"Ian Sherrington","UCRrpWk-zSJfnf2LESPKg-kw"
"IARPC Collaborations","UCzijax_CMxv1gcbKK-ziP8w"
"IAS IGNITED MINDS THE UNIQUE THANE","UCsEdtVrZdCJDeb2xbc5XzEg"
"Iberhunting","UCSfMbSV-QQfKg0VC7PZdQUQ"
"Ibra Art","UCXGFeRmwkpMftBhGpe3yhmA"
"ibra77 2014","UC1pAXSbGIeJhZGjgfrmf52g"
"Ibrahim Ansari","UCd3XQGxgrMGJskO65a47CEg"
"Ibrahim Television","UCmoiXtXx2fshrleVRtQ7IKg"
"icarus","UCRv0GqDM5LqCqigu66Szbpg"
"Ice Flows game","UCTaAwsFruWTL78aIHz1EYGg"
"Iceball Animation","UCq1uRCTLwrv_Q5Qhf1_h2ng"
"Iceball Northwest","UC-NtJ9W-KRQxFGpfc7jPLTQ"
"IceBirdCajz","UC-dH95RpmQqyX6Anu0K5-iQ"
"Iceland in Real Life","UC2mLKewg4IjHb_dQAGlmgtg"
"Iceland’s best","UCAX9fJp1WnUGkoSnx2EfMDA"
"Icelandic Textile Center","UCEj0rxsbIbdqQ2_25W0dBLg"
"IcelandicMountainGuides","UCyEr81ps78fc469ntugIPgw"
"ICEMANYON24","UC4AyYjGG0tjrqb334X4RNvQ"
"IceWisdom","UC8YXPXrwNGHANtGbIjuPDLA"
"ICExplorer","UC02m5kEO2zbJCY-EhrTYm6g"
"ICH infoGlobe. ","UCSFIMd6Fe7Ili-HzKIP6puQ"
"Icha Gemoys","UCD4fU88dANUzVRxZrPxtUhQ"
"Iche","UCbWIPpp20pdX7L6JzUkifpw"
"ICOMOS-UK Wood Forum Online Talks","UCqRJtLMfBJTVvWfYfV8fmNQ"
"Iconic Gamers Hunt","UCM5hh8mqKzPn0LOdOMwMAXw"
"Iconic Nations – AI Fantasy Meets Global Cultures","UC78EMmpJ6Z9YRV-rZuaEZMg"
"Iconique Realm","UCOxaQbGOAv9j5aEeyaIYiKA"
"ICSD","UCYCSY-4Ff3m4NZ9JobsLSiA"
"IcyAdventures","UCA4H_taZKyevW8Xtf0JMlpQ"
"IcyCookies UwU","UCX-4bHiQn221exT5QMduZ2A"
"id.history","UC56uwPdEnJ_nlHqkvJjIFdQ"
"Ida Sofie Benkert Holtet","UCFmdhLHAzazbkyxNQ2iLieA"
"Idaninja","UCIgCEhkD8f5UrjBJ2UTpHnw"
"iddjks3","UCM4sHM9llJl1NFgreYDDoZQ"
"ideal knowledge 0.5","UCFON1GzmxpboFiWXVRmC9Ng"
"Ideal public school","UCTQsDS0-CP4hyhV0k_ZDnoQ"
"Idealogyx","UC4vA_TpZwBmX9bmi1dOfArg"
"IDEAS Technology Studio","UCFIaYMwRixE0O1DrDsWBV5w"
"IdeasLeader","UCTFs6s1EEJno6ibntr7bCNw"
"IdentifiedBabo","UC4pL4tHH5WSKyAh8wttk6lA"
"iDoNotSpeakFrench","UCMnTUBNeaHPgHCXIQV7vS_A"
"IDShortsYT","UCmx3o3FqAyeS0rMBBbrVgiA"
"Ieva Vi","UCsixT9hrAUL0DEyhKpehwHw"
"If University","UC1a9p2_EZhaTjq8JghQQ3sg"
"iFacts","UC3jZ722ftE-2S2hyI0ZKoYA"
"IFRA JAN","UCX1PmQIO5lMdpDSLG84rosA"
"ifrequire","UCKLrpXgL1y1LqFBEoViGOGQ"
"IfVerse","UCAd6jl7L7x_JsS82f4W4hBw"
"igaman","UCOP1Vr9_uKxYMBs29v0kQVQ"
"ignoredvoices","UCgGOpaiMagYcc-FvxeLBvOA"
"Igor Dragoslavic","UC6nO-tHlSZ0tSJwFW6mXNUA"
"Igor Slavík","UC7Kuz0Ck7Lpgo_7Bq-LHpsQ"
"Igoris Kijonka","UCHbMSVeBtD13xkK1xxS84Ow"
"Ihdc1 Aviation","UC354FmYh50eTgUG2LU5v7tQ"
"IHF","UCUhAEljbC3MwnI9-ueItMQA"
"IHN knowledge & learning ","UCQVQl7Idt0nOcJSv66EE5pA"
"ihsan sarsılmaz","UCv_j2psP74-pFlIcQDIEDyA"
"iibeex Official Channel","UCU9z3zkdt2mlIrhrY5ZWySg"
"ijazwazeer.1","UCHqqYt-6ar9FqeJVzbV1NMA"
"I-Journey","UCvrlyNzlDQFr_7hzQQAS-Zg"
"Ik Mahmud","UCkxgOS3P_3Bj-n-nyp4QO1A"
"IK TV","UCQMJn1nkyRX-7bieo66-yIw"
"Ikinngut Motzfeldt","UCV2Fd1PW8U4Kbf83Mpct2iw"
"IKK","UCVgPc_eZgS6TVmuWVM4b17w"
"iknow.brushes","UC0XGx5ItIYzPzDtr5-C_O1g"
"Il Protocollo Naacal – Codice 211","UCVHhPFwRNaRXHWxfKN130gA"
"Ilaria Di Sante","UCINJYw1bji137BL6Bqt_86w"
"Iliminaq","UCivZydrk0vE2gk_NUQf2aCg"
"Ilisimatusarfik's | University of Greenland's official YouTube site ..","UCV68DoSvN1xUC_ztscwtvhA"
"I'LL TELL YOU WHY","UC9A_0i5AfkT5QsfJRKLzr3g"
"Illumi Nation","UC9mmFBDFJ2m7XrRvEJBaZ0w"
"Illumination2023","UCjeE1axs_7nL7elPNfRJ1Ag"
"Illya Bosdam","UCHiL95ZzgPQbw3VYdEExsrw"
"ilokinCzech","UCJQzrTHytyN7e-hJz8yUApg"
"Ilona","UCPOr-yUrsksAQZXAKTMjZXw"
"ILoveLanguages!","UCpJtpB6phQSmGYqXwHMoW3g"
"Ilya Varlamov","UC9RWzC2UBO2EeRaJMpsnYfg"
"I'm Art","UCJRokcBCqM7aJ7ikOcueMAg"
"IM Facts ","UCasnbMthfJTNt9kDf8yMjPg"
"I'm FactsGuru","UCIPtFHGkl8XUDZqJyHom67w"
"im Theo bessa","UC_C8j0IWpFzl2BMj6QiWd6A"
"i'm walking","UC51lbIJEvtGJJNvCY0xA0Bg"
"im@ram","UCec5-c15hoNIeL5PM4z92CQ"
"IMAGES","UCvtR2CnRWvRor6fQUhztJ7Q"
"Imagine_you","UCnreaWvS9PET2y9gs2zL9dA"
"Imammahdisahibzaman","UCUMHkj8thkMl1sSsAyHXr7w"
"Imas Global Insights","UCowJ9e-HUvdQxNxSMKJse1Q"
"Imcharliewoody6","UC03L_c3Xy2ADVWDuy4DE8TQ"
"Imee Official","UClcdPk9V08Uo6nzfEw0VxvQ"
"iMesH","UCE_QRWsU6nO6MFhpwVK9yDA"
"IMG (The hamburger man)","UCzCv0u0J5nKPylipLmkUtCQ"
"imgurpreet2002","UCH39H6a09hjK6aqOofXfd_A"
"imjustashark","UCdGJuv13tCJyYnE0P0yiZKA"
"Immigrants Insight","UCUq6EfVtYsAIaXpPmwSs-vA"
"ImNeutral","UCouG5hTrJGENYWsXaxX9crA"
"IMO TView","UCCTyZHbnUAsATdmUxsGX5oA"
"Impeccablelearner","UCJ6gM1Q_ARzaEOsyggsGM0w"
"Imper (ImperLand2020)","UCbNjCqmujI1RkUI_41lIenA"
"Imperfect Wanderings","UC6Oq5hpWiayZZjoJj7JEAIA"
"ImportantHistory0","UCXXwlQ2gdrZxNgO3cAXEDog"
"Impossibletriangle8427","UCQKwjo8hXcX6a0A1VD63BPw"
"Imran Hashmi","UCydb511Pn-RG0IrMfJyYpMg"
"Imran Saddozai - International Affairs عمران عزیز","UCAJak67bKN7UOZdY2QNJNXA"
"Imran Team","UCb49io5cx3fy0jNkfejsc8w"
"imshawn getoffmylawn","UCxBZdHCyNAfI1AUo0bdw5jA"
"IMU","UCCclP1snlJd48wxOV23k9Vg"
"Imusingmyaltaccount4090","UCo4M-LDdTQxBmlEb73cnsPA"
"In Bed With Luxury","UCGsIuZKpWFSOp2FEoySWTWw"
"In Biz","UC7si4ayVVK4Y0Bny4OC7sWw"
"In BUZZ - The Kraken","UCMcjb7-iW5ztE8M1buFW-6w"
"In Case You Didn´t Know","UCFah3NSCzqwszF_BGA6oE0w"
"In giro con il ghiro","UCfjy4yIP5CQkojqHmiyafYg"
"In Short Words ","UCFbaFVKJcPTGhpR2qk-QFwQ"
"In Stitches Comedy","UC1GZapD0E6Fw-x7mki5TjXQ"
"In the 5 elements","UCpko1DAJwqYnrUIKSYvCGKQ"
"In The Sky","UCPmAHbI4cNAlN67aO0zRFQw"
"in.formation","UC_2bd0aqtfvmLFWWYunuqbQ"
"In2Facts","UCWTjDYhmjyO5bTrudhwc9OA"
"In60Seconds ","UCa0ibzveunA0ji1n2Bsoy7Q"
"Inamul akon","UC9Si2BFe2XpoBh0IuWRLqDg"
"InAnotherUniverse","UCddG22zSvnjFvcNyXv5Q-iw"
"Inatsisartut-film","UC9I9wV4IyyIhXgWJqL7nxJg"
"inayat official","UCQOxjGymVxNHinAQT86aniQ"
"Incidents 24","UCp-pQVtkt2Zql0LVPuZoaWQ"
"INCOME MASTER BD","UCOt2hB9GJD20cVZz7RtXX2w"
"income.daillyyy","UCtPWNzk_5jOyseWUAi1IMiQ"
"Incredible ","UCjVZq66P-tM94cxHvHqS_EA"
"Incredible Aesthetics","UCL_JXmGV-AKA5G5mu1nU05g"
"Incredible Aesthetics","UCndxyHc0pEu2KY2Vy0OiKxw"
"Incredible Facts","UCIxX57hLrm0bfznaqfXBiKA"
"Incredible Truth","UCPtdBblY-7CWeYjxTMy_-CA"
"Independent UK","UCJym53MruffHbyvTjk0nj5A"
"Independent Women's Voice","UCw0RnvvYow5LXB58e8KJjlg"
"Inder Bhullar","UCDm2Vj9xCJx8VQx_f9wSHEQ"
"Inder Kapoor","UC_lVt3VhG9izPL5-NORnJvw"
"India 24","UCO_V0Do2YIKBOAYhKt4M8ww"
"India and Beyond","UCBou9S1feA3gcksNlLenCLA"
"India Science","UCOS_nAtvIg26Qrv7UNC8kzw"
"India Today","UCYPvAwZP8pZhSMW8qs7cVCw"
"India Today Global","UCq6L7JFb3gqCNDD2tjWAhBw"
"Indian Chhatra","UCxOJmxBlL74VhjiC6URRiyw"
"Indian Dil In UK","UCkMsi9TQf7UD3a61bNJVvIw"
"indian fact 14","UCc1csH1z9CsVzZElK7Fp2SA"
"Indian in Foreign","UCDMXBmqf7c8Pg-cxuxC69qg"
"Indian Jobs Info","UCaN_UtVEMjbSAmcJT5hB-pQ"
"INDIAN Legends","UC9G5OKJ8nG25VUqzx6pGJrg"
"Indian mapper","UClLjEFq0Cjc4i57Cmg-07eA"
"Indian Mom In Dallas, America","UCLmhZZeBBEjwZSpGnwPg7Kg"
"Indian Nomad","UCt-ScroLfU54TECR98bK-DA"
"Indian onboard","UCbydQnQT9aGV6ivDaf9YFYw"
"Indian Updates","UCwc3ePF0m0O4u8EUej71PEA"
"INDIAN_3DGUY","UC3jShFu3RrNz1XDguxBqcCQ"
"Indiana final editer","UCSs9FgF2UugkvDO6ATdf1hw"
"IndianHistoryGuy","UCFi6iuwn83WpTOOY7yegUWQ"
"IndiaSmartBall","UCzytWmGA0B9YfRAJmicDUpg"
"Indiatimes","UCIhyR9uxt0dpX-KdFbpbsiQ"
"IndiaTV News English","UCd40cNBtOEqeWL2zz4HNSaQ"
"indigeno9 Gianni Pais Becher","UChJvabzSMtArhWOtBWXSU_g"
"Indigo gar","UCAmVK07oZpJC9TgfM7AVMhw"
"Indigo Sahara","UCdy1tnNrg0sG1Ypmmqtpy4Q"
"indigonews","UCff6siBOJvdJ9BhslO9wHzQ"
"IndigoVoyage","UC9iG1lNS8nOZ76ICDcTjiPg"
"IndoGeo 🇮🇩","UCGvNiR95y5vRWc-1o0vB5Pg"
"Indomapping","UCoHpwULCrwZ6bAOqK4VB_BQ"
"indonesia mapper ","UCZu4FdG9Hw0MjOSaMC0hSqw"
"Indonesia tampan ","UCwXg6UqUJpeYCHHWH75XKGg"
"IndoPacific Report Network ","UCfePjgTzVjvuCAZ5wtBS2Iw"
"IndoPak stories and documentaries ","UCnt16USUNjdS_hlRJz58bjQ"
"Indori citizen","UCyfP_7gWkMorQOpBd7Pfmhw"
"Indostine_IndoZ","UCnwEFD0FwT0OOuhXq5ucKHQ"
"indotish ","UCZ5JQQiqQSjnqzVEIntQBUQ"
"Indra Setyo Rahadhi","UCYU1dvSDGglX_ac3WNE4pRw"
"Indri","UCJ3WPih5czFEWZ8XqeXTM_g"
"Indu Sahoo","UCqtzkBkunoG2M0ZYvFPyf7A"
"indusdotnews","UC7EDIC3ONWZpN3DLkRzmhww"
"InEnglish💻🌐","UCIGd6Lw1h-0oN-QaMoG1J0g"
"Infact Fact English","UCfK7YKD9AfTn3n2Sfv2eybw"
"Infact_World","UCfZAw3gcNg5KIy3IbbzRmLg"
"InfactoWeaver","UCo5Kcvw2-42GcbEwgQJsDig"
"Infinite Archive","UCE3znn6hwCRTRBtJEZDmTqA"
"Infinite Insights","UCFEqM886mqt8pGEqJfja3Eg"
"Infinite Mysteries - Where The Unknown Begins","UCN2nDfg0NcKnvQFte7y_uyg"
"Infinite Power of Universe ","UCTY4mMso_6-wT21xmWm0Kqw"
"Infinite Wisdom Hub","UC0MZnCI_6l3Nm6FDd5G7oyQ"
"Infinite world","UCANpQkFhLqKJMY4FUYXRKww"
"InfiniteGrid","UCeegv6WW9-105SVPG_w8vww"
"Infinity 2.0","UCkhta7UUDFfT24kirb8wnjw"
"Infinity Shorts","UCG64XUndZLq0UffZZd5lUrg"
"Infinity Shorts YT","UCgFMUb4TmcEvJezkGQLIUEw"
"Infinity world","UCA7tt3P80EzI8QkYN9AToNQ"
"Inflection Points","UCxQNUCkEWvSfMlwW5TU9Ugw"
"INFO & FACTS","UC1b74MES7isIvjtw6pl-SoA"
"Info Box","UCdjsUg2y5L-BDuYjzSR7l-Q"
"Info Data","UC-jJQGqv1oHuYmRdwGOFmnw"
"Info Dome","UCi6AnjuSBn8bGcqcdOk3X0A"
"Info Dump","UC3sqIT-gKqKP7ahHBiytJ6w"
"Info Flare Shorts","UC2Ts1bNXACv9yoyq_2VbrwQ"
"Info Hub","UCwgPdz1IA3zSAAeNHJfALVg"
"Info Hub by Hassan","UCYMVffOFpzEOzXJFzXHH6dQ"
"Info Max TV","UCFuONSltOMMlNZ__hzg4S9w"
"Info Ninja","UCm8RfdgwkLDzUtYW7EX78dA"
"Info Nutz","UChbXctqmdRsBiu28NPJi27w"
"Info Shourya","UCE7Lj3e4mzzdX_-45QTdErw"
"Info Star","UCd6YWMXWgQ95LsNSrfervuA"
"INFO TALES","UCHHfkJL9BES2eZIzuBk1i7g"
"Info Tv","UCHABa_68N1wz16IENTADoEw"
"info with Shoaib ","UCj7v-Jma1SzM_6wc8cuOoGg"
"Info xpress","UCWoJHok0mzn8sr0a8t_vEtA"
"info_image","UCDlZLY15HK1jembaIK69vcg"
"Info12","UCIhyw4RIdvU8F7r6vCxz7Wg"
"InfoBites","UCooNV5AQR-HOsqhNTdFEzDg"
"Infocreek","UCL8wpcgjyM10BiBn0gapG9Q"
"Infocurrency","UC417OzlhciScMDbPr-h2K3Q"
"InfoDrop","UCV_kybSpcnfEUDFM7Gc4i2w"
"Infoman","UCEh8tNt_DcfxCDVORQjD4Tg"
"Infomay Shunmedia","UCFgeVWncyJM8ge2njdb6hlw"
"INFOMINT ","UC_6sblcwUDboIBSh8IZCAFQ"
"INFORM - 18","UCvngiWe3tA5BCmxCk9nGdTw"
"Informa Markets Jewellery","UCAXIQiu_9EAOfUbcQaCj5yg"
"Informasi Konstruktif","UCn8F3gkRTPcFgx7AoEtMtsA"
"Information Adda","UCV-fxe2zqELqRtCATgX2DMg"
"Information and technology ","UC6XEQj9F9XWCyjUx48o7j4A"
"Information daily","UCqLLoYFL7XifQDRcejTvepQ"
"Information Master","UCCm96RyMZhlaeYDciyMpZ7A"
"Information Today","UCVqlPz1AY3_qHyQ4T4rpKgA"
"InformationSupply","UCKaep2oYrRR-8uv5uLqvE5g"
"INFORMATIVE","UCK_Y0qWJiXqxpJXl2dvVQWg"
"İnformative Bro","UClwQXudYM057aM_KLjBVrkQ"
"Informative channel 000","UC_YkgFaZWLV3ANDD8D2apyA"
"INFORMATIVE SHIVA","UCe7w4FqTy2Z_6ae68lOntDw"
"Informative World","UCsbaM4SGloWFTE_TWO7WnZA"
"INFORMED ","UCYF90d_VaUcCq0DiTEaYt1w"
"InformedItGirls","UCK9eo6g19a_vWUDZ4VX0mIA"
"Informer","UCZA7oAjNkYs0_uLUFf_yPJw"
"InfoSphere365+","UCtdE8JmNDOPVD3Px_xyCF4Q"
"Infotainment Center E","UCTo9ZsizLe2xErL_0yT13Lw"
"InfoTek - Current Affairs & Geography","UCKUKsuktDl7iphK8oqnk5ZA"
"Infotrekia","UCLu940x-B_egHuSrnMT78FA"
"InfoTune","UCmQePC88BnHWaGTk60j1Kjw"
"INFOVISION TV","UCxaZ8iS_nX_y1IE7DhXbORQ"
"INFOWeather Media","UCueWUzd9404LMeycf5oIBdA"
"InFranMation","UC5MiN3_jVwmR1KMYgbVvEMA"
"Infrastructures, Nature & sports","UC1olZRkruLPKnSSpH4MH_Ig"
"Infury Sleddogs","UCUpzz3jcrLqdjBGHgSikqZQ"
"Inga Sørensen","UC50OiMbFhhHWwwpv0lkIgrw"
"Ingeeeeeeeeee ","UCL6i5UUI0s_MJLC6MbEk-0g"
"Ingen","UCQ7_q-UwRnso1AzuYrJEuEw"
"Inglês2 theworld","UCgq_0jyluAAIpbCDTfm-dqw"
"Inhabitat","UCLwxOeATlcrOXi1K-owKNxQ"
"iñigo azarcon","UCUsH1zUfNvmODL_S_0JJd8A"
"Ink & Sound Arts 墨韻文化国際交流協会","UC3D2vkEaiT8TKyD0sa0DbAw"
"Ink Freedom Media","UCcRHsPfBA4XAQHSxkeqJEGQ"
"Ink Of The Past","UCfbjYb3h-LryaF5hyU1DZvg"
"Inkahustler Podcast","UCrpk-7GuArct1VQpLFrvtLQ"
"Inner Relaxation","UCo6cREYvZTn3JFQDPImp7qg"
"Inner Workings","UCZHQuLtTiFl3WbpLw_sF4Hg"
"InnerChisel","UCQM6gVVJ6pQOnzf6xTSQBCg"
"InnerTubes","UCOFjPKuANKHSNqm0Oq6WYZQ"
"İnnocent Times","UCYZWX6_Q0vWtpRezA_t2ntw"
"Innochka_Zima","UC0zP2vXS6u4ly8ZOau5bSdA"
"Innovation Hub","UCTd-Pazwq_Im_r6lrGIszoA"
"Innovation South Greenland","UCbDzHCdalpAGIgAn-JamGlg"
"Inovize","UCT4m6W_Ifladu2fDgOygGzg"
"INQUIRER.net","UCvRAX-ujvZ0eTMLGG2vki9w"
"Insane Editz","UC3m_fxX7mgLI7hyB_GO4PKA"
"Insane Hypotheticals ","UCufhYKzmZerjWgLUjSt1wtA"
"Insanity Wanderlust ","UC9oHrb77fcjTbb4rT85oVEw"
"Inside Edition","UC9k-yiEpRHMNVOnOi_aQK8w"
"Inside explore","UCwpgMui8bhT-NgoJZr65kpA"
"Inside Geopolitics","UCN527hv6np7Ll9BtekX7xWQ"
"Inside Memes","UCQlgt814R5ibOvGu5VOMY9Q"
"Inside Story Updates","UC7oZ22PNO705bm4AqwsHmdw"
"Inside The Moment","UCnoh1ZlCdltILUlALbAa6aA"
"Inside World","UCmDYrGTTwrxgakpviWvrE4A"
"Insider News","UCHjm6wybRbldhqveS7c2WTA"
"INSIDER’S LENS","UC11DBrZxbTPoBmB-RT57QPw"
"Insight AMERICA","UCTSqBICiUGnp2OcBauicTWw"
"Insight Atlas","UCkvM86vNQZfb2rHhwUIKzfA"
"insight dacomentry ","UCureJlBY2onsL5RLmqyig0Q"
"Insight harian.","UCoGmupYoHV2Wu4u8KqTh_JQ"
"Insight Studio","UCiw6P9gI4H5th7Tgbob_w3g"
"Insight Wisdom ","UCBjHSOXFBPu8pFczPfgtKxQ"
"insight.clipsss","UC6C-ulWkKuSyl_wlSAWv0Iw"
"Insightful Affairs","UCUhz1tCkNoKprP68rbZ_cog"
"Insightful Travel","UC5AaeQ4aRURVgwHV69jrheA"
"Insightopia","UCqEN-QbOYbidTLpATobshNA"
"Insightreport","UCIdoQ9qEl-9dL6LFulFK_hA"
"InsightReport2","UC8SdF0RX-vHKRDkn_Q7TZLg"
"Insights Studio","UC__D4dZWgTm-rIyz0wUdiHw"
"Insights TV","UC1MpCpNmWuNq-ItKofyXKmA"
"Insolentwhale","UCuhoEB3n4esK-N7ay0qB2SQ"
"Insomnia Stories","UCQYSXguxT0DUTR8ABsTINqQ"
"InspiQ","UC2KFYy5sraXmvyEaobYK9rA"
"Inspirational Stories","UC2NTH11GFalJ3TenTaYlCBg"
"Inspire Xpert ","UCjgF2HOUyOjIiJoqYN3oIXA"
"Inspire You","UCX9ouTfFA0kvXWtgs6Y2Xkw"
"InspirEclipses","UCSRzF5UX4FJRS0mDkv9CWQA"
"Inspired By The Journey","UC1LJo8EP3WCn5RsZZ5J52jQ"
"Inspired by Urban Legends","UC9GoAQnx3ap5PPBjku-_uug"
"Inspired Fam 2.0","UC6lvOyKnBSlWoQEjKmxzw8g"
"Inspired World","UCWBq3slX5OjvlQyJHVN4FnQ"
"InstaHits","UCm91HrymLkfRlbopiSsv7Og"
"Instant Insite","UCQFnaslYMLHgdlo6WJfv7Dg"
"Instant Laughs Channel","UCOwDV6TcLQgmqcAsueIsPxA"
"Institute for European Studies (IEE - UCLouvain)","UCNfZs7D3_pktUwy9I6sL7Tg"
"INSTAAR","UCEpca8NV4JbJIu_PvBDfFiw"
"insup","UCba6L3sT4VDKs6MArmo7p6A"
"INT_I_MA_TE Network","UCRHx53Dq5g6KVvMWDyfEWqw"
"InTALLerable","UCRnA0l-Dwg8MSr9Nts7vIUA"
"INTAROS Project","UCoegF3QSQe17mmGvj8oNs_g"
"Integral","UCDL69fGR9yduGeMXunLbYNw"
"INTEL INSIGHT","UCfVcrHw0g8hGRo7tjIH5VEA"
"İntellectHub","UCQ4cmrNrIpchcKXqNC8y-Mw"
"IntellectLane","UCcm63HLwgEW19SdAipeXK3Q"
"INTELLIGENCE CLASSIFIED","UCnlQ6XXqlumKkRT9CBG1lOw"
"Intelligent science. in","UCtgxXJEXa7terSCt26ntFZw"
"Intellings","UCIXid-9ptccoVed7NIymz-w"
"Inter_Editz","UCp-9Dhk8cKPwdiBZ-w7Krog"
"Interdisciplinary Prog. in Climate Studies (IDPCS)","UCZFSMwZckmVZ3QUtaBv0z8Q"
"Interesting as FAQ","UC84J3NRwINiCko51GTrg3rQ"
"Interesting Documentary","UC_lbKJ1ggbC1AngceqNzzeA"
"Interesting Engineering","UCEuiOszNd6msGgqsD0f9YAQ"
"Interesting Facts","UC56JSImzqP3jkqSviBtrQ8Q"
"INTERESTING FACTS","UCJQf81IV82DzFEIFmZq2FYg"
"Interesting facts ☠️","UCSpN3pVdhkl6tL8o0lUedEw"
"Interesting Facts and Rumors of History","UC0ClTQMz16ZKkzITajeHOsw"
"interesting facts from all over the world","UCZisnHLHa_3VwpTZvw8jaKQ"
"Interesting Facts Shorts","UCk0MkL7F2foUmU3D68efYyA"
"interesting football facts","UCN_AqGn2eOyGcSkvkCd6QLA"
"Interesting History","UCMrw2g9LPegZsciASzqC-xA"
"Interesting History AI","UC8VQbc80HN8PAm44tiWrt4g"
"Interesting Information ","UC44hHQpENDORlnDO1Zi0dfg"
"interesting map short video","UCLs28G7ZLYtnVbZku_T0QTg"
"Interesting Things","UC-04MPDRtZAaeaZt9zma9CA"
"Interesting Things with JC","UCEZ-zP31XnzPJmo8eJD5SEA"
"Interesting World","UCaF7NZVxnMxwVGeosI6v1ng"
"Interesting World Facts","UCIJNpcw-dt0uLh4MR0IQegg"
"Interesting. Seriously.","UCTSPB0NZw8Lv_XwyjWMbNuA"
"Interesting_History","UCDzIh2Mlq9NCCAm1PBPit5A"
"InterestingCoins","UCwicIzdTgroNkDAOsaPkkXg"
"InterestingDaily Shorts","UCHjH9zLaoVDvL2zpt94p8uA"
"InterestingGeography4u","UCAraRG8VSM_5WWejlYFzMyg"
"InterestingStories_","UCgUYGgFfsXCc5W9_bU-vN0w"
"InterestingStuff","UC6yumopZlRVylbOoNlKOgaQ"
"international affairs US","UCCLvNlfnaF85bg7fAFQHcEw"
"International Cryosphere Climate Initiative","UCXpj1q59mrsT5cOuyagk97Q"
"International Curiosities","UCBL5YkSk83JDrNgsl_uKnRg"
"INTERNATIONAL DEMOGRAPHICS ","UChYb4BHF7noBdIM3C-qQpEw"
"International Drivers Association","UCZCy_2qj3PPxkpmqcWe2fbg"
"International Geographic","UCOIzsLcYQtdGWh5PQVOO7KA"
"International News","UCrtt4Ay-TTS-f2o_qc1UQPw"
"International Policy Zone","UCDGjYDY_3KDklKm5Xqm6j6Q"
"International Press Centre IPC","UClpy1ka9ccA74OoYaA2UT8A"
"INTERNATIONAL PUBLIC SCHOOL Dhanbad Jharkhand","UCTIP7QiiHkbw3D2iljRzmaA"
"INTERNATIONAL THE NEWS","UCtN8hUgkcgRz8fGmXyj7Kfw"
"internationaligo","UCJXLoADf0ihMoKOSOXhFiyg"
"Internet Kuts","UCE84LAte3Gh5bDQPp1-3qEg"
"Interview Hub","UCooXQpnqNnk2-4VW2RvAYCQ"
"INTERWIRE","UCjLZDygXwl39JjTMGOazaFQ"
"IntInsight_News","UCuDo1vNbYcQLFxvf0RBztiA"
"Intlohufveb Tubia Mapper","UC-uHCfYqDagZ3kXr-TpxoaA"
"intrasting expriences","UCzf6xwugL-3ql-M_t-hI4_A"
"intresting-facts","UCHqH1Y0U_uzjAzY5djEjjIg"
"Intrigue Academy","UC8NbnBa4aVzv8j4VlzvnU3g"
"Intriguing Insights","UCQY-t8NTNo_Y9lWkmbGqJVQ"
"InuaCare","UCzq-GPih8D2w6TrqnG67K6g"
"Inuit Discovery","UCVQtjnmQ4uKutEecMx-5D5A"
"Inuit Traditional Kayak School","UCkHLrbn5ggt86l0yAM2hmNw"
"Inuit Winter Stories","UCj3TrnC50FuMn8FC5wjwfJw"
"Inuitman","UCAlI2A_wKZqGmaQeLJ7di6g"
"Inuk Adventure","UCivjVVsBHee7MuIC5yRc_TQ"
"Inuk Jørgensen","UCsRyvTBxUOn5sjbRoo2gQEQ"
"Inunnguaq B. Aronsen","UCl1HTw25FnAzEKk-cgc5_pg"
"Inunnguaq Hegelund","UCIDQrL-RkJ8wQDd7SzgxdvA"
"Inutsiaq Kreutzmann","UCn3fkSQGLEKe6KvRwsrDCLQ"
"Inuuteq","UCIvQ3o82xCQ_9yZYjNPuKwg"
"Inuuteq Danielsen","UCef-B08Mc6QO7-rLizLMuVA"
"Inva + Sla","UC0ZsAH9scFwP-qC4V2YShYw"
"Inventions, Gadgets & Gizmos","UCXwkuCxVfB0D8LVkFDobvEQ"
"INVENTOR'S INSIGHT ","UCGKF9qlvR-FPhvTMAWshp3g"
"Investing Talk Podcast","UCsDCdVOP_zMugTEwIAfl48A"
"InvestingTip","UC4pRQ9tMiZ-jeuDEGmhEGqA"
"Investment Deck ","UCgKhRPsqrxrNL-2mwwrS6qQ"
"InvestorNews","UCTAJpGxZWbiV9psQA5WATVg"
"Invisible Dreams","UChzzknsnLETRc1ht1kerNVQ"
"Invisible Infrastructure","UCIYwCUBbfCcfJtl60NWKSmA"
"InvoiXzy","UCRM8Mt5hBgxs_B4g1RdKQiQ"
"ION COJOCARU","UCGYyEmU0yFsAco_xj-tfrWQ"
"Iosif Dumitru","UCrGdWyAkA-e7dM-wxvN1StA"
"Iowa City Public Library | The Library Channel","UCEXlbi37g52Bo9SdHQUtCQA"
"Iowa's News Now","UCMZHX2oh_s9kFhmCRCNosuw"
"IPL hilights ","UC0Sy2lObGomKzoF-YQT93hw"
"Iqee ai","UC_8nkmJJ_sOFRlmUcif4ViQ"
"iQOOSoulTaNaV🚀🚀","UC0sEvzpTHy8-KlyHpKrkTLA"
"Ira Tomulets","UCeRiLjcxTWQ8A25ntOMZB1w"
"Iram sattar . 49K Views . 2 hours ago","UCXL9l7KDILSGPkx2L3z_wGQ"
"Iram's World","UC7c6vgmJs3agELdFpclgEnw"
"iran USA","UCb-XBL0pAmy2zIU6XoVX1vQ"
"Iranian Azerbaijani","UCfCwRYueJCc5w5ss8bch7uQ"
"iraqcountryball303","UC8A-Zt4Cf3oR9RQohaeW3kA"
"Irelandball","UCLPVJHuhCT1g31hG_ttya3Q"
"Irfan's Adventure","UCdcAkNoCmhklL196kGJXoew"
"Irish aviation ","UCOQFNwFOnNUj-P7821CPjzw"
"Irish Leigh","UC8BgsFp3ktd-F4hIXrdhL4w"
"Irish man maps","UCRg5SHpvtHHHlHoQT2y8uJQ"
"iRishiEditz","UC6D5vNb7S6hEuqdhVCdeFSg"
"iron man         ","UCilDgKOyruoes3FGGr1ENRA"
"Iron Verdict","UC6QhyB-VALbyS8GkpSTk6tQ"
"IRONCLAD","UCmK3k1U3D3fqPZWcnAaa-Vg"
"ironfreedom dreams","UCWwEekMjMzFmq31M_rgMxrA"
"Irontusk341","UCq_s7RLmULd4n_MjXhI3sCg"
"IRyA UNAM","UCH569DC-Od1LV4ZiW7Gw2yA"
"is me!小鲨鱼本鲨","UC6h_crfXMLx9RWhmHiI5YYQ"
"Isabelle Ryder Music","UC--QVYLlRWI-S32XS9Zp36w"
"Isabelo Sumalinog Jr","UCucx7yjiuebvIkwMkOvfiNg"
"Isaiah Watchman","UCYp9-xcVQvgL1lKwvifqyqA"
"isaykids","UCHguTkmPweQp_cIE9nnLoAA"
"ISH News","UC99w_Bzj8ikOz8Gpv0prbNg"
"ISHAN YT 7","UCdwMHcog1gMFL8TMOI5Y8kw"
"ISHIMWE RY'IMANA TV","UCAVAddDJttwg_pAuVC89o_w"
"Ishow speed","UCXqQheGxGF_1sX4AGJerXRQ"
"Ishrion Aviation","UCKYAiugmRs1y-1_4-jkDQPw"
"IshSlop ","UCpV0_4h2ohGGwbQ5a-UKWbA"
"Ishverse Infinity","UCvmpx4yvu6IjNH1OBEfVb5w"
"Islam Zindabad","UCJO4RyH87Y76LSG21fqQjmw"
"islamic edits","UC7ndTrDY28QTJlNCwgSJDZw"
"Islamic Faith","UC4X1LZnKwFurPU2svIX1K6A"
"Islamic Quotes","UCNU7N1q7b0k05pPMlRe1njg"
"Islamic Soothing Relaxation ","UCC52N-H0RdHrf1ss5dHwHJA"
"Islandtales23","UCh9Pv7PWYID1dkPKeLKsnqQ"
"ISLEY REUST","UC3MTi9XBD1TdDhkWXkHbGkA"
"Ismail","UCcbWGyXzPJshPAJzj1Q-JiQ"
"Ismail Ramadhani","UCmGquvWS5KB5W2cvRwvoxvg"
"isniba","UCHKy-ga7wjf3lGkkvvKAVYw"
"Isquare (I²)","UCyHAYpqdaKzevzdbmISumwQ"
"Israel Jebasingh Ex IAS","UCaMW02R76uFbo--dS24oBOg"
"issuejournal","UC4SpBSHXipwoGOpbUVUJyNw"
"Istie","UCETuZvf8OjuTR39S1fsWgwA"
"IsumaTV","UCJ6kYDhX1Sc05y1zR9j5aOw"
"IT Ghanaian empire🇬🇭","UCXwBV4Koccler32mPBdxKwQ"
"IT Tech Talk","UC2g6pD63dyeKckpzN_6EGqQ"
"It’s and Greenland 🇬🇱","UCuktjVGO45yBtU5rO0edP7g"
"It’s Greenland 🇬🇱 Ledlo","UCObCzsaxTGQcPPMw4af_1UQ"
"It’s N1RO explainer ","UCCJ1etQvkvAKqXOz74Gaiwg"
"It’s your girl_Lulu","UCFc-Vv68SxeGn9aeoglp3Dg"
"It’sjustOklahoma🇺🇸","UClxE4reGjuxMBOwXwfNI23Q"
"Italia Films","UClFQNPADq3PkzB722IIXAXQ"
"Italia777x","UCNVBXu0mQ4smKhhJ-zhtG-Q"
"Italian Vibe Tees","UCLZCqB9WL22RgLTQu6_G8mg"
"Italian_guy_butnotitalian","UCyRNTCvOAGTuJ9ORLmJSmow"
"Italian_Patriot🇮🇹","UCRrB5wOjx_HNm_DypVIR5CA"
"Italian-sicilian mapper","UCMLI8geOCR6hie-Go5sa2TA"
"Itapirkanmaa2","UCMKJdaq2iYnRYvplVjCiNJg"
"Itay Hod","UC2QVg8K8JcVmBB_k9F5lfFg"
"ITF TV","UC2FNj9q67-6f2BRdJGI2vkg"
"iTravel Channel","UC-EOXQpKqtgRAyZZHp0EWIA"
"iTripReport","UCujsRp13yioFAhhHZcEgkYw"
"It's A fact","UCP5jxoQp_jwKb3lfhRyWo-Q"
"It's a Wealthy Life","UC3DPmvnQCel3NB0Xfi30kSQ"
"its abhi","UC_dlMFFiroj6YeNA_5MfE3Q"
"It's Aviation Time","UCxCEhmfLBr67JHwpjE1z7qg"
"It's Been a Week","UCVFe3HmPyswsx5Vnbtmacng"
"It's Bike time shorts","UCEA2eRJTs7eGDsljUBuu6jQ"
"it's dev","UC9PgPWB94NJHwlSdyeJAVIA"
"It's Fun fact","UC2uZJCSODOwNRHQhHF-h5vQ"
"its gr8 explore","UCP5zEn3JMRjfl711vu63xeg"
"it's inspire PlayZ","UCSAq09W3kjx4Sak3y7vKh4A"
"It's Jonathan","UC5KMC4ZjIXq1VMrfsZU-dmQ"
"Its JordanJake","UCvhGc_02TcuBMrxD-cV7S2w"
"Its Kumar","UCv2mj5ot9prPqmvRO1w9tbg"
"It's mark","UCB6EYHT4hyYSPPI_I6Osxfw"
"its me the saksham devil😈","UCYb-aXm4jsBKwLsuVd0Jx_g"
"It's your friend Venya","UCfgLPb-PkvAiWBk63PnIi6Q"
"Its_Daisy","UC2dANKT5ZrLGWILXVjk5oXA"
"It's_sara","UCGkZbljs9uY2bpgI4FDclNw"
"ITS~SCROLLING*","UC4dyvIgQff8kMDj_4RcUDLg"
"itsFatima ","UCCF0x290kEZqWZSGIF0ET1Q"
"ItsFlenix","UC9UL3Q7sekMxPX93DMFkldw"
"ItsJustNolan","UCB4FIK0ZpAwUmTZvikGU49A"
"ItsMeTicCat__","UCW-IV5usiWpJNo-2We0_b6w"
"ItsNature_Grace","UCSGxEElHvey8HxYGUKKL69g"
"ITSNOTREAL","UC5Ex4rS5UjtCoO_8h9OWEsA"
"ItsSethyyy","UCTvsZQu1A5YIWvTBkKDsJNA"
"itsyawnsy","UC1-IMiKylsDcpcCERm7_KWg"
"itsyourtime","UCxOMJZqS-vxonpmkgrVn55w"
"ItsYourTime","UCw8Bf8sE23KHCWSPji9Lw7Q"
"ITV News","UCFQgi22Ht00CpaOQLtvZx2A"
"ITZ_Abhinav","UCIuOuTeEMrh0ptnv4MxPOGA"
"ITZ_BALLZ_ANIMATION","UCFwfGHgSRZWZmo5H9-ZDbgw"
"Itz_Creative","UCmrwV7PN9Dmf491KhsPkHPg"
"itz_Spark","UCak7SKO_eP9wUPufzjK2w0g"
"Itz_yuka_offcll [💙‼️]•~•","UCJHk4iNwZpwzQ0D4i9fxH_w"
"ItzBino","UCcfOKGTBVD6muLb2-8DULew"
"ItzBloodless","UCkBkoYhUiksbNwVFo4FyCng"
"itzloverofindia","UCIyCLHSCpdn8sZ8Hloo242w"
"itzLuzo","UCrL0iQFFwaOWp9z246oygmg"
"Itzo_Alsava","UCPdvOVVxgEIwOI3FMojhwTA"
"ItzProloxYT ","UC1bCJ1gn-I-m0UhRTdOlxRA"
"itzzpiku🖤","UCHIr2f9HdXx6b9YIkAkzX1A"
"IUIC Daily Bread","UCm-A4aS_cfu97DBd1F9k3Xw"
"IUIC Kansas City","UCVMErZBrGGlxQVWgrg2tWAQ"
"Iulia TOYO","UCZvqhGtXpj-sCNi8xLCHNbA"
"Iva  life loop","UCHYffupqdnlblXn-dko3Xag"
"Ivalu Barlach Christensen","UCReUnCgUCMBxHcCmUJ7Jl4g"
"Ivan Countryballs","UCPq-QzfEY30DcgsuAG9raaA"
"Ivan Geography","UC2luKpXkgMybXv5JPh6hk8g"
"Ivan Glos TV","UCTcm2Hdxu7SyxYG_ySVCblg"
"Ivanov's Canvas","UCycDJv95JjIwoxaO4ZD92xQ"
"ivars krutainis","UC3IR0RCFzUquV-li5fIeyeA"
"IVEN Travel","UCf4-S07PwpQ3im66fBXC7tA"
"IWKVLOG ","UCmfVYOrorzo0tPBoJJIYDXw"
"IYI Makeup Tutorials","UCMcDrav8LI-HA3CTfNcxMpQ"
"IZure","UCvgM6Z1sewOqWOQcNRRnO_g"
"IZVARA HISTORY","UC37PcNrW3SOHOx8W5B871fA"
"Izaan- Fun&Edu.","UC2ySElNlgXWTxyHyNNlZPxA"
"J .B .COLLECTION","UCYYgYOgMu3o3mHPl-cpJlyg"
"J Chitt","UCEkPJ6ts4Rd9iWROHtxtwpQ"
"J KUMAR POLITY","UCty3-urfwvx955yAk-RLTgw"
"J RC","UC179djDmL0XauN-mO4GlLYA"
"J. R","UChj_BO1Rod3qRHzRE9ww62Q"
"J.A.E. Gaming 101","UCOjRfcjDbEQZ2mMiKVUn0Qg"
"J.D's Animation ","UCzNiv2wwUVFVKbrfkKO-FzA"
"J.R. Majewski","UCLiHlJKCevSODpJbzuPY16w"
"J4fun","UC1HN78pU-IGGFrLhpO_K-Dg"
"Jacer X3","UC3f2YJYGdBFygRnImJOWr3Q"
"jack 4220","UC5ZH1MTFXw1-RGw858FzloA"
"Jack Chapple","UCsdJxGA27BSz7IiPMn9VV1g"
"jack duckworth","UCtA7CQqU0mW0GippT78hQ3w"
"Jack From US","UCnJbQL1CMzqPP8eX4rinfGA"
"Jack J","UCJc1hFwdgpqo52xARUEwG5g"
"Jack Keane","UCdowbIxgUrKQ39AnaTvEnGg"
"Jack Mason","UCAkWXudPo5orrtdfff6277A"
"Jack Mercer Show","UCtZjpWD8JzmPuoi7skO1Q0w"
"Jack the Drums","UCgC3g2qIf3GVqqjpSnAN1XQ"
"jackdoesskits","UCMG_i1QHNtIb-8N9GYt5kTQ"
"Jacko ","UCfxcg6b5a0wZWveaXVplGMA"
"Jackrabbit","UChPuKOMYkvKN5KrNqEGuG_A"
"Jackson Crawford","UCXCxNFxw6iq-Mh4uIjYvufg"
"Jackson Mausten (Japiggyboi)","UCQoBpV_iL7jysXcvJu8iiiQ"
"JacksonAiden official ","UC3wtMlV0Hk5YU4givgYAWug"
"Jacky nagatani","UC_uvvy2gTd5hAQLVB-W25Ug"
"Jacob charlee","UCu0di-EswvShvxrq29q4FAg"
"Jacob Kruger","UCLFPZk3zpk5_z1fman_bcEg"
"Jacob Rees-Mogg","UCBNLxgS02jhM0Et7cM3oB-w"
"Jade Phang","UCYmHxdUF21xw-__o_cCGQPg"
"Jaden Cochrane","UCbCK6j1wKf13tO9Eq1XTO8g"
"Jade's Show","UCevZIP2fZuy8JJLT7sUebxA"
"Jadetimes","UCh3RLLVBaEeBRRZBbnnVWWA"
"Jado Dukuze Official","UC5pXLq5VOZnBJfbg9VKB6VQ"
"Jael Michelle","UCDHgM_boTiTpA2n_lh0isFQ"
"Jaerren's world Gaming","UCJZ0tdloYPc5yV4mNGF-7Ag"
"JAFFAR ","UCjbdqxUF45HLHCkfgURVfqw"
"Jaffna Times","UCKO2Pi-WAPpZ3jttYmcuC-Q"
"Jagdev study point","UCmQVNghKpyXW9OVPKonr-Yg"
"JaggedGlobe","UCMUvKfWLc0Lfpmq01etUIbQ"
"Jaggo","UC9inPSIWgFTkqKuNJrXESrA"
"Jaguar Bird","UCe2-1UmGzRH1XF9uMvPMzWQ"
"Jahan Numa","UCtlEtkWOlct6zcfJoUf8C9A"
"Jahid ali27x","UCymbGsN21BPY2uJUhZjR-Tw"
"Jai Bajarangbali bali","UCZ5V7-Y21Zvf7FuZFfPiXWw"
"Jai Guru Ji","UC2Uj0YuDMKLaik5Y85F35kA"
"jai•mvp","UCLh_T0OUdU5dWxcH5dLCFKQ"
"Jaifraj Tung","UCdQnCT4wV5pUTx1FnZ6jrvQ"
"Jaime Nack","UCZmMmdQYQy4Dtdsxw6WL9sA"
"jake explains ","UCdbVOEoelb9oMiCfcv8uK_Q"
"jake jc","UCae_sxqw9M_kvwqacDLeSOA"
"Jake Tullis","UCYQxJHTl9yOsWvris3rJ61w"
"Jakin' Off Podcast","UC7XQlWfPdcSeYoVuAGQV6kQ"
"Jakirul Islam 5140","UCJID-PJrhaoLyAkRUpLOnPg"
"Jakob Bro","UCA7DiXXRgQFqmeiQ6ijfAhg"
"JakobFro","UCdt3N_HakglpEA__XeWjAZQ"
"JAKUB RYBICKI - Stories Told With Vision","UCB6pyFyTnI63J_KG-WyLPfw"
"jakubaszek","UCZIcmDcJbXLChkZ7rRdDvmA"
"Jakwir Bumiayu","UC6sCyVyC83WHLxOdun2EF1g"
"Jalapi Media","UCjjLXd5swh917g-lfFfpE8Q"
"Jalmaurer Gaming","UC0oSssycalY-8l8m_ATytRw"
"JamAirTV","UC4OnNbc1tVUl0R1dUn92BWw"
"Jameboy Tatoy","UC6EfmWAT8e5LdEUnNI4HsLA"
"Jameel ahmad","UChr71PkI5TnXXzEzzt-EGFg"
"Jameel Uddin","UCKCKCuISDx7aMW5h2BY1SGA"
"James Altucher","UCRQlx2klE_aNrPhz2OyKRdg"
"james David","UCXR8iNSuiOjEp59IuBI1v-g"
"James Davis","UCOhgmL1oaOEuY4BiR4clPbQ"
"James Eappen","UCTROwZOlOJoxnVlDWPi-CSg"
"James Ffgg","UCl3P5nMaeiD_O4jbvguKr6A"
"James Gleason","UCaCU7hgkfH5kDerqf0TL2bA"
"James Hunt","UC8G8r8UD1YxN-tkwltKnGPA"
"James Lister Outdoors","UCWx57GrESNHqi4Vty9trKDw"
"James Manos","UCzeR7b5D3RBN9XfnERXXPpw"
"James Pauley","UCn9ZYu5GvD1-JbUqD8lq64A"
"James Steamer's Life & Adventures ","UCZ-euTWGx1B89FVJxVm9Drg"
"James Whitehead - All Animals - All the Time!!","UC9zp9Rdzu7SES-RjVXoHfbA"
"Jamesdocuclips ","UCVzYfke1i_F6k8wtPpO-9-A"
"jamesvorn","UCQJsQSeClFKAdjmIxJAIsug"
"JAMIBAP store","UCKpWf4hkow894_uMfJD7hEA"
"jamie","UCDb5ZdHhnt6P9t2_FdDd1Zg"
"Jamie Anderson","UCUA06nMmVvHHiR24qW32znA"
"jamie donnelly","UCLjuYDU2FcaTsVcvHA2pK2g"
"Jamie Howard","UCP8nte3rRo26CC2Z710ETLQ"
"Jamie Macdonald","UCpbTutIvhHgVQD6KGSoehFA"
"Jamin's Daily","UCb2wVVswOsdcbZf7wtLBZ2Q"
"JamJet's Alam mo ba?","UCjGMmjVZZ92xfabitGH4EGw"
"Jammyplayz","UCH5IceLkTlS3vqhxqw9Iw1g"
"Jamuna Taja","UC0jX7kKzGINREEeUEDZnc1w"
"jamy loftis","UCpWy17Hw31rCue8ux4JVpAA"
"Jan Bommes","UCL_4ukudrWuwwf8W8cjVsUg"
"Jan Sajbura","UCjrsirNCvsh54c0rH2mr2Gw"
"Jan van Beek","UCFRImmNWrs8spdZekt_TW0g"
"JANAN__12","UCO-sS6epAu49FZPN5ea6sxA"
"Jane Zuo","UCb2FcjaSN2T4VuLTbyWarMg"
"Janelle Chmura","UC30t4nAQ4IOiZNRYgbovi5w"
"Janessa Lim","UCnNE2vl1I2ZoBoJuceKEZEQ"
"Jani Bezjak","UCKVI48D9LENqw2lArcgwBzQ"
"jani2 free fire","UCYQDLYbxJzOp9Ark2vTPYkw"
"janja_here★","UCmf28I9gWN2DbacY2tGj6Pg"
"JANJAN GALLARDO","UCl9zQ49u8R6pv64r56w2dDw"
"Janne Mustonen","UCJw1zTTxgbbUhm1im1URQ0w"
"janrm1","UC10RIxot9617tbfnmS0j-uw"
"Janusz & Mariola🇵🇱 - our trips","UCN9PTthrhsLA2450HtxiezA"
"Japanby2027","UCirsVV0Qs34uB6oG_HVQCAw"
"Japanese Neko empire","UCTeOjL_cIAETrpkbRYfZhUw"
"Jari Meer","UCobLzQrM4fgiv-apXiE3ecg"
"Jarino","UCVE7iUvRv-Z4gUv6RZl7GPA"
"Jaroslav Bengl","UCiw1IFM8Pb4iwvbSXDwru8g"
"Jaroslaw Bodnar","UCSB4iMRlpfpopj2M7Qi4gDg"
"Jaroslaw Wesolowski","UCRgjr9jmeQztmXjcw_9OIYg"
"Jarrededitz7","UC1Hjy2chGagkMn7ofz5YueA"
"Jarvis Unfiltered","UCuoye7kkWc3d-mElyT7rn0w"
"Jasijo Academy","UCAYSZFuCqUkhBxcFRKuXLBQ"
"Jason Aguilar","UC4dJ724oJkoy-udUPPQD0Fg"
"Jason and Heidi's PopularCruising","UCNEBkc-wB8kGZ2_mXAICCCQ"
"Jason Beck","UCZ7pwWN102TKm3BfrkGejvg"
"Jason Box","UCmBT2z6hnEygLfaM5Of7BRA"
"Jason Charles Hill","UCwA6bkeMgUxNtuwnQA8Si7Q"
"Java Discover | Free Global Documentaries & Clips","UCXMGxZAk3PAzm04lKwk-vCA"
"Javid Abdulla","UCvIVvsJ4VzyUKRfgw-NXvHw"
"Javier Vera","UCDO-FnYI35UHJPRmn2Ro8nA"
"Javtapich Vlogs","UCF92kgOlMDcJpsP0lgDGdXw"
"Jawaria Bilal","UCxOv5akEhrZDiNH7BI2Bsxw"
"JAWS","UC8JuBMt4o96_ys0c-pVZDFQ"
"Jay and Tanya Travel","UCbpBC3gTRrQi_bEPzM3NJdg"
"Jay Andreasen","UC5UHfn07ni-FjSH2SvnT-Ow"
"JAY ARCHITECT","UC0Z2mKXbEC7_Gl1GZITH6iQ"
"Jay Law","UC_palGsVFZGLHcS5kHY0jvA"
"Jay Mistri","UCLR9tw2R3vvoCRrPODnAO5w"
"Jay Thadeshwar","UCTL6B3G7RBH7ALVRiJLnDRw"
"Jaya Srivastava","UCF9hgQpfJ2zTwqbhdWl0ogw"
"Jayam Jayanthi tamil","UCn4X8HDN5WEYQuXsBXL1hTA"
"Jayanta Paul","UCp0yJgw8x4bK14N61Mv5eeA"
"Jayden White","UCHrQ1hRsfrDdeOiCA3MFKww"
"Jaydennnnn1","UC5aCkLHME_DmiWbmuwS-BFg"
"JayDreamerZ","UCXYJURtHaPHC5F-mhs0kbcg"
"JayhawkEngineering","UCp5ttWYV8FhS-Fp3gmS-4vQ"
"JayjieRia 7","UCFhM5bvBovVAc_7hUeDFdcw"
"Jayr & Judy","UCaQTwPuklDyDX7hFpwurSOQ"
"Jay's Jetway to Takeoffs, Landings and Travels","UCDaXLzFq32MSjjjhnMsg-OQ"
"Jay's World","UCV0sW4EaSQMT_EunZrLD4SA"
"Jayzworld","UCvJeKc2aj9apgaWTOTLRF6g"
"jaz-zen-nay ","UC22TMf5sFkvkH5AnNTeFv6w"
"JB Media","UCcd7pwm0vKlE23MgMihfqTQ"
"JBCB337","UCl5E0h6igp9yGWi5zkta4Jw"
"JC Raulston Arboretum","UCWHz0c-PyBCb5YmQesmeYDA"
"JC T0rr35_420","UCybjxcl-J1nPnQJzreoFRRg"
"JCM Dubai🇵🇭","UCBcP7-HMvzxXh8e7k-CEo4Q"
"JCM Dubs","UCbalGa9A0oHpmj3znZsF90A"
"jcure","UCDx-ygN0-UpCZ4wywWcScyg"
"Jean Damus Jr.","UCidfvJXeMMdy-OE0MZZ0Qvw"
"JEANNIE'S HAPPY LIL LIFE & VARIETY CHANNEL :0D","UCCUrVBzRBQ2vPdlAhzfjh6Q"
"Jean-Philippe Mériglier","UC5pF10TlLu0Ces5ZlSeIKJQ"
"Jeb Brooks","UCsQLTECz1bCA56JIryaw-lA"
"JediMonkey","UC4lhrim4WxB9gNpGNsCyD0A"
"JedSmart Geography","UC2rH75I9Y0j01N31jpvEtDg"
"Jeet_Fix","UCx4QuYxToN8IYML-aVNgs1Q"
"Jeetash Kumar JK","UCN7zRARdamuGEZ52sKlE7eg"
"JeetX.","UCROZtbpakhbGtKzOQRvrM0A"
"Jeff Balucan","UCrl6qq6jXaiK3_rjzIjenhQ"
"Jeff D.","UCg0FfrjmLeJePTPmsfLK3vQ"
"Jeff Editz","UCIGvwQ_CqhUGTYY4apUcUgQ"
"Jeff Martin","UCmDraxuPbxGeNUBM1cLwCkw"
"Jeff Welker","UCihhbPGMSLA3zEMahqzmB-Q"
"jeffrey jefferton","UCQEgfYU98jMIh84dHB_5P3w"
"Jeffrey Lodovico Buquiran","UC7ASdSg9qp03K8FjkSE3UFQ"
"Jeffrey Riley","UCKV10Cxb9noBSMDpaLPMy_g"
"Jeffrie Parrish","UCXdk4IUv37rAqoyt9eBeP6g"
"Jefrizz TV","UCsTJDK8vRamM7KsRhHGs46Q"
"Jeiciess","UCmngBMD8-FGG5mlpheyHE7Q"
"Jejak Militer","UCb9262JVJ3GPI9ytjH4FV8A"
"Jellybean & Gingerbread","UC0znPSVGBMRsJnIU7VZl4_Q"
"JellyTV","UCoJKf4z5Rh83J4zQitXObMQ"
"jems joshi","UCJVDo1bSxuOliLk5-NkvQ_w"
"Jen Lay (Pinay OFW in  Greenland)","UCCvlZK4SlVVuXgZ-jRMri2A"
"jen Lorenzo","UCPinwq2Fw8AhoNlgihu8F5w"
"jeneb100","UC1Uzx8SyuGtM-8_QadbD_XQ"
"Jenna Macrory","UCVGbzSx42IWgEsquaaB1ugg"
"Jennifer Starnes Art - Pet portraits + Wildlife","UCmYwMgw_Z0SsuQxHyHPjNag"
"Jennifer's  Stories & Facts","UCKq_VPQvbnvskqIqYzqFNjw"
"Jenny Singleton","UCJrfgZ0oFHX3kl5NzojOYsg"
"Jen's Adventure Blast","UCb4jBqjLG58GRaV4yG4NFfg"
"Jens Andersen","UCcgLmjJEScxWwP_17UgLJ0Q"
"Jens Arnoldi","UCn5Vs27ImGEp6sANx6XgqpQ"
"Jens Jørgen Jakobsen","UCmYsYVVmumWNk_PQdJmPnLg"
"Jens-Jakob Sandgreen","UC_BA6KepMxF2uNeIyjH5rcg"
"Jenz Journeys ","UCp-JDFAlCDsfO-gzCqnai5w"
"Jeremy Pursehouse","UCyVgcT13YtEaxNCdILq625Q"
"Jerome P.","UCzNkDUVFgUZ8hiMFWuDM4LQ"
"Jerry Loh","UCl6A8innkHtRQzRQj_BSxOw"
"Jerzy Pietrzak (Voyege_)","UCv-f8d5khShyMm3EimDXIqA"
"Jesmir & Matt Travel","UCVCMXalF_qwyVE5oiOykfeg"
"Jesper Bylov","UC2vpNBOBh7X1zRwSfQ7ZYZw"
"Jesper Errboe","UCTaeUXGc0nA9MAgzwtF7V3g"
"Jesper Jacobi","UCL7CXSX2bCEnWTqCQitX0Fg"
"Jesper Scharff Vinther - 2 River Valey","UCM3d5T7M4EgjQdxKWEI_atQ"
"Jesper von Eyben","UC_2hv-st_3Yctg1GLkrhdrQ"
"Jess and Flor","UCyad2rcdE1Kf9CDK2WNTXfQ"
"jessdownload","UCFLcTDUZA2F9w6aBzjZeOfw"
"Jesse Dollemore","UCUSySH2YjIwsDu2Hx6DWwTA"
"Jesse Kelly","UCY88BBw4d6ArtXK-fQpTFdw"
"Jesse Simko","UCi1xqh0L1PrRyMmTVqgHmjA"
"Jessica B Pleasant","UCEdXx4-0u6TgKXvwGFrU8lg"
"Jessica joy","UCkFUrIToWsr1bSdLwx4AQ_g"
"Jessica Kirsten Reisebüro und Reisetipps","UCp19wl3fXers-IJoh8QX4cg"
"Jessica Martinez","UCy39gnxPCXI8Jb2Bj01erUA"
"JesterToby","UC60m3ALrnDLGuNloMpTc_eQ"
"Jesus And The Rainbow","UCHEQanYgsN_5GtppBQ6cjzg"
"jesus angle morals cabral","UC-LApo8pj43mYADnczaD1dA"
"Jesus Blessings Channel","UCZGOySnkfmrSpVPiHOTa-ng"
"Jesus loves you","UCHgkB31URj-MQjBZY8C0Udg"
"Jet Set Go","UCh_t8S3LXWl171N3mykMVsA"
"JET SET GO RUN","UCjoiBFBvLBYZXaWJKbnNsiQ"
"Jet Vital","UCsqG9KJUC6_A_DM2VdNjFkA"
"Jethro&tekoa🇮🇱","UCzWXEySTH16sKIcGRw0JnMw"
"Jetset Travels","UCk69cZrzqh6I219vufQb82g"
"jexpert77","UC0afpbicyWhLKEf2Yiojlcg"
"Jeya Bala Singam","UCaPUfDUYHQE8v5Br_-chEhQ"
"Jeymeray darwis","UCMJNYj4EnSssdpzLDL7LWtg"
"jf memer","UC-FTdogX_IOk3stdZJWmgtg"
"JFK Eisenhower","UCc72gMF400QFRO4c9ZTl4bA"
"JFM__ __BD","UCS43TkNcdgJfh05PGuJq54A"
"JForrest English","UCLNBasuHKOILIwewAetJO6g"
"JG Awesomeness","UCxD2E7w_9G-wP1mHc1VJp2g"
"Jhon Rufino","UCVpA64AGje3jBlZ9L44wmLw"
"JH-Studio 憨吉影事館","UC2-VahWsubNBePCImjzw9YQ"
"Jiangosumania","UC1CUWA8_r_YlnvQzysQAMBQ"
"Jig Mistry","UCBw7b-Qj4ZGz-pVOGceCCiA"
"Jiggle Jug","UCXBRkS1EvVMr-Ap3gIIMd_Q"
"Jiggs Abejero","UCP7KSniKMWv59CeYgoQjZWw"
"JIHOGRAPHER","UCEJxr59BjLah-wsNd5atheA"
"Jillian Michaels","UCdsvmOV_qYJUPqlUxs72Jtw"
"Jim Norton","UCrdCzMuAhPgRR94yvnFZjvQ"
"Jimmy andrew ","UCqbJEEObP9wgsYJBLNzvCvg"
"Jimmy Carr","UCf9BO33b-MnIxB5y0azrxmg"
"Jimmy Carr Shorts","UCct4Y-4ZDLDC4oMki_SbIXw"
"Jimmy Doane","UCkcrGvSVhvtWzFkw3_qD4YA"
"Jimmy Fallon Fans","UCEqvk-xJfLd0FK1xdINaImw"
"Jimmy Kimmel Live","UCa6vGFO9ty8v5KZJXQxdhaw"
"Jimmy Song","UC1uzziB42VwT7wSlDgs89hw"
"jimmyworldtravels","UCG_xwoTV08Ieb5wh2CCcluQ"
"Jimny Rex","UCJtDvVG6Yl0IdiFD1XIZG9g"
"Jimyxl ツ","UCxQqalUOREjxWP774mwAp0g"
"Jingara","UC6ut2BdpwNPQWqvPL48pLCw"
"JIO GLOBAL TALES ","UCmN9X21_dtfWDfeVRI_dE2w"
"JiraLoVi","UCli_T74tzsmHZdJC_19fv7g"
"Jiří Liška","UC3Sdu_rldzrL8iCUDVxBBTQ"
"JIŘÍ SOURAL PHOTO","UCWZB2qHsPtdUwPmQnnpf8cQ"
"Jiri VonDrak","UCud18Xr1Yx43B_UjJl7J0MA"
"Jiro m. Galvez ","UCzumcmVBgu3I0fwn0TQdQAw"
"JIsan Mirat","UCEktBJzlv1JGZaFrs5CKnrw"
"Jithu John","UCHNqdtQ4m6NyEpPwtTB04-g"
"JJ Cruise","UC0acrAIjquvyv0K_Rw_0KgQ"
"JJ_16","UCxY_dbfVdAfhxL3e6ZtbhGA"
"JJcountryedits","UCnc6N6WxTrSKlEePX3x99Rw"
"JJdaddy","UCh-wWUhnqadfat_fJnoz5Rg"
"JK All Sorts","UCrIM84gZrJ1X_41Ol86kyQg"
"JL History","UCvrT1Fh-SjB1hJfQoyzYxNQ"
"JL News Hub","UCihnkFtjqYuYWv3W5beuSsg"
"JM VanLife Adventures","UCufvdUZJno9_eLzO02fjEyQ"
"JM603","UCTSqRRhxavU-SVtnfa_CvPw"
"Jmausnwisnss","UC0GMUOq2re4C2xjvVZeEaww"
"JME-BizzareHistory","UC3d7mJpVbPWb3zc7myw3oBQ"
"Jmjtheboss","UCL-ZKaZrB5GpRfNjsySClbA"
"Jo & Jo’s World ","UCZpdS8bnV92Qzn2CG-kRzhw"
"Jo_nat10","UCLxUoPRUxMMScbNrSklbvDQ"
"Jo_Puzzles","UCHIH6vQCaNDgc6k6l4-ByVA"
"Joan Catala Spain","UCu9WnBX1N8SNOCaJAzLbDdA"
"Joanne","UC6fOUnh5IwW8m5NcbDQ15iw"
"Jobseekers","UCYrZo4t7faJaQBj_iPoFjLA"
"Jocelyn Carreon","UCQ6keKsUFNgZuwPDL4Suc8Q"
"jock chisango","UCyp4ZTDrTUhjZwgL10xLG2w"
"JOD~Sempai","UCLjOlyuTOGBUGjczJIAPUoQ"
"joe Botts","UCeZgMcriiaSmUl0r-_wsjsw"
"Joe Capra","UCSlmhiIqynzBOmwLC2F13UA"
"joe joe","UCgU5-ca0GKvwtlJSGwwHXIg"
"Joe McClure","UCKuT33k6JofwLzA4BAET8-g"
"Joe O's Channel","UCS4C77etYDtnYMU9NVybj-g"
"Joe Rogan Mindset 305","UCfj9FrIF6sxW9iRRI8UkHVw"
"Joe RR","UCpN_YsIKuCSZmO_MLJJfSug"
"Joe Trum","UC51WS1F7pBpnSqdLdXIHxRw"
"Joe_Shmo","UCH6olmYD1cxsmnWkqFFXs6w"
"joedha ghosh","UC_MqNugq8CMpvjMLATKSyKQ"
"jo'EL ","UCBW7eedCNKgI2UH7OHTHs-Q"
"Joel Cryptos","UCOSfGBx5KPajC8qWS-tj1wQ"
"Joel Mumenthaler","UCpwA4SyYmS-tL4bVO-oebIQ"
"joenethan","UCFBMPBDjod6ZCpvtdqdFJQQ"
"JoeSixPackUSA","UCOJIKPwbcn1UBTnlWxaX4gg"
"Joethecraftwriter","UCFAWrJ3BJDTRGgO66AAcorw"
"Joey Contino News","UC23qwusCUTdZVER_lpWn4Xw"
"JoeyWithTheNews","UCU7cDcTEFAWCmqqTGju9R5A"
"Johan ""JLG""  youtube kanal ","UCHFftI3sPEyNoby2ztVy2Bw"
"johan lind","UCgNYobKv8s7ZpczXZRPaSvg"
"Johan Rame","UCIbBTW_Yo7MKN8NSH9bnIVQ"
"Johan van der Wielen - nature photography","UC4F6OeSaxvsR2ksALkKKOJw"
"Johannes Frosteman","UCHKhOtZSMr6SIqOTXFQTR2g"
"JohansenFamily","UCfeNTCBncYoo9HZ0F7XAsrQ"
"john ","UCscMc3kDfHZMmIatvzSHMag"
"John Bacaring","UCdmLv9Q7A2-sxAx_EvIP3Rg"
"John Bojji","UC4E-75cmadYXPDRwDB5vUnQ"
"John Campanelli","UCXV41VuGAZSar_Rz-VTjffQ"
"John carlo r Azañes ","UCZse1WkuU3Gxbpmzgo7bAEA"
"John Casterline","UCE7spuKzxP1k8A-XucxxUAQ"
"John D. Cundle","UCEHnC8kQZyxfyrs5zRhQv8g"
"John Einstein","UC_1tAqi6Srh6FkGaPA4VGxg"
"John Horsfall","UCdOUNOtEqivfeQbX0Y0JkuQ"
"John Kelvin Nuqui","UC6QNGM1evQbIab0XdUS5hfw"
"John Mark Mabilog","UC0zQj9suUNG6wSjClDT8X3A"
"John Maverick","UCNFeardqrNBd9ajTDJGezlA"
"John McMurchie","UCOabXbNQrPsOUGaxfCd3OWQ"
"John McVey","UC9zJ54yTYS9rBTYj6vAKIlQ"
"John Michnowicz","UC928RdmTPGuhgU7HGrxZKmg"
"John Moldavite","UCZjrP7G0mzgy-_Wum4ulekQ"
"John Newsham","UC6ut4xr-1IqumEUUsS8m8tw"
"John Page","UCuUOjQnIZay8u41cDFlu7tg"
"John Pedersen Photography","UC5PTwXMTZ3_1059bPdok92g"
"John Petersen","UCjzzM5r18K2QxMGqLUKhW2w"
"John Samari ","UCq9pRiR5pyMYLGGFX5VhNOQ"
"John Schwalbach","UCmiYdVU6Xr3VB7a5tDTRcQg"
"John Smith","UCFD6Vo5I9dnnIaYlVvfLmNw"
"John Wilkes Truth","UCdruMz8bAScfxwtGgYD8vWQ"
"John Wilkes Truth","UCaAanBSDiAVtWn__-WL6Cdg"
"JOHN’s life on board","UCirhFC9QnY-TNke9KETuY7g"
"Johnny Harris","UCmGSJVG3mCRXVOP4yZrU1Dw"
"Johnny Johnson","UCg7Q08KKOdjSrSnXcUL00Jw"
"Johnny Master","UCLEhhlr76UGSzWoEikyi19Q"
"Johnny Park","UC9pujGD4vsf81_c53gGHyPA"
"Johnny’s facts ","UCarua9WYsWjKHe4ppjvpp_Q"
"Johnnyblue1tv","UCLRYPg8mJSSBttRM8x_Vgsw"
"Johno Verity","UC90NHE9f2JBvPBnQGIolb4A"
"Johns Manville Engineered Products","UCHbunEFakup8cKgP2GvpPEg"
"JohnThatFurry","UCUXK027t2_bs7QH_qFHSzHQ"
"JohntheDuncan","UCjZNuiHWaxFhtaI1EAlSXlg"
"JOHOHO","UCWAmjDt7zR0GI6y40htqLUw"
"Join EPP","UCdZRLTL-eqP-J41XT2wybxA"
"Jojo Facts","UCJCrnYrlsiEF5HNggI8NEZw"
"jojo jazib","UCyouiHRC0Uuy6uayHQnMBLA"
"Joke Catalyst","UCrbUmi-W2fKeq4ssiLAxY_w"
"JOKER MR.Z CASINO LIVE","UC97myUFsdC1sVo_iqBmYppw"
"Joker Therapy","UCEKWlb9Bfip-_Lj_IisbYTA"
"JokeUA","UCatmio2qFfwtUUXysTo3wSQ"
"Joking or Hazardous","UCJQm60SYLVkA2R4VfxbHOcA"
"Jolanda Linschooten","UCsjuk7Z1AKkzpcn_2_Wv3Sg"
"Jolanv22 ","UCHEYrXqBgjgbJaHUvt6LPXA"
"Jolifacts","UCai_OcxgZPpzidfYGsGV5jQ"
"Jolly “Games2jolly” A","UCJUoBcgvI4Cm8ndrFxrUsiQ"
"Jon Amtrup","UC98Gnhn-MbD5Gzf8CXUSz_A"
"Jon Drinks Water","UC15CpXEtQ4DH6UCE7kNcQOA"
"Jon Helminiak","UCQfj79W6M8H9MOwmNH-PScQ"
"Jon Liang","UCbHLj8YwMYpL74omq0JSiNw"
"Jon M","UCpKM0j9hgjZcrJ1VSX0C8UA"
"Jón Mosgaard","UC5vtQaVDTKFTJyDLjxz4PYA"
"Jonah","UCjtqsYWraN-Bj58TS5T6REQ"
"Jonah","UC-k5BWq7PqLZyl7u2zIpbOA"
"Jonas Beyer","UC2yjJo8k7U36g8LTkEkDOlA"
"Jonas Giese (Wild Giese)","UCWP5dAOqpC8zQEnaeZP8ekw"
"jonas jonosovich","UC9vCGVOhCJ4WzaJJRB4fmgA"
"Jonas Laursen","UC7kh4XfuXF_U4dzSw3hlPaw"
"Jonathan Rundman - Topic","UCO7OsfgmclMFb9G5TdmErNw"
"Jonathan’s Corner","UCF2pLTqtRYkFKv2u5Y5xOWA"
"Jonazzz","UCru9ADHgi0qk5ArKsxNFp_Q"
"JoneFactTV","UCSsL9596g1ydVLKZK_d9yxQ"
"Jones Kebhart","UC1rG_sDUeIVn2shPh3a5e1Q"
"JonHiclimb","UCO2BFCG17A1zMN847OZdq1Q"
"JoniElizabeth","UCT2AZqMSVMotiuOufHa_gLw"
"JoninnTV","UCaoh1z5n3xN4y6SulfYByww"
"Jonis Tv","UCuegub2D6ESEbx1AkUkIBFQ"
"Jonny Johansen","UCgUrm2AgPvHHwf7Asco3Glg"
"Jonny Skedge","UCu_PR1EhlBKOd8y-z8iBN4Q"
"Joost van Vliet","UCRgWj33tRshy490eeUIiarg"
"Jordan Himalaya","UCh5JTs_TJNNtNWGZaX6t3SA"
"Jordan Syatt","UCZk-b1KyEL9rovh7zdfw_lg"
"Jorden Tually","UC9hCQoT-VY7vVRaC62WJOJw"
"JorgenBoassencom","UCmCgEwZ2495E7_LTVS2jTkA"
"Jorgix Aviation","UCPrW4300iLWo8Y06nsLs1eA"
"Joris Holtackers","UCi5VeFFlg-EkOVaQ0zoD7ZA"
"Jose Betita","UCthKjHPCfIoRVSAakX9gssA"
"Jose Betita Jr","UC_7uMSDEA-K8h-LMRSuZh9g"
"Jose De leon","UCMBwMZBo501WdCC5HlxyuWQ"
"Jose Lopez","UCvufgRYAFpTwFUkXbaQBlZQ"
"Josef Kajangmat","UCKIfiriU9J6kfXEgYGfxaow"
"JOSEJACOBYT","UCqGJ7oUFCMemb-YvKQBJirg"
"joseph Atti","UCgPu9O3D6SNspWTV73mWmPg"
"Joseph Carter","UCgkoBlvHmm4klGptKYvU4ew"
"Joseph Katumba","UCx3l8MAb-M7aIB5zIQWoc6A"
"Joseph Newhouse","UC248KthM9qvD3DMOu7cTtiA"
"Joseph Shenouda","UCRj7u6fmW8RYQl98hcwbwng"
"JoseTassies","UCx6plsc60lh7tKyJFnhMmIQ"
"Josh","UCZRhttMnLfBCGEJdNBO9EkQ"
"Josh Arts and Travel","UCSju7P59vlKokIzRS3A6tIw"
"Josh Cahill","UCJmkopWuQxI9U0NQaOcl68Q"
"Josh Szeps","UCvdg1pCqYBn5lBYt_Fe0NVQ"
"Joshua Godfrey","UCRvPHRHPpvforX59FnOvLvg"
"Joshua Holko","UCUs7nLPiSX9V13NlygmDWew"
"Joshua Joiner","UC-nwZCyiFoF5Dex6lOpqwZA"
"Joshua Loyd Fox","UCc8VsrH5VQgBjIpW2rR7dEQ"
"Joshua Sagona","UCAutj58-MMv6jQckvnHlc1g"
"JoshuaFlyFishing","UC1qV6ynLGVZj9mTyvSGGw-Q"
"Jot Tv Australia","UC2XSdCDXz_ZILhESLeoEj5w"
"Journey Around The World","UCqasg3tQZFT5ch7k8ISVemg"
"Journey Beyond Earth","UCew5aIrw4n_q-qTOYSyB7cQ"
"Journey Guide Official","UCz6lmlzUVAjQZnXESJWaj4Q"
"Journey of Kings Travel Vlog","UCl2dDYtnKZSoMp3eBaaZO_A"
"Journey of tias","UCnAN-6hPPjnk831ABRLwkcQ"
"JourneyCanvas Explorations","UCKG36HpkrZutjoW8eFS2CQw"
"Journeyman carpenter","UCZIvL7-Mram_HjiRfriA_0g"
"Journeyman Pictures","UCM2YmsRUeIbRkqjgNm0eTGQ"
"journeywithus","UCEkMOA4EGJldEx5GYekm_MQ"
"Jovan🏳‍🌈⃠","UC5XF9E2SohOa4H6lMe3AavA"
"JOWOLAR","UCDv2mZWwfcLTaX6mYXjNNpg"
"Joy FF","UC7umeorbIFkxLasUovO7hiQ"
"Joy Grecia","UCpT6gdvVYTZ8pHDbIVeKwjQ"
"Joyce","UC1UiGFY00kqQPFd4KCWDKqg"
"Joyful Ecstasy","UC5NOPlaDjn2m88Mo-u3qZqA"
"Joyful Gardening w/White Socks & Charlie","UCZnIhy_MBWiHj03Bn10AMDA"
"Joy-Krish","UC0TUP0mhbGXI5R2ubKFThxQ"
"JoyScore","UCosjakBf07YCxFb2muNLmRw"
"JP Outdoors","UCzyAlJe1SJAh0GN0pu4PdZw"
"Jp Pj","UCvyI3ART2gZ4sIkCfhDtY6A"
"JP+ English","UClfymB-UV31yIN5GD3oxb8Q"
"JPK the GAMER","UCBktegNRV9Xji8ma3C3O8pQ"
"JQJO NEWS","UCifzuhD32C_ceDimFvt3m6Q"
"Jr Shortswide","UC6mWmGnLzb0nHVHHrnueYyA"
"JR.MAP. BD","UCpdy6ZUxChYO-56VJ8RjFwA"
"JRE Archive","UCTmbt7CbdDSnq-KC94TJd-Q"
"JRE Clips","UCnxGkOGNMqQEUMvroOWps6Q"
"JRE MEDIA","UC1gP1AhBUTBNAQCGZap2I4Q"
"JRF wala Journalist","UC-JVC9womw4DfYlWjMjIAnA"
"JSA","UCAujKd1l5hsKfqZ2H1jH4yQ"
"JSB Murmu","UCbgmrKdh4vdBAkx4dePLBnA"
"jsg ","UCiIssMw49CPS6hKxA8mDRrw"
"JSP FYUBA","UCkhEfTTmZD7WJUZlmoLWo4A"
"JsT EnJoY","UCGiHc8xbPxuyT031gMM0atA"
"JTB News","UCr1zPaTGZ78u8GFlx4TUJYQ"
"JTex","UCurvBdBpfnX8DqEUMJ7RnbQ"
"JTFC","UCKuDtwIWM66csxAKk2npZvw"
"Jtimeye and friends and Gaming","UCdZ5ygQYv5m4G9sFfSloUew"
"JU X Music","UCMNIWD1ZVdeopKO8-ePiOWg"
"Juan Niño","UCW6ZDV7IXKk8VwTvEbbYjjg"
"Juan-Carlos Martinez","UCbY3qE-MtOz50lkypZw13OA"
"juancruz1103","UCVrC1mWCRnZEoSqZOm05fjg"
"JuaraProduction","UCvp9F8vTpXTbOWcR82zzIng"
"JuaraProductions","UCJLZNEZTZC2LVqeyWZByyAA"
"Jubair","UC7iSY9V-gcW1sJopW5ATcwA"
"Jubilee","UCJjSDX-jUChzOEyok9XYRJQ"
"Jude Evans","UC2wpoNxMob2lfqjnvfWs79g"
"judeeee","UCHRoGD43c5mR8rBfYFnhwlw"
"Judy Fay London--Let's Talk. ","UCcDJ2hkNlCncLZzr63zoaJw"
"Judy Sharlow","UC89rEOrkQF-EjgHwUWv7uew"
"Juice","UCfq80qbTjlLrBg1VT6eHtJA"
"Juicerepublic","UCzqkwtaTnnBjrBm6xnKExag"
"JuJu’s Joyful Adventures ","UCZjsMSzK4A4ggMJEBI98AmA"
"Jukku","UCEff97O5e5BipDVLzfXbI0A"
"Julemandens Værksted","UC-PRXoZNtGnIrKXXYEKqKEg"
"Julia Hnylyukh Travels ","UC4JrCst_4Of8dLheWqvQdcQ"
"Julian Marchetti","UC2E9dNPQLeN6TL0Y_GMoG5g"
"Julian Storey Aviation Ltd","UCqn9CS-gsn6L16HMLJf74oQ"
"Julien Miquel","UCYsWqViUNFkLaXKNR9clGLQ"
"JulienWesthoff","UCu4WU8Wc-fiNOulWA-U9zrA"
"Julio d'Escrivan - Topic","UCU7yH3BhLdrsCo2BeI4FJMA"
"Julius Poulsen","UCLZe97dyN4j_PPJzE7Q7mcg"
"jungle king","UCoMD0pNgEABwke0JssOIZyg"
"Jungleku","UCHLWY3dbg_T5RH09ZKP9tXg"
"Junior Cambridge Stars","UCvsJpfPwogB4VBJGBPZvXAQ"
"Junior chef Ayaan","UCV7lNjwUdSZh0yKDvwL9q6Q"
"Junior Draw it","UCi6UCnZom2zVUyWZQOuzwZA"
"Junlhoy Talian","UC8M0vrrnzoCAKZfsPgWGRPw"
"JUNLY CORDOVEZ","UCOq1IbOPb7QjczJSINH6WkA"
"Juno News","UC9jipu23ffJC0hYrX7Y8p_A"
"Junyu Xu - Topic","UCkmsGoY-ZEN5vrFyS5r8Mfg"
"Jupiter TV","UCx2VfaxqirEWIgQ1AoOfq1w"
"JupiterisHere","UCYViQHUR6-oVZwtsZ26gx4g"
"juraltrips","UC8zmHfVq4SnjX2NThRMqnWQ"
"Jurassic Beni","UCxe55q4FzNmMzIkzk1f2xvg"
"Just a Aviation Cat ","UCAxr6MiYFX1BR1sDHKAHyZw"
"JUST A LADY","UC7VsAosF_OHBw-qF58HP_EA"
"Just a Minecraft guy","UCZlnOKgyRt-drWLr3jCE2pg"
"Just Alive","UC2TCt9vvY6I9E6dKcOEZ75A"
"Just Breaking Deal","UCFmnM5zzCjfZww8vFuK8Rrw"
"JUST CALM MUSIQ","UCt7gjZ5qedF79z72a8Y5DMg"
"Just Chill","UCnl67kDZKAkivif3v1UFqVQ"
"Just Do It Travel and Fun","UCZEcVjfeVHkQQ2hGSpVZiDg"
"Just Explore","UCtC-_Sdt_fDgHJnE-6otuvA"
"Just for fun","UC29zMfIyUOw-PIC5AJwktNA"
"Just Gamer","UCcNqdbrPIsk_7V6ydUiRj4A"
"just go","UCVBLOzoQrRz2abFh9NGqAvA"
"Just Go Yolo","UCnl9Y2sOVTA1-gNuJ9yx9Wg"
"Just Have a Think","UCRBwLPbXGsI2cJe9W1zfSjQ"
"Just is","UCNUdk3syNromhpZWpZGliYQ"
"Just Like Today","UCtNj2vXOnmrHbW-LVglNLNg"
"Just Pilots","UCGxwyc86db9-73jJrsvUjog"
"Just Planes","UCr8T9rFNMB3tLAW2TSFZc2A"
"JUST RELAX - NATURE IN 4K","UC7CLty_4zBTbckiLVN4Ci3g"
"Just Some News","UCz21JMGwOq90NpSs-hADTgg"
"Just the Goose","UCdaaq_3jVVg4ln8VS1TlbKQ"
"Just To Travel","UCffhpVIDapdUtEnrHtL7SYg"
"Just travel  Shorts ","UCexA95qxdl9uq4SJMMqndMQ"
"Just traveling 11:11","UCwE_RYG_13-lX6udH6LE0NQ"
"Just_Karsten","UC39vvGwduRiW2t_YWFSvK6g"
"Just2geographynerds","UC3HkSHQeuQUJsCEX-_s6rgg"
"Justanotherpilot","UCe13a_twNrd9iYafeop3REg"
"JustCoolVids","UC1pnS0sNQB_RCf2GUAM5e2g"
"justforfun ","UChACcsecGlWWdo1pTb1HuGA"
"JustforFun🤩","UC6dtKokFKUwwsjqI6TEBkGQ"
"Justin & Jess","UCCvpeNIuuu7dkusQC8MNMag"
"Justin & Sydney Eustice","UCHaBKfc1gj0tQsfx5RcxJsg"
"Justin Kase","UCcmjFSsjXNrl9f-pN9BvUOw"
"Justin Ng","UCSIjkzKxOULEOnsB9aXOO1A"
"Justin Sane","UC3uWn7hPt4d7V0Jkb3Z3BZg"
"Justin W","UCPgoyZOF9ZO7baIuxPr095A"
"justMario","UCc4frKNIg12bnJ_1GxJewRQ"
"JustMeYour_Bard","UCbPJnvblhN89HDJ4PcMgetg"
"JustTravel","UCMgggmJg2EMSCoeLG4dQiUA"
"Juzt1in","UC-QKF7Pg6NWYie7qCBeaIqA"
"JV for you","UCmq_jJNAQjj6FtavDofBWyg"
"JVCNEWSUPDATE","UCpMCCkalzD1TpZJDalRDnyg"
"JVD","UCtnCZwleyXhiHW4V-kG-guQ"
"JVN Photo - Jeroen Van Nieuwenhove Photography","UCRdtZR7QMEvJFMefAFVG2dA"
"Jyoti Mishra ","UCL9qq1edY9FTeOFKXP2h-eA"
"JyotiManish#Manjot","UCEjApdreqHkRI0stqhznDcA"
"Jürgens","UC-fUQo3CIvpLezbGqgB3Yag"
"jz_sreehari","UCKILciQMk50ntBnEqrTSH2w"
"Jørgen Kjær Jensen","UCzudYtmoi9W8e8YfolnlW8Q"
"Jaabir Calligraphy House","UCy05SwXJtGD5KFLEV7pUjKg"
"jaatkartik13","UCFQA_7SVMCxzYAt2KovdUBQ"
"K Billy","UCemeXOdwxH-RD3KXOcxkN2g"
"K Blake Greber","UCaQWEVuGm2e-0K8leJNBCOg"
"K cookie gaming!!","UCGy-TTE8OdYANiE9mNH-WXA"
"K Dre ","UCdaiJd4fjk-IhBwL-hka_Sw"
"K G creative ","UCacVhpx1mKk5hCaA1chzJwA"
"K P FUNNY","UCHEML-VJWyW3byvQkAeQe-A"
"K Square","UCAphw0WtW9VlA95BebrUieg"
"K/O SHOW","UC4n1ia9iM9gSHCbZzX4btLA"
"K_ Riber","UCwAzdyV9ZNT4vGg8YD4dIbA"
"K_Greenland","UClE_coq1fPlgPJXKxtjZDPA"
"K€πKeπ official","UCCUGfNX4UYAGggMAzWmD9Mg"
"K10Productions","UCRDkWLNMY0wHkqCF5Tnyw_g"
"K2 Krushna","UCv0kRYxnSIv8L1FV7RTzWJw"
"K7_Bikram","UCwOg_oV-s_cPTEzoyFFm6tg"
"K7_weddingphotography","UCuEDGUpgIsUKR_r2JF8m-AA"
"Kab Tak","UCzKmNF0ITHbvNCr7ZrOPmrg"
"KabayanSam tv","UCJhbdc3JF9gSrJBdYb-slkg"
"kabir","UC02tRiYmdqC0pSsJOchX_5A"
"Kabir Dev Verma","UCr-OUb3LAv4B15rl0gisLUg"
"Kadha Cassette","UCjdzKUyDxKIT--vV6gi-_Rw"
"Kagan Dunlap","UC63Tq5qh0QCKemBSHnXuF5Q"
"Kairo Wilder ","UCtYidbfadEe7v5TDe1yXJZQ"
"Kaivalya PCS","UCwhAVLx6Pr-yp1hMO0p7JbQ"
"KaizerJanuras gamingRblxonjellyjosh#payfromukraine","UCvC1xxE7WC4lTpFM9MlKh9g"
"Kakashi gaming #anime","UC_Gp51zGxIseh1bLefgF2MA"
"kakashilink","UCp9uoa_lrcY2ouCNYhoCROA"
"kakumee","UCl6gWmxxqQchD0WxZzrSVIg"
"kala boom boom","UCW5FzV84TAcMrRxfy3QhQbg"
"KALEID21","UCxfQgdNiUdmn1T5CGmnYUeg"
"Kâlêrak' Heilmann","UCuOnsWvRKbv4z8OY6TLIvGg"
"Kalkine Media","UCCqqvuhldqUbRrvfek50N9w"
"Kalpana Mavillapally","UCGn3RD_K_yonhubK_qm1Ypg"
"Kalpesh Pipalva","UCT3XQVqdYMntFAUivp3pL9w"
"Kalaaleq_","UCKOrnuUyFtNONaAGE0zMPZg"
"kalaaleq_memer","UC1XRpm6vr7XUgTNoozbELnQ"
"Kalaallisut Aqutsineq","UCbx9jVa5a4QtU0bANjW7RUw"
"Kalaallit Nunaata Radioa | KNR TV","UCIjOAtv53RHerlfl98fZmcQ"
"Kam Z8030","UCxhev9Sh2EGx_KvjXV3IZqg"
"Kama11💓","UC9Ujs0eeQSSIh5U54bEjQLA"
"Kamakhya..""Center of Divine Power ""","UCX_6Mx2lYyCAudUuNrIx3Xw"
"Kamikaze Riot Network","UCCta4uu0fBDhAQy8WOXzwbA"
"Kamilo Rios","UCr9Ak6XQvT-n6F5Ev49sG9g"
"Kamran Sabir","UCdGZkpAm_S8n-ymGLQtFZyg"
"Kamron Carr","UCNn0-QoLVpa58ppr5OV-Wkw"
"kamura-empere-official","UCZO7BeV-ygaVNxp5conL6qQ"
"KanakoArmanet","UCsj7YqzPHImNPO7qkLa4BNw"
"kanchan blogs","UCuDO8IUKgnXiADYr4EQGDng"
"Kanchan Jha","UCFsvdCBNkNgypoXXjt1qMDw"
"kanchan kishore","UC43POT-D_1dOLdEwwp_CuhA"
"kanemochi(金持ち).munchkin🍡","UCeBdOo-cXcaLLOMx23D0pYQ"
"KaneStar","UCnoGn7QD7KJQUD07J6boknA"
"Kang Fayes","UC_Qz6VNHccveGgOfa4Aeh3g"
"Kang Putra","UCl0LDh1VSL4fgKzKQkeW6Pw"
"kanha 125","UC6n0KXhUdkYk72W19BUsYeg"
"Kanila","UCtId2vPBSJYsfRW5NayuV7w"
"Kansal Sahil","UCMXh3WsN6NrQ07Ie_zkOwEg"
"KAPA FltOps","UC0CzLn97YbiiMkEqi9kIORQ"
"Karachi Informative Channel","UC4ifFyml1bzhN6Rs0rLJ4sQ"
"Karale Kielsen","UC2sCtPUzgUWkAH_pWfp-zWw"
"Karan Dhillon","UCNlIPzLRVmT6REiVQfEMwFg"
"Karan Sharma ","UCd14zKOujuOirGh-bJRomYA"
"Karen Hazel Petersen","UCb6Xys0EXoXTziqe3DZodPw"
"Karen Musilová","UCx0FAlAktmkYcerjv_rLRZg"
"Karim_Jovian.1","UCe980pc1KFv2GwERn2uh99g"
"Karismaws","UCttmYFrjw2RdnH-zQWEulUA"
"Karl Boas Adolfsen","UCY86KQ3BdtFAeUHCbc03xwA"
"Karl Elias Goliathsen","UCjQJniVED4R0DR6peVpIrfQ"
"Karl Jørgen Hans Jakob Enoksen","UCelme6ZNJNh3ayMQl7_-8zA"
"Karl Pavia Larsen","UCaHUsVBhj1XYMv9o6DRKXbg"
"Karl Peter Karlsen","UCzQYjSrLtakvhdpIAmw635Q"
"Karl Urban official ","UCA4THmlQuGTPd_p_cIpnbpA"
"Karmmah","UC8vCPNG9yff-22HgKjePFCg"
"KARNA DEV MGRX","UCg_xIUY5eNl7IVxDndo5ucQ"
"KARS","UC6BpgZnTiHrxnkBE2MQJxTg"
"Karsten Aagaard","UC4PVcTtztOYPU7AlsnzDmMA"
"Kartgal","UC8vLTNoSCFIk-KhMJ6OGRTw"
"Karthik manikandan","UCYnixDMpYTa5LeCNQ7qFHMQ"
"kartikey malik","UCFdRKcw7kWzF--ND6tX6QYA"
"Kartikey Yash Tripathi ","UC7c73J_VWQ9tOX4FfZmwpjA"
"Karuna Nandam","UCT9B7NQjpfcvNnJ9tHbJfgw"
"Karunaa  du tv","UCCTXzGyUoTM_aUds1mTVHyA"
"KarwanoX","UCSQ6LLeSKO1SIUTjWSQu0EQ"
"Kasa Chemik","UCZa7N1mxClVwCEgsQAKG45w"
"Kasha official ","UCa3KwQ0RtsevrkbaxtW--6Q"
"KASHMIR CROWN","UCterAWyyNSM8bwwPnI5X7ig"
"Kasioras16","UCBzS5FXPLBDk78IjkmWI6JA"
"kasperz","UCCxSx4VZKOSmDT388w-0cAA"
"Kasto Ramailo Cha !","UCq8LiA3pr8yRBBU4TfO4ihg"
"Kate Selway","UCPZPfAnX7Y-9COw3127wRGg"
"Kate Tobin","UCfv82EcWm5_Tufihj6mPmcA"
"Katha - Sharing Stories, Scaling Impact","UCNCSYqpftUXsDM8gve1h_Kg"
"KathArt Interactive","UCE0gU6c191J28YO-pw8UpKQ"
"Katherine Michelle","UCWXX85Ng80lMJM2SuqNXk6g"
"Kathrin Kaiser Mama & Pilot AA5 Grumman Traveler","UCZZFqXDR88p7EF5UjGk_34g"
"Kathy Barnette","UC4CaP4vzkm-ZEIH86wVaJsA"
"Kathy Lee Pair","UCT-1ioTvEhXPi72ECgPIRdg"
"Kathy Wa","UCOK72DLOKfPmURXwDL1RGoQ"
"Katie Couric","UCim9TnNKH5yinZm8_L95C-A"
"Katie Shell","UCHj9mvysVxozT4Xax19-_3g"
"KatMoo","UCZ4yCWZB1mPbuTSqfd8fF-g"
"Katrin’s Adventure","UCDjz2ts9vQqX8L4eAQxjrCA"
"Katrine Faber","UCxqNmGLKtq1Vyq87IgkHPrg"
"katseye_fan","UCoR4r5qc7slS5Jb8htfcWLQ"
"KATVchannel7","UCzDwapMWqoitI9Wv6nA7AYw"
"Kaushal Patel","UCVzEWl86ALx6qxn5Qh8tpcg"
"Kaushik Bhattacharjee","UC32XD2TGOG0He0Ikxc7it4Q"
"kautsar abdullah","UC92AQ9jjlhcvO6qAxz-37jQ"
"Kavee Rk","UCLzb5NkPvPh1ghVaCM1SYGg"
"Kavindu","UCUWNUlQtfIZ3B8p7CvLwKQw"
"Kavita Star's","UCH0EVmKeKqfJiYrj8RtDr8Q"
"Kavya","UC5uFVWbrGqtw9pN5dqYFvVw"
"KAY9 | HÊLL","UCZY7SibARtfcqt0YAMB1AiQ"
"Kayak Hipster","UCpLdVk1C9OqNmoLvmVBZcDg"
"Kayak To The Sea","UCz2Y9K4w0thUdR014zbDx_w"
"KayakCrazy","UClmgiYFCygMbQJKU174_lZQ"
"Kayal Sri","UCir8pkwcplsvUsJifYuBesg"
"KayMc","UCWksdbPEG0to6t1M4Ltp2Rg"
"Kayra Yiğit Çam ","UC6UfwOu8vwlqJ83qkwLqTsA"
"Kazakhsball Чина 🇰🇿","UCaTXiWUeUxNP-H8AEpKGlbw"
"KazeNoJake","UC5xdfeBLOoigpuetycwMCiA"
"KAZI BARI","UCSsDP8ocQXW0kOSsLpypdKg"
"KB Insights","UC3hZae7OyplxjNknX6y4njA"
"KBAK - KBFX - Eyewitness News - BakersfieldNow","UC_rgiZZtwj0wGHAYNAfoBCg"
"KBC Channel 1","UCypNjM5hP1qcUqQZe57jNfg"
"KD TRUSTY","UCcoPcODAgJI7A1HAKx3Be_Q"
"Kdot","UC97UC3yvUcRrIuZQDSR_mXw"
"KeAn Z","UCHrEu3rNIXzG8oQ9jtcWeAA"
"Kedung S","UC16FCdlCNPm92xITg3vLIyQ"
"Keep Cool","UCwf1l_FFeBLIDCkUeOVBuug"
"KEEP IT Simple","UCp7MsyoTp7eZldxNtJjP2Rg"
"Keep Plays","UCnI_8DWfQl9ih3kldBLn31A"
"Keeplearning","UCf_FbeXxc10iYbxWzQd7eGg"
"Keeps","UCcPW9UFrVkkLe-Yeipi8WSw"
"Keerthi's vlogz","UCApAOkxW_rKCTFnar5EsTvA"
"Kehutanan Unila Kelas A","UCsimAckUZ2plcD7wC5DOzGg"
"keiron merge fellas","UCysUdsUJ9ufXXqy5idwfJpQ"
"Keith Edwards","UCagO3YGMBqDjrWBhw7wKuGA"
"Keith Hanshaw","UCo8R75IqqsYZG2A_mR6i5Ow"
"KeithWongTV","UCljAUjvkF9kzmifm8R-uoSQ"
"Kejseren","UCzQQRPTR2jBQ18kpK_6ug_A"
"Kelli Givens","UCDH1A2xFWtnIa7NTJCDkjBw"
"kelliiebabiie2k9","UCQpFrUoahfNqfuPLfouzMMg"
"Kelly Fact Zone ","UCjO_sWc5xWq7QIesT0g4I8Q"
"Kelly Louise Killjoy","UCLPnUo2KuVkR5GFhS8kRF7g"
"Kelly Sheldrick","UC-aXG-0sCRkvNU-PztfgtHQ"
"Kelly Shen","UC-HMGfrKb6s7TWm4LppY_7w"
"Kelo Pierre-Louis","UCGO4fA_9o--Or8wv8yhWteQ"
"kelor","UCe7fNJW_a5INakmBKc-Yo6g"
"Kelton Ai","UCfADfiU5pkFH5wuvlBsQTNA"
"kelusport","UCHG8INhZuyKjzrlYxkEAFPA"
"Kelyan Designable Professional","UCITpEbeyQHDbVmcMoH65SRw"
"KEMRHAN KERİMOVİCH .","UCwBJI03iL2z1ek7AzFfwiuA"
"KEN","UCqMG7SxqjxOkVxZQrifBIZg"
"Ken","UC-S0oq1dn4NDNEGpSDdrNzg"
"Ken","UCk6F4SAHUbQ6FlAN7vXW2pA"
"Ken Draper","UCGRZnU5zsTPSH56TJJfboNg"
"Ken Kerrick","UC3gmlCRE3rJJO85UGk_E15w"
"Ken Wood Comedy","UCG3W6yvVlIvOiCIgV4ZuJvQ"
"Kenandybross","UClz5oNzR5dYelhKfc0S0nyw"
"Kenjiro studioz 🇵🇸","UCt-sznHS-9eDtf2AcEmrQhA"
"Kenneth Reek","UCZXf8GE_AcZ12QpEF1bzh6g"
"Kennie Ørsted","UCb9-gjLhwO7UOT9vr6O0ohA"
"Kenrez","UCU-GfQy6FtXzP6Iatz7sW3A"
"Ken's World","UCA8EqFyKScLmDGQztZaLhtA"
"Kent Treptow","UCLWeq0hbDdckyqlAwS7zGWg"
"Kent_Rai","UCQGPSfb5gPwd5uZGU38fs8Q"
"Kenya Science News","UCs3oHSi_JuP7QuyDwbuU9Dw"
"KenYuri Productions","UC9ThkNa587N950fiQUx2n7Q"
"Kep@nep~","UC0cHidkgE5gFYRRfXxYQzYQ"
"Kerala mapper","UCYVmBLOYztD4CKbfHtJYxkA"
"KERAMAT ALAM","UCqAH2hOn0-sY3R8LUCdWdyw"
"Keranga Airways","UCEnHhWd1icNTzGbBv4V6W-w"
"Kerrie At Thru We Go","UCJLsx0nHqidNXbA1tDbD9kA"
"Kerry McCauley","UCzMgczdd_dODG-kCLo6Ra6A"
"KesiMoney","UCYbpBKUUWFzguOmLCM6fjLA"
"KET Worldwide ","UC27xZdnKDKo8wqiWfLT9NhA"
"Ketan Gaikwad","UCWV3c6ynDg7YPkKMqFALZ2A"
"KetrapeCF","UCIExrWmRE8flkHz3T0lcUMQ"
"Ketut Diatmika","UC7WNDrppNyKnwwH9foeyTZw"
"Kevin Amenya","UCPmXgDq5HHIn4hpR8fR1Exg"
"Kevin Andre","UCDqo5ZXSS6bPsol5ytsG1WQ"
"Kevin Green","UC2IkP_FI-a_vhlG8K2UHmdQ"
"Kevin McKinney","UCWmdwcUdw9UwoNiqdCUX_Jw"
"Kevin Shaw UK","UCE2s9mcqhhSCFlXecwoxZOg"
"KevinYT","UCUr50quaTjBKWL1fLuWRvCg"
"keyinfinitely .102k views.2days","UC1UEPtS1PFUIp3NLWQo-z9A"
"keyuRajput ","UC0oXZfIdI9FyPGUSkxemWlA"
"KFN Media ","UC9jB1y6rKVxobpNck5gWTCw"
"kgj abroad","UCEnlII0-KbBDBxEZ5nUow5w"
"KGJ Greenland","UCu3G5k8LjmoHQxfhYIoUr4Q"
"KGW News","UCKgAB8lqTbqbwXC-e6_9lhQ"
"KHA Discovery","UCNLvd8hnUfPC8mxVWI_WuDA"
"Khabib","UCv33x7wug5CrSwVTxeZUNCg"
"Khaisa ALqueen","UCguKbIS61Gu36WucjzrOnqA"
"Khaled Fatmi Syed","UCu63EX5DANOLrLGi-y8PU9w"
"Khalid Ansari","UCSjAh-oIAZbLC4JwujO52Og"
"Khalid Sheikh","UC6Oz56Kajxt5k8lmExuIESg"
"Khaliq editz vlog","UC8Vdc7txBj48YBeGwjmjIKw"
"Khan","UCPyCciSVFsUkkYvTu3IcF-w"
"KhanaBadosh","UC3v9BkqI_7EP16a7f6qZk9w"
"khanhmdctai","UCVfOZsxwgcWcljNuwlgZU9g"
"Khan's Arts","UCVrTTzcR5fBB1OiBzusrtVQ"
"Khawaja Shahad Ahmed ","UCkaS6XSPX5d_fs0YtdPdk1g"
"Khazvik","UCkH2KGwvWJQCB6BqP-6reFw"
"Khibit universe","UCjisCDQY4xjXkQUk2HYvb3Q"
"Khoti Lingi","UCs-tCNzZ990MKPVOIet5ySA"
"Khurram Khan","UCX4tcFeMPEEZA8eeuCgnTsQ"
"Khym Shaineve Bula Pareja","UCGvz6BjJq1MpMHgMJeOqKBw"
"KIDD NEWS","UCo_HpfqpeFLbTG97TqSuw4w"
"Kids Channel ","UCXZSaB_XEuZqlmsBnye5uYQ"
"Kids hub","UC4bKdgoKlYGbn2No_nl_bLA"
"Kids News Network","UCetGGVbzhKd29SKNByXYLDA"
"KidsCorner","UCAVg_z_CiFy0cXRYYWljFgg"
"KIDUS STORE ","UC4jYKFwIz3yZ1_nCYh6dx5A"
"Kielsen-Mølgaard","UC1nhTigQIZ0nrsAsBGEnmgA"
"Kiến Thức Hữu Ích","UCluViI8JN1he2NGUvqHDqAA"
"Kiera Swanborough","UC26BaO3W6ZUr1j5pjKvM3zQ"
"Kieran Magee","UCYzDo6NyCJ6Pd6lyD7zBExw"
"Kieran Travels","UCj8blUNm_W2f_f28nZRDaYA"
"Kierunek Hiszpania przez Islandię","UC3aTNnPLLD04lppNiJ4Z4IQ"
"Kiki","UCbyREq3Wx_K138SfzlI1EUA"
"kikito17rants","UClf8AYUnjAEGf3EuKvovOvw"
"Kilimani Mums And Dads","UClmJa5ifXdJGFFFoB1Ih1Dg"
"Kill It Before It Destroys The World","UCD3ufT790O_oC3WyfZe4Oeg"
"Killer👑","UC2rtdguTCkffkE_wVVZ5NrA"
"Kim L. Wright","UCbV3AlblivfqNPsEOxjX_ow"
"Kim Mätzke - Matzke's World","UCWYNNtt2TktRDzSeN6jqbuA"
"Kimberly Nguyen","UCUPJtPaaj7YGER8NXQOANLA"
"Kimchi & Miyu Official","UCzIh3HGGGjG3eakMAJDh64Q"
"kimmium","UCPKJDs7p5nyqRGjMZB5WQXw"
"Kinda Consensual","UCwhU_uTuLUZOVV2q17VtWjw"
"Kinder Nest School","UCZjg8kmxqJ7ZlPljp3zvc0w"
"Kindness And Chaos | Stories Worth Watching","UCwMnJ099RRi7N4DdxeKLtiQ"
"King of Anthems","UCxFbrRrdZMB_7Nmgpv2DzmQ"
"King of memes","UCEywqATcrhlCOC_wM_qcfTQ"
"King ofmeams","UCxp5rHf8qjdcvMP22oD5WfA"
"King taker","UC-A9EO6Gi6pmZmqxilvI9Vw"
"King_ajeesh","UC81cmgZxfgqaaCPOz4MFbqg"
"Kingczechoslovakia","UC4YwtdT0_WL7U7TXPeHiJ8g"
"kingdizzyworld","UC2T88A2Uobkv_FsGjlBK_bw"
"Kingdom of greece","UCznJQ0Q-tEnitmQSWbIUtSA"
"Kingdom of Saulo","UClV-vOMLCR-RhVxAci6Bs6Q"
"Kingoftheweird","UCzEPkLpidomRcgcHqqkqYIA"
"Kingpilled","UCO5dU75bwIN9zLQafpr_Bgw"
"KINGS TRAVEL #95","UCLVsi-XFQb70pqr5L3JOSAg"
"Kingzmen Real Estate","UCHfHbrCQAjDltym5eeLGAQQ"
"KiniTV","UC9ULnkwvyofZ_sWrzRpyvrg"
"Kino Klipz","UCN1EkeE6y2VQOn46YpTsaig"
"Kino Plus","UCSPhBkVTeztDGsz9-rdsNvw"
"Kinocast","UCgGzJlIlohQsA5dZStY4-MQ"
"kinofan.eu","UClDPtngUZWSoDZ0vQUAQUBg"
"Kip on the Ground","UCRjH9vXg5gGgEzQjXO99HXg"
"Kiran Balaut","UCIi4I5-N8fhAQhWZQHsXfYg"
"Kiran Deol","UC-2x1mX6_5Powctg0dR-xtg"
"Kiran K S","UC9NvdQXG4Qjg_URtFK1l3vQ"
"Kirankumar ","UC4lCuLfCXYjnbRARtwX-pSw"
"Kire","UCBtAUjOdqfwIQzpb90zU1-w"
"kiribatian mapper [SIC]","UCZ3XyQYPGcN2CrHwjMymhCw"
"Kirk","UC8RI6OXpKBbGiP67dGQm45Q"
"KirkToriStory","UCrkw-8Qd-fWPRj4HnW1mphw"
"Kirmana","UCgoE-pMcri4Gwaw56Aq0bFA"
"Kirstie_Traveling","UCk6RUpO9vOWBombtYd0jztw"
"kirti books","UCbfnnc3o91jY4o4DXAqsQ-A"
"Kisermaaq Jeremiassen","UC6b4MRJt0HAS_7OozogWQiQ"
"Kishlaya Anand","UCBObriiiZa-m8Alh4i9EKaQ"
"kisslbb","UCcwOtIqxny85tJNk5Pxj5Yw"
"kiswanto heri","UCCdMZSQIde_o2vf59wMaTZg"
"KIT10","UCwZesOTXD8OJVAYRmlwKuOw"
"Kite Kulture","UCXhRgjBbVZdVaF-bLb0xW6w"
"Kitimat City Council","UClc5frLR4isHh-YbGYjeyFw"
"Kitten Bellow","UCyoZnY4gVr770wbcBEHpedA"
"Kittiphat Tongpasano","UC3zaTsenJkD4lRB4mfWrj_w"
"Kitty's Militaria","UCSjhMVPobRdYwt3_zgA6jjA"
"Kitaabi Khooj","UCB8gEgRBXDlNnyRoUZrcw_w"
"KiwiPilot","UCtp9pbXWlXsTAODickaNKfQ"
"KJ","UC4VdFTMy7PK6F6kTxu7YbMw"
"KK CREATED","UCW_WxOduR8gavyr98YruNeA"
"KL 84 HR","UCyQBPU9vho5YS47dktZYWzA"
"kl32locos","UCSqIPp4d-M96UXd9JHFKPfw"
"Klaidas Lukosevicius","UCmRUPGbsCBmCiyQ91NyZMSg"
"Klára J.","UCXKAWO2JiE93sj5GnCynJcw"
"Klartext_Calvin","UCI8AzT0f7CG9x-FHRzq1x1g"
"Klassiker aus dem Erdkundeunterricht","UCbTfyck-so_v0i5lPq6P5Ug"
"Klaus Heilmann","UC7E9SWewt8GRB2JXRlONoBg"
"Klaus Poulsen","UCOo-5tWNhN9oYmK69rGWTfA"
"Klesh","UCW59FgUrYH16PeAf1Ttczng"
"Kley Kley - Topic","UCckhPpo2ODzNymDFyiOKuKQ"
"Klimat 81","UCl7Dr1bpPIVz9rCcIv63KTg"
"Kloz","UCS11h3CHikTQa99_H3trD5A"
"KLS Channel","UCbKM0BMxcUUOYZQUxkmwGqg"
"KLT","UC7EFWpvc1wYuUwrtZ_BLi9A"
"KLT Geography","UCjE9oosITb_DAI8EMcsQ5TA"
"KMA","UCMpiby_715Cmu32G6bxU2MA"
"KMD Channel","UCAcAoRGADyGl7O4lhQp_iFA"
"KMflex","UCE725JzVWLcx3hxQLm-qZHw"
"KMPH FOX26 NEWS","UCKbj5d8f70i0AYLyiJ3YMXg"
"KN1 Editz[🇰🇷]","UCE_CCkaRyefbJ1CzEIkHm_Q"
"Knife VS Fish","UCePDx91j7vfnMXI8sLPyrXw"
"Knight!!","UCI_t5S75gUz1v1-NNCwIx2g"
"Knight_Light","UCKubek0R3eRVgpFXl76e7OA"
"Knightfall Analysis","UCg4Q9uJReolnEcohH2AxJnQ"
"KNOW","UClpUfmd7Be9uW5vXFWTqaZg"
"Know It All","UCvqfRJZAehVkPxp0mbPqQ1g"
"Know It All","UCXZTZyscvm694KK2K-Vp4Ow"
"KNOW my universe","UCRS9Vp_YsVI4A3McrW35cSA"
"Know These All","UCmPK5sicnv21DQGda-s15Ug"
"Know to Power","UCZDs7Vjq-hx2uFkyhZuvmhw"
"Know Xtra","UCDrj0st_f5MF5DboCoIr9Dw"
"KnowBox","UCFpi1SDBYPISVOL4urar__Q"
"KnowKNEWZ","UCmDVGvjUCfdqRJ03mlWRp2A"
"KnowKyon","UC2ZHemoRRAjxhrJvNZ9gkKg"
"Knowledge about countries","UCwdklHsMBXnIJ71tzQroCXg"
"knowledge animation","UCuYXp4tGeCrsXNJ1Su3YVog"
"Knowledge Braid","UCjMtArj3HTh2-OkwxJ3Eg3g"
"knowledge by anchal kumar singh.","UC-8xG8QTBJ5hA8kyvF501KA"
"Knowledge by shabbir","UCIscjqd93fJjp2kIWXLL_1w"
"Knowledge Corridor","UCTaL6FSiOmYGhu_dmDV0LlQ"
"Knowledge Factory","UC5oC51SmMtNrQhNRw65fjPA"
"Knowledge Facts","UCCp8oJOVWh23b0XOr5s0GJg"
"Knowledge Focus!","UC6nUb9Dvf1HgK_zCV0T56sQ"
"knowledge for u","UC21UDXxMlYC4-uttUYLydQQ"
"Knowledge Fun Fun","UCoWyomAyxY2D_SUFZ9UrePQ"
"Knowledge Hive of Joy","UCYJrgueUBfEYSXpyFBzVi8A"
"KNOWLEDGE HUB","UCUyCA1KnNMHcYZyEi1oZZLg"
"Knowledge is light","UCuXeavewLC0Jx5bzdJZ7qYA"
"Knowledge Juice","UCXaBvsccgNSZcuk2MoRZSoQ"
"knowledge king","UC3FF-6gMOtLb4FepJ6nimBA"
"Knowledge Mania","UCls3Pj2JTE2ZYse7D4xb4oQ"
"Knowledge Minute - Your Daily Dose of Quick Facts","UCwlXU0QzCV6uTeculIBH3QA"
"Knowledge Nexus","UCKwKpyrkkttEN43y56DFgJQ"
"Knowledge Nuggets ","UCKFr3bQY56Q4t2VmOKz4uoA"
"Knowledge Ocean","UC_7zKljXw1UMYVvzZuM74GA"
"Knowledge of facts ","UCT6uPRGuUPW2uyonSmeeOIQ"
"Knowledge Sharing","UCXLi-Dwl6rj2I_fQCNzvbCw"
"Knowledge Sharing","UCEyHnn2nvs2T_5oSyAGwT7g"
"Knowledge Shots","UCHyAUM0P0EVnh1IEyTZxxXg"
"Knowledge Sphere","UC9DbL0uycpuzO0grrvA5B3Q"
"Knowledge Treasure","UCOE0nUwRIprTMDNgMpJ5zug"
"KNOWLEDGE TV ","UCHdHcycwzHmFAZ2cDX16BVA"
"Knowledge Vaccine","UCD0i5ro2lS9Kpwx_RizvIvQ"
"Knowledge Voyage","UCYQDduhqek2XcZXyK_SVgcQ"
"Knowledge with aditi📚","UCTc52kJ4ig3LHEpL6kbNsVA"
"knowledge zone by obaid ","UC3jueqS8moJtGFus_89fpmw"
"KnowledgeFuel","UC0hHuiyDi412YFH1wihUsVw"
"Knowledge's Sea","UCcafm849mTJNCmlQHlesWGg"
"KnowledgeWorxs","UCmmKd2yyNDdtp-1KLa8bvew"
"Knowledge🧠","UC13JCEQcGr4QSSbRpr9FjZg"
"Knowledgia","UCuCuEKq1xuRA0dFQj1qg9-Q"
"KnowMore","UCFv0BU3Ddg87ivoA-Qt6x6g"
"Knowrion","UCM_LBUApqrY3QpCBtWtiU0Q"
"knowSnap","UCK5mlr2FsOrywA3yNoHAR4g"
"Knowtifi","UC2Gr_qfds2aRf8UMt1mNsOg"
"Knowverse-11:10:01","UC24AdJiS5rbGiAz08yBp4Sw"
"KNTV","UCyhZhKOCOPZEutAimxzou5w"
"Knud Hansen","UCXzZA5pGsSjXG5sr1egWKmQ"
"Knud Peter Brandt","UCEx5Fxih3oFb7ggr5oUay9A"
"knutpilot","UC9Y4jtw6DuEDm1mLjI1HNqg"
"Koala","UCeEvmEG5dUg-TRMoohZ_miw"
"Kobeythegamer8000","UCcLZxPK9GqSA-It48tZpw1Q"
"kobi babu","UCSDBYGzjvT-2mVwmfYlUJdA"
"kobi sade","UCwWdt5feE4U2k6ofKn8jyGw"
"kofiko kofiko","UCywok6rt-JoGcbjlcuoG9xg"
"kohinoor sanghera","UC-IXe21Kwp00YotDSvxmH6g"
"KOJ TEAM","UCPCXD0pJ6rMs6IZcCDMklSw"
"Kok","UCbKhUDZ6YGeelwLi4RTBqmg"
"KOK FARM","UClxCwEXV3F_SjAx13EWOk1Q"
"KOKO BEE NO 5G 5G","UCtWIqSbzAPeXd_vcWZsmgvw"
"KOKO_SHORT'S_STUDIO","UCXXWWxV6j-NqAaXaKnZdMtQ"
"KolaDepth","UC1znIpctxBTR17OYJxjf4kg"
"Kolder Earth","UC4MCYva-vJTJf9Vr0f8JeWg"
"Kolesnichenko Dmitry","UC0X1b2UYIiR4Lpm7mReviYA"
"Kolja Kinscher","UCAEIrZoeQpKaz_VCvCeQ8Yw"
"Kolo","UCmn90jE2n4nYF5BzZTyickg"
"Komal Bhardwaj","UCMbCdbZ4MHCqSlgprTmlaqA"
"Komalta","UCXtR-li-HpVs9z8u-XniUcA"
"kombi natory","UCHXE4IBiiw2s9vV7Q516ehw"
"Komicsongz","UCRQv74mhNCnSDtRTTbdQgsA"
"Kommune Kujalleq","UCKYL-uRHJfY7rQq6l2DXryg"
"Kompas.com","UCPAxpUn1mrn14xU0JpsLhDg"
"Kong","UCGOQpltEV3hQ5Qns-T73NLA"
"KonservativeDK","UC2Sr0pvG_FzpP8AgCOpUxXg"
"Konsta Punkka ","UC3t0DXwC_We6GsI1Plv50Qg"
"Konstructive Kids TV","UCTka6yb00h5oDKCSzGOOMvA"
"Konten keras","UCglAJrPxVDG-AXsePEN4r2Q"
"Kontramask","UCMoJD3oDZ_rJ0syv7wmkrBw"
"Konverskiy Life ","UCbg197FuSrr2nJdsS-EwnJw"
"Kooi Cat","UCQGJlyqjeFILWzqZZm-ELFg"
"Kool Kingdom","UCbM4j0NvW4h_r970LeiA4dg"
"Koolie Reviews","UCZ3KdZO2IyZeWcHb8HnnZPw"
"Koopa Mapping ","UClfQhxKrQFuOMh6YXXePZLQ"
"Koralis","UCy0gIm268c1eUgAYJyA3lbw"
"Korey Kingston Travel","UCmbdaganJRRBD4939AQNy1A"
"Kornip Petrussen","UCbRqqNUoe0i3MO7mJ6qltLw"
"Kortlandball","UCXHTCrXS1gHg8EykxnMaV0g"
"kosay gamer","UCKy383co3stOJWsES11heVA"
"KoshericaCruises","UCdgw-b7gqhnEe6ocrDxKhcQ"
"Kosovoi Mapping","UCn-U6p2_TJzmcYXGjMeIboA"
"Kosta Prokopiu","UCIDL6hixk38fVYCiu9QtpZg"
"Kostiantyn Talakh","UCVCvyjV14ciV9W2vabddn5Q"
"Koteka Kompasiana","UC_G-56_itjUJnDrAA9_ltRQ"
"Kothuledge","UCbAiyR87odGj5rHFcJ_BXkQ"
"kotoz fle Fleh","UCrmhs5lsvM55sycUFes6hOQ"
"KovACTION Travel","UCsAShppd5szZ5OZ7GMiKOlQ"
"kp comedy world😄","UC2dPoKcBTPXv4yjGAAgTZ7A"
"Kp Vlogs","UCAVCFZxBi1b7MrJucueiHfg"
"KPBS Public Media","UCP9Zo2a0-bS9oPd_8tl92rQ"
"KpopSupershop","UCAZjrOe_UTVbkVGEskyOoHw"
"Krabbeify","UCoRVUly0DvjV5Fv2zeqXuKQ"
"KRAKUS W PODRÓŻY","UCwjiNED6r6Dx_TZptddP3Vw"
"krammm official","UCN1iHcupQILxfCX_DEG53Yw"
"Kranti Civil Service Institute","UCwmWES1CcMehwK_O4iEt_Qw"
"Krassy Mancheva","UCF_kcn7Icu0wsKBt27w89Dg"
"KRCR News Channel 7","UCCzbbdYy_d3MRzNtzU8zYSQ"
"Krechman Family ","UCD7YtWOali8AVDr1kJVC0xw"
"Kris Zarzycki","UCKqtb7Qr-bcMKA0WDHTufRw"
"Krishna  maths notes ","UC28wMatqigawv2K3UQ8PtRQ"
"krishna Gohil","UCBuKVrDJcpbsDOokSjwovmA"
"Krishna ke bol","UCR5NYngI2JZrGCqMTVe7_SQ"
"Krishna kishen Studios","UC9sNc2p0ryE0un2zU5q5Mjw"
"Krishna Verma","UCgWilmjsLr1zl2oTkGzV7sg"
"krishnabhumi","UCQht-FO7VbBj-gDI3bFkoFw"
"Kristen Vorpvik","UCfCh_gogi-6fnXC6CLBpf1Q"
"Kristi Beisecker","UCvU_4VHhtWwinMHl43zhthA"
"Kristian Gillies","UCFiFC2t3XONtfHWaUDzpvcw"
"Kristian Godtfredsen","UCDhRNR2q_wSOG2o4Fw9n8DA"
"Kristinn Garðarsson","UCaqa9BxOqbXo3eu7fcbFfzg"
"Kristofer Goldsmith","UC0gx8wJMS4kaL65VSrCD9-Q"
"KrisVlog ","UCkB2NVvBBAnS1_79DsNt3lg"
"KRUPA AGNI SHARON MINISTRY","UCxL9uaEOvg7C8RSR8kytyvw"
"Krupa Padhy","UCH25mneNhEDiMtMfD47Nw1Q"
"Krybox","UCUTeybkh8l4-24b8JodyiHA"
"Krypt0n1t3099","UCNckO0jFjZK8WbK8OHT3LpQ"
"KRYPTOS CODE","UCj72MbkSIPLKted49dMuTLg"
"Kryzola","UC_hWLkOP8saxj2leuz2YBHw"
"Krzysztof Mania","UCnPgHY8nbTeeNkktdAi95Iw"
"Krzysztof Nieścioruk","UCMQBsCV-C3NTdXCmbZQ9x1A"
"KSAT 12","UCETE4rKzRRjqM0JaB7TlPpQ"
"KSGameLog","UCTlDGbJCjDwFCHJsLNVTp5Q"
"Kshama Mishra","UCD2cvxEVy4ctLy7Mhy_GXYA"
"KSO Pianthemo","UCyNvSXmgmBuzsyEPREym23w"
"KSV Channel","UC4rHQYny7ptP3gQ6MuW6wJg"
"KT Drones","UCwk0adRm9xjpcVlw4Koqg1A"
"KT Production ","UCi-myUPvtFmZNyBJhlfROsw"
"Ku M","UCDsroQy2_9hd3TIz0i6I4Cw"
"kuamnews","UCew_4g9aQ7xi1iGQOgHaYtQ"
"Kuch Bhi Chris","UCZUB8ogyM9oktyRDuj_pSnA"
"Kukigam Diaries ","UCvnpglUlGEVgKq77Y9220ZQ"
"Kuldeep Singh","UCsduU48AXnls9PpMxsOtDeQ"
"Kuldeep Singhania Shorts","UCnYKRFQRndE3Wq1eLRQLfWw"
"Kulotitravel","UCAlB8kvPUeaeF0WQ6uddZFw"
"Kumar Flicks","UCps7_ctm92lKUZs7-YXOi9Q"
"Kumar Mijar","UC0pWGYQWphPtV9g-RJeB4oQ"
"Kumar S Tour","UCyxLghMQ_V_sDEUoIDYGv5w"
"kumoffshore","UCOTdrSxsA7EVRW21gflWz4Q"
"Kunal Banerjee","UCxgb4o1BzTTBdfkEUyrA-3Q"
"kungfumaster12","UCBhlHGW4laogwLzPNt9qo1Q"
"Kunj Sharma","UCdB5yEp7hqjAv3IcoAPzpuQ"
"Kunstskolen Art Club Nordic med Mette Hansgaard","UCpIesgz6l_waPGd0GFbQEfw"
"Kurdish Mapping","UC_DJwDACfjHs06On3F7b89g"
"Kuresel Sokak Yemekleri Maceralari","UCLYZXvlyJgo7fBwrUBJsi9w"
"Kurlyheadmarr","UCM30Utw40PYZTGgvrMXNuWw"
"Kurt S.Pedersen","UCwBMKbns2q88wORudDJLJBQ"
"kurtis_world ","UCv7V3QIZOHBoc8safam6HMQ"
"Kushal Lodha Clips","UCt8KJr-UIGAD71_RKaAclJA"
"Kushal VUpoint","UCaiGVcgGPr39HGPRVdkRSqQ"
"KUSI News","UC61Ms-qN_-mdtF_Dw5hsRYw"
"Kutalp ","UCe1VRfPvMdT0NNsDBM-1r0g"
"KUTCHHI TRAVELLER","UC0XBikl1q9EzTIXIanNuPng"
"Kut-Educate","UC29RySbdDuVgcXTBOeLRh5g"
"Kutumba - Topic","UC_yu4-Hq4spK0RByh73HY-A"
"KUTV Fresh Living ","UCPME077OjJNHAxrRZErD47g"
"Kuya Dennis Vlogs","UCB5n-6V3NBKp6k7x3gvcfOg"
"Kuya Embs","UCHMiP5mumFTB2Vr2VAlao5Q"
"KV Life in USA","UCkGnGYNXZyjM5Hgnh4CsPkw"
"KVFunFlicks","UCKrOl7m4ObW_SK-X_foKA4w"
"KVIK SHORTZ","UCs9YWDHyhD7PFWlAsQgVOKA"
"KWIK STUDIOS","UCPGjshfdtHkJ12Ghmvs7xcw"
"KXAN","UCgBVz3EzHYKpPS0BITvLRsg"
"kxezy","UCE-Pb87f2rRpGr-cofghLJg"
"KxngRay1*Movies","UCwedbA4MmtxPpxiiiDLz_8A"
"Kxvin","UC3S-3WZXW-E3GxQ8fmR_tqQ"
"KY3EH","UC9ZLtLHF8jm6HSy3vB3UVIg"
"Kyan Roomie","UC3i-tkBliHAGOomyJOhoAiQ"
"Kyle Erby","UCwL9BfgcKhPUeuDaSCgmkYw"
"Kyle F","UC23FysQVD6lYe1vnbRIAT9w"
"Kyle Kotajarvi","UCTHYY67h1uyqL5TN5CB957g"
"Kyle Marlett","UC2aIn6T7VQeKzG8xAbXn3pQ"
"Kyle Richard","UCs5s6TyOtkXiP_408beECOQ"
"KyleOG","UCkgk3qoEHOGqa-H_2xh44TA"
"kyop6643","UCjtzsVF63i6HYhkXaYawukQ"
"küresel seyahat gizemleri","UCkpvfXoZYp8dJsLiCgX-ywA"
"Kyril Matveyonok","UCn0r85NMEo8ZMpe_1PVjjPw"
"kyuteMag","UCytL2ejllph-mfpv-HxlQtw"
"KaalaCroww","UCNTugBkITPJ1ltEe6jX4Mbw"
"Kaali Lund Mathæussen","UCph1wVFUEhr5bXXa1hoOy1w"
"Kaali P Thomsen","UC574CFibB1q_T7OWBvSMacw"
"Kaasipak","UCSjuUPd6gKZwVaoa9Wb9tuQ"
"Kaassak Kreutzmann","UC0-mPn8YIF9ZIP7SeYGxdfQ"
"L I T T L E  W O R L D  🐈 ","UCGjKUQX8CzB3U0IAXZ-eMUQ"
"l Love Nature","UCVGGRsIfiK6OLkohPLRo7fg"
"L&D with Ch","UCb0ZPDmuilXVN3L7xVw9Sww"
"L1ott ツ - Topic","UC31ewwdMpm4GsIFHVnmmKgA"
"L2cap","UCmLhtQ1qO9AuBFS5sx0mfXQ"
"L3WG Reacts","UCfIOSIFur-qFToVKahB0A6w"
"La Cultura del Viaggio e della Musica.","UCHZKAfz04PkDFWvZC39X_yQ"
"La Lido Loca","UCqFivW2VWJtGfvrMreyjNbw"
"La Vida","UCJdNImoxxdIpRnqEJc5AhJw"
"La Vie Diana","UCAUSfdhiG3KQpntD39NwvAQ"
"Lab Creative Inc","UC-xpMksijPvkxAEDzqEFKMg"
"Labernz TV1","UC1yH8xYX6BMpbf11Pv13l7A"
"Lachu Talks","UCkogA6ZrCuCi9OdYgFcXEoQ"
"Lacktoast","UCEL99rYUzU9ZZG2MMn8dB4Q"
"Lacuna Stay Proteced - Workwear & PPE","UCyf-5D86sg4n57Un3LvyJRQ"
"LADIKTM","UC3kBoAiivsDLFTUIF0ft5rQ"
"Ladimirevcanin LA","UC2ufd6skaVzWqw6ipjEAp7w"
"LADON🇺🇸","UCDs6ImpXvKAnSLgmgR5C2Xg"
"Lady G Tarot /Spiritual Wisdom & Energy Intuitive ","UC7_NmXGeoMfNGKPsFyLg5dw"
"Lafayette Luxury Concierge","UCX8agOFvPtw0_yvRYPuqB9A"
"LageBaba","UCd2o_fCFK2r5ML0MLsdstrw"
"Lai Research Group","UC48CLeHSSlCb3CV2T4YG6_g"
"laila johanne reigstad","UCOG2qAXKH9yZ-bNnWX7-RHQ"
"Laine Acarath","UCAkBJtwSqYInz70nOF92Z9Q"
"Laith","UCoIlFkPDq7paFeujY5J-q7g"
"Laiya Everything 🤝 ","UC6XmZyFHG5LkqQpcK3T8IPg"
"Lakshan Tewan","UCOoeguIVJR-UREL_jtiH2Qw"
"LalGulab.com","UCWp94bOdN8aMWuGTHpV66kQ"
"Lalo94 Gaming","UCpq_lzuSP4Ao4syw9Fs-XBQ"
"Lâm Luke Kid","UCItbgb_CCIL9YH-rpKSUJdQ"
"LAMA - WORLD NEWS","UCrUxaxnDAV4_-P6LKQbChGw"
"lamboisfast123","UCO5yRGxcdsCfos-si8uXc4A"
"lampPlayz","UCz0zB5sng0s6pzU9lH6vcpg"
"LamSouk","UC_LAfKpzod7EouVCNs-JGbA"
"Land & Sea Pursuits","UCYCBjHTOTD0QJItEvxBIWSA"
"Land Expeditions AWI","UCMPSViY6uZusKNQFVcq0eZw"
"Land Speculation","UCmpWOybUwyA62GWJH8mTK4Q"
"LANDMARK INFRA తెలుగు","UC8dBtce7CnvpLzCoOO4TQWg"
"Landmarks & Landscapes","UCxWmfrsEQq4B-9VHnJygBeA"
"Landon Is An Idiot","UCg6cYJPEF-scf40f2gKoouw"
"Landon Watts ","UCQzDVyde5O0raMHx_nw592g"
"Lane Walter (Lane Walter Productions)","UCcpCO3dpu7gjTwxOiOkkE-g"
"LaneysJewelry","UCGaYrdmCLD5U1iEX8zCb-PQ"
"Languages & Countries","UCWvnsvXa9OjI3CHjZP33exw"
"lankash_VLOG","UCexo7jkkFHl566Romv-66uQ"
"Lanz airo","UCYTfP4RWPoDvAoiwVd7sQQg"
"LAPost","UCRDEJaQuLrDWDRGjfcbVleQ"
"Lapoworld","UCSOGr27RkHVEBhxGZxUx2jQ"
"Lara Logan","UCrGkNX3GcxRnX-w3E6LBEdQ"
"Lara Trump","UCqt2yJ0xj2VHVu1Z7-SDEjA"
"Large Man Abroad","UCCgvzAQRHmrdO7vMxb6gs_A"
"Larna Tukula","UCvigxVBEEq5Bs7RBoRRjPiQ"
"larrylunchbox93","UClv67hLmjTiOzDJeVKn0xwA"
"Lars Anker - møller","UC0WShvu9WUxLI5WzX99_c1A"
"Lars Borris Pedersen - Boating in Greenland","UCdMgKFG7sDoiB5mBta8sRmA"
"Lars Broberg","UC5Xkrt0kDoYAnSDTTk2jAsQ"
"Lars Kliewer","UCUL4_C8wNbk39CtaMCXDaiQ"
"Lars Lønsmann Iversen","UCgo0LZ9kD1_cmtJiMRQbUdw"
"Lars Peter Josefsen","UCA2HtBcswIY1iIuZ7YhfJCg"
"Lars Willsen Official","UClagb5x0jaTxkOR76B7DTmA"
"larsmalik broberg","UCxn1l_kjX2xwNMjZQLb0j2g"
"Larysa Smirnoff","UCrxEY2q-U1wkDCj85B-tDBA"
"LASER DELFIN","UCsk7l0U3uhptihWq6lT3Y9w"
"Lasha Muzashvili","UCrXHIsesWwsr3pB-GuOOHsA"
"Lasse “Brothertwo” Bentzen","UC8xZ8LXMZyV0UEFooF-u5Vg"
"Lasse Nymand Petersen","UC6pUQK2Bm03PZhJHOdh9_lQ"
"LAST AMERICAN 24 HOURS","UCgKCv6FMMUn4aXi5qN64OyA"
"Last Brain Cell","UCK8EiT7tWbX8DqHlJM1F7bg"
"LAST DAY ","UCXcMkvEy0sBTpqVqCKvf9TQ"
"last knight","UCEERFdC5A5xFTVKj5l4-iCQ"
"Last Man Diving","UCwqWGDZUx4v1kZo5KWPAZNQ"
"Last_phoenix","UC86NoPwrk7TXWLbGXQD1pQA"
"LastWeekTonight","UC3XTzVzaHQEd30rQbuvCtTQ"
"László Kátai","UCrF02N086pDvo5E_GYfJQvg"
"late lateef","UC4QTTmhf6_alHjm8PTD5-aw"
"Late Night Rush","UCZcz0uZF06ARVt3Xr6S984w"
"Late Night Top 5","UCSgmP-3eA5iT94SAsLwEo_g"
"Late Night with Seth Meyers","UCVTyTA7-g9nopHeHbeuvpRA"
"LateNight","UCtigaIj5c7OKX3TFb1_2S_w"
"Latest News","UCe7_9ebwbT2eJWeK7hG4jVg"
"Latest News","UCLs9iu21egO5LoDAJsGZ9Tw"
"Latest Science News","UC7AZJUxtdBb0Er9wOeJ5agw"
"LATEST UPDATE TRENDS","UCzkebz2JeTeDNNB7BfcdsWA"
"LATEST UPDATES OF WORLD","UCPiBbS45r2G9hE9lGnj5tnA"
"LATOUR OUTDOOR","UCEqGIOdtCQvlJI_azsbHyuw"
"LatoyaBeir","UC7-gTpBuRh8YejzOL9QLSFw"
"lau bruce","UCoyzjehZdgmfaXKu8cM5b4w"
"Lau Poh Chian","UCQrOd4Cm03mtcnWTo9mfaWQ"
"Laugh out loud","UCSdK1xaQmSe4sQglDhFfXSw"
"Laugh out Loud","UC2oiL3m_BZKLY1MKvB2he-w"
"Laugh Until 👻","UCJKJNJ0f_qn2gV8q1aG9byw"
"LaughGasms","UCiLefBESpam_QLvL127dyTg"
"Laura","UCUxsnrWzbzHjhFfb-uGv-WQ"
"Laura M.G.","UCu4d8h477WEeOBy3RPDwlBQ"
"Laura Mitchell Eventing","UCNLJqB4_uxy9c72pV5eDuWw"
"Laurel Brunvoll","UCQx73P5Pv9vu3cpSFPGOgwA"
"Laurence Dyke","UCvKt7JXGXTkn-tDkMg3kpWw"
"Lauryn La","UCLo5LNW2klSJmGco81pMggg"
"LaVale Network","UCfItyaG3TUIGLJbFjHRuDGQ"
"Lavendar Books","UCASvKbufjYAkI3jpQgROfkw"
"lavendula★彡","UClmQi1zkIUuEmLtl9bn7TGg"
"Law Alert Network","UCVZ2ybYjMKPUCJBemCsFAjA"
"Law Habeeb","UCrjQz4QHijF10JhgZd5WYFA"
"LAWARISH_sb","UCme9IL-L9aiQ6HRVaGSFIXA"
"LawGPT","UC_JzXUscg-9zOc40hWaYwdg"
"Laxmi Karjee","UCWRHWAcrZFkwljE02oFoOnA"
"Layered","UC52u7RYfavV4fekVGAJsmiA"
"Layla Kim Ackermann","UCA71GulMTpveV_bFJahMKEQ"
"Lazy Brain History","UCUhKil2dDdSdsJPmricYu6g"
"LAZY NEWS","UCL0i1b4bHWDD7DwtoSkaoUg"
"LAZYDOGPICTURES","UCGiPVi2SPKz5h8hR7waj90g"
"lazyRANDOMdude","UCi12rNd7G3IW5E8Z-S5_Xtg"
"LazySamosa","UCXMQ_wi5UR4eyf03I-WeR2A"
"LazyVraptor","UCoJD_pic2oLb3uC2llJOkYQ"
"LBA Drawings","UCOlaf8MII5KuS8FIzsWBdQQ"
"LBC","UCb1Ti1WKPauPpXkYKVHNpsw"
"LCIX","UC60Pw6fr9GrWlek_d6joQ0A"
"Le Beans","UCm9YOEy0uYFr9wae_jLVF0Q"
"Le Bicolore - Maison du Danemark","UCxgMPWL3gikZWLj0Hrzax3w"
"Le Club d'Aventure d'Outre-Mer","UCwgNL5gJwHYLqewR6goQyBw"
"Le Gasoil","UCf3mgsusnCgQuJl2t8Asi7w"
"Le Pham","UC33zMqtK9sYueYZloqAm4SA"
"Le Will","UCfCnDJn43qiup_z3YKOjBLQ"
"Lead Stories","UCGrs9ygWWH8iccEQfM5uh_A"
"LeaderBalls","UCbiRtazIj-wksETFjTZ_azg"
"Leadtainment News","UC4_tpaGvm3EElkW2ervCD9g"
"Leaf Thorn","UCcUWchVAs7iNt8sZb8R9eDw"
"Leah Demecillo","UC0x9YIKj08MAUECoI_4EVdg"
"Leanne McLennan","UCm6lVAGIEzr8ppzAxxlZZSQ"
"Learn","UC8-jy4icPS5k2lnx6ocX1Fw"
"Learn and grow📚","UCyLDN-n7G4mUIhcw-gAmXog"
"Learn at Any Age - ABCs to PhDs","UCa5h5gpHmt4MUklSSg_l1Jg"
"Learn daily","UCK1Dd2mw1B1EfAK4jn-SduA"
"LEARN EASILY WITH SUDHA","UCclAeJyfLxoXe3aZV0Api8Q"
"Learn Fast Clips ","UCDQsLLG8m5zdMD69UuclM7w"
"Learn G.k","UCQMymIgCGhhgn7vWQnTupTg"
"Learn in 60","UCbnHvlMOgckHxyUNzjt04kQ"
"Learn in 60","UCJoQtf_6HKhibdr-sFbxbww"
"Learn in 60","UCwOU2MJG_617dvjsRiLy2IA"
"Learn Like This","UCLciq3tPlx5QwppsygDk2nA"
"Learn real English with Sensations English","UC_aiFUfBXEBqcpdwP8BxYLA"
"Learn Simple English","UCwpu65xUP8D3MCA0Y2sB4gw"
"LEARN SOMETHING EVERYDAY (LSE)","UC7TJjlOUiV9og2mIoN2JxNw"
"Learn The World","UCcXqHn1Upg4bpQ2icpDqpJw"
"Learn to next level","UC_LyyShlmlqYOSz8SncvOcA"
"Learn with Funny videos","UCCa2yMMvjypJwhmvKEWfD0A"
"learn with manthan","UCXIgDdRnL-SSw9glq14FeWA"
"Learn with Mrinal","UCDM17kVP0c1_AKnkhVSrS8w"
"Learn with Payal","UCtCABF4mX6M2cEFGEqrXT4w"
"Learn With Rishika","UCI6lj0Gb9P4nDDB3ZjzMkHg"
"Learn With Soumya Kanti Bandyopadhyay","UCikAqVCXbitQ1GcaNNDEAZg"
"learnbuddy","UC04zLtlpaeRDaTC45H7-VUQ"
"Learning","UCzv3tiA68gzUQZb-_JJqzwQ"
"Learning Adventure","UCKOkSenKOqWigo54V_bWc0Q"
"Learning Applications","UCbMQ72Dj9DY9kxtvUSFj7cA"
"Learning Canteen","UC-65LUa0DWwTY1i_81fMqyQ"
"Learning Facts Today","UCQ1qvR1lgHJOyR6B2fMbvGQ"
"Learning Mind","UC_tjPedroJzNAtF0FNoc7sQ"
"Learning Music Hub - Musical Instruments","UCfKqi5ZUXqXxErUgTdMkSDQ"
"Learning Talks","UCMrR6h2-K0Vg9DV5KtD1CyA"
"LEARNING THROUGH DELTA","UCahVXkpq1YcUorSB5jAGIVQ"
"Learning with Priya","UCUrSD7iIeEk0yKUJtDQ1cDA"
"Learningisfun01","UCy-VH4sYC0F3lvAqr5XlhFg"
"LearningNowHere sg","UCys9p4cI3uutBO17yZJ6lJA"
"LearnIt MasterIt","UCVie1UbF2mOBE_kXjTGZkEg"
"LearnSelf","UCC-z2gof8YFKK_3NztbeLsQ"
"LearnWhileEating","UCEaMqVqrbEE0PPg37pd1a9A"
"Leaving Babylon","UC7GFwEGA25Pz2NfDw5mEvZA"
"LeBonVagabond","UCr0mI9C2lEfCYeLmRpu0YoQ"
"LED-77","UCir_MteddkOdJS-cv5vstnQ"
"Leda Story","UCv-bkoLY-FbXp3w--SA0rNg"
"Ledger and Lore","UCoTYfjP5UPg1MVECgj7Wm1g"
"Lee Abbe","UCKFuJn68c6Vr8nz8aZdE9-w"
"Lee and Tiffany Lakosky","UCjHn6t3uYP3gJZ5KPRVeVYw"
"Lee Coden Beats","UC9Kx_SXmFDpMufvaWG01eTg"
"Lee Gregory Peck","UC6auAsRkTztLk5Xjk4mCDlg"
"Lee Lau","UCSTT2MVn-zfMI9Tj08OU7kA"
"Lee Ngoc Tu","UCf5JmQQMc01mB0j2taSuhOQ"
"Lee’s Travels","UCRmN0vu5E3aU-gIq_H9Qhvg"
"Leeman Geophysical","UCxf3A7ipm0YjF56LrI5eCnQ"
"Leendert Vergeynst","UCV6tWdqADkdASvefP5MwVmA"
"LeeNgo","UC4J3Bb2UL104oBH0ef6IqUQ"
"Left Shift","UC6OPyWWU_wRkhP03ZL7u8QA"
"LeftEx","UCeuyKpOjCF3FYPfJXXAfKDg"
"Legacy of Ages","UCAHPCMi9Ab0YwRXnmax-oNw"
"Legacy of Legends","UC1qMo7GU6s6rHB1jgEt3htA"
"Legacy of War","UCBT7NNYG4R1WuPtO0LeYJ2Q"
"Legacy Travel","UCfWCF37MI8ipa4_Bc7vbuIA"
"Legacy_DUC","UCv0E1HrKJ1y-G7QBn08L99g"
"Legal Stories","UCOKUWV-U63zG1ldOKtEnVIw"
"Legal YouTuber","UCjlngG15DUJpSras4WRGjbA"
"LegalDad","UCRTeDExzGxmkgFnEj-xnQXQ"
"LegalEagle","UCpa-Zb0ZcQjTCPP1Dx_1M8Q"
"LegalEdge CLAT Coaching by Toprankers","UCExh058w31k9oQ9TDmxwxpw"
"Legally Everywhere","UC7qGYZYQHPLgPE-UKqU_neA"
"Legend","UCoO67qa4hVd1o-rvA3F16Uw"
"legend Expo","UCQYODK1RiGSQeaC-JlK9SFA"
"Legend_2006 EDITZ ","UCVhqATWU-cZMn1BVVEwFz9g"
"legend_x_nextgen","UCEsdWgOe2gdr_vwfnrdR_tQ"
"LeGendarme DeLaTerrePlateInfini","UCz32CV036IQzIdQity-8UCg"
"Legendary 10s Media","UCtf13l0e8UKAqK_k8lBh_CQ"
"Legendary Status","UCZJDFDWFOwZzheWRxfBSGJQ"
"Legendary Voyages","UC1R76F-MzLzRJb6NiXMuptA"
"Légend'eaux Rohan Le Barde","UCfFZDVQVtaps_5MCK-BPuLQ"
"Legends and Myths","UCVtHWzwo4Tjj3_jgQXN7WWg"
"Legends Beyond Z","UCGAXZRfrL-013EZb3ycHIYg"
"Legends Unveiled","UCUbHNny45MZU4zlc3MSyumA"
"Legends_RM","UCLtYWVNBN2wVNe07TbM0TyA"
"Legion of Curious","UC-HAg4TVEXI5k3Mqt427DzQ"
"Legix","UCZZRludC1tOvdrnhG6wxIBw"
"Lego Historian","UCJdFOkUFmm27t5X2CDUAviQ"
"LeiBuena Channel","UCkj4Mu7Djmf8EGaPrEJCjYg"
"Leif Larsen","UCsljWuw9sdI8MBH3B_nfunQ"
"Leinad^^ - Countryballs","UCsfZG_S5ZwnH2i8M6QuB8hg"
"Leirufjordur","UCUuH96IFxcJqg3h51KgXntQ"
"Lei's Real Talk","UCIRXrnX2_k7AizFQgsdcqjQ"
"LEK MER | Kajak & SUP","UCXWhcW1uXXUnfJ_pTNwyPYw"
"LEKHRAJ Gaming","UCxEZx3cW8n353NUF_NUl8hQ"
"Lelha vlogs","UCZh7njF-GYJVyyK3Chf5xEg"
"LeMTellU","UC5fLbvR_gLtnZ3EM6U4J5jw"
"LenarthTrip","UCU_mqMtwfuWolguXGRaMTEg"
"LendárioRPC GAMES","UC_nLD8Dx5ekSbj6-S6NU4LA"
"Lendas e Fatos","UCatkyqFU2Q8d2CSJZz9UvWA"
"Lendrik's Travel Guide","UCv5VCICsHsW0K03BBSv1iQA"
"leniot","UCdY5AUgqKyCOakV-_YuhEhA"
"Lennart Pagel","UCVtYaE2jxDA4IcnDAeUvWaw"
"Lens x Latitude","UCfnkOFqILyHUI7eM7loRpCw"
"Leo","UCgMjWQYObgcBoWhRSi2br6g"
"Leo Talks","UCol3Gtj5My87lZNmboi64xQ"
"LeoLaus Quiz World","UCeHbRQpf14EUWqnhqgJYfLw"
"Leon Theremin","UC7VHmr0z5unCC78CwGn6Jew"
"Leon Walsh","UCUlW4W1bQvouIqZF-3-b4dw"
"LEONAR","UCDBt_dFH1nlMWatVk_yV6pg"
"LEONARD | Axolotl junior Eurovision ","UCGmEa6ZqaHdhkTv7LYO7nKg"
"LeonardiTeamYT","UCAEqiGU3JQaIcFbp54J01NA"
"Leonardo Pinheiro Rodrigues Nibiru","UCL1394MmWstlryJbElTYsXg"
"Leonel al Cuadrado","UCxQuR67X8nQZYi5C-7H9Hbg"
"Leoo gaming and blog007🦁","UCMUgoo4qmH3ipizKH2w9XLQ"
"Leopards ate My Face","UCNjqqB73uCb4wY9Zwdizs1Q"
"Le-Québécois ","UCJf4th7NJ74i8M2z5VKPYDw"
"Lernerin","UCLZoJrOP57O0mss6EAxSb6w"
"L'Espace Tours","UCPbImE-akgk86LQIzhzKu5g"
"Lesser Known History","UCDTwOVDDvqehie9lnxVEF-Q"
"LessWaste Tribe","UCbYMPs60lF1crJclEsECfIw"
"Lestroso ","UC7BklQd6F1be6PEtTeIKp6g"
"LETFLIX","UCuPMRq-js_Y4v547rYHyXtA"
"Lethal Heating","UCa7kPmGBzCfZ5lEbejwopMg"
"Let's create ","UCSp0F5nh7c34vDVS_zF6LNQ"
"Let's Discover","UC5GPgYKjQ02glHif0anzqpQ"
"Let's do it vlog","UCtZfkvcQE8VDQvyhsR2KlYA"
"Let's explore ","UCGzbUZ3HdGHftVaQfl_aleA"
"Let's Find The Truth !!!","UCG-7kpW3NWyUgVSA0SgOl5w"
"lets fun official","UC-TA_vtJ1LG808n92upub0Q"
"Let's Get Haunted","UCx-G781TgceWbBT13_lgbhA"
"Let's Go Explore","UChLhCGltSmG9VQkxAr3WHqQ"
"Let's Go Geography","UCU3aC9YWXi0SQaeTi01A0mA"
"Let's go!","UCWCKochKiZap_zfR4IF0sdQ"
"Let's Go! Travel Tips","UCPjiUpsyS8nnLlSSAWH5oHA"
"Let's Hear LIFE","UClhpL6tFFxMWoUUrOGoRARw"
"Let's Hear Something Interesting","UCCcETJ9Dvla6mXukoIWgcAw"
"Lets Read News","UCLi8GKXkbQDVz_eWvXp-8RQ"
"Let's Talk About Flix","UCCubeWTDulScwrk1mjV1WOQ"
"Let's Travel & Explore","UCeY3Uq3IbWosEVRNyhZxMSQ"
"Let's Trip AI","UCA-sya7TEUMsO5tNL003Rzg"
"let's visit 49","UCdfrA8To89iAQ7xmznuVIzw"
"letsdive in","UCFnFwCfXO_jhFAdw2RYOOtQ"
"LetsTalk","UCg0XxE_4IrnNaTkcwYdcpPA"
"Leupold Optics","UCl6_0es7xm1ikmL7U9l8pqQ"
"Levan Ramishvili","UCnkpxtE_atClXgL8DTXXHPg"
"LevelUp IAS","UCEClAAaXn3DfN8YrUj4F27w"
"LevelUpX","UCxzX0DzQRnqfAx4J6fXQu1g"
"levi","UCBdlz2AHsN3PPilrsqhb5iQ"
"Leviathan Files: The Economics of Power","UCg0SrSiKpywEvb2vo3oLkvA"
"LEVIS D PRANKS","UCYKigTnB8OjOTxGDuyIN2Ug"
"Lex Clips","UCJIfeSCssxSC_Dhc5s7woww"
"LEX MAN","UCy9bSXQZLTE6T7VrmF0nbpQ"
"Lexi Hall","UCFhAwfYs1eIaFHKligC-_RA"
"leyburne1","UCRKcY5LHfDGWlaEYBOrxRfw"
"LHAI MANALOTV","UC_kU8UMaoljv-TbLrHrKRTw"
"LHD","UCPH5DbaXGy00AKOeFlQk0wQ"
"LHR Aviation","UCpF0R16rv0IlLnCWQ99kB1Q"
"Lia and the World","UCUd0RLAAYRGids5WVr3sc3Q"
"Liam Armitage","UC8ZbwivOqkoscVdVST3VOhA"
"Liam Hall","UCB9fKdeIFv_733x7MdewnQA"
"LiamXplayz","UCLdn3Rg5hLn08Jc0gFvsx2w"
"Lian's Buhay in America","UCRPCo48iYoB3-zpCZYmlZlQ"
"Liberal Lens","UCt-CAYwiBZcUmspAI-8c0ww"
"Liberation Player","UCWEpyLGuzklCwWU8MV5Tw1w"
"Liberty","UCNklv9lewwUAqXYLBeOxqjw"
"LIBERTY ARENA MINISTRIES","UCcgNm5vlf6BArXN5JOqEihA"
"Liberty Nation News","UCOszgB0lT2YmSARshw9xN3g"
"LIBERTY'S VOICE WITH MARK LEVIN","UCSDAWpftrPkMlGnqNl-Yafw"
"LibriVox Audiobooks","UCsHiFXTYJrc6ZKK_HJMX6jA"
"Licet Studios","UCoc16w6cfFa8UKMwaMx1GWQ"
"Liderler Güldürüyor","UCup1Qj-8oyv82qBqxy270Cg"
"Lies Behind The Truth","UCKAwSV8oePq0xJaBzrwt9Vw"
"LiesDeathGreed","UCkRrmhwEM1hEafTMzEls-QA"
"LIFE A JOURNEY","UCADLd7Z-leyIc5IaVvMajFg"
"Life ABC","UCZhk_jsl0SSRzX4QD-zyWow"
"Life Afloat with Tom & Susan ","UCPfWsWwI1lRXCCh0enCq2DA"
"Life At Greenland","UCRDQHc3VIDquDsDlIDMjWsA"
"Life at sea with Manojtiwari","UCHO_yJPt6yTXmTBZ9a2Ul2g"
"Life Coach Europe","UCtXdJq5o3VKS9nu0v26hzlQ"
"life guide","UC_3w8VyT6SIKbKtgwxRunUg"
"Life in a Blink","UCbbD7qCrgeqzjA75YkV3H5A"
"Life in Canada - زندگی در کانادا","UC0W-dAdmlU1gSxIG7acszpQ"
"Life in Greenland","UCmFlLNYzlkx2UfL0NK5173g"
"Life in Hawaii","UCKkrL0-NYGkn2ec0Jadvg5A"
"LIFE IN SPAIN ","UCFZgj2tXZoEYru0-g0zStaw"
"Life is Amazing","UCBqwyGM42RfSegzVnHTsGzg"
"Life is fun - जीवन आनंद है","UCRc-CTUv2wikINlhNn2w4iA"
"Life Is Research","UCPOe02rYqA4fqT6z6ltO_0g"
"Life is simple 🙂","UCI1Z9jzYdUhe2-mrQofpycg"
"Life Lens","UCm9lwdNnPYcZusBPAtfP84w"
"Life line tape","UCwLhaWGn2Sr72bZYWhaDYtg"
"Life Of Relaxation","UC8ZsqGsYDiuxqZRDdQdkiMg"
"Life On Earth","UCmu9La2IY4Nm_iUnl36vJAg"
"Life on Earth","UCYO41Q3xwH6NIifsODusv3g"
"Life Refreshment","UC-tONIRSvjvs1sEbudjDqNg"
"LIFE SOUL","UCffKQPlmKEbSFi4saXqTv_w"
"life style 🇦🇱","UCkbKnNddGWdUzXxEzGHJWgw"
"Life Vlogs","UCJKTxvYbuvhBfJwO5z7sFgQ"
"LIFE WISDOM","UCMwEesWmR5qR4fGmWTc9w5Q"
"Life Wisps","UCZVtUCuf9T9NFYeWdnsbNng"
"Life_of_Hanna🦄🌸","UCe9mHJq8Ar43h4kq9zI6EnA"
"life_r_meme","UCy6OwxZp0CB9Srtxy9B-8PQ"
"Life360 News","UCmVXG5thobeaGvSv6F3ACgA"
"LifeAfterWork2","UCCdQUKrpUzVD8KtonyanCWQ"
"Life-Art-O-Grphy","UCBk_pBEfJkQs2ZJ5o5WzasQ"
"Lifeder","UC-SuHonAEkrikvs2oj7LLXg"
"LifeHourly","UCA7F_KmMhC_bi0N2In--zDQ"
"Lifelens","UC7InsJbGKKn-kd6RnmafLsA"
"Lifemap Insights","UCYzyqj3WUxSU50bpgPAoEKg"
"Lifeography 9.0","UCQiBkLNl_b7gnEdHqIMpwyA"
"LifepointHQ","UCwpc8cgtL_e6otbEOK1AJqw"
"liferoad2007","UCC93d-A5otaf1YQwTwFHgnw"
"Life's Moments","UCko_0i0jhWTxumSgJYlBQsQ"
"LifesBiggestQuestions","UCb6IaF9LX5KlUXQqHFq2xbg"
"LifeScienceVideos","UCmLAV4aMuvRQGnd7U-LwqBA"
"lifestyle","UCbk93vrtWWjr6rzkKc2u22A"
"Lifestyle Property Group","UC3PrPbY0bwu90huWjtivNbQ"
"LifeWork Hobby","UCgBgl7bybRB-zGniJIFG9lg"
"Light Beer Dark Money","UC06y5EMDRINAt6cA9ScanbQ"
"Light House","UCJkXiP53cjKnFFK8D6H4EWA"
"Light Knot Studios","UC-dQQVSIQspqz8L_88_w_pw"
"lightclips10","UCzyQplt2P97dz3TGiAEjSUA"
"lightning","UCG7iwwRzQiYT7g8q8cuqVXQ"
"Lightroom masterz","UCD3Sid5-dcAycNSyFQVe5iQ"
"LihasAura ","UCib5khSaTVmJ91lK3ILH9pg"
"Like Mishita Gulati","UCWMt2bd27RgKEfJ_3rvHaKg"
"Like Universe ","UCLhFUbHIxpPGR-mfHNCyywQ"
"like.to1234","UCsO_kLnuEfe_J953Xez9Cew"
"likeli","UC-w1i_tJfjxtGNW9h4r7cpw"
"LiL BaBy","UCap19Cqws1hl9JzFuCB8dvA"
"lil_sugi","UC-Gag0W8kvvKdqarwGCSWiw"
"Lilcreator","UCNtgjJPawu1fUaTe886GfAA"
"Liliana Dickson","UC9LtxpHgs3ybHcwFS78q0Ww"
"Lilidesubeam","UCrfe2SeANrzuBnm5Ap-SGRQ"
"Lillian Dail","UCex2Ud_mAV4XhZw7UTA2TYw"
"Lilliput World Place","UCcAwA3wRuIc1ogBtvrKaY-g"
"Lilo Lilo","UCoOSaQVKbUPCajytCeiRVTA"
"LilShhnoww","UCVx0pH2bW6QMJiz89G3PgYA"
"LilyLovebraids","UCmH9EBprAgCPzSxPS1nfKCQ"
"Limit Travo","UCb-yBS_3uJfqTCTVbkFWg-g"
"LIMITLESS LIFE","UC2zaMtTGbpsIDikGuiWAcpw"
"LimmyTwitchClipsPlus","UC53jLQgJEo-E08snHiAvliw"
"Limon the duck","UCY_bDzEeoFAIZa9OOTzihnA"
"Limperot66","UCLn3AEuNLQjGlpsYQ5BXccA"
"Lina | Personal Finance & Life","UCc-nso-ThEN0kKxTjkZVViA"
"lina k","UCn8MA1r8FEtcuA6OoTCsXrA"
"Lincoln Studios AI","UCfPoMxlPQJShSvntU9DZ-9w"
"Linda_choi98","UCMyEmjt8jmZSOqWnUGf1PhA"
"Lindblad Expeditions","UCIrWmn20eUlKQnOe7PBgyGw"
"LindellTV","UC9pa60bhHfgBEMXQO7UboiA"
"lindunow","UC25iC_fAuEFCxt3Bf2YMHmw"
"Linkplusproperties","UCFOAJG3_8nLqbPa-wNltKIQ"
"Linnea Sailing","UC8ja5_hyhCB7SKu7teRjRBg"
"Linquizt","UCbFGgd74VlbkBgRPU0UUUDw"
"Lion Mentality","UCf2Hsc7OK0Wjg_gsgDgTnuA"
"LionDiscovery","UCms2qUxVdI1XOpszorXhujw"
"Lionel favre","UCY9bFJm1GFpke8sQYa2pLTA"
"LIONSDEN 9","UCrwDR76IMLGX7KNiNqtSqlQ"
"lisa brown","UCP79YHlCpXO3_3GK8ykDVFQ"
"Lisa Cabrera","UCcTzK_2JDmFYGnUiaUleQYg"
"Lisa Germany","UCvLja4Ab5kprB51eU-L9rYg"
"Lise Barbe","UCVUfuKuQ9UYMlVzsatvcX7A"
"List Lab","UCgtJaFxZ0GZU_I7_jgPGLeQ"
"ListenCarefully","UCNS8cKtFX-dYstEkOr4FUyQ"
"ListifyNow","UCq_l4IDYMKfSbq9lqWNVMaQ"
"lite history","UC3wheq0-YBZYaWSyc8lEWOw"
"Lite Life","UCrHoyo7VKAOW3WWxRZA_T2g"
"Lito Tan Gaming","UCsFkN11hIcufI3eb8YqpcaQ"
"Little artist bhargav","UClhrBNGkWd2CYwhNcZy94Ug"
"Little Fun","UC6JkfZxOIgKv95dNSNgbHaQ"
"little gamer 🐼","UCukI_MLaJWbDhrKysn4l-6A"
"Little Life with keerthana ","UClPufsoecxbxSmxJZZWXUKA"
"LittleBigStoriesfr","UC5dUVC3h3FUeew2wX-TjKKg"
"Littledaquavis","UCyNqwvaoBbH8popIdsgrm8Q"
"Littlemaster","UCFTu16N5WZ6MdLyaFqZcYcQ"
"LittleThings","UChGtDLbhMDni1VcGyawG39Q"
"Litz","UCYFLn1_1aAEMWnASuXLsFlA"
"Liv Aurora","UCCSUhAZnIRc3Q6DvToN71lg"
"Live & Learn it","UCsBeYg0vbFo-OBgh_KB_5pg"
"Live Facts India","UCKQfHdW2A97tTeuxo3C3FSw"
"Live Facts World","UCHDcbVEuI81mDlSyOD5C5vA"
"Live for planes","UC7xYXpiRXMRvA5pofSw1Eqw"
"Live from flight deck","UCnHb8cUi_z4iVnF5GdHayKw"
"Live Insights","UCutfRNeZ1N_lxKPggkLyVwQ"
"Live Science","UCOTA1_oiKnz8po1Rm3nDJPg"
"Live To Travel","UCPxsI34rxloA4orDz5z1pMw"
"LiveFlights","UCE59neC4Lmucs5vd3DwxgtA"
"LiveNOW from FOX","UCJg9wBPyKMNA5sRDnvzmkdg"
"LiveYourBestLife","UCpBu2rae7jasZaOgnO8TMAQ"
"Livin Life Now","UCH1wV7Nog0TqdKAMG1fi1eQ"
"Living History","UCpJSZ3L4dSdNdWjYgTJtG1g"
"Living in the Past ","UCIq8BE3TvJGZE01YCWErRhQ"
"living-wanderer","UCXmzbAxQZMrMqm77OhAAKoQ"
"Liviu","UCZGPwobTTLooLO7EidPuyXw"
"Liz Vargas Art","UC2PN_vMp3Gr9dfrMmx3eqVg"
"Liza's time🕑","UCVdPZCEUQ1AbT6-D072We-g"
"Li🌰","UCq7AllM2BddZuOcZoteQy7A"
"Lj B","UCiA-4Fu3SqqQ6FqoH_WlMDg"
"Ljóssop","UCAqoJDKvoCGi9W-bHN9hgCg"
"LKM Academy ","UCttjdT35g-X6FUw0UyYnlrg"
"ll","UCzFkH7hTW-41mr_HPb5B3kQ"
"Llama Central","UCKYmE3jhxNV6ycnky_uaISw"
"Llanfairpwllgwyngyll","UChNHbLVcqDscBZawzHsHvcA"
"Loca~Nation","UCI9EwDB3vARTjnkK8WGJM6w"
"local Boy Shortzz","UCCCJIthubL8O5Bn7JIZov_Q"
"Localishbyzk","UC62z2SrusFOUDZgd6213dZQ"
"LocalX","UCpsoYJffkKYCRJI1jutqC_g"
"Locations by Logan","UCrrj4WCPAJAMENnI16VSNlQ"
"lodhigaming00","UCLcftC-wZlJTE8zQHK0BtYg"
"Lofi Hu","UCTndBwc8u9_ncsZibsArlpg"
"Loft Me Go!","UChn7oprIum-TARWhhGhPyrA"
"Logan Wilder","UCaCQNRK0MVpqkWxWRItLaRA"
"LOGIA","UCUHm9TKb_JVtk9aJz043I5A"
"Logical Education","UCHt_zGGNRqPiMYAsn-Xypbw"
"Logical Facts","UCFdZg3tV0OYyMfMy8mh0R4Q"
"Logical facts ","UCI3G7H5047egBEd307NgW-A"
"logicalmind","UCr_1cjHF-KhB36frWWPiYcQ"
"Logos Colloquium","UC_z2AWV6VabiUJ01webbO-g"
"Logostainment","UCQu6AmxVkM-pUmaLmmT5k5A"
"LoGr","UClaUv_XN9Yo8lG5UwCnuiWA"
"Lok adää rïï","UCv5PpnAWy8WjTEmvgi-XDuA"
"Lokasi Terbaik Buat Event dan Outbound di Kaltim","UCgeL9V2iLYUw1IYBNEWfFSQ"
"Lokesh Rawat","UCoxPhnP2C6lgv8TdAa8H1Cg"
"Lokesh Saini","UCQxiXGxRdXFTSv2EPtQYP-g"
"LokeshG","UCINoApXqUyBqqmKCfcWYsyA"
"Lol Hub","UCfmPJmUuNJW3OFeJPkzKPqQ"
"Lol pro game","UCtDYtpALaL_oa4C9w4e2uPw"
"Lollypops","UCy2qJHruRgkgBJFjQddPqLg"
"Lolo Rizki Elvanisa","UCLlaP2FI5aoKOEftW5eWWhA"
"Lolper21","UCSSSZM3DFJaDR-QRuEtRNbw"
"LOMLOM op vr","UChwVn4ipWON4auL86FH8Gwg"
"London Real","UCCZVmatSqIMTTB8uExk8xEg"
"London Review of Books (LRB)","UCW6A6OF_WihiIVM_GmqR3Dw"
"London South East","UCizya3XxdljX_KH7zY4YjWw"
"lone kielstrup","UCJRLw3t49E9g3j3O6QPcfJA"
"Long Haul by Simple Flying","UCUGfeKPhDhWW0EMnqbpdCAQ"
"Lonnie Dupre","UCkMaDL7yzzVCyzhNzN0wp_g"
"Lontenain","UCHsrH9vYiSM24nxkBf3mmTA"
"Lookahead","UC2jVHXs2P233c_1qPAWvvcg"
"Lookat Me","UCsbQUsRpmTvYjOeswb42ZnA"
"Loop Box","UCnxue6Y9AqPn4azJ5vC20Xw"
"Loop Of Thought Podcast","UCI8_AMurVjtnnzyuB143YkA"
"Looqi Sandgreen","UCr2u75wM9bi52R3rW_4dHTg"
"Lord Donut","UCnhMbazgZ3Nbv5e9HpxShXQ"
"LORD JATIN","UCEtND-aqb62fh4XAi80XLAQ"
"lordlambe","UCPL99oA0EGzHQVOL27UF7OA"
"Lordy Rodriguez","UCY1LOxnvSm28csNYA86BWVw"
"Lorenzo Paoloni","UCpXASm-wZs0wjPy4xbqv40w"
"Lorevia","UCnVppwcX2VVx2zuy-_FC7_A"
"Lory Travel","UCwy4VaAkrkCVByszbTpVRCQ"
"Los montanez","UCb_Bw3IqOkShzddMkEv8sYw"
"Lost Archive","UCaw31ShQWEv-HLdIRNpM_Cg"
"Lost Borders","UC_rBoCIFc9rvoDaMwpvO1lA"
"Lost Empires","UCLrfuwF4kjx8U864Koiu9ng"
"Lost Files by Saint","UCsIo59vwjcWFMHTptRML8zQ"
"Lost Globe","UCSPoHL3UknhK3jNPAqCw1hA"
"Lost History","UCtMdM3wWGyuwpvN2qiBL49Q"
"Lost In Past Colorized Memories ","UCYEb2Gt5DQImSy1itjIh0oA"
"Lost Pages of Science","UCq-PrvPA1KoTCR8rWnf_lUQ"
"Lost Tales","UCJxjl61i_s2cICByU9ySwyg"
"Lost Tape","UCUvgYoLNOsddq5r-Vo9II9A"
"Lost World","UCy9j3G4DoeedYqOiJKap5Pg"
"Lost_World","UCV65MhB_r_jvGp1HHasGpqg"
"Lost2time","UCt_yDWIsaqQB9lsPzGl44Jg"
"LostBoardWalks","UCN6s3B7yZngS5DIWr4beRng"
"LostInsky","UCGoHfEZhU762jeFiRDRobMA"
"Lots of Stuff","UCOKkfy41mfKNQ1GxvQaz4GA"
"LotsOfRandomStuff","UCRQuM-uxW1MQ43D2UcXvBtA"
"LOTU","UCE3bB-H4PaP9kTvkBMk_6sQ"
"Lotus - Meditation Relax Music","UC7oEQUTq3ksqgQqgMXzanAg"
"LouieTube Gaming","UC_QqM5C_We-qlSRilagARIA"
"Louis starks","UCZ_n0xxzu31C6HGq0PaH7bA"
"Louis-Charles Buyck","UCEEnsVGWPlFqxv4pnZTY8yg"
"Louise And The Art","UCCd6mYVNl5Hq1AdqGFeW3DA"
"Louise Nkanga","UC9DIaSJZ3Vl0DuBuvBzpgVA"
"Louise Romain","UC0qiWTluZhoWTYDG38oteyg"
"Louisiana Channel","UCY2mhw-XNZSxrUynsI5K8Zw"
"Louisiana First News","UC38l1n6mIvpFNGWdtuv_N6A"
"LOUTIAR","UCdc-7p8INS4FfnWpMJK17xQ"
"Loutron13","UCbWy-WDglQvRNyBV-phCqsg"
"Louwry","UCLfGhUJXcjWx98aC88TBDbw"
"Love languages ","UCO8-04s7-MylI0_ZD5xYf0g"
"Love Narang","UCyKfgAfappgpQn_R15JkERA"
"Love nature feel music  be relax","UC9jCr9Nj2Jj-zZEhKnfPb6A"
"Love News Media","UCvIlv8RyUEExvp6d9j96V3g"
"Love songs and other songs","UCQ9N-MMz-YsL4NyMxS09bog"
"love the nature ","UCleMTyV4QZbMXsAmdgpznSQ"
"LOVEARTH®️","UC3ubKpKHCGYbd5Pq3Kutf0w"
"LoveCinema","UCGGrFVgev6s5Hxlw5UXioNg"
"Lovely Little Learnings","UCKXeUnclOX2maHXvXqvTixw"
"lovely prince","UCj9Xj9fMFV6G93EmAC8wfXw"
"Lovelyladyamerica","UC1p7iW4zarUzzGB9Q5Qal7A"
"Lover Boy Prash","UCf-RX-lw6O4_OsqfGGC9EuQ"
"Lovers nature","UC2CgNbf1AzLzxGYjapLZVUg"
"Loving Landscapes ","UCQ0ewIzMq2ZlFXQT8nqYFPg"
"LOW LYFE LEO🦁","UCl7C-hlRKvZ7c62ICfWUVYQ"
"LowProfile","UCbpZjrhlmrjWuyzhe9tpJJQ"
"lssinghstudypoint ","UCxPTevVMHjRYiQ8dLLrVrYw"
"LTX IAS Classes ","UCQTBUAlsZnlV15q1ZBfjDxQ"
"Luboš Vargovčík","UCMEmuF_dIKjlOGOVAyzdh_Q"
"Luca Di Stefano","UCjvKxV1fYj16WgUSGK5jRsA"
"Luca Maxim","UCNmniAIIs77bbCO2Dfa24oQ"
"Luca Re","UCuXXoykB1_Pi0X4fu7QwakQ"
"Lucario4Lyfe","UCOugzVcWDB0Ode48HL3Irxg"
"Lucas T. Jahn","UCG10CJ-y-08b0DPQ1YQ345Q"
"Lucas_Kauã Reverso edit$ {LK}","UCNXC8-RPv089Uu5jU4HhuNg"
"Lucian Ockovsky","UCJy5-Jb06xIbq5v19QYjV6g"
"Lucid Studio","UC-nDJ1u-vbkWwCHPnwMIR8A"
"Lucid Study","UCx_-jT5lK9rqjXYCQbdUrHA"
"Lucid Update","UCcr996adT57-H79QE2MdJbg"
"Lucky Horror Story ","UCdAWlVzQdVj9sCo_99IXvQg"
"Lucky k  shorts ","UCHP29h1QsNg9v5UGsOK6lIA"
"Lucky Pip","UC0q2r97OnOCWmJE-X6P5s0w"
"Lucky Start Gamer","UCDmvUGFdeLkbxxad86Dl4pg"
"LUCKY_Games","UC6bUpaC1tVK8P-ltB9nKtoQ"
"Luckyday Pictures","UCqntBbQK7hAB304fDPfkBLw"
"LuckyGrow","UCkovJ0mHOcj13wk45ZXQOhA"
"luckyshark buddy","UC5UE6BOhuaSIM_xMH5Yn5WA"
"Ludoman","UC9dunB_GL5FZxeEmPTQvthg"
"Ludvig Olsvig","UC3h_OS0AFZ-Gy7eWsV8Ei0g"
"Luffy","UCXzYxCJbsIHfal4HNa1vKGA"
"Luffy Gaming","UCF_5DZiA2Vb95L6ReBFH6nA"
"Lugares Asombrosos","UCHqx2Ttau9UMnRK5TTJZLtg"
"Luis Espinoza","UCWVml6_UaktQYueIVrqqYuw"
"Luis Flores","UC8SpDCwiq9AyVWfHqygE7TQ"
"LuisCineVideoPhotography","UCGUWLAArOkrsOjljPlL_g4Q"
"Luisitorio787","UC4Yq0d0v4mUOQVK9qBE6-NA"
"Lukas Nickerson","UCvnq-Lv4k_rjD2hOSifctZA"
"Lukáš Synek","UCioY1CGrkHNZl96H1J3_CrA"
"Lukasz Gruszka","UC-a9wjVarePY8_wfFgCytfA"
"Lukasz Kuczkowski","UCGVkxy0ljk8SYVMbDcPmtzA"
"Luke","UC_4q1HzjaxQNkYdtmfuP7gg"
"Luke Briggs","UCnAuv1g-a5hhNwj3yyzdfgg"
"Luke Korns","UCcDzewAE13qJXHbCmTPAT6A"
"Luke M","UCw0fL8gXCRZOm-qxexKHiQg"
"LukeJ2009","UCGtP0xARoh8kMFHBqPOGopw"
"LukeWarm1403","UC_mHxTnq1R699Vl2B7Wa1GA"
"Lukygoes","UCS82FM327RiYgGqp84SgUXQ"
"Lulla","UCvTfseQn9kxzmTpouImgJ8A"
"Lumen Quiz","UCATe6e9KaBU77HOlcGMyxvw"
"Lumin Geo","UCgsMhj1hKZzHzr-4rGoFIeQ"
"Lumina Sustainable Materials A/S","UCtLnUUrZOlfACkRWi-Gae-w"
"Luminox","UC9K-YWzVLgirFrALVR2icng"
"Luna del moon","UCY7m-TvknCg-8D2aLjQ0tYw"
"Luna Snow","UCaW2BgA2r8Fntr2yuJKBEDQ"
"Lunara","UC7ejDImDIBJVjFgBmFARUAQ"
"Lunch Hour","UCvk4lX8QNlg84TvxEzG_iQQ"
"Lunethra","UCwXmie0pg8-iFgA46kr8Ocg"
"lurifaxish","UC9YvSOhroYWdJqFF6rNL0sw"
"Lurucrain","UCJPIO6JY4jsHXagwIRi7GAg"
"LUSS OFFI","UCsZtuzi1jcZ0q8txgXZ5qAQ"
"Luul Media","UCuY-9RnWaxIM0_M3F0o4YVQ"
"Luul💎","UCgaTrw7d8fb4uZH5L_vZPqA"
"Luv_Luna🌕","UC3ZQSCGA9PUv0jL0xcxBbcQ"
"Luvepi","UCACdmQGtwZhgdSgpiI2aJBA"
"Luxembourg Mapper","UCF2wFcbSV2kFeFOqmQ93c0Q"
"Luxemversus","UCW9bF_p4ta1nZk0D1oh4dtQ"
"luxferre","UCULOlJDeigSc2teutpk0OBA"
"LUXIFY","UCZS3SZPCjQmiysv2rtPd8Jg"
"LuxTourism","UCCPWulwFJN2siMd272QYfdA"
"Luxurious World Holidays","UCkPl7XT5-LSLH6YWazrUGbQ"
"Luxury Cruising with Jeffrey B Travel","UCP5seSF4Dp81mcMRuT-Sc3w"
"Luxury Lifestyle","UC5OS2ZPyGoClFD3BGZLcT-g"
"Luxury Travel Spots","UCof_Q4oHeZKslYRchflaouA"
"Luxury Xplore","UCZWNDHe4RyiT5IyNCccxTnQ"
"luxvzn memes","UCboJl-z45kaACboy0OusI-w"
"lvpedits","UCRM61mMbh7buf9XKfv3wwuA"
"Lwridas Gaming","UCZCa0t2x-Z0cesogsmE_-NQ"
"Ly Channel ","UC2AxHzpyoRrT9_s-EP6StaA"
"LY Daily ","UCeGk1T2mKKuxOXZXosRJe9A"
"Lydia Graefin von Eulenspiegel","UC9M4WDpEPzoiN7NfhFRaD7Q"
"Lydia Moynihan","UCmLNVWEiGhLvrskKx1D5iSA"
"lyn the travel girl","UCiOhHzQDERLojiY2DppiaMg"
"LynLarsen","UCDNk-E3aSNbPJtHIaC4gCPg"
"Lynn Williams","UCK7BfTIOUIeWEDfRdZg7zcA"
"Lynney","UCwvDc6PD1rFfMDT64r4bTOQ"
"Lyra","UCWTE9Dj8NQKQnHOlwQRf52A"
"LyricalBear","UCr2Tup3cdZNUzahw5uickHQ"
"Lyrics Through Time","UCOoHNOBPCYuqPgBnW8eV3xA"
"Lytica","UCSF3eFXP90_a-CXBLSay1RA"
"Laag Ni Ivan","UCkhAfMVaT6lx9DXrlRO7aJA"
"LaagNiBalut","UC-lvk_hySC6MUW-5M7yPICQ"
"Laakki Andersen","UC3qiEuv4ABkO1GPj99tRJ8g"
"Laali Berthelsen","UCxYlzVFVgfGBAi5RNMzNQQw"
"LAAM","UC-FCkONfHTBX4vK5bMHQQkw"
"Laardu {killEr}{HeadHunTeR}","UCJQbt8we-1gkHxsYa0DNg7Q"
"M Abbas","UC-DKaE_IEvSugOQ-SbRuvvw"
"M C","UCnlzBXmGXQ0BTy_nEtB-XoQ"
"M CLIFF CORNETTE","UCR-TVKLxkaOY2Gu9GgdNNQg"
"M F P","UCIASZvyn8K2DG0CTX6kMsJQ"
"M M CREATEARS","UCgwC7MOAbeKmZkWwy_K1VEw"
"M M Srihas","UCQ4ngQW01mZOswz6QWzZuaQ"
"M N U Dream World ","UCABLLSI4rp6GBaMEEITpNDw"
"M Paul","UCgUypqzI8axtR_pokjKj9jA"
"M SUMON","UCdvloc63BHxFZd4S2ge1jew"
"M vids","UCkXX2C3oJOPHT41vwyFOUwg"
"M&M's Midlife Meanderings","UC_2ppoVCC89M14ud1fUT3tQ"
"M. Reiner Al Hafiz","UCAhK5PUY6K6kgJAWNF6D9Qg"
"M. T. C. BY:-Pankaj Kumar","UChmWI5-sYD1Dpvi3ZsyrgMA"
"m.a.g.2025","UCYvO3gHoZ39k09ZdXbHiEWA"
"M.S.","UC15CrachjT6tyn3hfjFLJYw"
"M.S. Global Perspectives","UCRWbCKNSKgTIc-H398mKLEA"
"M.W.E","UCoDhNVaH1_0Pcp6gBk2YvyQ"
"M.Y. world 🌎","UC6s9gqvUuQbhP_58uK-cTlA"
"M.Zhafir Firdaus","UCeywtGWgJ453Xu34UWVe9fg"
"M1lkk","UCbZXnzjUqXGuGvJy10sALmA"
"M2 art gallery","UCyOyzZnEyQck7AHnNTfbB5A"
"M2seeker ","UCKiD61apyX-hg9ygacix6lQ"
"m5sameer","UCoKHVC1cl_gdV8dGxXYbzog"
"MA Factwala ","UC5MqUsjrjbIg6ayIXQHFu6w"
"Mabyachmed","UCDhbsD8w-eat-PiQL66CEmg"
"Maca Biz","UCMLBFdsDEYIKTuGkwRlhGzA"
"MaCathrina","UCVg566oGwideiDn9Cvvpqvw"
"Macau Business TV","UCkLUqHyMML3ywfTe8q32UMQ"
"Macauley Lord","UCzkPHUepRJh-4Tk1-SZK-lw"
"MACK _18🎆","UCjY3NxSdpD2k2SBK7GJjQcA"
"MACK TRAVELS","UCc3RxnybCgaS0flWkwpUq_Q"
"Mackinder Insights ","UCViY-Nn--4B4jkJxG96OHpA"
"Macquarie Earth & Planetary Sciences","UCxUj7dh3sEG9S01oe_1wckg"
"Macro & Geo Pulse","UCli-kfh2NmS8INFNAL50vUA"
"Macro Economic Historian","UCNcXDmdELSuXFmy4fziRQ8A"
"Macro Learning","UCN2BQcOyEc43LOdbHGkW3dQ"
"Macro Syntax","UCiWBDCh55N8pA1A7iIIWmfQ"
"macrocosm42","UC-rofVnbarQu1k0hRxmCbUQ"
"Macvid","UCfxOHtIRi3p-7ZIEEEJ6J7w"
"Maczuszek","UCvGyna4XEB6CS-8oacOvv3g"
"Mad Facts Journey","UCyxfymMNgFZGrlu2tjHJ4zg"
"Mad Maddox","UCoIiKbk11tLBAxHm0d1EEvQ"
"Madamedupigeonsalon","UCSH8PY9i709590llCtvGhIg"
"Madan Gowri Shorts","UCPbzMOBgvi26c13UTvvzQ5g"
"Madani Akram","UCgBGIoHYsVYbCBK4NwNgGPw"
"Madara Otsutsuki","UCmg5z6NCyaMG0dPtn1XNKsA"
"Madari K facts ","UCuLWVdZFsIXb47tuw-QC9mw"
"Maddy Saw her","UC9pPPrDHtZmLn6Jb4oeDmXA"
"Made For Kids","UC265mfOYxJZStrc7VfZxUOA"
"Made for Oceans","UCNXx_locXaKRU9UAw0YdSug"
"MadeofJade Shorts","UCl2nji_9oKaFb78KDHMxh3A"
"Madhav Singh","UCFdSA0exWMu4rBglcqVX3jA"
"Madhavi ","UCcoNo_89D3O0hZ9QPhd4dhQ"
"Mads Cort","UCazCM-rR50s9C_QJgRmnRcQ"
"Mads Peter Iversen","UCrWU2BpF6zvRFnkYHDDYHDg"
"Mads St Clair","UC-8gNyW7lrYcxYGUvwQVqCg"
"Mae in Copenhagen, Denmark vlog","UC9XRGdDZLdSL79ihlj3BZaw"
"Mae Shortz","UCyIuuFNkJYlcXd2wJkLbzUA"
"MAFHH5","UCGCYo3kWNCRN0rHV_gQB1fA"
"MAGA","UCl-3foSC5J-fADIvcI1nI4w"
"MAGA_News","UCPxX1oEkDoVVHjW-ofu1Glg"
"MagentaMusic","UCHiq8zsbl6FDse4qnHDWWLQ"
"Magic Of The Universe","UCsaHds6jIP2lHaiJqyoB30w"
"Magical Milestones","UCpeQh6A2E9G_BBdji7YNZcg"
"Magical Nature","UCVrIippnbOy1b3YFSbjTT6g"
"Magnetic Reversal News","UC6804lSS_CniXpgRzm35OpA"
"Magni Laksáfoss","UCiym2PFaC97GugkEpndsu2A"
"Magnificent Maps ","UCH6CzlSQNYDbJYI6bxNRcCQ"
"Magnus Jonsson","UCeskh5x7Q8osKqI60Zz2krA"
"Magssanguaq Qujaukitsoq","UCoGmlkaIVwDVs8az0IQ_hGA"
"MAGZIN","UCU8NB-K9oHRwluJruDOclyw"
"Mahamhoud Hasan","UCyFjJoMgxQ323MwGji2C4ow"
"Mahasin New Vlogs","UCG0bEAtOvZbtPA4tIjVCyaA"
"Mahesh Dangol","UC1n27iuz7fSAV51ZqaYU83A"
"Mahfat Tv","UCgSxRHsbBnsalVQoN9gmzsg"
"MAHFOOZ MOTIVATION OFFICIAL","UCziSLAIPvXNnK2_kjWJoIpQ"
"Mahijazz travels","UCtunbiH86yGUzdhSPxBaS3w"
"Mahin Khan","UCl--9Rjxabigf90vjp8GY1g"
"Mahir Afraj Gaming","UCBUVBbnR7k3hioeitQiLU-A"
"MAHIR. BG","UCBhSVEyMn6Tx3WW_RD69u2g"
"Mahmal ","UCyP6MhGpr9YgfGDyhtbQ2hg"
"Mahto Animation English","UCy6RKeAhHhDPqVuYu6D7gRw"
"Mahveen Hossen ","UCIVIvFgeAXgBn5Z5SXoLQug"
"Mahyar Mehdipour","UCJF38wHagpLWVhn5GV8iZIQ"
"Maida Zoh ","UCNovnPznu352aW_hRgWwdWA"
"Maighstir Tarot","UCIGMXLvyGSRby9WV-guK1sw"
"Maiko","UCmdhKCskLErWDEQf4mf4cMw"
"Maine Climate Table","UCYWoHIKnE2C9LT9ejya9Qdw"
"Majaq Heilmann","UCjyjVgzerbwV_keF6pBCxOw"
"MajesticMega","UC0-2j-j9h4Mnz1IxPJjcpmg"
"MajesticMelancoly","UCyQlQNm-p1AvZmErg7lp3ew"
"Majik Moments","UCbYuQZM887yhmjcvbuqXDXg"
"Make AI Great Again","UCB8Sa3clvm76x7VwPV8B6gA"
"Make Body Smart","UC601CyytKp9-oEJxfKZK-8Q"
"Make It Easy Education","UCW7WugaHVra-5NaONjZmwGQ"
"Make Schumer Cry Again","UChUj_lmO-DMO-90GzXc-UtQ"
"Make Way For The Lion","UCoJMEE0kS-RB4M6y0XXdhJg"
"MAKEEM(SIATON)","UCpzyJwKZGCrsV9XOfEzuVAg"
"makefunnyhaha","UCyiweGz_GNYjIgzL2Qh5upQ"
"MakeMeGreatAI","UCeRo5VVeqcp6W6v07JpkCRg"
"Makes You Think 🤔 ","UCNfKrTxVeKXakWFI3pIT95w"
"Makeshift Project","UC0ts7Wbbn24bo8TaRuu1Xig"
"Makkah 🕋","UC5g0sMo_lA-uU_92IYERVDg"
"Makoroni3416","UCGg-aCpVdLRsnFrur_XAU5w"
"Mal and Des","UCjtIkXIlrOA-fE70N6PA4Tw"
"Malayaball","UCxzoRFmq2qv0pMPMbWnIK1Q"
"Malayali Gamer","UCJXJjJQhHlITq9A7dIRaAAQ"
"Malaysian Countryball's Mappings & Aviation","UCFj3lGLZJPhO8F-ynXKqjGQ"
"MALAYAA","UCc_04vYcGcv43rHIKmKH_mg"
"Malcolm Nance","UCFWz-RVDDuPdX-PImCjEaQQ"
"Malgatti Academy","UCgZ7K43vXbWfV30hDJms14A"
"Maliina Jensen","UCic6IoPbg94gkeO50MmMv2w"
"Malik","UC2TCO2jkBfnkLZW7od89cRg"
"malik art","UCMVGhchLZUtHQ4ffUrZ332g"
"Malik Berthelsen","UCtYRnLysDDQSh76_yjrRAWA"
"Malik Hansen","UC6Ti_piep8rx5W6YXkmjlgg"
"Malik Kleist","UCFeBIejWbWYHz4K6Hmsij1w"
"Malique Guinn","UC-yw_TRfW6qD_cuPFKlDJ9g"
"Mallen Baker","UCZrXbiKCUkRNd0Dgn3sDXqw"
"Mallery Bawole","UCNTiLbOELwAu3m7-GuLKtjA"
"Malosix Republic","UCrD9oKyUq_HTP8uaie6mEzw"
"Malte Clavin","UCeNhd0RCJqTDxPRhYyV2tew"
"Malu Lynge","UClU1JHhNamJ8cDvsu5EyQEA"
"MALZ","UCgCWcHe_m-pHNPw9Ev0Z21g"
"Mama Jane’s Husband","UC5aGt32JWApecmC913tHJAg"
"MamaBambina88","UCNOl0UEgic_SalwFypS8wcQ"
"MameShorts","UCZkUJnUvRaS-q-2iThsGKmQ"
"Mamlakak Broadcast Network","UC4ptedNJn0L8AFtUeIjN0ow"
"Man Boat","UCu64cLOaKvKszW3MTjlf6bA"
"Man Boy","UCUCX6ZfMq2iilBPsRst7BvA"
"Man Carrying Thing","UCPdaxSov0mgwh77JvjQO2jQ"
"MANA JCB VLOGS","UCqI7P89Kpg8vMb3hSGHvUeA"
"ManalTV","UCF9P3SsPwkj9foEaN2uCACw"
"Manasa C","UCT8pTm2wOxGeU-N5ESvKijA"
"ManasAI","UCHlDSsiHYWCNk-ouGvMYCIA"
"Manav Lathiya","UC6BVf6VK9RzCsOZa49IziuA"
"Mandaddy ","UC3P1FBvPeX_HHNisMPpTVLg"
"MandatoryFunDay","UCq_IooL5-mnPOXnjxxfRMrA"
"Mandela effect- Quantum stuff Texas - Danny .","UC84Uiro4DxrV_EwGsN0ZE7g"
"Mandela Mile","UCjjqDA1sJGTuRP2OoYRwFIw"
"Mandil Chamling","UC5UJ-Olg1E6wGTxMcbuXN7g"
"Mandy's Wildlife","UCSgQRFGXQcwdDTJDPSCUqRA"
"mangogeek","UCfCY2q9SH1b3njwYxrLYSgg"
"mangrove1","UC7udajExtjbpjXmc0RlpSBg"
"Maninder news( ਮਨਿੰਦਰ ਨਿਊਸ ) ","UCHKtv1WxnJp89uiYrZDL1jA"
"Manish Dubey","UCbP-usDi5OtB175J0YVjRfw"
"Manish Keshwala","UCdJMPnE9pecnNxgspGWenNg"
"Manish Kumar","UCX1-gW3WUmZ7pYzHlCDFAZQ"
"Manish Talk's ","UC5TE0B0fMCMe14zWXlfRIRw"
"Manisha ","UCrueQcRDuspv-B4FMpNFPkQ"
"manisha agarwal","UCQ1G58Er4Y4trK_vJLmRFCQ"
"Manit shorts 1111","UCukw_569J8vGyjWi4pp9omw"
"Manjit Singh Verar","UCjmULc0Qmt4WkJSTLse1jMQ"
"Manju Handa Organic Gardening","UCABE1XienstfYSUYr2UPPDg"
"Mannat TV Production ","UCdOXuMOEEWs9R7vpLCXQu6A"
"Mannat TV USA","UC3BKFLiweNTSS57T4Z8qfnQ"
"Manns Adventures","UCb197GC4_PpP2m0QA-ccxnA"
"Mannu Gaming • 123K views • 2 days ago","UCKp-_LdBkCFpeavdbjKSSYQ"
"Manny Polig","UClN8hKBsMzvqV03XmkrfAqw"
"MannyRAY","UCr5xvr3fnS8d_80sEETPT_w"
"Manohar mint","UC_7kj5op8cYtYPrG19j7sBw"
"Manoj Gupta","UCZ8mD4HCTPZaGDgXr72h5XQ"
"manojbalan travelworld","UCsjpAErHIZ_52XquJN_DGog"
"manojranga kumara","UCy9CrcOc0l3nATB0hBmbMdQ"
"Manraj Sandal (flag maker)","UC0b93EZWCkAQ4egikODnCRQ"
"ManraProd","UCVjfSdJGn7CnLzJOXsGDp6Q"
"Mansehra weather","UCB5NHxZ5CdPx0xLwxB5p8Pw"
"Mansfield Tigers Network","UC4Qr6odqZzfqqEL5qMUl1KA"
"Manshi rajpurohit ","UCrUy7Y8wNPMhaTwwvdCYvTw"
"Mansion Minute","UCvpJw08_RH_h8BjMbre1SGQ"
"Manso","UCPkg4RTOZ6wLDhbBC-MurZA"
"Mansoor Elahi in Norway ","UCMI7pqGST0udFsGbHjr-dyA"
"Manu_around","UCgjoMP0di2_bl7ZboNSD3-Q"
"Manuh: Motivational Speaker","UCdjN7IaNWOQgSVRC_NHfA2A"
"Manuraj Kr 2.O","UCcHkDCW6IR56iRkfiXh0yKg"
"Manushi on the go","UCvZnFpTiVXATzWII-W1-2aQ"
"Manvikareddyofficial","UCLNNDHL9VcrUrPcXldSEFeQ"
"maow uwu","UCXp5T_Zaew1-_bTv2ZCexjQ"
"map","UCuxSOJf7PvD-4KM1Y-le7Xw"
"Map & Myth","UCdCIGh00efux3N5qIgObmFw"
"MAP 938 ","UC9gS5TEmPduaYWb62Exlqww"
"Map animation ","UCAAlTJ6rFeyj6HXGoi2LQ-Q"
"Map Art Everyday","UChDXZthm8dg8jMh76pGfBag"
"Map Artist","UCRMmnBmMr6I1L9ARikA79tQ"
"Map Control","UCTTx7dflcS-g88eLnD1ygUA"
"Map Dynasty","UCAw68chvAwN0RFQp2N20jeg"
"Map Explorer ","UC0LcTDZaaTEzeb2124xrsvQ"
"Map Geography","UCSi4DHWxso1iMQ_xfUbHAoA"
"map in short","UCTLF_zJqMhyQhEgVBXhEAgA"
"Map Lad","UCDqQA5QPBQBvLy6TSaG-0Sg"
"Map Marvels","UCbt6xMAUmcUEJhD16l8ovOA"
"Map Monkey","UCKT6w8uabfBmBNO09zyq3hw"
"Map Mysteries","UCOFG8xNGqeItlp_sIdva2TQ"
"Map Nerd","UCBcw8L7UiRtb2AAOySWVUqw"
"map of the world","UCfi0bx_ZTW0k1TMyuMtuj1w"
"Map Pack","UCb0JxFSwHTzH0AEsAzQHV4w"
"Map Shock","UCeV5X5St_nZ4UsRnMlbWnAQ"
"Map the Gaps","UC21WLaPiEEOmf24cUoOjMyg"
"Map The Matches","UCAd-8_xxdcLSHC2rrd2iUaA"
"Map Traveler Shahin","UCBDluem7nR0mqf7QszNlUxA"
"Map Travelers","UCSM7UtMDezmyTal-EFsOtjg"
"map video ","UCeow2XYWGHLkjMWhVY5oF_Q"
"map.10in","UCKC83yCAsFmDS-1GdcH5l4g"
"Map.Deeper","UCA663iXqHFlYh1aFnMSDrmg"
"mapfacts","UC9l3_oBPUT4mLB3E9brEc0g"
"maphilindo empire channel","UCd7GPpCtwIDMS3urgMumCaA"
"Mapie Map","UCcYTrG8_sL9cG3aGvruGxgw"
"Mapify Pro","UCzoZDGma3ALusFIXq8XI07A"
"Mapify Travel","UCqR0yMFTGRbf5lkgYgMYpEQ"
"Maple States","UC-yDCJmRFvAOBIFI9-UjtJg"
"Maple Watch Report","UC8MutSVHsj4IZjVXRt1Xu1w"
"Mapline Media","UCiKQtd97v7lCqoo8jDOk9Ew"
"Maplogue","UCV0Ls6bc7XqbmupkzaN-EJA"
"Mapmatica","UCD353lJyXmKlk-ypI4jAkdg"
"Mapnosis","UCzzDpwSqxuob498fVgjLf3Q"
"Mapory","UCZ2BDhTftgjz-JyHEYD-JsA"
"Mapped Flow","UCWPDMYSYlHJMMOzHoSCzi7A"
"Mapper From Balkans","UCobpmNtOLpzntx7IB5Zr8Vg"
"Mapper Maniac","UCOT0mRXdNINoGVovGjt6_-g"
"MapperChesterJohnTheRunner🇵🇭","UCk4bPRMgAbl7d4Sm5nMkkZg"
"MapperOfRussia","UCWAWsfTuLeec3ZnvN01ogUw"
"Mappifyy","UCS9Tub4su_mAIPIq_l_RcVQ"
"MapPills","UCfFBo4oF-nsEVYm3U8w6KZw"
"Mapping The World","UCyzyCAz6xjYHzp9U2lycL7Q"
"MappingOurNations","UC_Ka2--zdvt7DA7O61VpMlg"
"MappingPhlox","UCn2Ppclwbk9uKUlOf2wu6vA"
"MapQuestor","UCb0xZfhivs6OohcgUXTHkbw"
"MapReality","UCM9NzpoVmvQtW7y0EHlTJFg"
"MapReels","UCWuCEz7KHiNy4sVCFeRzVtg"
"maprunner","UCuqvLrqUZm1MqlJ0wbbJjvg"
"Maps all world ","UCgwIp7GHdgPjMjQkGIBRH7w"
"Maps and flags","UCZt6nlDtO_MwTBh2r1mwvaQ"
"Maps Explained","UC43NqmolWFtC6DJDfHfySdg"
"Maps.Interlude Shorts","UC8pfY6u8t0WnmDqq-U5DpYQ"
"MapsElapse","UCn8m2OT-Lif7Rtjmd6rEz6g"
"mapsinanutshell","UCVt9cQsDsjjaVPeEms3tvTQ"
"MapSphere","UCpDWLE5mpfqgtND31lgwZhQ"
"MapStories","UCPZnV7MOlgeVYDE5WoeLwiw"
"MapTonic","UCyy9Xadzd7z89ohG7BlBqgw"
"Mapture","UC29CCi5VQbhvZZ12LEITjsQ"
"Mapture","UClKD6VGmqy8jBhdcewnIO7A"
"MapVerse","UChE_msWn37Ukeoff65ORntw"
"MapVerse","UCZW5JKPc5B70n-xwhooccPw"
"mapverssee","UCQYk_gAZyMaivZOEqydpA_A"
"Mapwy Mewy","UCsDbayNnNW6Pqzxxcv4Sb7Q"
"Mapzinfo","UChzaeaNKuEm-r7L5Db4HSPQ"
"Marathi bartender 🍹","UCJSFwwL6lpYaMiZrap95Pjg"
"Marblez Edits","UCa8APGMouqjr7Kx2hzsG22g"
"marc bolzer","UCgjsg8mKqa6NaOKSMJgNPKw"
"Marc Bächtold","UCFQp0PK4G69pag5l4PpHbiQ"
"Marc Fussing Rosbach - Topic","UCSRjZ3YaGlNykhhxA88LfiQ"
"Marc Thiessen","UCuYbGkm8_qp1JrwYfAOqDHA"
"Marc-André Pelletier","UCSV3Dth-fhpq7gQNHD-UiIA"
"Marcel Fuchs","UCo6tTvBksc-kRpVjst6Cauw"
"marcello maio","UCerGvd9UzuYcULrHNSq48jQ"
"Marcia Didtler","UCHIcsmXZdi08nSG-9Z5003A"
"Marciano Aquino Soares","UCKQFTwTz8ycDPfmX7Dj8itA"
"Marcio Blauth","UCsLkVUsTNlcAf8D5tL5kRxg"
"Marco Brando","UCpMj31aBvr-Q1anPHdfRZOQ"
"Marco Giovanni","UCkhCoo120OE4dhZHm4sy6Eg"
"Marco Spiaggi","UCOo6-I5tTn1nQFC04LQ2cNg"
"MarcPe06","UCMqQ_tlhn8AHTWDmnOTVoEg"
"Marcus - History Reborn","UCTpereDoWPcuzajevC_uI4Q"
"Marcus Frentzer","UCc_fUE0InpmkHTFI0cQEXbQ"
"marcy the baptist.","UC_WBRhQL-kvOS0phK8kUtuQ"
"Marek's Travel Bites","UCAYS7iJC09qPdNi7mtc6FdQ"
"Marfoogle News","UCVl2jWBH3ksLLJfjliXmomg"
"Margarita Lula","UCGg47-pgz5pgF_BN-qnG79g"
"Margate SDA Church","UCAJRU-7rBHHwqOXKgJhiCvg"
"Margie Turrin","UCuCqPqc3oCOtmUfID-yjV5A"
"Margie Turrin","UCvPTpX7KJ4nZBJlFoB_dahw"
"Margo King","UCSyXExsjFNjCdanTwtpSafA"
"Margo's Healing Corner","UCWUv7ljACuMUxDFuReKdz1Q"
"Mari Star💫","UCqzfz4SkI1C0VYr0DO9u5ZA"
"Maria","UCE7UXAxw8whhio1PffyF5Fg"
"Maria del Mar Garcia","UCf4ZPaTmfaH19E1KPrzBTsg"
"Maria Isabela official","UC64GxQ3SzWhvPiIarsJMxbw"
"Maria Johnsen - Topic","UCn7pXo04odvS8aRM_82jv-Q"
"Maria Schoenfeld","UCCZ8v3KG3xLdGPddp3mBT9Q"
"Mariam's Art","UCFJw2xXIKxmeXpSSW7EblXw"
"marianna greenland","UCKeDQW7AyTnDdOneg4muwHQ"
"Maricar Angelo","UCZmAIhyTJC52HqwbgnC1HNg"
"Marie Bulínová","UCHdAqbMYVwavrXTR1cFZAjg"
"Marie Chen","UCZwb_HCX_DYO5QnBtT348Tg"
"mariechelle ","UCjjsHo9vxTex-CKapj_Ki4w"
"Mariève ","UC1MnQnWu8HHhVknSMUsqUCg"
"Marilu Ramirez","UCNs0p3BXcqLiUv0nthdoUEg"
"Marilza Silva","UCqrcz86lpvJQUk2faqL9TkA"
"Marina Lauro","UCwuGM3BU7AILWr35cs9eFSQ"
"MarinangBisaya- Miss K","UCIlKZDFsv9BYQtdRfjy6gzw"
"Marine Mammal Research AU","UCT72b8lCGDtYWIHHKB79OwQ"
"Marine Walker Vibes","UCKBzUk-z2vT8EXiY-ae3f1w"
"Marine_Traveler","UCCkaqL83cyt7ZsAE0vpBZUg"
"mariners tv","UCkJPuZwViA_KiSPJEmHbcvw"
"Marinus","UCGBwUz-jlATGu2PrTXHeQSQ"
"Mario Buildreps","UCD9dk54Tb8DmWbh0B-h6FpA"
"Mario Dantas dos Reis","UC7KpQ_tglFaqMmpRh9NcIsQ"
"Mario Lago","UCGa0XkXUq-CMTpFgcnQe4hg"
"MARIO QUEST","UCzLMP1ZsCe59mvz3KzCZ5jA"
"mariodaexplorer","UCNlV1fvVIu5bkDNdfGTshHg"
"MarioS, Passioni in Alpe","UCwyl7Ej6gO4JmYO0KdKrTcQ"
"Marissa Ellsworth","UCmuKbV48J98v6nF2p6lNoMA"
"Marita Barrett","UC_oy3x5o7YvnmTAv13OlCVg"
"Maritime Insight Global","UC219R01GqjD9MKLj0PeMbXw"
"Marius","UC1TlUAgheebENi5RAOSC0Gw"
"Marius Buhl","UCTU81wmyop6GDZ5JaMKcBkQ"
"Marius Friis","UC2IXJ8Mk59gMetoytT5NUeg"
"Marius Petersen","UCK2MOQPLMrdKFBalJm06DKw"
"Mark","UCj1kTh0BiHj8zxCwKBhMUwQ"
"Mark ""The Spark""","UCQ0-ChBBnzKxFlBIY_RVMEg"
"Mark 1333","UCg178cchFvhCClnLWSR5iAw"
"Mark Aldrich Soria ","UCX53tIC-9tu1nX_xe4v5zpg"
"Mark Brandon Aviation","UCboeeuYcOaPfvDhy7e4A5Pw"
"mark Dee","UCetVvnBrDnKvTjYmEoe-nQA"
"MARK DONALD","UC1C7UIag3aLX0rIbCu4uTUQ"
"Mark Felton Productions","UCfCKvREB11-fxyotS1ONgww"
"MARK Friday (Rajiv Kumaragama)","UCBWTG_zfuB6u-TRGTnfTI4w"
"Mark Jensen","UCMY-hzabazp0bYLLg1aGpdw"
"Mark Johnston","UCt8dbb1ogbVVTjUiee9MVCw"
"Mark Lamb","UCfFSJbd6GpXh22F_nzzbNZQ"
"Mark Less","UCjfJ4T6SlvxZ8hEhoAnFd0g"
"mark parham","UCiUMFqd9YpPtPO6fyPOsP9w"
"Mark Richards","UCIoj4WrJ76d518OdlHGfIiA"
"Mark V Peterson Hunting","UC1iDKHBy4aIgZz-xN_jzAvw"
"Marked Terror ","UC7IhNX58MlfpC2WOLtnpH9w"
"Market Brief","UCJdMCbOANKR0J1nFyUyUumA"
"Market Depth Talks","UCkvJHnadyUwpQ-qZgPc-R5A"
"Market Financier","UCSy1NZqHZ3hOUU6oQs6OoxQ"
"Market Goin","UCUgSkLGCGmahBH4kVkR3D0A"
"Market Insights Daily","UCOrxb2fg79m-CLG5sySyRQg"
"Market Mind","UC-4fEr8JQGiMayzoPoD2Pgg"
"Market Mindset 2","UC5tnuBP0Z6hjOsTbMzkNO3g"
"Market Power","UCPSu9GmDkrtREUAshi4UIcA"
"Market Pulse by mktscreener","UCYcboetwuEwJWN63JZ9o7wQ"
"Market Research Hub","UCkwEiW7T1GlRCzkdBdMRE0A"
"Marketclips","UCdegjnDCXbXYnmyw2msqpOA"
"Markets4you","UCOyke-Tv82-sb8_08Ckyp3A"
"marksontv","UCxPTao2DVZEI-8qbjQSNQdg"
"Markus Eliassen","UCUCTUEX30ojWCIG-Ne6mDBw"
"Markus McKay","UCoilkkFd_pjbIYTeYMV25Aw"
"marky24uk","UCN1_h6DbAj4ADF1yUm0rJew"
"Marley capybara","UCadRtUEZoS-7gNIc25cRCJg"
"Marmarisball studios","UCgpEQx33hjvjPcNK4hWzv5g"
"Mars Tv  •  286k views  •  5 hours ago            ","UCAYNImy6EmN9JYOULIk8VBw"
"Marsha on the Move®","UC_18aUafIEQntRq_ba027Sg"
"Marshal Kumar","UCUN-uDjXGNPVE06VECoq5-g"
"Marsway ","UCOab0Y0bbQKX0IYUsPTWvDg"
"marsy","UCaJo-COujzeWV26gx41aRlQ"
"Martie freez tv","UCLHnJUq34XDBovWjOZS2zeg"
"Martin","UC1cnQjOaZ9tEFxli6aPkvJA"
"Martin","UC0HhaJQ7bePtw00_LhKZwlQ"
"Martin Beecroft","UCASdObNILrg4iINnFjBb9fw"
"Martin Chemnitz","UCG2JzGYkadBAH6Po5OBeCgA"
"Martin Denk","UCUE7Zy8STTQuJeJEE62r43g"
"Martin Hjort","UCTJb8vMYIvu7e4SERMjqk2g"
"Martin Parker","UCTqZt3PwTOpsbzglQ2arbnA"
"Martin Stone","UCw5n3kxBsSoeJnSO3KuuBbQ"
"Martin Sudek","UC0uwacAg87eyI8nNbubRmwg"
"Martin Sørensen (MS Sikring)","UCeEuizHTYDAWyyFotiRw2nQ"
"martinnmartin","UCnznBVWdodWHvjskMG3CqHw"
"Martins Sudars","UCFEyfqO4n74nT2Q7qkC-ibw"
"MARTIS TV","UCAwvSP7s_aWr9r9FBOpJnug"
"maruf ridom","UCDkNZLSH5IuVibd6Cs8QFpw"
"maruf's notebook","UCip3HzO7Y9X9OtQqUaXuw9w"
"Maruthai Raj","UCnp1iwem07dbguUL_1IAeLg"
"Maruzedo","UCaAkedaggpjGSoQYAhxfsGw"
"Marv Amesha ","UC7t3jQ6yqW_falp987V7EKw"
"MARVEL CAT","UCL3uzg0YG_4_Pm0mZKIc8pg"
"Marvelous Land","UCAL7VXX_tvRl19pzKkwWPIg"
"Marvelous Movies","UCDayRr2P7Iyd3JVLFtiL7Tg"
"Marvelous Superheroes Showcase","UCAexyTwZjVeRjN0fwKajMbQ"
"Marvelous Vlog 25 🇵🇭","UCzIlghg6nX2qUYcoJQvTcIw"
"Marvena Lane","UCuEAw0sM6bzpHGCjydEfLOQ"
"Marvin Sulistio","UCJ2bVUi3UDm_5DtzTfQXPJw"
"Mary Beth's Midwest Adventures","UCYg5qTdcTvFYmUKCtC7r62A"
"Mary Bragg Robinson","UCkT6V9erDwdRV4og3g7ZqiQ"
"Mary Greeley News","UCpPGJXgbwBmkIp291W0PCMw"
"Maryam Bazar ","UCGnTlolrlVWpquiVXvp3P-w"
"Maryam Play and Learn","UCt_1EkixpOOO0mZaur0ZCuQ"
"Maryjane","UCrNVB_9tisebR945fojrpxg"
"MARYMARICE NGARI.","UCjBz6RKG_OhnDQ30rx1kQhg"
"Marzipan Productions","UCG16ylSGmKUFyhbLsQge3-A"
"Masahiro","UC0hTJyLneoFZbDK7oNKen3Q"
"Masala Dosa","UCq9S8dmxaJ6BR19KwRxcZxg"
"MasalaWave USA","UC6NplN8NApmeO0eGaX2AYdw"
"Masashi Niwano","UCFnYMMMIZvdk63WkE-gy0kw"
"Masbah Arman","UCFXqhX-23i5WoKxaDGvwpYA"
"Mascabada ","UCdUuR_zXFB1Or0WGlUhzQvw"
"Mascofive","UC_bEIxTpp7GTyAFWp11vguQ"
"Mashal","UC8CPS_Y8srSyjbO15OdqrJA"
"Mask Man","UCa2EjnQt08XM-2EAMU7p-Lw"
"Masou Outdoors","UCpHQBUsExHXLt__v9QLNlrQ"
"Mass Ekko","UC_FZP9huDONeUAQ7FdYGLXA"
"MassaGlobalNews","UC-7SKWSr0thfjPjQg-PLrSg"
"massoud tami","UCdgh0kVy7omgB8N0beg_0RA"
"Mastarul Hoque","UCOyOteVfzxGuWHegBaXP2Xg"
"Master Ailish","UC0-lab0s00jP3Y0NObxi_GQ"
"Master Facts Guru","UCuY43yDpK-ziA3lZrQrlKAA"
"Master Genius","UCD59O8jcaJH8r1cH12R5B1w"
"Master Loe","UCN43xk5CWX2WuY83_HCr7dQ"
"Master of Hunt","UCdNxH1ti26o0wplfl9wOP7Q"
"MASTER PRO","UCB8F5V4ti945rsI8HZsqQ_w"
"master technology","UC8wmJGGQlQtSUHRSetMEI1A"
"master. king6","UCMrpORM0Z443oJZJ_BG7PcA"
"Mastering Knowledge","UCzKflWKR3-M4tMouFxRXUgQ"
"Masti fun tech","UCaET1jUIJmg250KljLpCIRg"
"Mastishka Relaxing Music","UCWZcqBGmWt5T-M2YTDCROVg"
"matad311","UCYzVLA1AmSByC7gz3gCxtTA"
"MATEgghead","UChdZwMoMetg5XhqXv5KdFpA"
"Mateo","UCa8l9mb-v3YTObhvmKhpPLA"
"mateo odevilas","UCj4lNg8FAcmcMnM9bMD6phg"
"Math in Minutes","UCh9x5jwbX7vCC5IhPF-kGYw"
"mathan_goes","UCIigxuHyUHF1T5uTNIRuB2w"
"Mathematical rkr","UC9u3iiJeDNfJEVZGSzyyNJA"
"Mathematicaphile","UCoANNZaib8MNvIQVkRiYCsg"
"Mathematics tutorial","UCnxOZG7LWSygk1weX1ZsPeA"
"matheona","UC5jFPxeNmphWHxuEPdXGrZQ"
"Maths By SL","UCeaJndYrJhZp-VEgQRTo3Vw"
"Matias 3.5.0","UC_EbIcXA0704qG0UZ1rZ7dw"
"Matreya","UCuRrIL66uKtnkL-mHLiX5MQ"
"Matrix Hub News","UCsWwSh76iqY-alPptxPU1jQ"
"Matrix_X92","UCtlQnpAvZZ2w-0YQ3ZGZpSA"
"Matt Callanan","UCfvxo5tt0ZMro4x_G1NZENA"
"Matt Edwards","UCMNxGn2thTE-aMx19dk6b4w"
"Matt Gabriel Comedy","UCXqYdjMFOfIckw1fXOvCpvA"
"Matt Guthmiller","UC_YMUUbonlfzhah0HW4xGGg"
"Matt Kirby","UC6so8oB45Rf6SdN3E2FMj-w"
"Matt McGee","UCnl8Vxz3IFUmqzw9NZx3Pcw"
"Mattassuas","UCoVD42HdHMy3NeTpvLF2SMQ"
"MattBroAnimations","UCvpIemNPwBrfT6_zhPWxTpg"
"matteo  kungulli","UCeaETmDcveij3kojCceWHQA"
"Matter Matters","UCwS1qGtp1qvmc3uwKJ-8TqA"
"Matthew Dube","UChzEt3sTh6nmgDO1hnOXEEQ"
"Matthew Littlewood","UCDeFcw8UTrPXTjKjpMiiC5Q"
"Matthew Tommasi","UCp7gmnGmBgj-JjCoXzldOrw"
"Matthew Trabold","UCQMwRm6Yql7VCv-L2JqW0gw"
"Matthieu Tordeur","UCqdUASNpRGfmCT8SclsXvJg"
"Mattias Kolstrup","UCcN3Jf7gDyZ8IGrhsJ_JXmQ"
"MattSpeed46","UCaqv0AP2uVUtlh71wyydAUw"
"MATZKY MATZ","UCUGU_IbiYe1bDwWZeUfb1qA"
"Mauj e Sahil","UC53S8-GKFIFrBeM1O7nflJA"
"Maulan Wong","UCYGQDjXLm7pJ5OTRQ_vHlRw"
"MAULANA AKMAL","UCArSOvUoIVHBSsRq3qPlT8w"
"Maureen Dela Cruz","UCjwd0XuV2O9ArAB7SmfOISg"
"Maurice Henderson Shetland","UCFmZlhj85pFOOqBzjyaylFQ"
"MAURITANIA COUNTRYBALLS🇲🇷","UCiyXkm59uzpc1njwlqabj5w"
"maurya history","UC_Jl4QT5V5LqReQQuYY2Tcw"
"mausam's makeover","UC9K3m_at88ORHfeIqEI31HA"
"Maverick Kri$hna","UC_w2cJ5plDgZUGq4Mbul_BA"
"mavi🔺UFO Research","UCaKT08hGquo224OgF70EGMQ"
"Mavx Productions","UCVlNCKkCXzN-DZZwO9Nb97Q"
"Mawbill","UC58LUrGOpd7fCTjMVlZRvmw"
"Mawy's World","UCanRfDTN1ZxLoxIjSbGj-gw"
"Max 10 Sheets","UCOJNVTxLNLGKb3FuQFXYTug"
"Max Afterburner","UC6-y2wMNk24Fi-J2qbTTYQA"
"Max Cotting","UCZIU5BQm3WXrlMjPOVwcvjw"
"MAX Global","UChg_s_s5UjdvOxVtQPdLaVQ"
"Max Loubser","UCAoNKqXhHJHBmkslMvNfnDw"
"Max Maksym","UC2NTLavlbkLCEANsEVINlYQ"
"Max Terwindt","UCv9stBxhVpQnC-nEU1otVCA"
"Max Zander","UCRC-qUg1zukOX3I0ibrDM2w"
"MaxFilmLab","UCfOYr5qsU9Lyf7IUmTPJl9w"
"Maxima Outdoors","UCKglwRZFxAMhvzs6oNpNYsQ"
"Maximillian Tee 🇩🇰 - Nordic Satire","UCH6d4ujBC7d8gRMZG5N1L6g"
"Maximum POWER","UCMrNEky1xwZW-co9IGA6bTQ"
"Maximus Good advice","UCYN1O8N2p3pci9PEZ5ntOqQ"
"Maxwell","UCOne9RJxco8ICNhQw1xEf7w"
"MAXx PLAYZ","UCmkFOaX8xoXT1TP9nC0_82A"
"MayAnimates","UCgp9O7DmMkuCDssyZ1Amwlw"
"Mayank Educates ","UCz6ByigKoVwfI10-iuYqBKg"
"Mayank Gogia [ Trade For You ]","UCgkh-FsEEXXFoUORpu8CFEw"
"Mayank#123","UCepM81kVtY4QIYEU_F2ljAA"
"MayankHere","UCjWNCCDqWIsYtMCYvC2w4LQ"
"MaybeDifferent","UCeu2ldVfZ8G77iaMDPybenw"
"Mayhem Wit Maverick ","UC_9TLCPRT9iQZsHpUYXf3NQ"
"MAZ THE AVIATOR","UCXorKhA9U5QcGulrd1f1R1A"
"MC Digital Marketing Productions","UCouISDlj55gwHGq3CGKFKTw"
"MC-400 Plays TFS","UCCvGyVBSHOieWDTcJiqTkjg"
"McJibbin","UCPEw9wEyGWYRwVjZT80sBQA"
"McKenna Gilde","UCsIcPa9iI9nNYl8hwgdmajw"
"MCMCFLA","UCPFX4sUhMq28IiENw1QUANQ"
"mcqs badshah","UCgRPFpbesPFWIPOY42zxPVg"
"md","UC7bmQxfo310Pql5DrOFo2dQ"
"Md mahedi Vai","UCUBGRCpxj0IaiUHY4RQnZuQ"
"MD Sadikul Islam6","UCdKcCHi8xaHxtKh-MB6uqyQ"
"Md Tamzid Islam","UC7tTfuoX3aGfNmZqDuW4q-A"
"MD ZAHOOR ","UCXjr4ifZLkRyfh0a_e_VdZg"
"MD. JAHEDUL ISLAM RANA","UCG5NyJvZi9dGnapFtHZpklw"
"mdscae","UCHcWIp_7HdTlBAYUMAl1V_w"
"MDTRAVELLER","UCal16C7g1x1uy4j6R7MbAVQ"
"MDworld (Mrigaksha)","UC3NYRr1cp_Swg7RH6y9ANXQ"
"Me, Myself, and History","UCmKJ0Tckv4dK-U8uW2omA7Q"
"Me_making_memories","UC2Y2W52gWAhVm_KEeRaJiOw"
"Meadow77","UCD65MrPaEVw5OyCcKkck3sQ"
"Meaning of names","UCkPyNtv4ToymKlaOHYrThxA"
"MEAWW News","UCa63yR8HvIxNMkLgtZwZ5Ng"
"MEB POD","UCdiQ-lCLJEzFy5lqHnkwjCQ"
"Meb-kin","UCg69RopOJEM0AtWBRiw92qQ"
"Mech Ujala","UCwD04i3L_E3bFup5WGCsJhQ"
"MechDesignTV","UCFqUPZv-vLM3WzXx04iE7uw"
"Media globalpulse","UCUq7nEX5YlwA-MRtAdEEfuw"
"Media Magik Entertainment","UCKPUvrX-WFcVcqlQe-tRLsg"
"Media News","UC1GMzSlTlBX-Cyq-FdvZ76A"
"Media Star World","UCsrZL1BJ5lCt35ECGFN2rhg"
"Media Talks","UCFOWE7g-0kQ_kdmVnjZFimg"
"media.ccc.de","UC2TXq_t06Hjdr2g_KdKpHQg"
"MediaBux Uncut","UCK2QLwGGf5RRXcGrW08JoMg"
"MediaSkoop","UC8t1ZJ8ODSdSZetgSMLoLOQ"
"Mediated Truth Report ","UCXMq1NkTTqA0AuK1MOgi3jQ"
"Medical Bookish","UCAEWdcxdfrsPv3d5eTME_WQ"
"Medienimperium","UCeES99mVAaQnsEJYfhtha-w"
"Medieval History","UCaroOHj7wxCkvN8qeoWvP5A"
"Medieval Life Chronicles","UCUO0Kd8Unh0mj0V6bgUpGMg"
"Medieval Sleep Stories","UC9gnCos9evVpj1IBfZdMhSg"
"Medievalore","UCpY_D5VpOd295Q1l0j83IhA"
"Medipie","UCiLkeaZIyZat8px1bH9iChw"
"Meditate Calm Relax","UCxFhpPECZM44pC2f8XiD3fA"
"Meditation","UC1NNxPfrn2UY_Auz8AMZiVg"
"Meditationby shashisundaram (traveller)","UCfJxlqhbJW7LMEOzvV5k6Zw"
"MediumFir1387","UCEIf3eLW4e6nzxiOnofT1DQ"
"Med-Observer 🌍","UCAPGRHYJHiYerMUkSJgXnlQ"
"Medventures with Dr Hassan","UCYvWl2HvjoNcH53cKeWowhg"
"Meenakshi harthi","UCXWGn4GA93RNAiaqHqNAB4w"
"Meenu ki duniya ","UCIiAhzGuYM4y2lEAyuSYo-g"
"Meeras properties","UCs6nOBk7-_UnyTUiqVSdE5g"
"meerons","UCKrI_Wo-nyYBg4dkyhUwfmA"
"Mees Wynants Shorts","UCayJ_3yZdahxiziv1b_Wp1g"
"Meet Horizon","UC3uMlDzex1sIvaVC6j3FPMQ"
"Meet the Ocean","UC6utu--w6OcM1kFGulQUVjQ"
"meetyt007","UC7WDpEnXN2X9IMmYIjojd7w"
"Mega Discovery ","UCOsd10fEXpkcFJA4FFoehpA"
"MegaBlokBuster","UCC2nmqGszBozagEpa80tMxQ"
"MegaBuilds","UC7Eef1bJ18d-ComE-V7YpJw"
"MegaGamingX","UCQsCEWkYqhYOwNWnuXzDWyQ"
"MEGAINFO","UCICz7BBJH2u8D35M_MPCYHA"
"Megan Thompson-Munson","UCf4X5lGrAVEZ_juipOkeBhQ"
"MegaShow TV in English","UCN7jJajBqgyjP-TckZ5C90g"
"Meghan Orman","UCYbjdh0e02QYsi4FEGCZonw"
"Megyn Kelly","UCzJXNzqz6VMHSNInQt_7q6w"
"meh","UCwRieiH6-qLgRv7Pi9xVsUg"
"Meher art","UCqZGe3nS9dgp74X4TrGvI1g"
"meherul Ali_∆🦅","UCjlXpHLCJ2m1q7I6Htnw8YA"
"mehmet onur","UCvoBprjiT62YMzlhPF5wYbQ"
"Mehnalish","UCKp2X3irzwiknhq-QbWy5ZA"
"MEHTA SHORTS","UCYqX2lG_gAxcC5CKF47mAOg"
"Mehul ShaRma","UCEKnsakLnEIM5d-M1zUR2zA"
"Mei","UCbVqBXmogTEmKS3JnJWp1UA"
"MeidasTouch","UC9r9HYFxEQOBXSopFS61ZWg"
"MELAEJ","UC9vNKUQx2RQmsG4jtuOmgjw"
"Melanie Brinson","UC8LQXD2KK6l46iz-NfzfKyA"
"Melanie Whosehewhatsit","UCNLAMPw6GytzDesSae33Xtg"
"Melissa Baker","UCVZ_pD5_8LTFgqOWCysPKYQ"
"Melissa T","UChDKTA3MxTUrg3hkR_StAcQ"
"MELLGLOBE","UCXkFbLBtXPLZPUQefmCq5Gw"
"MelmanProducties","UC1saTxpRjXe0fR8ViLd9Bdg"
"MELODY ANTHEMS","UCM0_AgF9L--q4N-q1UnD4LQ"
"MeloKingstories","UC5X6oVl1lX0xOU-r4UEmYww"
"Melota Records","UCL2c8_Xpj72F5CyX_GEl6TQ"
"Meme Addicts ","UCRcbeNr7Pl4fHazXVtu1O2Q"
"Meme King","UCwExaOTYMxE85oCObJMo-RQ"
"Meme World","UC9kBbAp3_3jL3xHpPffJJFQ"
"Memes","UCB79m9IUUUnky4TGxgAOaCg"
"Memes Unleashed","UCVFcJsNWJRQU41as59RB8SA"
"MemeTheWorld","UCLgpG-iNJOn7DKxPlaZ2pJA"
"Memetronix Shorts","UCfsVC1wLDlKUkARUnZe52kg"
"Memorable English","UCBg83CTVa32CAINAS1UUP_w"
"MemoriesWithShorts","UCZKVRPD8cJ8NzP-6gVKuXkA"
"Memoryball Edits","UC4l6nYMhQ7ieEVaDgVbkUiA"
"Men Hamza","UC2BCiPyfanLUoHC_6ShSl9A"
"Menayas Diary","UCTfq3hvlOp2RkQLFlYgLcjg"
"MentalQuiz","UCNBhWE-vCsg8atIEh-2ZZDQ"
"Meow Mania","UCcLAtUytADRRHkoWecw4J0A"
"MeowEduLab","UCWJG5rN9ceLwKteQSZTKK2w"
"meowfox","UCp9tdPkmUeGu7BqIhdPbD7g"
"Merbel The Explorer","UCV3IuXEeGVrv60F7Y9mwTtQ"
"Merce Official","UCH6vsipKsSI2uE8xEmvw1dA"
"Mercer Files","UCqWtGc9qD42MIlctwMruYfg"
"Mercury ","UC9Y3kgJmyGsF0I2X54ui9mQ"
"MERCY LOVE ❤️","UCXwGCHLtfHULf5Fgak6XoGA"
"Merenix","UCsIJ5tOAm5xI89fihaVJrZg"
"Meridian Docket 27","UCKeBb8NfqeZ8LiYAIs2QuVg"
"Meridian Mysteries","UCSuliRyhMTvfXnaVCLDeN8g"
"Merilin Jacob","UC6FmlF7GEKlq0eeoIllKC0w"
"Merit Travel","UC3t8BhlwJQj6rSWO8-NNOoQ"
"Meritavians Education","UC3A0jsJxU43cqwPA6M0eHvg"
"Merrill Memorial Library, Yarmouth, ME","UCszo8Us8N_dnwdbz45YB6Gg"
"Merryann Skaarup","UCw0CQj-KSOMGIRuS9Yp7jvA"
"Merrystiony stony","UC-jQOrQ9P55tsXsO7sT57PA"
"Mert Can","UCIwSHyGTwA18EBS0sfRbi-g"
"Mertana Channel","UCvkveTg_CNSsd95W9xrwCmQ"
"Mesecallo el jabon","UCvyU8qadCuc_qABNu2Zmvrg"
"messiai12","UCyMaxwLNENnbzR6TmsmzUlQ"
"Messy Times","UCVzHYe5AOiR6Shj94eBgR2A"
"Met Office - Science and Services","UCSW7Jij3hIcz9EXZSxUZauw"
"Metal TV","UChZxZ-jw6yiSngG11CJF0IQ"
"Metamorph Films","UCQeDHqdexqUhGuD70ydS6Uw"
"Metaphysical","UCmswWICYrGVAkcnhdQFe7Bg"
"Metatron","UCIjGKyrdT4Gja0VLO40RlOw"
"Metehan Ergün","UCtamBAyjIns8gDgpgvajK3Q"
"Meteored","UC05RZhTiGgsxJQ8giRDRz4w"
"Meti Walkthroughs","UCYXWi0lYUYYurf7xhunvXNw"
"Meticulous Max 2.0","UC1KGcfgkgiNaNRjGXqTwVmA"
"Meticulous Max Geography","UCn_1R3t4ikg6jpklFcrVosQ"
"Metredax","UCMbIiLydW4Tbhozn4QKOBhA"
"METRO TV ","UCzl0OrB3-ehunyotIQvK77A"
"Mette Lol","UC523GAmsAkVIEynl9O_CiWQ"
"Mette Mygind","UCXFcy5sj6zBUgrgocdevsDw"
"Mexobest","UCe_3-ka41L0blOvYxycpyWA"
"mfcm mfcm","UCz4sGa-6LY6BvIb5t79cl_A"
"MG","UCXvlVHr46_mNSoek1SrE9_A"
"MGI Empire","UCnHZq8sceWeNYr4zk3xN06w"
"MGK","UC1RWXbbFxAWl0MNf8MH5UWg"
"MGoat7","UCHM59KXLfcrT2sIH8NZlhyQ"
"MGTravelCWB","UCt2DXYcwH4B-_3R6gaLhktQ"
"Mhack's TV","UC8idMJr4dxGlw1JZ2Ye912w"
"MHD School Odhan (MATA HARKI DEVI SCHOOL)","UC-7PKGKscsSJPaeSIc9kIEw"
"Mhk_clips","UChPhFahKdVcBR5xWh1MhMsw"
"Mhmmd Ozdmr","UCeQzuOgOFEROLgkoVnFWTLQ"
"MI Banerj","UCJho2CvoknVQRAhhjKIIT6Q"
"Miami University Global Initiatives","UC74O23qNP3UXGadjjVLflYg"
"Mic Anarchy","UCuOfwvUA7tGpNTxxj4YJpYw"
"Mic repair","UCMi1IjA1Og30RL0Y_7T1tqw"
"Micah","UCR8AYtETKgrq95L1usEdvMw"
"Michael Becher","UCElE12RoNXOgwKtAP6W7Rug"
"Michael Behney","UCvxiR3xkeQG8ozwGFoofqDA"
"Michael Bévort","UCiD3bcDlmcvdV1twTn5159Q"
"Michael Bukosky","UCOJRlm92H5Gheoa2Ih-cBKA"
"Michael Casey","UCDOEVBNH1IttD5yTW28lo0A"
"MICHAEL COSS","UCAljbx8nFasXZ5O_0fQXaEg"
"Michael Delaney","UCn-8cIyLsDk7Hycxnxm3LJg"
"Michael Garza","UCx4dmnboK_6xnUACSpnxxMg"
"Michael Hearst","UCx567c_VCR4TQBKXkiMfj5A"
"Michael jK","UCCXbvInv7F5M9e_ZtKFZupg"
"Michael Joiner Is Funny","UCTbTOrpVuT2L5eoOLisHXnA"
"Michael Jones","UCMt1yCCKWV90F1q6XpUQwgQ"
"Michael Kiel","UCTGldTfVh4CE00x7veGCqBQ"
"Michael Ligier","UCTdMhilGQIL_Cava5S5GriA"
"Michael Macaraeg Mike the Explorer","UCMFK0IJzL6yR2UqlmLLkJPw"
"Michael Maiorana","UCEMZFxlSFanvsAtJBkYduig"
"Michael Manges","UC9PY8Xzz_Oy8FyIBCgB73kQ"
"Michael Murphy","UCOYknBbf0fQz8cnvc9euv7w"
"Michael Salla","UCQU_sVZ6eDtX6L5fUGsgV6g"
"Michael Studios","UCZu-56H_Nbgw_oL_UCP793w"
"Michael Sullivan","UCh96VAetsiXJO1d3I3_m3nw"
"Michael v Colin","UCF4GNvrBitsognuHCVDLraw"
"Michael Wanderworld","UCsezbDVtwB_Dnsof3SXpR2w"
"Michael White","UCXrjmsyU-Fu4dasNDgeOILg"
"michael.saraspi","UCayFAUWuhOp-kgYQDJ07yNg"
"Michal Prokop","UCKMtYYw9PjfrEjMWXrAEV9A"
"Michekyakeymi","UC38J8wMPUJVxlxZrMTzxXmw"
"Michigan","UCMD7onvCq6DpY4YpNR_pj-Q"
"Michigan Law","UCblULqMZLXzxBoirPWowTXA"
"Michiiro","UCn_zvIZVmbO0cMf6LZSGxgw"
"Micke Lang","UClosw-I64MV3AWzorAC-N9A"
"Mickey Henderson","UCBchbmheCnav6Ga-spHhpug"
"Mickey Morant","UCqgJUXvPP2sxPk8QuNFS68Q"
"MICKEY MOUSE GAMING","UCMF88b5AugrVRcNPvwmMpCA"
"Mickgamer12","UCg-v9e4nGws4Yj77bvbv8ag"
"Micky Horsee","UCRqxzjdZP_8wYrZo1_CSqCQ"
"Micro-Cruising. Small Ships. Great Trips.","UCld8Ovq4xeZXuz_rNzELMKw"
"MICROPHONE","UCKC1Xmux1aPLK8v1L0CPFBg"
"Midas Effect","UC_iutcCIrlsrY1C-uwnT-6Q"
"Middle Ground","UCcs_M54nsRKYXoj9n0IdKhA"
"MiddlestYT","UC-E-cTdj6UuDuST-Tw6hSNw"
"Midland World","UCIpX-K1pC_LdR-9uVneMDGg"
"MidLife Cruising","UCde785vhTC_vOSSqg0ziquQ"
"Midnight Archive","UCmZ4Rwnjpb8yc8yW_w2rvvA"
"MIDNIGHT ARCHIVES","UCwtCFYhOuByzbwRscLSuf3w"
"Midnight Birds Jazz Band","UCuBqBC6zzr5oKdSzztTQwyw"
"Midnight Chronicle","UCFlP0gxVrFlhYtIPLdau30g"
"Midnight Creations","UCIuHSOzRh3JFoo9ohF_yJvw"
"Midnight Media","UC_hpxA0-yniSaqHfpTEmqAQ"
"Midnight Questions","UCbAPTXNapyCOxjRmiGOXxcA"
"Midnight Whispers","UC-gwzxF3XczswDqgMPDKf0Q"
"MidnightYT1572","UCmDLBfODUmxBXgqOf9c9E9w"
"Midwest Mountaineering","UCEEQ69JzRlDuxPyQKC3b6Zg"
"Miel Kila","UC7XZGSEzzDNH2LGae4R698g"
"Mighty Graphics","UClFaPsDp6MMiAEmjaR8kS-A"
"Mighty Jeet","UCdZG7mrgptoK4dffrNVyy_A"
"Mighty Monk","UCwbI9_kO6r8zTA5O_nksLaQ"
"Miguel Cravinho","UCXpzQUE4HmwArDScsABExUg"
"Miguel Jaubert","UC2z7cLtu1pb-2R7h7zO-EuA"
"Mihai Florea","UC7_D_yYex7QiVlnvLxLSOZw"
"MiikiiGamesTheGeographer","UCpJqgv1UJavqkfPheWGVhqw"
"Miilu Jensen Nielsen","UCMnfSt_9S185kTSuQZjkvCw"
"Miiso","UCxkujCK8ucCbAi4uBK2tALg"
"MijnTravelBlog","UC-4_FAGM06p8LvgveqiYcXw"
"MIJAAZ EDITZZ","UCAGe7hDoI5b1y8fVJGeXw_g"
"Mik Manniche Larsen ","UCMaKmchyukpsM_H_XfwckQQ"
"Mikael Odell","UC8uOJ-5SkvC0xQLGy6Uj-fQ"
"Mikael Strandberg","UClSVf6gQVjQBuUKGU28jVeA"
"MikaMations TV","UCrgWuWw7BwuYEAbWJGApyuw"
"Mike","UClp7Rs1JNW-WQi1R0A5HDnA"
"Mike","UC8dpT0dneMtSFVP2FA1T3yw"
"Mike Cricket113","UCHard0OG7Hb3nuVz5m6EiAg"
"Mike Dee","UC2sfz5h-G1GnbCJ3dpuNB6w"
"Mike Drury","UCR5QRZc54g_lQ91w9NYX23Q"
"mike gingrich","UCGETMlRPM1RWRWPMrF0bFFA"
"Mike Keen","UCyqfaTY3HAN5OTgXCFS62gg"
"Mike M Morgan","UCvkmKGbbg1jxyYKjJm-D24g"
"Mike McHolm","UCR1Izi4WiXsthvmpZjyAKWg"
"Mike Miller","UC5KguI1SDCLl6yuWq7_sJtA"
"Mike Plante MD","UC8kxhMFCn4LQJyO0ka3wsRw"
"Mike Reyfman Photography","UCggMKvruAfP0y7d_CVK-0-Q"
"Mike Ritland","UCNZR15cy3w1fzGXgI5oy5aA"
"Mikey Geography","UCIxBlP2g-Ej250NocISELGw"
"MIKHAIL NIKITIN ","UCcZts6Fq8xrjtRAQawLJyuw"
"Mikhail Tekuchev","UCuW3f6bnYP9XpEBVdK31A0A"
"Miki Olsen","UCzniuL8wSQp9A9EfMswTTEw"
"Miki Valentine","UCGK78a5NbCXk6vRiejXeNJg"
"MikroTSS","UCGC0ylEMx1SpqR-OLXMFpNA"
"Milan Petrović","UCyc9lDm36Tqs1s4CrrPaDBA"
"MilanPRO_mapping [HMCA] [EGA]","UCLZxX-aM8d7njX4ZaMK1Tbw"
"Mile Tested","UCf0hKEbU4oCCvz9tEUAjt0g"
"Milena","UCc458xaRNfTGXUFaRVy_yNg"
"Miles & Meals, The Traveling Foodie.","UCKAkFXGke-kp1DUmHgBlEQg"
"Miles to Go","UCMS6UkCZVcvSbC06QkbdYAA"
"Miles with Mary - Points & Miles Travel","UCg_3g155CCewf9AniPCemhQ"
"MILITARY AIRCRAFT'S 🛩","UCPgTiFODTerhe24jgCy0K7A"
"Military Aviation Videos","UCXPdWqDFd2TSk3xcibxUlzQ"
"military forces TV","UCPjGSe1-evmRCHFsPgxo46A"
"Military Helicopters Videos","UCfwfKCi3JgHt22-QB7OPMyQ"
"Military HQ","UCz5VqW1Diy9nCQa_6WkQI7w"
"Military Intelligence","UCrj9SR212Ve7ohPiOpLcntw"
"Military Navy Clash","UCVxgibg21Tq1-cJ4ak2j1AQ"
"Military Network","UCH1yAHLkAQwwqdkgNLbWw1w"
"Military Nexus","UCFF9SxQ9e5-VyZF5384CLIw"
"Military Nosay","UCQUBzvgXQNuQky7SKBaYbXw"
"Military Noway","UCSJBeoSDHtp_k3_wLUGSN2A"
"Military Secrets","UCq52yrD8Jy9KcALzScVNQWg"
"Military Times","UCY5Exop4r_bHmarcB_7jLMQ"
"MilitaryRated","UCrdofbW3h42rAuDRs3W7qYA"
"Militronica","UCacpltNMPco7Bq9pwnKQ9cQ"
"Milkingai","UC79KXGgSeBHlfdcj7UeVyIw"
"millilandarad","UC7zAwwI49BRZ5CfEi1oo9kw"
"Milly G","UCiU93yPnYl0FJqI2Xuo2-PA"
"MIL-POINT","UC4-yjoHckZhjGb6AnnZeryw"
"Milsim BEGAL","UC6EyX1ybrPebCC3n9F9p_CQ"
"Milt Brand","UCNvu5uPgMOnRyFGRl_FgcCA"
"Miltton","UCXHcdd-UhHegZ1fsM1b6OLA"
"Miltton","UCdFiHb_yHW-u51HV4yN8nXQ"
"Mimi & Bobo World","UCLNQd7tBhLjZ20DF29Z65Uw"
"Mimkito","UCCtF7c917CaEkrl0anUK4vQ"
"Mimo","UC_A-Agf2NRZavy1ELstjQgQ"
"Min Xian Peh","UCvjCtdY4APUIt4IgH683MMA"
"minahil nazir","UCexS1YOFhf5VbBiVtMRifAg"
"Mind Blow Corner","UC7uKh2B9pcNDsuWBEles64Q"
"MIND BLOW JOB","UCJOgxaEJYxGJVElkkc2Fa-g"
"Mind blowing ","UCGxvi_lXoW7f-H33MP3UKxA"
"Mind Blowing Facts","UCxxk74KZ2C4bXgA0nDmC4fg"
"Mind Blown Morsels","UCGPF4JaeWr4HjXrdfIXIIpg"
"Mind Boost","UC0Upf63-w-IjnfnVAud5g2g"
"Mind Course Media","UC_fPknTrnfBu37bSz7XRXkg"
"Mind Expansion Daily","UC7pX8GBgTA5wsvPBo2FjGtg"
"Mind Map Hindi","UCPko3NaT7vU1LKTYmWwutBQ"
"mind map ka tandav ","UCJ2LnOEj4KzjrkLuGdqAPaA"
"Mind Of Maps","UCPBDKGiUvUGMopb6tAttVig"
"Mind Play Ground","UCqhM1vgRnV7MauQ2bRtksJg"
"Mind Recaps ","UCE3sRg0l3fbw8Sb7EZvbS4g"
"Mind Travels","UCkzLgN1idDE7sOk3EyyvnyQ"
"Mind Unlocked","UC3uHuS8ZS8pfofQA6KOw1OA"
"MindAtlas ","UCF03d24vY_Fi1Wzz4etF3FA"
"Mindbite explore","UChuKdTcy3vAqU-l3ijJ5mRQ"
"MindBite Shorts","UClihJHicj3HmoghxoHq0W3g"
"MindBites","UCxBadQ9PCDu8CYDY-tc_XAg"
"MindBlown Facts","UCdOiLn599dtz95b8a3NEQIw"
"MindBlownTV","UCmMk2zLtZ8MpKdhyNQfHvxg"
"MindBuzz AI","UC_LAGtnrjdTV8QsKgPqfZTg"
"MindDeep Talks","UCHaqcbhAVBOXuxaQtR8A4iQ"
"MindFlash","UCFkfSDgD79UemNBO5Bn04mg"
"Mindful Monologues","UCUHyZF7mAHXxrbL-S9T7hOA"
"mindgap","UCkjoY5Ec0moVfkpXa_Npy-A"
"Mindlab","UCwN6WZLeXWu37N8y-2w35mA"
"MindMunch","UC2zkvsv9RgEjZu0FdsBRzwQ"
"MindResort","UCEtr9wBkVUSCuDC5lFF3VUA"
"Mindset","UCWovDFpoFLO29-KqwDQHlnQ"
"Mindshift : What if?","UCfLILx-qwdqGiV1F6tVbaig"
"MindSparkX","UCc62rTa8H9eTKB74K14P4Pg"
"Minecraft dungeon master","UCGIkltOcKI0g71oGDuFqPfw"
"Minecraft Flesh","UCumasgD-HLWpLFSG5KrVXlA"
"Minecraft Memes ","UCboKEdolUE-v2YluBVEBZLQ"
"Minecraft Survival Nation","UCvGLq8PCYBJ-0bfHjxcyFYQ"
"Minejump","UC2fgKkCRBlG0RdVf5qICV4Q"
"Minenin İğne Oyaları","UC_8vSDFUQZOxBolKuXwe4bw"
"Mineral Mutt","UCoSabvx2dvyMZw9ypZSYyRw"
"Mineral Resources Authority","UCJnnRgp-RenbkbU_hV0QPYw"
"Mineral Shed","UCwr5wb0SOrAB_V9n5jCPx5g"
"Mineralogical Society","UCJLEvvFJEAtt2SRHozqd7LQ"
"MinerShop","UCW4MP9oTbufFYOmeMzOxIDA"
"MineVoid","UCWYmEazKAf4Z30uwSxb-kmQ"
"minh khoa to","UCVwazm2KE_Sy4p-BEs_P7cg"
"Minhal Haider - (MH)","UCmV9H5dwlyEyj7WiEnD75XA"
"Mini Gana","UCMnPkpb_hQLjTD86xsCpCVQ"
"Mini Maestro","UChXRvTOsWgeDEmUXQKgpXNw"
"Mini Mafia","UCkcd1JJRnz4gG8ObpSYp5iQ"
"Mini Maps","UCJ0kFKTf6ieluHKH2XsXvGw"
"Mini Nimoo","UCLACv6ep4L3INMnmpuiV6Dw"
"Mini Trump","UCGEKMM2_D0apANiJm0LRLdQ"
"Miniature World","UCpmrb_ShC0bocEDWaWtSMgQ"
"Miniature World ","UC5y4EHNp4EI0i6PAdPxtpWA"
"Miniature world 🌎 ","UCC7S80VOB_q5AIvye1yfHZg"
"Miniatureworld204 ","UCK3xwR4-aXsTdtH64_HRwmQ"
"MiniCat - the world's favorite portable sailboat","UCkuwjIsWuC4OoynrToJqx0Q"
"Minifutbol","UCMqzEhA3HDRs2uC0-2IUREw"
"Minik Dahl","UCa95jGHjJ35GfzyCH3w7ikw"
"MiniMinds","UCw-Ns29Kg77Yn6AewPsxIHQ"
"MINING","UCUt9Y9yZinNQM-B4hZkPDAw"
"Mining The World","UCX9j83jiTKz-_3RSJvzB-mw"
"Minions Over 360","UCiNqxg2D9o8XKO1YKCXrgzg"
"Minipacker 🧳","UCCeOppiT4Ng-EfFGDZgftpQ"
"Ministry of Knowledge","UCRdkWEK3MQPb6_s2XnqFfYQ"
"Minnesota And Oregon","UCO4-1VpgPotYaQO_O6ImrjQ"
"Minshu Facts","UCKpCucDdtxFVnX7ixwH_tmg"
"Mint","UCUI9vm69ZbAqRK3q3vKLWCQ"
"Mintu Mahato Art","UCqiRz-eizKdtd6PIRBrBmXQ"
"Mintv","UC2WHXFoNuGYfPqdIWQkaftw"
"Minty Phobiaシ","UCiZQ4kvRfUSQU5NfyBrrT2g"
"Minu graphy","UCZasN9ZBeng5eFO0E9TO5rw"
"Minute of History | Stories That Shaped the World","UCeWjmmJ__-DgeREwFDc46PQ"
"MinuteMarvelsChannel","UCUcThfN-V8qinTJns1uoWGA"
"MinuteSciMagic

","UC0tO2vy9co4MB1QqJr_W1MQ"
"MIOI","UCK0jDnSBpQ8CNVRzBovIkNw"
"Miracle world","UCjjZD4_DGQX0uQX66dOt-DQ"
"Miraj wazir","UCcy2HhJUZtMAXOYQ3f-LSxQ"
"Mircea Dulea","UC_lei4lYX0Bu_hhcZiUPAPw"
"Mirfadh Mi","UCFgPXfMls2YRW44RhReJR0A"
"mirieo keaol","UClCVDIIuCaTH0dGzxI4kIJw"
"MIRobin22","UCskc9b5f0h05d-79mUwT7MQ"
"MIRROR NOW","UCWCEYVwSqr7Epo6sSCfUgiw"
"Mirror World","UCSc8oWTOZ2ndvnb8hz8aaQg"
"Mirror7 News | Breaking News","UCk9NnWzQoClSaw0LpW3MaZw"
"Mirven Kael","UCCn_FZpSJ7NMW7RdZz6J80g"
"Misbah Khan MD","UCAqBR3JMQd6YEWo-QlQf8mg"
"Miscellaneous","UC5URv-TRcF3ecuHr-5hWuRw"
"Misha Sharma  activity ","UCevlpWVobPwlSpXOtcuswJQ"
"mishiton Org","UCInNkcSQnSOkqQjR_l3RDNA"
"mishoo_mak","UC5N2uxqXRq3W-bBHrz0TCAw"
"Mishra Study circle","UCzUsl47DppCbIEG7HOlheSQ"
"mishti miracle","UC5oet0uRiED8NloqLb_3ejw"
"miss X tips n tricks","UCUPy_6hfuCdp_e4xlqGdVcQ"
"Missa76","UCpQkSYzZJRlBsfDom0IxgJQ"
"MissedItDaily","UC6qfjV8LG8o7NOIiXRedhUg"
"missile news ","UCsKCxxykPIcwz9iOIOznzBA"
"mission army123","UCwUyAAu38fFUVR5aaSvyuwg"
"mission raksha ","UCzltoavLZjsS26dNdGGWujg"
"Mission tech.47k","UC2NPOpi3fmV-8wkbph7a04g"
"Missionary Adventures","UCzwwOzGK4FcRRIZwvgvXG2g"
"Mister Glob","UCuPmgvs5aYAel8y0bnoY_LQ"
"Mister Saputro","UCvqMqyrrS-wiG1H7jmYDXIw"
"MISTER SOMMER","UCi_4r_pNOaaZGHBI1v116aQ"
"Mistercucumber74","UC86Kqs9yVrEyLPDfh1zUgWg"
"Misterios Ocultos","UCP14N_s4nSX1RVQVPikKhfQ"
"Mitali Manchanda","UChkj2yPOoFN2ESr4rU_ipcQ"
"Mitchellscotts gaming ","UC34OO9jUw4PuVZhV8ou4Jrw"
"Mitesh Baria","UCte-mtngxWf-jHNKo7gnlpg"
"Mitt Afrika","UCcMm6tf2HAUIbQvCc9KicMA"
"Mix","UCS9D4yEa9Ms1i91b0SLKaAg"
"Mix tube","UCDM5bM9U7Bp8GQbjl7PP5TQ"
"Mixed Adventures","UCGcRTqevSQZ6t1efr5OHopA"
"mixed magic","UCGSjieoL8FlQuq9sLkDSr2Q"
"Mixedchoicelover","UCvPvFKPbKY3CNfuBcG1M_Ww"
"mixing tv entertainment","UCIgjs_ULHHrZqSzjgsMTdrw"
"mixly","UC9ePsR899UwdhBw925lHNZw"
"MixShow Star News","UCpFgR9p103GP6V0649Pi-kQ"
"Mizinstuf","UCX9ofzzdo1M0fmuvL3-E10Q"
"Mizz Jade_Eye","UCwQTvLm3hUAhQl1z85Xmknw"
"MizzBlur","UCmjx3_lHFX40dvnGzVePEjw"
"MIZZZI channel","UCWFBLb10L-aRFGebY6b2VnQ"
"MJ Schwab","UCPi8NorX1iv9kZRqIyRm_Vg"
"MJM Uncut","UCt3NfqALjG_ia76k1DYdiNw"
"mjwanders","UC9D9tYdET6ShQCwRmMaYVDg"
"MKnik","UCbF2OSnoD2JVBP1Z1CGR5WQ"
"MKTV GLOBAL ","UCOq2sYU7avxMzSf0p-ZB1Zw"
"mlloch get a job at 711 it's legal tradecraft","UC7MjrNAjHoYexr8yf5XCBXg"
"MLord andGod1","UCF6xaSfgN4BWTrrFf5s1hmQ"
"MM YT SHORTS","UC8m5vAWWhUiB-b6bBMoHlfg"
"M-N-V ENTERTAIN","UCjNGOtjDfFADRPU50ALji_Q"
"Mnyasa Media","UChPwEO7tuuOPcV4FLa-Y-uQ"
"Mo Shor","UC2oUU2WCsCJzpGqFJWwJOwQ"
"moavia shakeel","UC1kgwiUM0F7-95VMk8SfeEQ"
"MobergsR","UC-_xkvimdEIHEd8HWrhP7tQ"
"Mobinex","UCw2opXzaD2iR91o1k8ze_AQ"
"Moderate News Channel","UCwfCLRt7FEJMjOaVCDyq8lQ"
"Modern Aviation","UCwRL9l5MpxM_1CAO5EmY4Jg"
"Modern Aviation Stats","UCKgsFeqaulapHl1Sm0SKQCw"
"Modern Cool Rare feel","UCUVk5kUwkhkSdiZYvjgtW2Q"
"Modern Day Eratosthenes","UCH9cogm-CFVxzvFi9LaGChQ"
"Modern Era YT ","UCr_gcBsrYXJswvf_a4hjnJg"
"Modern Geopolitics","UCWCsHVfjDlGlkLouF-vpV3Q"
"Modern Geopolitics","UChSCs64L2OyK1AdhBKpFf2w"
"modern greenland","UCywMVcM5Geqefsdwwa6Nuiw"
"Modern Life Studio","UCvDZfQfK9YySWRh5On8erow"
"Modern Station","UC0sl0lLDA4HMzk-a_oP27nA"
"Modern Tech","UCDDofSyhn03D1lX-KJLvDWg"
"Moe 🐁","UCbAEMm4_E38-ketRPxDPTMw"
"Moetrix","UCR0CUuEYpQ1y5Ix0F4TVppA"
"MOF 90","UCzR7UjgLLg7JuvMopzs4cLw"
"MoFreedomFoundation","UC49HGm2XU_KFINcAoLu1OjA"
"Mohaliden Patadon","UCWO1rq3__KS8MBjrfMVEQTg"
"Mohamad","UCUaIGsxxJkm8f0OglILhhDw"
"Mohamad gamer","UCKs_mdbidO-3Z2WI-WP5vJQ"
"MOHAMMAD AKHIL","UCMZ_u7RJdWFApXl0TyWHDAA"
"Mohammad Lakhe","UC6DUCb_19ZdXUbSu-OFuX9Q"
"Mohammed","UCKU_-H39oAQTh5CfxXN15MQ"
"Mohammed Aftab Khan","UC-lMZZnLlYsjspC4f3BWYxQ"
"Mohammed Faisal D. Hussain","UCWm67_BbX9CSbcb24SgO7xQ"
"Mohammed mr","UCQHJOb_wYzzryBQ6WB9rxKQ"
"MohammedNoman Kanuga","UCEkkErOR8H9oNGAPu-UfnDQ"
"Mohd Yunus Moin (Mym)","UCcTLcK_r6dNcyOt06woAD4A"
"MOHDKAIF EXPLAIN","UCdBWTZqwRmA347qyTOpQaVA"
"Mohsen","UCXb_UAIcfOmI6a407xFIHag"
"Mohsin Insights ","UC-MQclc03gjp0d8rTjma1ng"
"Moiz","UCywoz38ZXPoHVkmfjhq87-A"
"Moiz Mohsin","UC-gLTZ1yDD61JM2QvGxha7w"
"Mojo Story","UCrdPiSPVW0rtRsI002BX8iw"
"Mojos ke","UCTdg2-rnS9slQGuNILmz_Yw"
"Mokistas spiros games","UC0N4yqyhbnNDW9zw6Np1Npg"
"Moldovan Aviation expert","UC_0jL63zQmQeKy8fDGO2sYQ"
"Mom And Honey","UC03ak6rukctBd8LDcC38Jrw"
"MomaCods","UCSFbhX25koyPQcKnQZ9yxQw"
"Moment in Modern History","UCVttcpKFkYXFMswZv9E4ZvQ"
"MOMENTO","UCjdy7sXZxKK6DZ_ooviG4sw"
"Moments & Memories","UCYKxc-ac6VLykKLujSy0vlA"
"Moments Between The CodeX","UCgwLd8_xcAQf0IOkvS5taUg"
"Moments in Nature","UCyPhv5JVBmY86EElOf0-VeQ"
"Moments of History","UCYDJuBt26AB3-WautOjB2gg"
"Moments of Nature ","UCCFamEwzmHS-_MSwcF2SNiQ"
"Moments with Udy ","UCS6Q2dA3jfL0VBbdBHXUx9g"
"MomentsThatShapedTheWorld","UCKKEyZB6g0-NXh7uoCT3qmQ"
"Momocracy","UC9WVWN8qNEiy2CofIUW9Zpw"
"Momolar Yatra","UCqNh7y5itarfK2_Cmf46Sxg"
"Mon Channar","UCH52_wiKWDriJyiEJgE1_3g"
"MonacoGrandPrix","UC910u3kUkzrS64137FHTN7g"
"Monarch Butterfly","UC4mAt06tphwhf7TK7R9KNjQ"
"Moncharleslavie","UCWzj8QsF-YM3Ru5k4BUHiEw"
"MondoExplains","UCX8cOG3e7Yh2fq8fjcFPiew"
"Monet Izabeth","UConzDESxW-Itie7xVtht7eA"
"Monetary Lab","UCAvPByEwPhAxvLOcS1arR6w"
"Money Basics Explained","UCv1j5f56E9XUJjA2rb4wu_A"
"MONEY CROW","UCf4P1N6bwImcKat0gf3wKvg"
"Money in 60","UChrQrYRAYG3R1AdE63Mi4YA"
"Money Mafiaaa","UCeGgs2FRuA-wsPukT-q6xCA"
"Money Matters","UCJw5kmV8eAPamMDa5YrkTgA"
"Money Monet","UC1yvf6SUNnBDF_2wIsr_S2Q"
"Money News Today","UCyPF-v8edO5fLUzDah-dH4w"
"Money Unison","UCabbymj2bDjT9V_INFstiRA"
"moneycontrol","UChftTVI0QJmyXkajQYt2tiQ"
"moneyhala","UCXz65_TZjyMeUgB4NVOG2_A"
"MoneyMan2.0","UCYguR95CJyBZ7hGYVD4uj7g"
"Mộng Long Dương","UCxrUaa-WWRk04VynRXqd27g"
"MONGOLIAN  ▪︎  [ DLS ]","UCcJkVCL6_Jpxn0E3VTQxIdw"
"Monika and Luis","UCQdkC8ofY4nvy5M10LHhVwA"
"Monika Meier","UCYMPRzkH6Hes49gfHkQdgug"
"Monika Sharma","UC5sBPmUbFhAsadH5YVrSnZQ"
"Monkey - CoCo","UCT38acmmRKlgow73eKj4FHw"
"MonkeyExplains","UCiBGqUxeTe4AYQyRseSZaKw"
"MONKEYMANN🐒","UCxyeXkDrTt3DbD23zhCBSvw"
"MonkWire","UCokAltb-GUk3BSspIQq5HRw"
"Monocle Radio","UChAyuMdqlrNYU-5qpLFiDhw"
"MONSIEUR ÉGALISEUR","UCcdS4K1mKqPn8QGHGyklvSA"
"Monsieur Z","UCQR_kmeb0lBEk1Zj_9LWDHA"
"Monsoon Diaries","UCkt_PaWLrLvmMsffsS3K-nA"
"Montana Institute on Ecosystems","UCiiA5CRN07-8P51co91XfCA"
"Montana Knife Company","UCDU6J0UVf7h_f9hJGditV4Q"
"Montana World Affairs Council","UCFgdfZl05nkF-GunQX3CDzw"
"Montase Film Productions","UC1rVK9My3Mu5Qam6sx21dDw"
"MonthlyFails","UCEkZHiGsR4jvWeHunEB3Qaw"
"Monu 9090","UCiluGHMvtSRo4eQx3Y5avrQ"
"monu Hindi fact","UCPQ0EROOXBEv5fzpyma0NOw"
"Mood Music","UC0sWBy-n6v7ClDxlk6YMM8w"
"moomiji  /もみじ","UCpmL-2wvW9Jv05sy-ZBB3kg"
"Moon et luxe","UCYInjzw8ZhZe5Nw6HoAtdUw"
"moon lai","UCE0YpgxNt8H2kLOYFkkyi5g"
"Moon Suk on the Move","UCBkadfD1a2z06Gcha0IanzQ"
"MoonLeaks","UCVot8gmpnY9oUHjGaOm82zw"
"Moonlight Animates","UCO7MfmROkOsGXtb8CkAhaRQ"
"Moral Facts","UCr8hFaFJ4TmgJG6hL6A9Kuw"
"Moravian Archives Bethlehem","UCp9uWwCZoLO3RQd7aKIEAOg"
"Morbid History","UCRa_sR27jQeTg42prU1I6eg"
"Mordekaiser YT","UClPKxJZYseY_BusAEjZoB8g"
"More active on TT","UCGr6PRsyQoytQjxgbKOVBLQ"
"More Perfect Union","UCehBVAPy-bxmnbNARF-_tvA"
"More Talents","UCqrXOg9KqjeoBG_NXj_QGmQ"
"More than anything","UCMvtHD46r-pB5Y4Xt_lM38Q"
"More Zacoss11","UCdLsLchC5lXJ8NiYUWZ6HSQ"
"MoreOver","UCJ05pdsUzygRL9fPw0lZc_g"
"Morgan Angaju Josefsen Røjkjær","UCNqsDkBjGbTDcupcQNLYnEQ"
"Morgan Jones","UCus3Fq5i3ieXCWTxgYwMJ6w"
"Morgnsworldd","UCxVEeNlFdDkl__sg61meBYw"
"Morning Press","UCQLnIb5knGKIipdiqcldPeg"
"Morris Ho","UCzg_LSZXC3IiYeiB3HvF64A"
"Morship The Duocolor","UCdZXIXLSsILYjRz35N3hHag"
"Morten Brøndum","UCt6aoX3f8AUMMo08mk0X6Gg"
"MortenMella MellaFoto","UCdSpBJYol5rG_XRkEXQ-mTA"
"Moscow Mapping","UCdT0QA-5lNlqaynJEnSGUsA"
"Most Amazing Elite","UCVLnGPG1lx6ank1a5CWeh8w"
"Most delicious","UCwbw8fF1HJ47OIABxkaVIEw"
"MostAmazingTop10","UCBINYCmwE29fBXCpUI8DgTA"
"Mostamazingtop5","UCftJr8-Kd0RPENsCdIlCL5w"
"Mostly about science","UCy6tQs15Q1MeYU9rsrYAeQA"
"MostMarvelousMorsels","UCGMrV8rdG2cktoQtnLOLDCg"
"Mother Earth","UC_rntDVcju6q_K2oOJF1nWQ"
"Mother Earth Nostalgia - 4k and higher","UCHSUIpKdGNRylPGbFM9573A"
"MOTHER TEACHER SCHOOL (MOTHER TEACHER SCHOOL)","UCkXquX8fv9rzo4uFcRYUUhA"
"Motion Array","UCBx9f7d09FPisLL9yKTba8A"
"MotionAtlas","UCeM4YI9K8GILjX3-H8zKGCw"
"Motivate & Explore","UCEaroVpKV7Jdthsyo010kEQ"
"Motivation Journey","UCAxtzqulxycIiYBF7rpEbdg"
"motivation life changing Ajay sappi.","UCMu2-uQJAQ-R9AhsWkiWTEA"
"Motivation podcasts","UC9qcUAcxBous7gyfDtjN3Ug"
"Motivation Universe","UC6S8CMdZeBsiCxLnFINeW1g"
"Motivation Vaccine","UCa25tMNFryYPowouh4-XbRg"
"motivation 💫","UC9Vf_Fg8oSt9Kw8rxGlcSDA"
"Motivation_YT","UClhLWlKnyiquKkyZ4gHcfMw"
"Motivational Moments","UC8hc5p4TxhxQP8NzAoqRCNQ"
"Motivational Quotes","UCPMeCOQLSYHUMu4fK9DP-yg"
"Motivational Quotes and Facts","UCERX-Yyffelq_nDh2jfB4qg"
"MOTIVATIONAL VIDEO","UCsE4B0GLdyS60QiVfqw9qtg"
"Motivatquipo","UCvXSHJhCaiGqJ21m5Q62SCw"
"Motovanta","UCw1ARRShm_kOHLAzAyGxmFQ"
"MotTravel","UCtzfuVHAusZJzkn7AGws0vw"
"Moulay Omar","UCnTmzeutfTX-C01-9sB94ow"
"moulinology","UCl54zc32n3Yjaubk_rw-fNg"
"Mount Public Service by Pooja Dwivedi ","UCazTQJYLKaZfpsH8Dhn-kyQ"
"Mountain Equipment","UC6q88VaiAjDW2zXP9lKFARg"
"Mountain Research - University of Innsbruck","UC_2dEyQlBfeB7Rfo01KVT9w"
"Mountain Spirits","UCKNDbMKhF42eQ9O3GsKvrYQ"
"Mountains on Stage","UCBMQJazU75vdMHg0lnh0aDw"
"Mousumi Musings","UCiIdu5cG8aZwIrtf3_nvgpA"
"movie @ bazar","UC6DHEHtXtllu5ZcNSl9zk7A"
"Movie 040","UCiCQ5wUjhsOXLRhDsC7An9Q"
"Movie Capsule 2","UCDx9wcchHOF0xWf2hzsyifA"
"Movie Dhamaka0111","UCgYIGSBi-q5bJP6w3o3umgw"
"Movie plus clips","UCFUshDCCbjtwGAf2ZUzQgqw"
"Movie Rush","UC2O04CqEaCdVI0_mPVRtr2g"
"MovieBeam","UCTqMuWaAQhHxMiMcag1T__Q"
"Movies Lover Hindi","UC5pwFawy3dQsS5EujHZAQ8A"
"Movies Netarea","UCqejcsKlTwVV4PQVGf-y_9g"
"mpc1594","UCvErLKk3T20gkfXDBMW-Zwg"
"MR  Blue  Gamer 😈😈","UCLJ0NGrN3QV3hzCih1tNHUA"
"Mr 204 Says","UCBsSCUNInjx6DN2TQEjxH7Q"
"Mr Ai","UCxBvQR4SyFPfQFn1L-3WYEw"
"Mr Anonymous","UC9bRhs2mn4w89v64iA8rBgg"
"Mr asean YT ☪︎","UCdV7uJJJxf8xETz9BxnT_aA"
"Mr Challenger Guy","UCmqZmDW0WpDO0cRSHYTxkug"
"Mr Cockatoo","UC9hcsN0v4FyUjm7jdyyCVoQ"
"Mr Contradictions","UC-pXNGkRCBvSP91rlJI1piw"
"Mr Cool Things","UC8Z0L7_RH4hPzLCE56zeqaA"
"Mr Crazy","UCbZYuNvgUhoMSf0ZU75dyFw"
"Mr Data ","UCFplyyHjzFudtH2uQ0C-vMg"
"Mr Docs","UCfRGpqju_X9mmsKGN-CmKxQ"
"MR FACTOR","UC6AshxrsE2FeOHt2ZPQZacQ"
"Mr Friday","UCHEmqfgEXW2XR_G68iBOpUw"
"Mr Fsprichal","UCCCkM3PGznhHHv6BkvSS-OA"
"Mr Geo","UCB2n8HJc5rV_hD_vop5VE5g"
"MR GIS Official","UCzf_aKvOg0bu-QrBdlzWBow"
"Mr gyani guru","UC5lQjZ8LyI-Z7vOfmNT5bJQ"
"Mr History","UCluQ5yInbeAkkeCndNnUhpw"
"Mr India🇮🇳","UCYE-NKAmefw0otY4Yp4iZBw"
"Mr Junaid Zaheer","UC71kxIc3NteS3vFKP9es03w"
"Mr Lion Bhai","UCvjTQjqEIUqNQ0fpBnUgi4Q"
"MR MILITARY ","UCU8CJpsIILC8GNrDdQ8mMZw"
"Mr Panchasara","UCC-aJVQo4m041NXB_I1ZOBg"
"Mr Philadelphia","UCEK2XM-cOWbI74p5zWhxMSg"
"Mr Pice","UCgHyeshjAWQEZten5ar-I1Q"
"MR PK GAMING","UCKytxu6bcY1z3YzpcVDQZZg"
"Mr Planet","UC1V9Qp04Qc5c8r3ZGHOEEmg"
"Mr Pool","UCye7JE40MgMnwvutlcjzVCQ"
"MR PORKCHOP","UCGg6cd8mHaTRjk95lRDTVGQ"
"Mr Precious Factz","UCIE9hb0Q95iMQL9MPBqiU_A"
"Mr Prime Ideal","UCSgYb9SYcpQcsRoLolW_uLA"
"Mr Puffin Ipple","UCh7yVkOdd1n5ZQxDLekgc4w"
"Mr React","UCb2jteGhIEy6s_XUMTf134Q"
"Mr Righteous","UCqnXQ3IdtDmx-FLcsjD-2oA"
"Mr Robot","UCQZ6zTLEtghXYaYTFUpeClg"
"Mr Roz","UC88gJuFgb1IDGe9dHcKifXA"
"Mr Saif","UCJRMlJiYM8KGgfmODW_Y93A"
"MR SAIF AFSAN","UCCd2dS4ARFhOTii6vtIdKew"
"Mr Sangwan","UCu5VpWUIyQxn64FAe2d7gRA"
"Mr Strange","UC9ykTu0xFD84CAW5i_meAGA"
"Mr Viewers","UCiuaA2MPH2G5raDJWIj0Vjg"
"Mr Wilde News","UCICauTiV3MSBsRmchrpLF2A"
"MR X","UC51DunpitO8sCNQLCKex-BA"
"Mr. Abdul TV","UClIVD53fa2IWZ62LqcOTt4A"
"Mr. animation","UCf1tIWB5o1480aVHy7lBFwQ"
"Mr. Cat","UCt9_RBwnr_W5R7geqvWV7jQ"
"Mr. Cool","UC-xhaVuSIGn3BjvmSNoXVdA"
"MR. DanTV","UC8ecFkF5AsYtGnzFMj0UEog"
"Mr. Dog man","UC7TfvC1Ht8jN2XVFay2QnCA"
"Mr. DotMind","UCZqcCLicMt7fG6nreSaEUQA"
"Mr. Facts","UCS3bcxrJCn-hUfpFrRZkRAw"
"MR. Gaming ","UCcCo09loR8hGtlvF0wWC32w"
"Mr. Homeless to Success","UCJngimVJm2thUkkP3ttdUhA"
"Mr. Knowledge","UC11WCpX_chN3NT8cnaeYeaA"
"MR. Kunal crazy","UCsS-Nz8y0lmX5-26iFvO94w"
"Mr. Lee","UCA7eRCSudEg492f4DMDe0GQ"
"Mr. Manan ","UCkZ8e1ADjLjBw8R31njxFXw"
"Mr. Meme ","UCBuOzzHc0aGn-SNgjsQiRag"
"Mr. MukeshG ","UCBYqwvRI_z6J6UVK4INUHvQ"
"Mr. Newberger's AI Funnies","UCimFLIw1507hlq-rCbiMb3A"
"Mr. Night","UCvUmYgfhCfSMVznyhjB4y6A"
"MR. NOOB","UCoEyHP7V94WU-JlapP-0Jnw"
"Mr. P Nitro Cash","UCNlVVMjQ7LwtftMwHIItp4w"
"Mr. R Devil003","UCHbnBFG1OTUp_5DfIkUEnSA"
"Mr. Roblozian","UCYrpjcYjG7Pv-nTqDfW0p3w"
"Mr. Royal Sandeep","UCt0LF2zxyswRok45UQvGw6Q"
"Mr. Saqi Files","UCRJVOwIM5kO2NIs1KsaKd6Q"
"Mr. Social Commentary","UCBBRQ3LQqD5fKGqwDGO4N3w"
"Mr. Super Skeleton","UCfRoKg1oqmUidnpFy1G9LSw"
"Mr. Terry History","UCCbJSm-pLHjna1JW9X31N8g"
"Mr. Test Transmission","UCe2QANr7VhNUiZ3xwj9Qjwg"
"Mr. Unknown","UCn-qC4pG-ikbUFsmg-NzDgg"
"Mr.ADITYA","UCDJ3_4WNVgOUVoGgXqap8Rg"
"Mr.Facts007","UCzoSwoeNqYD2EFaH9mVvlEg"
"MR.FACTYPIE","UCXHywUE9NsGTfzn6R-gf93Q"
"Mr.gabbarVlog","UCiyoqBDQrjdSw3KYEXxMU5Q"
"Mr.IndiaBall","UCCm5XFgNnxiZWUA4HnkCzsw"
"Mr.Indian Spencer","UC_QgNDh2vZSAwhujUYmV7-Q"
"Mr.JAYPAL Study ","UCczHqsdiREZDSM1OVWqeEfA"
"Mr.jeengar facts","UCVyLgnVz-FftOE1I0M2QfHA"
"Mr.K0311","UCGyxG_06m80fkpYWWHb3iCg"
"Mr.Knowledgeable","UCROZ9sY9NgnQobe6_NMCPdg"
"Mr.KonradC","UCG5K2rqT0_CnQ75mnk7dj9w"
"mr.lag• 1 second ago","UC6PadZ7Yx9i_ha5gbsNZ3UA"
"Mr.monsenYT","UCMKPxMJMyq0Lgq_pJfo-PCQ"
"MR.PHILIP","UCagdKgr9EhGIJOQnbzVKNDA"
"Mr.Praveen Kundagol","UCzrUQWY85x37CVBGE6Ty_qQ"
"Mr.Ramdom","UClV6yFmtLsNIXe5AqrryU-A"
"Mr.random","UCjigm8U2s61zQukUb5B4XTw"
"Mr.SherlockFox","UCO5HHgCsF6WhwfTljseJtdQ"
"Mr.swarup 7","UClXQ9rWBlru-UEmKYw1hbPw"
"Mr.T rex","UCCjGIoN42lOnkY3H6mC9CYg"
"Mr.Turkish_Mapper","UCFY6CmttZz-NhQfy3DBntAA"
"Mr.Waffler","UCyrYE3bPGDy15m7vjErVYVA"
"Mr_Creepyz","UCq9Vk6Gv51VIwnKEVNWZ7jA"
"MR_Gamer_xyz","UCnPXsfgFiAeGtuqCmenMIGg"
"Mr_shoyab Ahmad_","UCEhVrTkZ0bzOrhuYb2c2-2g"
"Mr_world28","UCpxJwZBFk7dVrHhIqI0zNYQ"
"MrAnonymous","UCXWE1X8b8YNI4vteRp6JkUg"
"MrAppu18","UCQ8GWEYgsSLRJNeQ5bBSddw"
"MrBeasr_r6t","UC5xB7LvU83CnDUDW0_nFRJA"
"MrBflath","UCmgnYyPQtMo4j1jqhGtyUeQ"
"MRbilal777","UCRWLNdzYJVVjy-QQOhdfjPw"
"MrBlaine88","UCDsYbaALj0KVOa8iO-1--gw"
"MrBloo","UCQ-DXAojv9jKI2O4CnWkxkQ"
"MRC07","UCJZS0zYiDaM_gyR34NbJcGg"
"MrCapybara Mapping ","UCkUc3ceZsvu0tajMsxxmGjQ"
"MrCat","UCBrjfzSMCqTBlFNJNfVivuA"
"MrChiws","UC1JgzrICE_Ka0f79scCO1pA"
"MR-CLEARVIEW","UCGeejjTYdmuygytvbYjKqIA"
"mrcodydahler","UCWRT7eJDWycBKOjrPZu7Tng"
"MrCountryball64","UCBw54hlkLfjpMU6tJKAHlHg"
"MRFACTNOVA","UCblW7cxJMgmW9z9lzOgitCw"
"Mr-Facts","UCpyQUJHxNBoCr_lKRjjt9Lw"
"MRG GOD","UCiyZY1EskGlA5JF1FWe3O-A"
"MRIBOB SAUCE","UCd2FEy8GaBTX-4arfDw_syw"
"MRJAY_MIX","UC1eWl1GylezMqFsd73m2NsQ"
"MrLiluX","UCZYuTN_Una0q-X8NURDuSHw"
"MrMaxtrick","UCi42ajX__EnyDg_V0LGFOng"
"MrNerfBotPlayer","UC8ReJT_IKQ-O55XvdAtTBEA"
"MrOkay","UCUdxdHDA0MWFQXnfKJxtuFQ"
"MrPixel","UCQP-oqYybpkvbTi84Cwxmww"
"Mrs B.K Grover","UCDkRsrY5ckaEBg55IwSLUKg"
"Mrsewy99","UCWEgVjcTSDzPxaTo_0xIpyA"
"MrSorenthor","UCHU697Aex08BsKKoPioe-wA"
"MrSpherical","UCfhc7xi7-ZDfpVsjIaFjkgw"
"MrTopHatXD","UC3kr_UB55ROck7Wx-8YpNUg"
"MrTridibGaming","UCUP0pA_A8TJFuD0cb7PXOLA"
"Mruzk","UC6CWjhsnNE1pwCyrLpfgTRQ"
"MrXVI","UCPFNGlYIV7G7TX5G_iHp3oQ"
"MS Australia","UCJmOeX-HkAYVW0ylWfSZMJw"
"MS Editor","UCWSbAbQZuTjh222vXr-n8Kg"
"Ms fact earth ","UCZ-fZCNR24tW99JKRgn_E5g"
"MS Garden","UCcYb2FJevmwHqfRMdu_rNVw"
"MS Imran","UCCz8Wtuzh6ySOzwdqMUK-BQ"
"MS INDIA ","UC6tLyVCMxTt1Loy9ErJxvqQ"
"MS NOW","UCaXkIU1QidjPwiAYu6GcHjg"
"MS Super RT","UCS3-zR6aodqga8Sokvq0eFQ"
"Ms. Grace","UCGFi_zlQwQnME-ZwHNrmkcA"
"msboatcom","UCYtCdS2tUEIx7nvpKCh9B2A"
"MSC MAHADEB NAGAR SUPER CUP ","UCA2Hkfbh3oAcLrF6IHmFRiA"
"mshasanganj","UCgsHJjXxrFZICPhbN6D6yWA"
"MSI - StudyTimes","UC1XOEkLBIKxqKTWRrFxh7ww"
"Msigma Gokulam IAS","UCyX4UzXquFhiPYMmqDniznA"
"MsJandes","UCuTZ4WTfkDR-z1BNa6d80zA"
"MSK Gaming 44","UCQ_g85HlmIkl07Mt6Ppskxg"
"msmetals1","UC0ginymq8v4RgYFicYqurJQ"
"MT GAMES","UCnOHHzPb6101xq644O7mTgw"
"MT geography","UCBQ6UbEIplG1M1DUxYg3brA"
"Mt Tube","UCnbweDyYbKNSyb8vtzkPrBw"
"Mt Wq","UClatpYigS-YRY43-yXrgsXA"
"MTA - Mobile Travel Agents","UCqjnUgEmU0y5v1PnCtCHNXA"
"Mubashir Ali","UCh2YPmzrLHBGRGfpm1qF2Ww"
"Mubashir Hussain","UCNh5m4y3rRWTxeIo1XYtQkg"
"Mudasir Rehman Dar","UC_jS-3J2v6BU6RMJVMOhv7Q"
"Muddasir Shah","UCVUiJY8XCA1cP0HGud-n_TQ"
"mufaddal king","UC3SekgbIVsUOvw78m1qW6yA"
"mugheribaloch123","UCD60w1pyvMKvRhj72YUxnNQ"
"Mugison","UCT2sXaSuv0EKnMKNK8Tn_mA"
"Mugnificent Gifts","UCUIEorK2yowqrMCsStCsPTg"
"Mugu's Gaming","UC5Bpc82yjJ6NQFMBXmrqlIA"
"Muhamad Refky Kamajaya","UCoJwY_AXrEdStrtV6zQXyiw"
"Muhammad","UCgtW45z3h9nx3phGTeWMikA"
"Muhammad Adnan","UCPcR-sEmXAy1hiSel6Szhqw"
"Muhammad Akram","UCkbzC4U1oi6hvxWzMe_PPkw"
"Muhammad Din bwp","UCNq_ps63BV6nxWMvU4jcmMg"
"muhammad kamran","UCeQHl0X2AE05UEkracCscCw"
"Muhammad Maki","UC1jL-5_4uo6qViU-w31hAHQ"
"Muhammad Rashid","UCaXzgYOxnCV_FSQxtjI6-fw"
"MUHAMMAD SAFFI ULLAH","UC9EkKTxPd54bJNrWSw0gYbQ"
"Muhammad Shariq","UCdMswBJ-8mps7-r10Ql-zJg"
"Muhammad Shoaib | WP & Full Stack Dev","UCXrbC7fnUlupRvKd6Gtc6bw"
"Muhammad Umair Shabbir ","UCLtTnHZV_4DKiy4qr-TSuuw"
"Mujaffa El-Achmed Al'Shariff","UCpHJbjCRTNddmAwAFWwYiUQ"
"Mujtaba's vibes","UC6tJHakYxmO0WC6kLpTzgyw"
"Mukesh Roshni","UCDwdYBDDgdVVDuNN7gUSMNw"
"MULTI STUFF","UCwRtGeEjiA8LboznGaJzpFg"
"Multidimensional","UCHtTFFr8tstYgPZpgphaoZA"
"MultiFandomFan","UCqSmIerDHqGVYIIX69E7uHQ"
"Multiplayer World","UCi25EF7SejUo0y2RH684ekw"
"Multiple games","UCUMjdiXs8vtPBWPTx1TxEtA"
"MULTIPLE GENERAL KNOWLEDGE","UC_iFyue3ZLKZYfe_lNo6X8w"
"Multipolar World Analysis","UC1uSQi7FVcK1koVp-6AYP5Q"
"Multi-Tool Productions","UCrJFjuTxDWOOFXVJHmnsoVA"
"MULTIVERSAL_","UCnkwBk3KZJTjANx6oDXtwvQ"
"Multiverse","UCXU_VEnJ2ti08D6OY_McmgA"
"Multy ideas","UClB8fNWMws0EmyYeHaD9iQA"
"Mumtaz Hussain","UCY-q_Xq46jJSchK3FZ3CQQA"
"Mumtaaj Sarfudeen","UCdeg5H1_JrI3BpgUO_qcR1w"
"Mumuh Zimah","UC3InAqG9Zj9MOMsfvVFirBA"
"MunchkinBroBox","UC6lVDmT1Pvli5GYbROkVeGw"
"Munck Gruppen","UCx_DBltXeFDzrumrF90HvtQ"
"Mundo IvanFer.Creaciones","UCZU6vIYMDsRkX1-4NlkCt4Q"
"Mundo viajero","UCRxIn2tehrpPjaNL00xm1qA"
"Mundy Adventures","UCNw45cPP5tE-GMfDcZA1RHA"
"Munish Akhtar (Akhtar)","UCus5tnVEsMpCj2iPFhoj_WQ"
"MunnaBhai","UC2EufNzqqrXZM7bxDRAMmmQ"
"Murad Learners Academy","UCsbrjsWy2KzfJMFI1jvYIXQ"
"MuricaPro","UC8qPN5gyj11qg1DKuJ_ixnw"
"murtaza business ideas","UCXgbhJ5fZ_Ju4I0VaAxHBBw"
"Murtugudde Climate Academy","UCLoQBOAIl4NnNg5lUY6r5aQ"
"Muruganantham Chinniah","UCuWH5GMu59KWkOTYmh3JJzA"
"Musabhai insight ","UChvZ9W6bY9AoKeLpampN1_w"
"Musafir Man","UCXAjtoL0opHDF6-k1zLV6Ow"
"Music & Gaming Vibe ","UCfxuH7FXHIVg7r_RHhoK6Lw"
"Music Ayman","UCkSia1t77Kq5phCQwERX2Zw"
"MUSIC BULLET BYTES 🍫","UCaIJDVqzzfyUyIH3nzlkYVg"
"music for you","UCw01mLKAEoz24PwAk9uHYMg"
"music i","UCAZCpjIHayaAwCh_lRERLTg"
"Music of the World","UCgou1XD2N7nH6VMIxrqLGLg"
"Music Sprout","UCKEekOH0Gx3vWjg5RLtFEIg"
"Music World","UCQrNCZkGe-wR6R85erYp17A"
"Musical Journeys","UCZq5So2rqzELqOl-FaCrixg"
"musicman","UCP0JABumwTn09ky_DQMvlBQ"
"Musikalz Travels","UCQXwkUfA3kNSt0YRkIwiX6w"
"Muskan  Khan","UCB-j0dVX-oGPMrLHIuVW3lQ"
"Muskan Kapoor","UC1hiFn7rB4l7UfkUx0wh5YA"
"muskanbhagat@","UCqfAyZ47FbvdNb_rDgNsyMg"
"MuskVision Reports","UCsSiWInGpOYJ5gX_VVues_g"
"muslim mirza","UCW2fm8Gbp4xdG5DcRRNi6Hw"
"Must Do Canada","UC5KviVfpd5mc_kHXpFhyJUQ"
"Mustache man","UCFGO64GQszUPTWuRBsRlqew"
"mustafa issa","UCNf-bRnw6MhaQYaUTkM6tCw"
"Musyoki Nicholas:Explore deeply 140","UCiOUk2J-6Bl1Fzim8-6OV4g"
"Mutahi Brian Kipruto","UC7YsH_db6NQbQksoqilHkQQ"
"Muted Coordinates","UCIFlOWTyyfjiXNyJVQM9SLA"
"Muted Player","UCk4aOt4_rr8z_yV7WcF2pDQ"
"MVMPS Robertsganj","UC_96QFcSzyXg0vudjcuia1A"
"MVP Autos Extra","UCNuzpHVfpj_guyg4KxqwW_g"
"Mvp_Ft","UCarYD2z-8mz3nnd7nc9L3ug"
"My adventures stories","UCr7B1F0YPa7-qcXOsOWOhZw"
"My Beloved Earth","UCCA1RJxl4sshl2mXa_tLn8w"
"My Billionaires Games","UCtBsdiM8jTNeORNBa8no_Iw"
"My channel","UCtAJ3G5KD-xGnGcjMf9giaw"
"MY COOL THINGS","UC1SrnmXwyoWwG-RC0vqpwAw"
"My Days🖤","UCBm_gU-jnPwyH5pPlIRseKQ"
"My English Class by Rosely Ma'am ","UCPNuHZOCkVkT8Mj4VI7zlTA"
"My Experiments & Experiences  ","UCnPGTJb0RPDdEXhFK2lQVPA"
"My Fact Factory","UCca902lNTHO8FxGphLiFtWQ"
"My Football","UC29ohdzQh9IdfXq4Ix2lpMQ"
"My Girl Muffin.","UCI8HNX5nkckOxMlIY7fBkMw"
"My Head Is Blossum ","UCWgHq5oix32VIP9_jaCzfMQ"
"My Informant","UChoUVbs_q_wQ33VHBVRMUJw"
"MY LIFE@","UCKSFFJHvtVwuW6f9H2q1txA"
"My Moments of Zen","UCZUUDq5eDm5oE63neNxwU2g"
"my name window","UC8J74dtrtDZrV-FO56R3Axg"
"My Online Classroom","UCHJV86Ndo_2YzgiFTauuN2Q"
"MY PHOTOGRAPHY 4K","UCrnwZwSQuIz0mbZBw23bNkA"
"My Planet First","UCvwzvX3etYFov5I_rMkuaLA"
"My Precious Planet","UCkaVCogMvox_QitxSd6MIgA"
"My Story Collection","UCpnaMcPlM2MlSjnF9qocSCA"
"My Thought","UCnnJlY-MIz3nRyyozrIX81A"
"My Traveling Vlog","UCtRGJg1Z8_1xRnELmCpe0pg"
"My Tube9 channel","UCT_A-K1dlaL48vI7cXxCrow"
"My Unreal Planet TV","UC0Xq4qcUT1GjcdOX5jYPuBA"
"My Vision On Sky","UCh_e8znBQg7PGUkbFHanR2g"
"My World Discovery","UCMrLJgn8MO6VWGtmqNoXhqQ"
"My World Outdoors","UChcjN26lHQxnDnIXkVIxMMA"
"My World 🌎","UCOlb9UB6ne99KHr2_cdlvgA"
"MYAY INFO MAP ","UCLSKZr8odUMDt_cUZQt4g3A"
"MYD Film","UChRPK6NXvRoWgQf0pwUzFFA"
"Myers.edits🎃","UCC_zeet-gvWtmkZeU7PRMHg"
"MyFactsMachine","UC_Bw24H-dNVE5abv2PWrAiw"
"MyFamily","UCYt0XP20E2imDZv4KfE1C3w"
"MyGoogleTravels","UC7955hq8Eb7dZ5Yx9LCIFkQ"
"Myles to Travel & More","UCJETmkfCQmF19tadgM5Pwcw"
"MyLittleBoat","UCwOo-gMB6QElOLFgMWsXErw"
"mylovelife shersherni","UCr83RCadBIfjYU6VtkcOvuA"
"mym log","UCFXxNN4VGL1OFPvcxafVYRw"
"MyMai","UCgCyxrv_LWyy30cKlpVdUiw"
"MyMiaAI","UCAtiPSB7QEO3oFS3BM5r_Ow"
"MyMy & the Dooms (Official Videos)","UCw3y6fuzKKiBqNra2FSirTw"
"mynameiskiw Channel","UCIPbP1_oNwNAXeA2bmutDcw"
"MyNation","UC_dHDAg-Uk0BtsnNhk1ZTHQ"
"MyneKraft  Gaming","UC1qFZx3DrYQ1C1NTzJTS64A"
"Myra Aragon@Tres Marias","UC3Fpi4Rsre59Q49yiEamRxQ"
"MySittiVacations","UCxCROSO5kbVn9Z-Sifw-LqA"
"Mystara","UCDLnyDgFngTP1PpGzgMUX0g"
"Mysteries and facts ","UCeJXkabGpS_7CI87zkx7SoQ"
"Mysteries of History & Nature ","UCdhwHQdl8CcOH-zrxz_kcXA"
"Mysteries of History Unveiled","UC-KlEfDqtzP0eaElYLnH63w"
"Mysteries of yore","UCLJ0qPnCPleVrSbCTWxQerg"
"mysteries things worldwide tv","UCZoniVkMwR4X14mkIEC1uVg"
"Mysteries Unveiled","UCl80A38ZqX7vsr0Lby--_cg"
"Mysteriesfacts","UCMd0tozK34VzkEAUgnLl3kA"
"Mysterious Chronicles","UCnQnA16nInQoMp2NFCMxFFg"
"Mysterious Discoveries","UCX5TcYvRvg_0FtdLWpV8t0g"
"Mysterious East","UCyQgQTRUtPDCyXrAkKDOhGw"
"Mysterious Historian","UCt61FEkK7txAKlir0SgFxkA"
"Mysterious Mr. S","UC0aNxU3ZTAHwrRHKTHHWZ9Q"
"Mysterious Natural Phenomena ","UC1p8KAyhjTI3c-Op_njdAHw"
"Mysterious Travels and Discoveries","UCxzoInY8Gl2pP_mN1UWw_Bg"
"mysterious universe","UCZh70J8y2fC4YwekcSMyMeg"
"Mysterious World Asim","UCxRm_mcRJbFqDj_dM1CcM3Q"
"Mysterious Worlds","UCTGA4eMc2Q9H2BRuHi1xncw"
"Mystery and Discovery","UCsovfZhD_-bzfCg8TDyWfZw"
"Mystery Atlas","UCXYCob_6j2SpEc5mik2Uilg"
"Mystery Atlas","UCedUgGZpJPCg7YXZzJ9ypnw"
"Mystery Box","UCCmQchnni3hE3GHP8MSmvhQ"
"Mystery Drop","UCnsd1sRg3YxBzk2pcvUilPQ"
"Mystery expo shorts","UCLevBaGhiJWvDh9wDNtUIDw"
"Mystery Facts","UChSp5GxqcXrrgk2Y2QVpnBA"
"Mystery Files","UC3Sg3kxYP3KacoyVe7N7haQ"
"Mystery Globe","UC1XTf9ZSIeeB5hdlPtn12uA"
"Mystery in Hindi and English","UC-k-AdVhAhxLPKvdwmoIpcQ"
"Mystery Machine","UC3REtuWHelRaJ3TiDhfoBJg"
"Mystery Manor","UCIJhH1Exfd3OT1-jC4s4_oQ"
"Mystery Miles","UCETLU2bBba2T-3sN40sPurg"
"Mystery Mindset","UCX_ampnsrrJta8_xV7K0OgQ"
"Mystery Minute","UCWGcwua-LHcV4rjHu-Bp44w"
"Mystery of Universe","UCgVHK59SEyxWC2WEXosgjjA"
"MYSTERY R","UC21MEBmhJ_hifUa6_29xuig"
"Mystery Stories of the World 🌎 ","UC_At02exGULM5VTb3vxxh7A"
"MYSTERY TV KNOWLEDGE","UCQnnHEq9E4wQFf5RkHby-Jg"
"Mystery World","UCjGDdpUKF1F8hbA2m1y2fGg"
"Mysterycoolkid","UCNaN-hbhY6RYb0fNPJc8J8A"
"MysteryMagic","UCQVM9G3Kpfm7hnH59rMY4SQ"
"Mystic Apothecary ","UCwzL12O7LVP4fwWRxWS1syQ"
"Mystic Earth","UCBUCqRKIU6kZhVWvGJnlHOg"
"Mystica1Kin6","UCuO4eTUJnZOeE1MaQYjwtSQ"
"MysticMinds Studio","UCWLiSC8-wnmBJUKN4RZIqNA"
"Mystiq","UCWdsNOzdeCtHBaZNcErQD3A"
"Mystiqo18","UCUQwzS03VZsKi_MAfRuu8AQ"
"MystiQuest","UCfY74B04NG2yfofGyaHGIzQ"
"MYSTRAVEL","UC-qYzcwZ0ddbFagBRYi9t1w"
"MYSTRIX","UCrOQKmRgMX2hXiTSxFabrow"
"Mysty","UCWQhEZDgjBZCIxuEa-cqUCQ"
"Mysurina Alemari","UCQeAMixDrFER0DkxnbYfocQ"
"MySvit","UC1-Mqypl7rhS1xw0EYBMq5A"
"Myth Slayer","UCpjCe8lrrJ-Jo6LmVobc3WQ"
"Myth Slayer","UC0RyIh_qNFj5oaqt5ZTWAkg"
"MythAndChronicle","UCPFfuvocLCTVWdFLA-J2Xow"
"Mythical Minute ","UCBUbxqKkbHvBqUB5cD2kEVA"
"MythicPosting","UCiPw3v3w3VbkaClGNr8GXww"
"Mythinations","UCGYY44zh2L4sydfh09X3fBw"
"Mywaytoptracticeenglish","UCovmeaxutAKgm4MANTdiBYQ"
"MZAPBLACK","UC2T8MUsjpeTRmJU86f2UZdw"
"Maa Pitambara classes","UCbWShh7aT988c7b2JjYm37A"
"MAARA","UCjMgaQp3Lqvi--URrmWyayQ"
"Maaz Baloch","UCTs4wyyq_nHVd-0lZQ28_GQ"
"N M","UCAcdQmtMIEjnUs8FaDo1nBg"
"N.I.E.M Officials ","UCFsd5EJBvimEWr06ZScxfPQ"
"N.Y.K. Prep-History","UCgCbCZdnB9MfMi1oBTW6Wrw"
"N0body.PlutoL0ver","UCYHu5quAFRRSiKKWUM0A9cw"
"N1co","UCrhYi4wFHhml5uji9xpTd0Q"
"N8_YT","UCNuLB7EwRq5_q_XzY6vfKtQ"
"N8IVE GAMER","UC2f2PM_45Jo_0pJIat_saUw"
"Naba Drawing Academy ","UCdkW91E737nJpfUN9LGWsGg"
"NabetsiTravels","UCEE1fLwUMU2_AkYA5ToxChw"
"Nabil402","UCnoSotPeWqiyMidJzs7ng1w"
"Nadav Klein","UCmTXu3kpjTVxxZY67BH1Nxg"
"NADINE","UCTgpDuGEA3qKCt758LXkM_A"
"Nagesh Cherukuri","UCmhoN25KJik9Y5KE7xtXh-w"
"Nahid Islam Mahi ","UCMC63OmbrjnLm2ERDrgJQEg"
"Nahid Sikder","UCIero5nrDeKROCbR-6yi0Ag"
"Nai’s honest ","UC2cUI_NOYc_FG2UeDu-nRsA"
"Naihan Guo","UCtM4dGt_r2lCg_jx4vt1S0g"
"Naija Trends","UCqL4vKKUjl_o_-36mlh7UnQ"
"Nail studio💁💅","UCoYLbrs9JvYASgQkzNCiu4A"
"Naimul Islam","UC9PPgpbK9R1J0uujqRPjqSQ"
"Naja Abelsen","UCvzYR1OdJsr_9O8aSW7rgLQ"
"Najeeb Elum","UCqEKAU5opMRcGCAYp26SvaQ"
"Naleraq","UCfU59YkByrExfZ6UUhDYiaw"
"Nalu and Mii","UCNfnS_vcUl3XFT3r87MlBcg"
"Name the Empire","UCAz12oRT-D5T0buxFFeoN2g"
"name: MJC","UCq2fr_KYns54Rv2c27wwUoA"
"NAME-GD","UCK1En73ts8_VD6sXf20LtxA"
"Namit Agrawal","UCTl1bATLH8nIm9cptHFZL9A"
"Namlas Daily","UCyiuznRsRKyJ6-8yCJzaQDw"
"Nampoverty Hyena","UCN9qbI0eXVrkBZSuX1cXyDA"
"Namuyunga Shafurah shamim","UCARk8Vjhxv1Nz04mN95W2Eg"
"Nanana Life Goes On","UCY4RQKosaRat8bRrsaBJBxg"
"Nanashita","UC0LeT3uWnPB-GQq5TDUAc-A"
"Nancey Champion","UCm-8XWVY1_cOylkfYTVtlkA"
"Nancy Price 260","UC-v6O0V1jhN8xMnKCZrKNYA"
"Nanma and Prajwal ","UCEGlH8PEGwecrUMHBApX2xA"
"Nanook Official & Frederik Elsner GL","UCVHsKyNWtyMHrLSs5G8ezwg"
"Nanoq poulsen","UCxQjFSJzScieD5WtclrwXwQ"
"NanoqNature","UCJ66LpUExNxlVIeMwLc5Zew"
"Nanu’s Journey","UCycMp4bMWDyL2G8n-9cXArw"
"Naoki","UC9GFO8ftT7mBmJRyfwOIong"
"Napoleon Dogaparte","UCr0JQAdsWYeeI09JS_Jz18A"
"Napolitan News Service","UC1mclB5Y5Tpjalow88RlC4g"
"Naqab Utra","UCIeANMmoMxmgo7cuVWAsdSg"
"Narad Hub","UCjkYflWWD-pES7L5nR08iCQ"
"Narciso Olalo","UCdXPhQ3a6j_osNfK0bC8WIg"
"Nardi","UCtcpZUYmgqcZn6nq3ofzZ7w"
"Naruto","UCimWXXgqpaAxi9D2lPkMMgA"
"Nas Daily","UCJsUvAqDzczYv2UpFmu4PcA"
"NASA Goddard","UCAY-SMFNfynqz1bdoaV8BeQ"
"NASA gov Live","UCIDz3UoYGuwWNo-YRGPrf6Q"
"NASA INFORMATION","UCg1LNJa5Tilzlxu6ObettKQ"
"NASA Jet Propulsion Laboratory","UCryGec9PdUCLjpJW2mgCuLw"
"NASA Recap","UCPXpFXWiVM9dMhPJXqGhNVQ"
"NASA Scientific Visualization Studio","UCM2GOiW_Dxn1D7HHP80IrBg"
"NASA Videos & LIVE","UCjxVLGcANRjWhLjtj3tjLuw"
"NASAJPLPODAAC","UCeOZidTDZ0XsMqwmKkMSU8w"
"Naseeb Nasib","UC4t0Epgxm91euhxh7NK6jkw"
"Nash Facts Hub","UCIguc9NrTERrL1a2nk9hR5Q"
"Nash J Ne","UCZ86QIUO0mwn9XaywAOU_3w"
"Nashon Nashkal","UC02yIaAY-WzHf0su3HCu6Eg"
"Natalia Riabko","UCikEj8geaClpaAQXIYXWNOA"
"Natália Valkovič","UCDPOSAPkcCw4JaY07DiaD8A"
"Natascha Pedersen","UCbPpsGuF8DbryddsFm6taPg"
"Natasha_","UClE9OFQx3xEdwCSML0kpE_Q"
"Nateinthewild","UC0j3tpa7BX7G59DJoZBPzNg"
"NATE's TOP 5","UCCMrjJ9iPrIJvR8x31VVLSQ"
"Nathan Macintosh","UCbs4fXMjmtMeZ6KOe1WyZWQ"
"Nathaniel & Bianca ","UCl55R0tAYGGjVOmIjpNHu1w"
"Nathaniel's Chronicle","UCP7uQnchGD8bL22qieFtAXw"
"Nation Nuggets","UCMlKtlIHNIZKAIn_CU068Wg"
"Nation Nuggets","UCXeYvmMCN0n4WiVVdqsHGqg"
"Nation of Greenland ","UCOMnYsiet_ZOn33xg8-a7CA"
"Nation Speaks","UCvPXCfbLNrh7nxpcPu15gtw"
"National Anthem World","UCng0fyKQMYk1uttkKe1LKug"
"National Anthems","UC4n5cB-G6bFIyP1vpazCByQ"
"National Anthems and Flags","UCQffMmWJnXjqHLZfuO-rTxw"
"National Anthems of all Countries","UCjbE2a7YcdeTM2BQsQiQOYA"
"National Briefing","UCltcwAJxx3BhK6aZ8RTLjFw"
"National Discovery","UCJyaMh2RHOrkwUL9KY-VhnQ"
"NATIONAL EARTH","UCTbv2T1FsmWdHHrICWSSwpQ"
"National Geographic","UCpVm7bg6pXKo1Pr6k5kxG9A"
"National Geographic Education","UCiG-CoAhayzAwWwDffX2NDg"
"National Geographic UK","UCVoT8fZqVM44z6huWSaxUIQ"
"NATIONAL GEOVISION","UCH7oqCKmwvCh09xKtJJHWfw"
"National Park After Dark","UCl1CiUmO3ZOCtQiyeCVObTA"
"National Science Foundation News","UCRuCgmzhczsm89jzPtN2Wuw"
"National Studio","UCCNgeXhyNNWmFgrX0VkbdCg"
"National Study Center ","UC26naSYyOrYW8KtfzzG5vug"
"NationEye","UCeWxcBwnDjoiuADNA5ytKQg"
"NationIn60","UC-8uX08vr2G-5dj6KaY_33A"
"NationPulse","UCCM2sSKRnXPmXfVhC1Ybz7w"
"NativeStarseed","UC1YxeDBGFkkB3RtsxI_oSNg"
"Nat's Oddities & Obsessions","UCNRY_6et0g_p6eEcuWuCuCQ"
"Natur photography","UCCZV3B_JiICCfCV0j4RVlKQ"
"NaturaL","UC8VoRdboid9pLKaUEVCA0mQ"
"Natural and its Essence","UCmwUk5Xt1QEQsxcvm7yeozA"
"Natural beauti","UCCMnzpc14wifQcH5aPeaAGA"
"NATURAL BEAUTY","UCoLpnaQAogmx1pa2FFhZYIQ"
"Natural beauty ","UC9cEpGkXMkdu5hrVsxcRQwQ"
"Natural Beauty Of Bangladesh","UCW6iDsZUXDysbbxLsxGWKxQ"
"Natural Beauty Shorts","UCfiBGmHVGfRqci_JqP0vsWw"
"Natural Beauty Zone 7900","UCp7ar5vyshptGz29v0cDWHw"
"Natural Disasters Uncovered","UCPJp7SgPw-_tUrqf9AAKmBw"
"Natural Facts ","UCWXX0UuAsMFZ8DGG1jkyrqA"
"Natural Habitat Adventures","UClP7VzJUL9iDa2BjszS_qmQ"
"Natural History Institute","UCFx2NEU6_091J-JGKHgspag"
"Natural Pulse","UCQ6A_V4ElWrJ8zERSjy_VeQ"
"Natural Relaxation ","UCFannKlm2wHzEKn9nQ83Khw"
"Natural Relaxing Music","UCqgQFHLbhucKXFwhfORpqKQ"
"Natural Resource Stocks","UCQ7FskN3gIfW21yF8WBLa0A"
"Natural Rhymes channel ","UCFjfuaeO4DCTMDFEpZgfohg"
"natural wonders","UC0v1LEqhxJfw3JkbKG6qadw"
"Natural wonders ","UCDw4oeq0VPiC9Dk0AOLgXEA"
"Natural Yuvraj","UCkaVaf5GIOBKR7IEoHeJa6Q"
"Natural.Disasters13","UCS8LyUBK3hvp2OQAtvzgsWQ"
"Natural_beauti08","UCf9sTTcA-KP8SV0d3c9_hZQ"
"Nature","UC5y7FXGkR5Q_8iHRCOriFkA"
"Nature","UC2AKaIzJ7zZ0kQNG0ftn_zA"
"Nature","UCBYafM5P4vDrMoH-bEXpiMg"
"Nature","UCVc_MQxStCr9l9VM7XUH5lg"
"Nature","UCBf7fmj3xQrmD76lN3qF-bg"
"Nature  Beauty","UCdy3yTjG4AEKHijnnz_ss1Q"
"Nature & Birds","UCxk4dSPZNg0dX2Zl2LxhYTQ"
"Nature & Music world 🌎","UC0hcCJKl8Unk4CplsGvr7WQ"
"Nature ⭐","UCXw_R2SfHhI1WsP-xXoxtUQ"
"nature amazing","UC2ilYAO5NOI05aVgAPlugqQ"
"Nature and more","UC20NrLp8GpmYHKADakqb3mw"
"Nature Attacks","UCmDb_TYU6nlFzR2nbMgopgQ"
"Nature Babylon Daily Facts","UC75jiN7924Glq5ctBjDRf6Q"
"Nature Bats Last","UCyerZPyOwZdwRQtV66L6VTA"
"Nature beast","UCn4LviG_5EGbgKRsutnM6wg"
"Nature Beauty","UCv4VjyJjek8mkfTYUWCgDJA"
"nature beauty","UCtRnEY70res3xsNqs05CUqQ"
"nature beauty","UCv_YMiH7v5kQO_vPz007jbQ"
"Nature Beauty","UCPiSPbLsy-X1SYg604eWslw"
"Nature beauty ","UCqlc4NjD-iUhEKPIpwnbN7Q"
"NATURE CALLING","UCFb-RWBaYieDdg7hCe4sImg"
"NATURE CLOSE UP'S","UC0uFNdJI1HjgFHoJwB2-LTQ"
"NATURE CLUB ","UCoC-ZupRGSEPkZj2eO3okng"
"NATURE COASTER","UCAN-ZiH3xhZqnN-Rnl_ne2w"
"ÑaturE ÉntertainmenT","UCFeWGG6oZNcornsgVAlvhQQ"
"Nature Explorer 🍀","UCz9l7sByNd5JiEpgqtu3C2Q"
"Nature Gaming","UC4TzfIFIxTW1GWTOy3q54eQ"
"Nature Hopper","UC9EgQpm6w9FWgkNukqOD-6w"
"Nature is Beautiful","UCi4jegstsdCbS53K4h_WEJQ"
"Nature is good Ant","UC-jtkhvOmpyQg6LFH2CEY6w"
"Nature is Love ","UCXonzYnd9hlKKF3AaPy1BVQ"
"Nature Life","UCXToUIKm9Zwc50TBbz7CBag"
"Nature Love","UCZMA8zTR9isovggvGU3VAdA"
"Nature Lover","UCQtBHUHQTfTNI8hJcxGU_AQ"
"Nature lover","UCo9e9cv0XfuthG8Ph_m9qRA"
"Nature Lover","UCuRxlSVUKYNi4cnLIOwm0gQ"
"nature lover","UCsJ4FhFWSJ4q_POs15LCm8g"
"Nature lover","UC2HNoCP3bYc8dHp1OAKiLcQ"
"Nature lovers","UCVmZEV09mrCPcr99AqzNHiA"
"Nature Lover's","UCn-i2RnITpv6Y2-k8BXnPwQ"
"Nature lovers with short videos","UC3h-Yl1LJgJKem2YGCfd3QQ"
"Nature Melodies","UCSCtMhsxEYoSkQhFeDp8LgA"
"Nature Mother","UCmIMcwqWQbd1gDHnDKdkpXQ"
"Nature Movements","UCzDl16AmpfRnJAKG1Aaf1UA"
"nature of beauty ","UC7kIMiySDKtIslarbUclr7w"
"Nature of World 4k","UCta1D-TlCjkcTpS4ZQs4SeQ"
"Nature Only","UCwMwRyKtKdTP7vmA3JK1hNA"
"Nature Picture Library","UCkmJ3xovRn_C-l585sJae1w"
"Nature Pristinee","UC-MJI-sDbBB10BODBAnNLCw"
"NATURE RELAXATION MOVIES•869k Views • 6 hours ago","UCoJv2IlK1t1DKmEtInmYYxA"
"Nature Relaxing Music","UC1SmL7ibZVDHcaznRvEH4hQ"
"Nature Short","UCJbINwviVhrUSJUmG8h--zQ"
"Nature Shorts","UCS03tewb0LL13WVRqrvu1Fg"
"Nature shorts","UCAxPl8OxTr9CTKw4AGEpJZQ"
"Nature shorts","UCxLgncvpnN8zbmIc-Q31_HA"
"Nature Shorts and Travel World","UCu1Bo95ZAvbvRRtVkHnfAHw"
"Nature slogans","UCQ51o53gpJ2k9a_PHAjVNVA"
"Nature Sound Core","UClGPeg8ooKRQ_GBBA74tzzw"
"Nature Stock Footage","UC4OQPR17HKP560qXUby12jA"
"Nature Stories by Gaurav","UCL-qr3nDQfR6bDE5z0xU35Q"
"Nature Symphony","UCrRQ-n1Z2CWrXZ6W08qUhSQ"
"NATURE VIBES","UCfh7TkTIjlm79f7_qYWBxdw"
"nature video","UC7c8mE90qCtu11z47U0KErg"
"NATURE VIDEOS","UCXQNLFLz8YYOMzjVUa-nA7w"
"Nature view 4K","UC_hBjQxfBEhPW5RD_pkIASQ"
"Nature Views 24","UCEn4FFYQXmeiz0WbhiiEJRw"
"Nature vs. Wonder","UCrmfgLOSwtWNKOWzDF-V2-A"
"Nature With Drone","UCWfiC0bH2pDtkiTcMIswk_Q"
"NATURE WITH DV","UCoc3IzfXpePVnXwQtvp4fYA"
"Nature Wonders Hub","UCr1qfCsNW2h2wAHLxleGUJA"
"Nature World","UCK2OFpOXCAzgL4OYzeCdEgg"
"nature_lover _trm","UCciwIiR-OHg-i_xfhw8xbZQ"
"Nature05M","UCaMKuAhbzw4k2bhx-WCzNyw"
"NATUREANDSPACE","UCPOUWfH4TB1VNl8od7vMtFA"
"NATUREBEAUTY 8967","UC-9axbtpeydTSPZE8yqO9uA"
"NatureFables","UCN2Ac54gcqMmHPcePi5qHaA"
"NatureGirlDoll (NGD)","UCqjFdRUa1wZLlrct9RpPSVg"
"naturelover","UCXCVdzl_C9qDsmnqREP1kEQ"
"NatureLover","UCfWRIYIcKsmQuFmXAVGXIOQ"
"Naturepia","UC3zucajSnkwHIs-SV1cOmcg"
"NATURE'S 4K","UCWQ7x2m0qGXqC08gAlnnncQ"
"Natures beauty","UCFMFUnfoKNEKD71aO_VBlTg"
"Nature's Beauty","UC9Rvxazsa5r3Ml2i0oBhA7w"
"Nature's Beauty Around Us","UC9k-e2FYXgPE9Xovx6MxFkw"
"Nature's descendant.","UCmQna8CQZn7LEYAU0LW3A0A"
"Nature's Gems","UCjLjG5Q0KEsqSvvEQe9KUzw"
"Nature's heaven","UCSs9VMMdMM4bYxg0IdnZ2zw"
"NATURE'S HUB ","UCNPV51Ee4_dbmm6ygrtqQqg"
"Nature's Symphony","UCfWwGZl6PZRebZQC6SuG_oQ"
"Nature's Symphony 4K Film Music","UCuKR3yoi_E1j6vk8CE3Onkg"
"Nature's Treasure","UCpyrL0X_JRavRjFu65Kycrg"
"Nature's Viture","UCwSyVYPxnBvG2M8kWErMB5A"
"naturesblueprint","UCB4EhvH6GE1-kzT59S-R2GQ"
"Nature'sWill_","UC_QDhuLsxSHCaUjx6ww1Rmw"
"NatureThrob","UCIsu7LoLlNfo0Yl0cyE8iOg"
"NatureTruths","UCBLuQZ46LZC_jR-WfEtW2Gg"
"NatureTV","UCRBiphVKRMkICZFsMme4XBQ"
"Natureunscripted","UCfW2N9aZE8TAiiCCB6oTG4A"
"Natureview and Relax","UCS6kg4j831UwSp0jsC9vW7A"
"NatureWorldwideTv","UCLS_4V0_3wBq_TxcvzX9qKA"
"Nature🌿🍃 Up","UCS1jMfKshKEVJntMPkcRh3g"
"Naturligsej","UCvrKHUgx_lGhhY1M5Zk19qQ"
"Natuvo Global Wildlife","UCtBmpBhOfS6G3YA52rnNIhw"
"Naushad","UCUP8Awk-rn5llNladJDDuYA"
"Naushad Khan","UC_gUvZBrUGzuCy1ZZf_VgDg"
"Nautilus Kayaks","UCoD86sScXRrWCLbimPijDOQ"
"Naval Encounters","UCpnMncGOO0OMkU6O-L-Eu5Q"
"Naval Supremacy","UCCQ8RPp8vsaIMrW2bO3Y0FQ"
"Naveed Siddiqi","UCsaUD96_DmraPdFz7NSLs3g"
"Navigare - Akademia żeglarstwa, rejsy i wyprawy","UCd9_hVsz0mjNvrxBa4kI6BA"
"Navik Rudra","UCa0GE1ISaI-0L_3tKpeOpxQ"
"Navneet bhai","UC2srevIbX5kI2S22ONmeNFw"
"Navy Axis","UCYAEp59d8NbogReOppSmvcw"
"NAVY BREAK","UC52wBd6Sinma0k2No43lRYg"
"Navy Defence Usa ","UCGIR3BfJcOxbVH0Sm2QXdnw"
"Navy Dominion","UCL6ZmEHNXjzxzbthdOR6iiw"
"Navy Force","UCvhkwOWr-kK8Rn5u3yNw9eg"
"Navy IronGrid","UCStS73Iz0F2xHCjYFNTVMYg"
"Navy Moments","UCK0wdpJpqttfG4aJHOdJ4KA"
"Navy Pulse","UCmBdXRRckgbbBlQ987Id1jg"
"NAVY SEALS","UCzyl-1mbo_kfh4txnKVnEMQ"
"Navy Vector","UCq2M7QysTYLmK2sN57Fddew"
"NAWABS","UCGX3z__4tjHoCo6bDwNWh_g"
"Nayami Siju NEPS Rowta","UCEMB6rXAXaa5XUKZFmPDa2g"
"Nayan Garai","UCY7mXfo9gjD-LtQWZx1sutg"
"Nayan Jani","UCdv9QXYnfIv2N2As-6kcgrw"
"NB Show Telugu","UCgRCNbM4tBQ8GL-PYNiSwCQ"
"NBC 10 WJAR","UCUdmmvN3uwTsrdpyAlSaAXA"
"NBC 15","UCJc7is6F67EepYaJjxTxtrg"
"NBC News","UCeY0bbntWzzVIaj2z3QigXg"
"NBC4 Columbus","UCDFLiE2iGUvlZMmhemzy6eA"
"NCS Videos","UConcfDLPzvJgEtvz99i0O1g"
"Ndelodok Expert","UCCcJL4TmWeBQIma1bMcp2pQ"
"NDTV","UCZFMm1mMw0F81Z37aaEzTUA"
"NDTV Profit","UC3uJIdRFTGgLWrUziaHbzrg"
"NDTV World","UCXBD5iG5cr4ZYZ99K-fmDHg"
"Nearly There","UCtO5ycaESW3I2q7mG0cWr1w"
"Nebryon - All About Space","UCvkm5yj2_sR2GaLkuYtS22w"
"Nebula","UCKZWdORrOOJ165wQBVqLRNg"
"NEDAK Productions","UCi9LJ2hi3Jds2dOgqSNz2Og"
"Neelam education room for kids","UCqEKaD0x8wC5maGd3LlJdEA"
"Neena Gosain","UCtcszK1yinsceuY9-zBHwIA"
"NeenvIAS","UCjDaWs3DiBPAHYoU_nAbi3g"
"Neeraj Singh Rawat","UCu2JOxhLrJHKF6DTm2g1S7A"
"Neeraj yadav","UCDyI-tfJXTxcKcx1bezGpnw"
"Neerlandia Urk","UCpSvLcEQ-vDry2t7hixIyFA"
"Neeru's Social Science Classes","UC48pw9eSPudIcd8Pdk41aXA"
"Neetu Art","UC9vhE3CGjJCsRK1zQoSxxsQ"
"NEGARA A-Z","UC5v0wPf2HecQ3FTfL2baTww"
"Negosyo Pinas","UCDgmY88-z_3SHBOqOC3RGAQ"
"Negro Exciting News Fun 2","UCiAVIQdVxYDAQ7_kpbzJ8Rw"
"Neha Rawat","UCXjjTVirwTj5RrEfB_rXilg"
"Neha Sharma Study channel ","UChpF2f0w72iH8n6b4ZVjgeQ"
"Neha Tyagi","UCMNG_oyBxvgswabBGA4hN6Q"
"Neighbor You Didn’t Know","UCR57OeReObF3FK-A9Ambq9w"
"Neil deGrasse Tyson's SHORTS","UCRft8M33agt9f6I2AuZdEYA"
"neilnotme","UCjC_c2zfRhTMqs4CfB9ZXow"
"Nelson Agostinho","UChiIq00kJ9gnFCtB61slClw"
"Nemat Ansari","UC3595sKhHeXphDemcthezzw"
"Nena Salvador","UCxQQQn5pyc__OBZYFmih9mA"
"neo hsengzcuan","UCHTeP2ExJbZScYmMSBn-J7A"
"Neo Sage","UCq55tSRJzVOFvffmwQ-FdNQ"
"Neo__Facts","UCwES078gZDT_6yFdw58x5kQ"
"NeoClips","UCxp51t-2pXvQ91fdavhbuJg"
"NEON ANDHERA FILES ","UC45qezDHZy6wtj-GcDgkKuA"
"Neon Dance Sensation (Legacy)","UCIa7XRDSIQh03ZvefFAh7kA"
"Neon Narratives","UCk_nKh_zoLybTRv_LvmIFsg"
"Neonballs","UCp70SHdk_v4pz0E746J1h1A"
"NeonforgeWorlds","UCuGsh2_ni93vhLhvUS-TXQA"
"NeoUnrealist","UCPz1ReSz6ce_TA9xjGs3DqA"
"NeoX_","UCsfJy3EftwMM2QlgXAdbWDg"
"NEP MAHESH ","UC_-cc6I2Wm63FUSeR9lFX2g"
"Nepali Sanju Baba","UCd8kvXH3qx87vOfUhtxW0ZQ"
"Neptunes Lagoon","UCf4M2vxCMIZDPOW952BQ2hw"
"Nerb's journey","UCLt50GmXvzrgdGUpBgAEEdg"
"Nercy Ereso","UCZUGqExmSb9opH5mu_q7qUQ"
"NerdGasm","UCAmH419agUEtbh-Uhf37TuQ"
"NerdsMakeMedia","UCyXhPLr04n_lhBGNiEv84Bw"
"Neris Expeditions","UCopVNhu_ZHJBgRqraI264uw"
"Nesia_Edtz","UCdhwWPW9-xdQgRoaaaenUAg"
"Nested Shades","UC-Ieb0pfTGujAoVIATisTkg"
"NET25 News and Information","UCnYlMfpbCIg54cEyUiE42vw"
"Netflix VS Cinema Podcast","UCfBW1tALiaW8I_9LonQXd8Q"
"NetFusion","UC6gdv9VBl-LONFLDHbfPAAw"
"nethan pogi","UCyoeLvgqntTClLgnZmIXj8w"
"Netizen Studios","UC6WAeFcWpaExPANs8Ag_mPQ"
"nets katou","UCzePkCPA3yrFJcLzBV9YI0A"
"NETX IS LIVE ","UC5yc8h-sUxjQX6StoFTNizw"
"Neunter Oktober","UCQ8qWkZz6Z4CXQu2Soz_6nw"
"Neural Guide","UC9DSjN4NhrGiyoEzofpMqmQ"
"Neural Nexus","UCaGORJeX-elWvm8PZb61ogA"
"Neural Snacks","UCv3B6Xe-Nj7ChirKXOteu0g"
"Neuralism Gaming TV","UCCwfWGTUmtIv9ao5xeuhjsw"
"Neurodivergent Millionaire ","UC0X_dp-gi39M-RUkR4FGVWg"
"NeuroJoke","UClM_CiTlrphpDG-sF9gxBMw"
"Neuron News","UCvGWcSS026MkO7sGLPih3oQ"
"Neuro-Nature Retreats","UCMBeoY_kK4YQloMOXZiJsyg"
"Neurostudio SPASIBOO","UCCtq3_EnafO9sBaHL9NlwdA"
"NeutralSamaritan","UCL1KiQoccxIbsuRVy49qGrA"
"Nevada Political Journal","UCz9BigMEUqlDUV-EGrI2gRQ"
"Never Stop Learning","UCfm9WZD_8M9qb5gozr0H-3A"
"Nevermore Aries","UCLSurT261RjGK9kyF6XSLSw"
"new  galaxy gamer ff","UCCgR6ngwvfUZJM8EHOuwR_Q"
"New Age Public School Gadarwara","UCR-Wi0aO6e79z9PkQRRHIRg"
"New Angle Perspectives","UCNcOepa3zgxyk4Pzo9PEFVQ"
"New China TV","UCHBDXQDmqnaqIEPdEapEFVQ"
"New Day Northwest","UC_M6Gs2f0lFwH3Pu4UQkeEw"
"New Discovery","UC-w6ewC0s0u4r86H3mjwcVA"
"New Explorers Diary","UC3i5Q6Kqsh4zCMnP5fP-tuA"
"New Knowledge","UC1KW08NX7Ky-3QWcwdTDMlQ"
"NEW LIGHT","UCTBEPVPdJHZvHh-Es7I9z4w"
"New Motivation tv","UCpqN_6d9IOarp8CaTqBuKJA"
"New Nature Sounds - Topic","UCr9QyqReNmsaKj4_SEVhqSw"
"New nuuk","UCnAz4--owE8cDeyzQFfRaWw"
"New Planet Earth 2021","UCAYorFJVOb16Edzv6outa7A"
"New Time","UCtrb66MMguod-q6Vfi411Cg"
"New Travel Insight","UCe8G9fApuCUh7dQr95UWhag"
"New Vlogs","UCE-pBJ49TD2LwjDTRtuCIeA"
"New with Sharma","UCmdIB0Uw4kucOpwKpiTBb4w"
"New World Disorder","UCwF5LtzQMGFHbD9USAYHWjQ"
"NEW WORLD EVERDAY","UCYvDTb8F-h4uAsLw3oSFFnw"
"New York Post","UCrvhNP_lWuPIP6QZzJmM-bw"
"New Zealand Alpine Team","UC2IN915W12O7CTA9Zs3NBeg"
"Newdiscover","UCUJcdrHutzQ2oJTtfDz62DA"
"NEWS & ENTERTAINMENT ","UCGsXagP6ukYOrbYwpOqlQjA"
"News 24 Hub","UCO0A_Va6fWmSmcfFpHsbkyw"
"News 4 Reno","UCHMxlXMj0RJIMta6CbgfT3A"
"News 5 WCYB","UCA2CQh6DT8C8QogxusKVqQA"
"News 8 Now","UCLLENV4JjxuHCGnC-SyxN8g"
"News Abcd ","UCP-I9HbfT3FUZ4ofdmTr2kg"
"News Alert","UCqE1IXmya1q5m04Mhh-2Odg"
"News AllWorld","UC_bTWQ6rzJHz8ODvklQy9mw"
"News And knowledge","UCgKf02CB2gKE0__dUX3Ya1w"
"News Bay","UCj7ut2oVO42RbZS5-VkChjg"
"News Box","UClBgUSwAjUngDKkvjyNFmzQ"
"News Breaking","UCi0ypI9yCYu2DtdM2xv4Zhw"
"News Bro","UCFjXfg7MRDZcqCU_nRZPR-Q"
"News Cats","UCCz0VVAszyl9haEQqi5v9SQ"
"NEWS CHANNEL","UCJ1AxIDYQIJ7dgzO2p86vsA"
"News Clips Daily - All News. Just Clips.","UCrw9uMknPtl6cgrA4QoYCRg"
"News Coverage","UCS1gl5Ag8Sb_8oryKVEc2OA"
"NEWS DAILY AROUND THE WORLD","UCvFbuBzOg0owf7dcMS-6Zzg"
"News Desk","UCjcOwGMDtVhqY-Tiww9Ia9A"
"News Digests ","UC65TVnWo-EYEGhzOlq-Xd4Q"
"News Direct","UCo-2gR7lMv3oxvzSuJafPJQ"
"News Editor","UC4VHXUptDT6wD_MW5-gqMgA"
"News Fish","UC1HcLMhrvFf4SQ2GgEOeEDw"
"News Flash - Sound of Hope","UCsmXQEaYIlDmbJWRV_g-muw"
"News Flash 24-7","UC6dj6IlX-kfcJ2R8Xp1Tanw"
"NEWS HUB","UCdyyG4sEv6nH0dUkIKBrWjg"
"News Hunter","UCnjnEPVlJ5sjXEP0mgv5QJw"
"News In a Flash","UCRYXznCatjYDaPanrN3wPvQ"
"News in a Minute ","UCwqki8N7Mb0rd2pjL46ZZUA"
"NEWS OF BAHRAIN","UCg3OeU6DG1GfLrX2f24rTMw"
"News of the United States","UCQDOyHEmGApXMWaz-5UDyUg"
"News of the World","UCCT3YXNA3VSM1WXjh2i-12Q"
"News of the World","UC_uSK_SB794xT1eIOQjqkag"
"News of the World Channel","UC7oUcHBKQUpLRhIYM2rXzSw"
"NEWS PODCAST","UC3XLDmwp95_hXJfK8wurVMQ"
"News Pulse","UC8m8GRom0mdCIirE1o1uXrA"
"News Pup","UCvvrt9lcNRplJ-Nb0yvS3bw"
"News Source Crawler","UC9593ROmiJdnI8BKBcvWPwA"
"NEWS TODAY","UCC6RjNBUj26aDZA-K6tJD7g"
"News TV","UCbUTOnzgzolvhcJa1x2MaxA"
"News Updates","UCroLmM6dgoAYrwovKlYKsiA"
"news.com.au","UCtWWry0cgjWi9C0Ye9sh6og"
"News_Now","UCwuYrjpA-LCa1q-zKBvJkPA"
"News10NBC","UCIyDGcDLt7yvpOPYfX4EorQ"
"NEWS9 Live","UCRK4FDIkUyslEAUdyRDdCtQ"
"newsaboutgl","UCHJ1hBlO1gkZC1AQKmKZcPw"
"NewsAlert333","UCaVv-Jx4xn7JJzv2S7KGxvA"
"Newsboltchannel","UCb72gvB_pRtULTEga6Va3dQ"
"NewsByte","UCCjTwzRryAZnJX7ihZU3w8w"
"NewsDailyShorts","UCaNqFidjUGmHJDbExT8Po6g"
"Newsfeed","UCJcYnbTTmiSDzXmLnKQ6t1Q"
"Newsflare","UCzSSoloGEz10HALUAbYhngQ"
"NewsFlash","UCxFwAi5TerFyU2ryyFeTj1w"
"NewsFlash!","UCYfzmVmXhlA7R_2-7_ZDuwA"
"NewsGrah","UCLxANoNI0cpRhmmgX1KFd4Q"
"NEWSIC","UCGUF3IzchsnHqqFq6cJ-Z_w"
"newsin30secs","UC2NG-a5tpOZxZv-IuzbT8jA"
"NewsinLevels","UCDhOftGoGF0BGF1mqQ_Sccg"
"Newslinktv com","UC5lO0KBQn3OgePslW1-M6_A"
"Newsmax","UCx6h-dWzJ5NpAlja1YsApdg"
"NewsNation","UCCjG8NtOig0USdrT5D1FpxQ"
"NewsNest","UC_mYt89YQjBD38v5E9QoqKA"
"NewsNowSummary","UCA05vhVbVPk8dHVMRHqQwpw"
"NewsNuzzle","UCF69HRtXe4kH5dYM33eigmA"
"Newsonviews","UChm0ZyinuqvA-5AHFXm_qoA"
"Newspaper articles ","UCYq10dpOMt--ByBAFxJthlQ"
"NewsPews","UCKRBbCQkXfUI6sGqqnfQ6lA"
"Newsprout","UCQKw0zJo7SciZRmSoIMkpPA"
"NewsPulse ","UCKrI3idhe5gwHkWeP1UqpgA"
"NewsQuake","UC7GLvFq0SUtAew-FSeZMabw"
"NewsRamp ","UCGSUTlMJnnNGHYO4iHh5sAQ"
"Newsreels","UCAouHcHjTMJhZAE1E5tdjSg"
"NewsRme","UCORpN-qZFskiuMoCiuYNzjQ"
"NewsRocket!","UCEEzKM8qEuXtHxMJDLsGMMg"
"Newstalkofficial ","UCq-Zols77rPSiSjAvbceeaA"
"NewsTold","UCP-4JUlrkTK9SeCfrlsSWKw"
"newsupdates4real","UCWL91oqW3z6-A045ZjJMYHA"
"Newsweek","UC2a35q7eyzkfoIusBzdH4Hw"
"newswiki","UCNvOadCrnr-WPZ7uIipZk8Q"
"NewsX History","UCoBcb2XaUIPxIUPzhhH9v7w"
"NewsX Live","UCytSP0M0Jdnw6qIy3Y-nTig"
"NewsX World","UCvu9pKtF3Y8KaJVD-WMiOrg"
"Newzee","UCVraSltSET7CHmEulDTqMXA"
"NewzTech20","UCweuAKrpVxUlyi9GZDcyC1g"
"Nexar Global","UC5Js9m2CYZJctRm2deK_L6w"
"NexaSouq","UCmGWwkhrmicBtpK5RG0hEDg"
"NexGen","UCthYqRx-gtSSnOF-ORUftoQ"
"Nexium","UCFFbnuJ82ln-9_UF0WDJWXg"
"NexoraAI","UCT2KtT4TVgdPUYe45WF3hDA"
"Next Generation Product","UCxfP7AmwSIprJfJJldljooA"
"Next Geo","UCisoBxhmZHzk89ZJDiJoVbg"
"Next Horizon Global","UCJT_KVaMbiB-Dsredem0HPA"
"NEXT IAS","UCgKgAaGbKS-XWUJGWqP5W0A"
"NEXT IAS HINDI","UCAW-rpG882FJA-1EvWueTCg"
"Next Trip","UCofJZf06TI02i8DBE9E9Bug"
"NexterraStudio","UCfaqzUj9_PuKDsv5X2ast3A"
"NextFact","UC_ThiOKqN83xGsRJH873oPg"
"NextGen Manufacturing","UCVBICP0SNaKk8iuWIyNSpWw"
"Nextgen Manufacturing","UCY-3Y5pX4fBWypHgjavSZmQ"
"NextJ","UC-rBE5SXykW-ea6V9BU4qww"
"NextLevelOZ Big Lap Gap Year","UC5FxbnI1nCUJhIMoj1Stxsg"
"NextMomentia","UCt6xV3P3J55ndqsLy5BXxig"
"NextReel","UCWev8fnXMrXVcZzkvviLvbA"
"NextSight USA","UC3up7cMifcwbr_zTRwGY7sg"
"NEXTstep","UCjEEgCQWGBszMNRLH6W8pBQ"
"NextWave Report","UC4E7zzmBVZ5fqd8yRiAHoFA"
"Nexus Context","UCVW-07xNxKBOMu5EAY1mj2g"
"Nexus Insight","UCYZDu-j92Wu-F8yq3hYK4Bw"
"Nexus Tomorrow GAME","UCCBIA6VH-SqD-zAh5URtD3Q"
"nexuswealth","UCcXqHhuHeCN6yKXlianevqA"
"Nexvirox","UC-RIDKzE61wSE7wsr7tmOKw"
"Nezhad","UCpYzqjEx2T41Tor0qihWQTg"
"NF Hides","UCWGzR01d8GF5zHWk2k-hyyA"
"NFFP","UCowBVbai-0L_eF6zVPEyhKA"
"NFG Facts","UC-Z4QRuUb75_plvpCEscmdA"
"NG eskimo","UCyBkja9aMkCUD7Gtwx3f3rg"
"NG YOUTH ORG TV","UCwWBXdK8xlGi_vJ_pgqMl4g"
"Ngebacot ","UCH6evKrFJTZBhDdn0fUUNWw"
"Nguyễn thắng vlog","UC8C34aE-sdUhvUSl5R41gEw"
"Nguyen Tuananh","UCvm5nvh7_MJTpPb2J9zZFrQ"
"NHEEnglish","UCC3KlY6ktPSNTMg_6v-6YkQ"
"NHK Video Bank","UCU7cVOeVFY5HP7vcOUvutGA"
"Niaqulaaq","UC3WBX2-53VOHrNLSP5CTFNQ"
"Niazi Vlogs 99","UCCKqr3xhm70lbDV5f0JGhUg"
"Nic Madge","UCK6NByMObmZdqczCi0Q20BA"
"Nice Ship Cruising with Gav and Caz","UCXjOZgZpwJOgdJF4PGjdt2g"
"Nice Try","UCQ2o86L-FKyZJKVNnh3Pbmg"
"Niche History Social Club","UCTQI642FVg8oF4zvEVU2UnQ"
"Nicholas comfort ","UCgwNF3hXWdNPxNMmYpzz95A"
"Nicholas Rooksby","UCTlwelEPP6Pq6DClEmBeS3w"
"Nicholas Tan","UC9BPIFK3n2joIoaM6tzSWzQ"
"Nick & Hannah Toddlers","UCmCk9DJBLsR5-J0QfvnicwQ"
"Nick Breeze ClimateGenn","UCOfWROvWestkWbBhZTk147w"
"Nick de Sherby","UCwahzbv-tkxrwViuqPBYzLg"
"Nick Mei","UCyrdJS_oiNNb6lPu4EX9I8g"
"Nick mock shorts","UC39qKxKeWeym0J55O9QIrjQ"
"Nick Shirley","UC2Uioh1tYQkNuHLSBpzdfCg"
"Nick t","UCaDvPzegTSD6PS6ZUn1nkqg"
"Nick Toprani","UCgs7xtAjKusQPt2x-gSga9A"
"NickGeo","UCrDWaO4Ro5xC0kImQVUhhrQ"
"Nicki Swift","UC1DGpYiEiqBrQtYXFbLhMVQ"
"Nick's Adventures","UCd2TSk_lNvFDWwRrHzy3XdQ"
"NickWardImages","UCjNpP-msKKJVFV80EFnkcFg"
"Niclas Victor Soerensen","UCvoGNyu-fB7SaJifT6wWjcg"
"Nicocco Countryball Mapper","UCTZAObMcyPZ1KF0sva1AzDw"
"Nicola Togni","UClxFr9F_2cbD1cwiS_nBe7g"
"Nicolas Horn","UC7-fW9bpSoPk9U7gVLb5bTQ"
"Nicole Isaacs","UCHaifw5KhuLBvsrzVTfRiLQ"
"Nidhi Jain: Wander & Wonder","UCIdxqXsyfBcim1wZjFUtIcw"
"NIDS","UCyGa4dcPqONWzjmbuZMOBHQ"
"NIEL CHANNEL","UCW3RkbVGGy4bNBTU4dONfEg"
"Niels Henrik Andersen","UCBhFqARA4D5Im6l-k_Z0s9w"
"Niels Neveil","UCSGnPHyvSToFmEQ6rR7s0AQ"
"Niels Åge Skovbo","UCaWAlLKzV7DVS97YmbTk8lw"
"niels631","UCPtenQN2yzKbEnFcyugWC4A"
"Nifty Notions","UC7X1LMSoCso3-AOKOJAdI6Q"
"Nigah e wali","UCaK5mCk7z2cHt2mUHT8GB9g"
"Nigel Trafford - World Traveller And Film Maker","UCke-aJykrIiM8AhIfQyX_yA"
"Nigel Vardy","UC5rHqThab02fjYDH6MHYwwg"
"Nigel Westlake - Topic","UCOyCmZG-I5YL7UnquxCFLiA"
"Nigeria Ball","UCa3YHKI_kLct8Ab2vWOi_nQ"
"Night Press ","UCHO6acIxuBnckcjWH4FqCRw"
"Night Show Rewind","UCSZo2xWy8Lq-NEpsJT9JdvA"
"Night Sky","UCylTcIZjUBhFBuGJQNO99vQ"
"Night Soul of Mine","UC-t1XABk047FaH2UnsqH9FA"
"nightcore near","UCUY_OPE7Wjaax698sDBl7yg"
"Nightfall Archives","UC_R1RSGPpiNTIkp5XPliWMA"
"Nightgod333 Secrets Revealed","UCI3u_6Sjlk0Hsbidtphk1ZA"
"Nightingale38","UCJiuiV-60dE36zKkA_RnD_g"
"Nightmareflamez","UCUAvmb5kIhBa1s39WYTW-Zg"
"nightnick42","UCjVmSXMLF7IVBWi2ll5Y91g"
"NightShow","UCNOAFu8sCF8iLC14pxmGtow"
"Niisinnguaq L. Geisler","UCFVORtxdt4IcCsIaJbZ1DMQ"
"NikH Vision","UCKbDllqc5KhSjUdYx50stuA"
"Nikhil Kamath","UCnC8SAZzQiBGYVSKZ_S3y4Q"
"Nikhil Mahadeshwar","UCLBD9RV7Np6tCDxQgJrIcDg"
"Nikhil Rao","UCnuIGgedfOz9ItBfTMwDhqQ"
"Nikkei BizRuptors","UC30Xf4IyLy0RdoB4mjYcIRg"
"Nikki Greenland","UCP5__BK3TT2NBDx6yGJJ__A"
"Niko Melniko","UCuI7cmnU3pnLmbs80pmrUcQ"
"Niko The Ghostrider ","UCpCkv6_a7sRKC48rCHgQj_A"
"nikogalvis","UCxqhFZgkWRQ5nkR8-E56inw"
"Nikola Tomic","UCXJuo4XJXQiBbPgGBG4L8cg"
"Nikos - Echo Chronicles","UC5l5PfuSCMOa15iqCM9N_5w"
"Nikos Gikas","UCYa6U3FzpkJG-Tn1E7fO4Aw"
"NikQSOEN","UC_6jAApo9e9PbOGwT1l59Qw"
"Nikuchii○°•","UC1ZRJjm0bEmk9Bo1sJ66whA"
"Nikunj r p","UC1Ru5bPxqhZJzoj7TGaLWiA"
"Nikytes","UCgJ2xaMzYsTNOlgnQPyU9Qw"
"Nil Darpon Vlogs","UCFOL7Eg8ZiFv4BTUiGS91FA"
"Niller DK","UChlwBeLvN_NJ_I8eKsrlopg"
"Niloy Das - Hindi","UCAHEyLMK67YZsrlXBLk3N9w"
"Nils on the fly","UCZbK4jy5qswoAr-9ca0QE9g"
"NimbleNibble","UCLgIzrgv2iRUCEdXUJY3fSQ"
"Nimfa Dayon","UC1yXd5UkYsuKDtK0aIZ0jwA"
"Nimra kashif","UCXqC3aVxndKTfHFvvvwXGgA"
"Nina Defilla","UC3vLxEc1LTDfxJySn6zb9DQ"
"Nina Shabazz","UCFP6R4VhRUoyyYuZCVPFuIw"
"Nine Plus News","UCqJxFD7sbx_r160ZT9oQGJw"
"NineNineToGo","UC6b7QietYE5ocrkcCC5-epA"
"ninjakow","UCPRgKMRdnOfAHvRvBpLYU1Q"
"Ninni","UCwZyxVryvUjPn6s7XX1gUSQ"
"Niomachene","UCJdWEDkmBMPYfKuSQbd9nzA"
"Nir Facts","UCLth1Yg2yRbv3zEZaeAdWXQ"
"Niranjan Singh Rathore","UCDwfvxkDtXXJ9BOik1vDG4g"
"NIRNAY IAS by Testbook","UClE4r2DrbUHVqdXYtDx4rgw"
"Niroht","UCaGWsi2GzE5ZpMdfzCQ8V5A"
"Nirvana Travel","UCfnfCR8DkizvWciuVln4tgg"
"Nisha.N","UCI8_rlW4sdHJjCd49LHvVwg"
"nisi_2708","UCYVN3iie5CG1QzYXtw6EKEw"
"Nita Rodriguez - Dream Vacations","UC2foO--C4qHX_Yty4M7sdzQ"
"Nitesh Sharma","UC6lCSza8uYcmAV6icbbtjFQ"
"Niti Decode","UCz2O9u3FpdovntsRRIGQYXQ"
"NITL app","UC8IfB1RonJkGmu2NBHK606w"
"Nitro Nature","UCdh8BpxBZVZmCzViR-ydHzA"
"Nivara Tv 444","UCyZDRNEeLKVxtS8u8QQK50w"
"Nivedita Baidya's World Of Knowledge And Learning","UCKgi0tgl7mEzuUyhNjHw8og"
"NIVEK","UC1dBIq68Qu-7XwoVuHq7-Ew"
"Niyas 713","UCkE9tpsJXpUEz7Y0RGS1JEQ"
"NizzyConspiracy","UCZXOrbaP7jP5s7rDvgt6KIw"
"NJ Boxing News","UCKD0EugKruBkC1gODSvDh5w"
"NJXplore","UCQlwDoD7bWigvuft0cX0JMw"
"NKOSS GRADE 5","UCgEVODOBtf9iBwWHQQWnsow"
"Nkunim","UCUrnihybG5L-If17B_uEMLA"
"NL_CVC","UCogw9URpM4ur8YiP07W4msQ"
"NMtv ","UCfMGeXKVVDIj1mOVPRXHAiA"
"nnamdi nnamdi","UCAVUA7cdY77of3NrZl1X3pw"
"No Brainer","UCY1mP5_DE9C5NKVHj9Bnw0A"
"NO CHANCE","UCxvuGq-3SSQUSTOka6XD5Pw"
"No Copyright Music","UCwVtE8PdHdIzIyAYksOtPww"
"No copyright video and graphics","UCr9Ue4Dsf-RThgpFJoSiN2A"
"No Mercy MMA","UCM3c-4_Dz-GhTsrtVI7P8_w"
"no more","UCkjDMMMw39faZUZE8rbRNLw"
"No Pants Profits","UChEQHV095uKHhsDRk94aZdA"
"NO RIZZ","UCcgAyoT7vkkNwsIfCn0WsAg"
"Noah Rose","UC2ESmSEo3eOueZOtVFvLGcg"
"noahihsan","UCv5gGxeLpO8kEKbryVx1t-w"
"Nobels Creation ","UC9CVT9X8pl3hidMJb3XJJ0A"
"Noble Presidents CC","UCTIQBghZN3E6U6HJ2Kb7aGA"
"NobleX Infinity Labs®️","UCQdp-PoQOcthLIZwVH8IKDQ"
"nobody ask","UC87bMlgDRb-oQp8VZ7XKfJg"
"Nobroc Games","UCP7IjGWy5wx-TomaOtYD9sg"
"NoCopyrightVideos","UCCALCz6u6iY7BLvjqPGNRMw"
"NoCoVid 4K","UCPMV5cwRsAUbb-s2YT4xvEQ"
"Noctua Early","UCn7VICGBK0pnULON_Fgi75A"
"Noeasyway","UC4HFSJr_U6YaNNXS-DffR-w"
"Noel Alexis Shaw - NAS-NOZ","UClIUU0WCqsgIuSjE_bcvgrg"
"Noelle Ben","UCh03YifupG80pLhjIUCrPng"
"NoEntryWorld","UCK6fer0E0ojx37f2H-QvdEA"
"Noetica","UC1Zry4_6pSgI0W32D2k380w"
"NoiraNG","UCChG6VhjZYX-El56oi_vPrg"
"Nokian Tyres","UCv-VDEjbdBkuZ-eSvYOn0FA"
"Nolans channel","UCyUCbxcA2t_PKFSxVnGW0sg"
"Nomad Boatbuilding","UCYtk_xdU0fULb8iQRlh1USw"
"NOMAD GREENLAND","UC-4HkUMrixyM9FNOES5XPzA"
"Nomad Jitendra ","UCsiGxxEuvgqXgTzPeH2LOuA"
"Nomad Life. Full-Time Travel (EatWalkLearn)","UC923lpyyDphuv1I8HP-C3Qg"
"Nomad Narratives","UCoI-eeI6NwNeaV-AXiEqgcg"
"Nomad Nook","UCtUvgBW7YLy7IB7Wr9i1ARQ"
"Nomad Nuggets","UCedxJarBWn-ahggI3Qtgnjg"
"Nomad Trails","UCNr066SADhsMuB82U6EbOYA"
"Nomad Travel Guide","UCMXt-YWZBWf3mJEgrTIjLoA"
"Nomad Verse","UCzd8WrREkC8K95tZsyTUVqg"
"NomadSignals","UC8g7dHI1sx1HvXlKsdDhW2g"
"Nomanlifeaim","UCl110mLn5LRa3g4x3qLrM9w"
"NomNomAtlas","UCw6xkc6ZCpaZPhly3yOFPcw"
"None","UC-ZIlgfbcbpLU7yXgRpe5kw"
"Nono","UCEsNzVRQ6ASgSKG23YU295A"
"NONO","UCadlCYIg8B4IayZgtsxpN6w"
"Noob mapper","UCDMMGPjhD41sFHQvwMPE_Ag"
"Noobedits01","UC4gE421f6QJwxaQs8nFDh1g"
"NoobHunterEdits","UC2IjEgIKXGiTadECJhYiwAw"
"Noobie GM","UCRliji4hwM3QQAQJSp3V2WQ"
"nooneatall","UC0tuhuYwZX8HeTsR-CYM9zg"
"nooo","UC0RTMxnRbO6HkcLI2Palj-w"
"Noor shorts","UCnWSIL5t5VvGwCuadRVN0rg"
"Noori TV","UCZD9L8gC5m3iO-md4Sk0zkQ"
"noorimage24","UCu_3Y2WLuMA7sJxXIGhbbgw"
"Noova Journeys","UC8XChwpiMmk47qlAIf-3Xdg"
"noProbs","UCv-L9n8fRZJEMCbIfelbWlg"
"NORCA Handball","UCDDlBi48Me3B-suZm7grf6Q"
"Nord Fodbold","UCe8q7TKjBMg-TubgQF06-eQ"
"Nordea Funds","UC36YaJBNC6DR22RY7tLAdIQ"
"Nordic Affect","UCDv6MMO2_xSpDxEBTs23UnA"
"Nordic Art TV","UCF3WOMLb4js6lpFqLNLc6Eg"
"Nordic Atmosphere","UCLQ6tk9b1oJtonC-X25ipcg"
"Nordic Committee on Bioethics","UC2tpb6_-rBBXhq6sogLHmRQ"
"Nordic Kayaker","UC-Dz_lm9gXB95K1V3Dnp78Q"
"Nordic Nations","UCl2aBWcYSvPOtO5b9cirRdQ"
"Nordic News","UCINWyXlvwayWgf_4Uvpm1tw"
"Nordic Noise","UCPPDnhCmUA3Rr89xn7p539g"
"Nordic Point","UCeOXDgHbQNAJUYgQqfABxcA"
"Nordic Research Council for Criminology","UCCK-1OTV2F6_bc3Hyv8hoqA"
"Nordic songs","UCSZRGlrd9KSiTlK4y0NK66g"
"Nordic Today","UCxunBO9lCeEAWxxNyt1YytA"
"Nordic Vintage","UCm8wkX7Cp4qmBNLpFJ0iCiw"
"Nordic’s life","UCGJTIqhOCzz142uxLmrrDow"
"Nordica Outdoors","UCnZ4H2KgsbQ8KUMl8Vuv6jA"
"nordictale","UCPqxo1CP5qXMtqE8_ggKSHA"
"Nordisk kulturkontakt","UCToxPmpbEmTfGcBFHHhC97A"
"Norge ballen","UCVdoaxVwJTo7eDpeDaQtoDA"
"Normal Somewhere","UCkrgwQEa0XSv7ojuS96ycGw"
"Normie World","UCRlRUFlJVBZeDoZk5DNKtBQ"
"Norse Magic and Beliefs","UClfHrHvX1byPvPouM-j8bEA"
"Norse Myths & Music","UCkz6ENF8QNFKXHQOd3atLMw"
"NORSKER Fly Fishing","UCK9ecX5DdVxa1sSZlY5-SGA"
"North African Mapper","UC6Sds9jHsABXa4vCW746U-g"
"North Bay Echo","UC35wJhwPFcF6BWD-pFywAHQ"
"North Branch Nature Center","UCfNmpEm1udq3AG2Blpn8Yog"
"North Fields","UC9ziHe4Nz_7vrcB9GFQytTA"
"North Forest Travels","UCyZzf7cl0x9KedFIc5uf10A"
"North House Folk School","UCpavUEF5No_71EMYPDPCa0w"
"north Korean","UCrFcLV0aW49asVf97PJ6ZdA"
"North Nature","UC4gP6ho6d0I9jlbS6C_9zWg"
"North of Us","UCD9agkLMuf93LpgKXo2EQjQ"
"North Pole Cruises","UCVGgYd1jZrrIQIwFVY-cPhA"
"North Pole Katie","UC9SmO2az3D1bHHkMkaI2XWQ"
"North Safari Outfitters","UC-n3KzP1Q5WYxNXWHcgRjDQ"
"North Star Destinations","UC6pCOYPiCpawZaYVdelRP_g"
"NORTH VIDEOS","UC9dWPvi1eotAr5SOGweW2lw"
"North Xpeditions","UCHrxdZSrdWlsZjDUShPZJ8Q"
"North09 Productions","UCgW3hKd7BGgt0sFDdZcKR-w"
"NorthAmericanBall","UCWnfnrHwKEqZP8jGxuIrlBg"
"Northborn Sagas","UCqcv86JYl2mE2KXI7ko4QsA"
"Northbound Gaming","UChNWOoDIOrwNqprYQ35np5Q"
"Northern Aviation","UCOe9WeNTUPWFCmHfoKh0uwQ"
"NORTHERN BOYS TV ","UCphzweKDOSIFUY0HhziRUrA"
"Northern Bypass","UCunW-leV2284x7irs7vHqJA"
"Northern Gates","UCH9kiB6vosHRQD1ygDbreqA"
"northern Himalaya","UCJPan425SFBAAMoeKUCzXFQ"
"Northern History","UCS4JmmfRZwSiYUkZqmE-SNg"
"Northern Light Gallery","UCVtyT4v090PhNqIoAfyk3Cg"
"Northern Rocky Mountain Grotto","UCBIjQScrysSSwerVf4_tpLg"
"Northline 911","UCi_PNy8EcdelZ0C6AuctfjA"
"NorthStar Dreams","UCMUWMNFQhJspmvCLaPUFz_w"
"Norway Calling","UCCsPc_chTUuQ5SARiS6_MTg"
"Norway with Love ","UC3SElMASfNxw3DGmWiwH9Rg"
"Norway: Blessed With Nature","UCsVOCbTshjMvXBtoeBkiD1A"
"Norwin Batralo","UCa84oyI3WRioX5LS-R6h8Pg"
"Nossi ","UCfVZtK4pNXgb9MEwrc8sCLQ"
"Nostalgic Veteran Child","UCHerdcIYV5LOD60uVI0AErw"
"Nostalgic_Past","UCibHldB1P8h_sbekZSZn1QA"
"Nostes Celerinos","UCFYXf2_38AbZo-O27sPmB7Q"
"not are things ","UCvg2bQuTCWy4OhYQUKTnsUA"
"Not face Gaming","UCx5k57__lbxK2Tve5rlWzRQ"
"Not In The Guidebooks","UCc2aveQGMCSae7XnXEoWukg"
"Not Leaving Tijuana","UChND1HBFRoyIPEnr1aUUOUQ"
"Not My Problem","UCLTGLOkDiySX9bu1IYA-JQw"
"Not Real News","UCTmY35N-sjcs88R73EBQJIQ"
"Not So Wise Guy","UCy-YYuEgKGPNFV1tTpiR82w"
"Not The View","UClQEm-8fvM_CTMweD8pcL5w"
"Not What You Think","UC4pNDofN0Xh-z2bhh62g8Ow"
"Not X Files","UCwz5w9cfOeSsa0Tm7UAd1xQ"
"NotARealZairҽ ","UCYMERJ5x9sR408ekOYeowag"
"Nothing","UCy0LaFUtMJGOTt56qoD2jdQ"
"Nothing Sacred Studios","UCJrz8Z-R9fb27DHaiH1B4sQ"
"NotInfected","UCkrQ-5XgGkKtI5yOKqsmQGQ"
"Notion Buffet","UCU1AfQCkwUFQfeYJwvur90w"
"NotOrdinaryJohn","UCQqk1jXAqDTCAkfP6acY1Tw"
"NotOut Network","UCSz0f5xRzUKm9mlUIXepERA"
"notsauceistheboss","UCYcQdyum44gCJJvQoRWN-IQ"
"NotSubFlags","UCG_OYK2jiQPKBASJgR_HwGA"
"Nova Lectio International","UCCWTZeQsMeIGbdlAdCV5VsA"
"Nova Southeastern University","UCUaWVeA1DXPf8b6dD8KDamg"
"NovaClips","UCJublFo_HfZN5w1-7YJjKkQ"
"NovaHistory USA","UC9mTUrQryc-Rz398I-S8s4Q"
"Novalyx AI","UCuHkSwL3AXMamszsCQOtImw"
"NovaOmniverse","UC6uCRHxuh7pb1NZEFAKQvGA"
"Novscorpio19","UCDmfnCx3aDIM4-c2-lst50w"
"Now Stream - News, Politics, Tech","UCfPgeHZqUJNacbaE-T-QSug"
"Now you know","UC7TDfWgf9eJr5N35G1qAw9A"
"Now You Know it ","UCwiq7ZBqoaHP3HM-U3OafsQ"
"NoWaffle_Calvin","UC8OWBWmmlGoBZRd1Hz2Rdxw"
"NoWayClips420","UCegR2zBukgK-kpEiRgrXdpA"
"NowBite News","UCMyylynQ6Ik0pOPCEcNseXg"
"NowMedia Group","UCEv5eWbY9MswicksbJb60uA"
"NowThis Impact","UCn4sPeUomNGIr26bElVdDYg"
"NowYouKnow","UCN6tEYuDsDRzXNOPiNljIiQ"
"noxara.studio","UCkwedtwCR4j6l9CMpkzKgLA"
"Noxium","UCRbuh5Eyfv6OQvd2hPX5ziw"
"NOAAClimate","UCAoqY69CgTdx-xT55DwtiXg"
"NPR's Planet Money","UCwlvY6_2iza-QkE5CIWpIFA"
"NR Facts' Zone","UC-DkO8t_EtniT4a9v8NEf1Q"
"Nrk'S Research","UCOWcVb7Ia3kZSIp1oyzD5KQ"
"nrmn","UCIvUTLs4vCIArsvEfRZyquQ"
"NR™ [Nezka & Razka Creativ Productions]","UCcrTijaxBMn75FxVwo5IrVQ"
"NRU SPIDY","UCM1e9VKnwmMj30RujmlskHQ"
"NSander","UCDWgpW9x5FalRgH-qgkHu2Q"
"nsarchive","UC_olysplEtPXi_sRW48Q3Sg"
"NSDL CSP provider in West Bengal ","UCVT90IVU9s2gfEgyviaD-bQ"
"NSF Ice Drilling Program","UCunLDhP69sIEFU_K2UUbr8w"
"NSF UVM Community Cosmogenic Laboratory","UCSb1dSMVGCr4PzdooW5qSOQ"
"NSNT New Show News TV","UC36p84JLIClnbm8kIC7KHZw"
"Nsong","UCUDl1hv9BdweXPaxphzh2sw"
"NT4HA","UCkvasnk5e-xyt8Z7UmnwhRQ"
"NTD","UC8Ioh4atNDO5a0Vy2qFmauQ"
"NTHChuong","UCYQtyNo0t4ruCI7ZJnwgT0Q"
"NTLW - Topic","UChHoR-nRMpaOJHrdOET_2rQ"
"NTR aka Nathan The Rhinoceros","UCveejWj7raQJSlCqUf4D27Q"
"NTV Telugu","UCumtYpCY26F6Jr3satUgMvA"
"Nuijaa Lovely","UC1qmzsLEEMsYbdRkIjjZF6w"
"Nuka peter Stenskov","UCKYOEG7MZ3nanOSJ73wCYKg"
"Nukannguaq Egede","UCMLo1mt04gX2MiFacKJIp0g"
"Nuko days","UCzZyTlnZVdx2p8GVkZu03EA"
"Nulltoncraft","UC1NeY_YYgqowkOaQuJpkZSg"
"Number One Blitz ⚡","UCqYy8oqfOgaCGigpO0J1yMw"
"Number One Everything","UCNintCJVMsM7dhUww6PO6Gg"
"Numberblock 56","UCYO_NBRXPU59Gffl3lkYbJw"
"NumbersDontLie8","UCWEPYuRgt25xbZ0BNP8sYgQ"
"Nuno","UCHMu97Kdh8vUYPrM2gQSQjw"
"NuQi - Nunatta (inuisa) Qiteqatigiittarfiat","UCT_K4HUsYYGT3-WvdE02qNQ"
"Nuqik Komaeda","UC7JpUcwzgDfylmfdgJxY_4Q"
"Nurworldtopics","UC-7EoYmUPkP9ybsAGIPyA_g"
"Nutshell History","UCpvAysuFAy4yiJFV5hqeVvA"
"Nutswork","UCwmD4MnAsnWFdN72CVM_HVg"
"Nuuk Mittarfik","UCTO0yNqJ0PuGtEkfm1jklcw"
"Nuuk Nordisk Kulturfestival","UC-e_zGU_I97S3DUK7RsxNoQ"
"Nuunu katrine Olsen","UCQ4D5PdjLR62SrpmBtYLZaA"
"nuunu07","UCRJn9v_y-3BsrbTzeKPFn8g"
"Nuwan D","UC5pSLag9H7aRJ3J7nyM0lPA"
"Nux Taku","UCBBU7zUOhR_qShfMV26UUCA"
"NW6G Chuck Loveland","UC6U_2D5noBy7krWCZ1-maPw"
"NWA Real Estate","UCyaoW3ojOrD9jy1jFHbSqoQ"
"NWAhomepage com","UCsQxtMGJ5qKg7Ov1DEIyqoQ"
"NWN SupremeMasterTV","UC1zlPrlm6E_giLeqxMj5KFQ"
"Nworie Chimije Daniel ","UCL2B88JeGLO3X2lEX5_cO2g"
"nxtedition","UCZ35M27hn3MGk4Cf2tDxnEA"
"Nyasajob Career International","UCQuaPU6I4paxDx9QPSfb31w"
"nyle punzalan","UC7rR9LU8F9iNehXkFA0Qitw"
"NYOOOZ TV","UC1xMoLlrv0DJ3hcBo914a2Q"
"Nze Kemiah","UCPBloXt_jOwLl04Lya7TaBg"
"nzherald.co.nz","UCG0xyRVgb5Yf1lvQxkRrYYQ"
"NØMI RED","UCrm6NS-9TzsAJ1YvLa3VFtA"
"NØNŚTØPCLIPŚ4YØU","UCtElrNq-2JJrrl1nk99wTvw"
"Nördarna VLOGG & GAMING","UCqX_UtgF1F7mTAqbUlqrNkQ"
"ℕ𝕋𝔸𝕋 ℂ𝕙𝕒𝕟𝕟𝕖𝕝","UCaFlVNCURBYvuWwLgsa31Eg"
"O Documentarista","UCUA-pQmmsor1nWCqFRr-zSw"
"O gitu...","UClyZQbiTzfj5Dt0qJGjog2g"
"O2 IAS Academy","UC8do1lvgOVnaIfF67hpJvwQ"
"Oakland Travel","UChCnMqixeYshsUi3m0QEZFg"
"OatLover166","UCIZxSRYXJ1otFc-NVCrtadA"
"OatmealGuy","UCmKZFvv9rhbdb4QVG9MIRhg"
"OBADIAHCOOL95","UCqcz6UNoIyfpwV-vJq7d4aA"
"Obama Mind","UCNv5JRWaTgWSO98LmBa0qlA"
"ObamaInspiresYou","UCr3LBWXZPRtC5ZFS_DuZTeQ"
"Obamium","UCL8-3_Pt-hfnlH-DZRX7ioQ"
"OBF","UCK1XzxcKXB_v_dcw_tflC1A"
"OBLIQUE","UCsw_oXAMGU0kN8gjOcAlGxQ"
"Oblyx","UCa8-G6_WPdEH3IivzcZFQEA"
"Observer - A97","UCYrJ1asscT_tlzZDogpPPog"
"Occupy Democrats","UCn_uMY15GlwaPpx80-WjR6g"
"Ocean is Beautiful","UCqYmHpNKdgdwH9p-I914m6w"
"Ocean Life","UCtfH8PaZv2oSLRNiDskxoQA"
"Ocean Missions","UCD-p0GJF8JGgvWo-yNb045Q"
"Ocean Rage","UCgZt8LzKAVtjR4LP_3T1lEg"
"Ocean Research Project","UCAXfXUWNDzCptJTcf1U2tRQ"
"Ocean River","UCbAsgku7O9wILF1Bn7gzjAQ"
"Ocean Science Expedition","UCPtGtBSHv7goKF9XlHnbBiA"
"OceanOPS","UCm996CXe9BQZQKHguGMhtWg"
"Oceans & Ice Lab, U of Oregon","UC1VfM--hKOAERPgO7NRUL0A"
"Ocean's Nation","UC9gqDMZ102usocGbvdLebSQ"
"OceanwideExpeditions","UCxritbndUsOL8L1Koz_9RWg"
"OCEM Airfield Technology","UCLWrXbW-3MhJebnoTTg1hew"
"Oche Ruth","UC_BEnU_eej5AdOZmW8nPzVg"
"OctaPolaris","UCtwpAjkRfDfmUWGcmW6gxnw"
"OCvualtdwelr","UCM2HQwseZRUi-967ydb8d7A"
"Oda show ","UCyQUn1OXS3eiOM2ReFgxLYg"
"Odari kv","UCMexD214iiZ6nr7KCUH63rw"
"Oddly Satisfying ASMR","UCUeLas0Gn52V2AirpqPxbiA"
"OddPay Jobs","UCKyclcQTme02zv6dPLT0lSw"
"OddsDaily","UCewr-U_ei4RYjG7FZbmsqMA"
"odetomy","UCo13I2jptjPAIvcHmVh6s7w"
"Odochinego","UCgZXXav-cznCtqX_ZXAKJZA"
"Odyssey of Knowledge ","UC80g5ojHKFHhcwMLJ8txWog"
"Oe ybanez","UC1e1OZ_cRb4AwWNyH0nSROQ"
"Of Two Lands","UCiV2Mb8werF80JqwBuZwqhg"
"Off Air with Attorney Ron Chapman ","UCUF4Qi2sAp3kRFG6_f_taDA"
"Off Beat Trax","UCslSu5BnEdcegMu95x1bW1Q"
"Off The Beating Path ","UCjKvXGsZ79Inq-Pd-K9AKTA"
"Off The Bucket List","UCNs76PyZgiQL8wRP99UjBfQ"
"Off The Press","UCqiLgplFDymhp9Yad4mDg3w"
"Offbeat Odyssey","UCzK9Hsh-NjaNeiZZTC2dTIA"
"Off-Grid Calm","UC4JxKDmvh5agHEcGqx3iGwQ"
"OffGrid Living","UCrK-APWs5kTAH_-_cNoXlkw"
"Office Bloke Daz","UCWM9p2aOTL7oqtZXiVCjkyg"
"Official Hertsgegem account","UC5TjYuF-NMzBy8Jkvii7RIQ"
"Official iNews","UCoSkllfpgmFHtbVK835QaQg"
"Official_PhilipphineBallAnimation","UCKl3SKvVAih-tHeuoiitb9A"
"Officially Izy","UCExEuGtPhNEbzXs7wZiugPA"
"Oftheworld","UC4M4e0UIO_4XWTV9uBtcBfA"
"OFW Asenso","UC1A-JvceVmgYUPbPH22WPTA"
"OFW Greenland vlog","UCLhpFsVBshUjh8q-vFzikpQ"
"OG Earth Edits","UCVD4dgxr8Gal39IRa0YCdIw"
"OG Kenzo","UCLkYtLMcytUsTvopj345gsA"
"OG Rahul Stocks","UCvwokwfLq2jpxLyCwz5PdFg"
"Ogie Keys","UCE2cG4rNyoBmlkyoyAgL7WQ"
"OGAANSHO","UC13WuVBloUO79J2ukNJPTSQ"
"Oh My World","UCscGY9g80hyFaLn97kYBY3Q"
"ohhnivel laughs","UCpADtTO8tWGShn9mUBxVlJg"
"Ohio State News","UCtLLZKuFYDuAUZElprGRvCA"
"Oil Statecraft","UCBTkxs7oiq4zyzBUicZVMOw"
"oily ned","UCmVAUkQu2TCJyqZglmkuzKg"
"Oju  👨‍👧Aayu","UC75lafStqc8fzZhVv3Rc-2w"
"Ojaankk News Network","UC3iWzz83vtFhOgJDgSdIcaA"
"OK Boon","UCuC47RoQDB4vGxWvRMzemkA"
"OK Universe","UCY0JkEkUvWwcGA2GVgdy3SQ"
"Ok, Let's Talk","UCfuE0YcYxlE0CYnYoQxdmKw"
"Oke Ademola","UCRdentEXmvjbXRkra_AFDGw"
"Okeztra ","UCD_6F9psirpawkGr731ryxw"
"okiN","UCNsItx17KFg1FT4RwxJSfwA"
"okko84","UCWLmVsDzU-XTFjW_XdpOw3A"
"OKobern","UC0c4jLLQ9zcIob89F2NBbxg"
"Oktawian Gornik","UCrAPx_P0-13F-z5lSCzIScA"
"Olaf Schindler","UCC9uF7INISLRTMP-VdjPvZA"
"Ólafur Waage","UCmM6FvvUAWWfFh9w2RRrSgQ"
"old channel not in use","UC6Z-GJm7I799VvH_j-dywqg"
"Old Photo Bank","UCQF0_AmqUYhWh4oUuxBeTsQ"
"Old Timers Gaming","UChkqWpT7_XMPjGpl_cg9NmQ"
"OldBaldGuyWithTooManyToys","UCNBYisx04e3WbQRf79aHSFg"
"Ole Møller","UCahw1FaSHBU92TZRIY7sJeg"
"Ole Poulsen","UCno5Byml2L9mTaX7W4Cd0uA"
"Oleg Babishin","UClS3jwe-UuLiBTIblIWwvaA"
"Oleksii Izhak","UCp1KeXFe70gB4aaYtZ1rh0Q"
"Oleksiy Bobryshev","UCHosT6m_z7VLWZbLQo7vv2w"
"Oli","UCgmh60biXTnOMK3y4V-3-hQ"
"Olik Manush","UCG9IiSTHKC3RcOpgwLFsxlA"
"Olive RIDLEY..🐢🐢","UCLnFQGqKmwgU9nBxl94yO-Q"
"Oliver Blackbird","UC8nGBipE5YjhFznmlyDvCCg"
"Oliver Sanders","UCyD5wkbpS_CZZiirxh0hAIA"
"Oliver Strimpel","UCTET817J00GdZmIIbcvpnFg"
"OliverDoesGamesVR","UCiE9DzLduRdwpnzJp4FBj6w"
"Olivia Warner","UCnIv1UEaj2HRcD4m7m8FJFw"
"Olivier Berhaut","UC2QFNsyNSetoLJ7hhI4x-Zw"
"olivier meslage","UCqYDF1VYMMv5RgXDYJIFw4w"
"Ollie Taylor","UCzX4rni2Az959rZVULLg1Cg"
"ollieont0p","UCxdnKMiTkWsDoh-Q1mCN1KQ"
"Ollin uutuudet","UC5hnDk8blHjz2Q5bKeBDMIg"
"OLOLUS","UCXmRX9BsKP1ByxpeYi94_lg"
"Oltre La Strada","UCdVtTt_Lg8bfoxdF7jd1nrA"
"Olymiad education","UCp9H64HU4OJo5JY2CUGVuJQ"
"Olympus Cameras Europe","UC2ju2vRB-FoNMudwJqKnUsQ"
"om ep gaming","UCkHpP2DIqXEZ8YKCW_V2qQQ"
"om2zz","UCDv1v0Zsa_rfeVvKUHnkAaQ"
"OMAC","UCO7ssC1LvgvpAtolw8b9NXg"
"Oman News Center مركز الأخبار","UC6s4eLQAMHZtf3Or4sKV5Tw"
"Omar Agamy","UCbmOgzvvDg60mXGm9t9Ad5Q"
"Omar Ahmed","UCOxZ0HzFP6x3IvR8WQV4HZQ"
"Omar space facts","UCUJux9Ms28W51bdnZKJXaew"
"Omar Vlog adventure","UCdxPHLPrv9kNcTT_M2syxtQ"
"OmarchivesTV ","UCB4r_mQk7CdwK8pvwE6QGzQ"
"Omarsoide","UCl6gEpKHo15nyst3Frdkf4g"
"Omega Alpha","UCReTHLK2wmlKgX6qCAm-Ngg"
"Omer Yuval","UC3gg_II6W9tc7ApW5RwUH9w"
"Omkar Singh","UCO3y0AAbty5LEYu89mS6nRA"
"Omni Journal","UCvb3c5wjZdTr86EBmzZ7G6A"
"omnIQuest","UCcNc0MlhTCC41VxSoskvLpA"
"OMNI-VIBE","UC3xRCprMo-7hV3g4qKA3FHg"
"On Demand News","UCME81PohuzT1JMCsEtvsD2w"
"On Factum","UCtLGznk8VFNo1s1lXZNDf_Q"
"On The Clock Sports","UCmXHMEH5__kmyXwifu_3w2g"
"Once Upon Earth","UCGojAdpJI5aBcoz-81gevXA"
"One America News Network","UCNbIDJNNgaRrXOD7VllIMRQ"
"ONE DAY","UCRjsakS5U0eJxOYio-8Zstg"
"One Decision","UC44Df_WcvtnfMlARw7YJ4RA"
"ONE EARTH 🌎","UCSMpn1qUd-vXj5TCB5lnksQ"
"One Game One Language","UCcdrsTdWmtZ976mOGQztzTg"
"ONE LAST TRY","UCzyAheDYM12I-O3c0FR2vxw"
"One Man Bands","UCEGRzmPwLqrIIo6hB58R1Qg"
"One Man Wolf Pack","UCLlw7TAl8zmJa4vGFKu1c_Q"
"One Minded","UCYFg1p8_HgGJaiWDEPhRmGQ"
"One Minute City 🧳","UCaFjR9e116NOR4yjTi85INQ"
"One Minute Destinations","UCVeTUbhQdUERyGIlOqwl8LA"
"One Minute Mystery","UCsdYwFEB9Mu1uXh5tx9a7AA"
"One Minute Wonders","UCyPtc_Gvr62SIsUIRP0LZ-g"
"One Minute World News","UCTiB8DjTMqrvwkp5YS5SCEA"
"One News  Shorts","UCBG7g6BMC66UMuX5cvxoMiQ"
"One News PH","UCzEAC4xGrhpShopTYgBhGJA"
"ONE STAR MEDIA ","UCbY0SAlrTfugd7gFeoSRfJQ"
"ONE WORLD TOUR CHANNEL","UCM1ecx7VNBHXTs4l3jp-omQ"
"OneAdventuretv9","UCmTHRL1BuvqjBr092unVp6A"
"OneAndOnlyChameleon","UCPUDKV_le0QxKy5Xru-LB7g"
"OneCat Rocky","UCnE0PMjqFwprNKxSEMCLqQQ"
"ONECRAKNEWS","UCxztbLk0STSYdxz7ISNTqyQ"
"OneFinger :)","UCqzN4k51bYdw91Xm7JUUN2w"
"Oneindia News","UCqTa3sNT6SfiQ2DQK_kuWlA"
"OneMooreAdventure","UC4zklnZQhg_XM2gTiyEp-iA"
"ONEnation","UCldzHEYzqSeIaE1dAagA7-Q"
"OneSoccer","UCC8KlJfNKi_e6TC6RH8GDlA"
"Onest.","UCjfGplDOH6gRAxhI75V5iXg"
"Online Content","UCql9ZxaDh6mpN1iGPPhF3Pw"
"Online Sea Kayaking","UCBSUqncN7wl9Rtr1jvkqDGQ"
"Only Relaxation","UCxPKc2Y1qhKGYfEqT4u65ig"
"ONLY WHY?","UCTrLFdvDqc7XA1yVA_4ZiSA"
"OnlyClipperz","UCw4gbQJf6sCKW_PflEtU2_g"
"OnlyGames..","UCh_EmdIUEVWIjuSz6DGlUoA"
"OnlyIAS UPSC","UCqOy6oOu6RPJNHYQ8f_Ybvg"
"OnlyInAmerica 🇺🇸","UCLZDNFO8eQ3INDtMFEgfovA"
"OnlyWowHub","UCl2OaOHob6sidjTUxW6Npqw"
"onmy gaming yt","UCRyBzy0eQuCTdiM-UcRrQgA"
"Onpoint","UCn6OqQChAMuLbWwYge0t-hg"
"OnTen Inc","UCcouwNT3UwURBRgGxcWk2Bg"
"OnThePath88","UC-YIXm6MFmRtHzuxKZ3kd-w"
"OnThisDayUS History","UCVhlRj2uJSRuS1PLpHE9Obw"
"Ontspanje","UCzIVzDWqdxD8ME8Z7e8uXCw"
"Onur Goncu","UChAC7OrmOP2WwI6XpOcRwZA"
"Onyeamuma Arrangee Tv shows ","UCYDzZSK4-QTiL_znzjuyc7g"
"OOM FACTS ","UCc92i9qFA0nNn1oE9CA_pdg"
"oophieoofu","UCvzTFZkXlvxgZ2TF4XrhMbQ"
"Op Facts","UCww17MZ_vcMoMFRExSGtoEA"
"Opal Breeze","UCOK3RB_MSiK7ic-4RlGlm2A"
"OpalesqueTV","UCstOoFY_n96MFF-W63sJOgg"
"Open Phylum","UCXdXXzOuM11wlmEbwsvgW8Q"
"Open to Debate","UCenxjWEkb0Sv67vejOgZ3Tg"
"OpenMindedX India","UCWjOB3mWRloZ76pkQlwDJdQ"
"Opentiera","UCVOy6wNnmVJicMO42Amjngw"
"OpenYourMind TV","UC0vA49hizlPclJByHb6tWpQ"
"Oppenheimer Ranch Project","UC6VhLE7qAeW8NZm6PsXGGrQ"
"Optic Expedition","UCJ1SxEaxrC5RTLs8OPq0iuQ"
"Optimization Loop","UCCTLsffmAJWu5fAdS1asYgg"
"Orah Media ","UCLrxPthWI0RGJK3GnM7c6uQ"
"orange [im texan]","UCersZxQGbw_LH0817dFMxkw"
"Oranoose","UCasC43irei7pW2DXgD6pCPA"
"Orb Explained","UCLt7P51Ja5aZsfMmMrbF98g"
"Orbit News ","UCN5YyHrXpE9bt9i6EzisfBA"
"orbite","UCHXC39NGKyQwTasnD-zT1kw"
"Order Of Corruption","UCMSf6XsT8bdeLxo7N5UkYiQ"
"ORDO News","UCjXQ4WVQKSsiYx9YxAlxY7Q"
"Oregon preparedness","UCcFrSJfbNPCDmGNiKZxax_Q"
"Orest Andersen","UCxGsjPsh08njnn-HwvVjMLw"
"Orguj Travel ","UCEX8_nS-oR28kJ8W5EwRA1A"
"Oriental World","UC-9q3KIboJaUQpfAvDYSARA"
"O'right Japan","UC1mUFGUfnZGMhVtPU9eIdsQ"
"O'right Official","UCYjC9DdW5MbyeyWLBuESFNg"
"Original Funny  Show","UC8icEq644K5zKukDCDiD7Qg"
"OriginOfThings ","UC8k6AQeLXfXpwFcxg2W6atA"
"Origins & Empires","UCVfv_MWwF2UhRk9M0-FCjkQ"
"Origins Explained","UCmLQqA5g62GIfQa9oME05wQ"
"Orison Design","UCtf2Y_0Sz8BOH7UtX_ZLpcA"
"Orla Joelsen","UCr1Il7i6syM-DF48LbAxXDg"
"Orline","UCYNo0O9_AG7qmKi1dTT3fmw"
"OROCHI  THE  KING","UC8-RMhEjIIAt997WSNjNQ4w"
"Oro-Philosophy!!","UCK-z31MDyWpsg9RlmPelRTw"
"OS Decode","UCsvV-UcqBJ6-shIkFjV2kSg"
"O's Zenith","UCfIo23oID4vP-1qsDLMM9Ow"
"OSCAR REACTS","UCpMg3oSbGIskjOyHz5o9lFg"
"Oscar Vela","UC-MuHIcID8Rd7AwLms9n-vQ"
"oscarua","UCqyj1KQ3zpNQqQziE9tQdkA"
"OSLO TV","UCkKNbzkq9QUgSp873-9Urkw"
"OSM Aviation Academy","UCyF3rHv7NBovxKD5WMEkG0A"
"OtherZoLos","UCR328byN13TtQ0-9kSi-VLA"
"OtterHardt","UCvkXPOEjgl3kUcq5JqW_55w"
"Ottoman ball editz","UCLvbTwT1_q_22wsKhsASP7Q"
"OTTOPEDIA","UCqJ9Zt5WL71a6zpsnwECsJw"
"O-Tube","UCOxvyI1T7bTDW-SEN_yH7IQ"
"OTV","UCCgLMMp4lv7fSD2sBz1Ai6Q"
"OTV News English","UCLICwoQk9zLpb8FpKq9UxpQ"
"ouioui","UCsfHh95n9939s1YXAjVFKHA"
"Our Amazing & Restless Planet","UChSSglaaB2lmIDegDo9_EWQ"
"OUR EARTH","UC3emqKVOwfqXJalrSqSAITQ"
"Our Explore World","UChXGHmSTlz0x77fKIWctaig"
"Our Galaxy by GN","UClwSfQnr5lMAiHBTvRTf4uw"
"Our Gardenia 🥦","UCRNpdy5VBgUO3Iqi9HYIG6A"
"Our Gorgeous World","UCSlflRyZKvI_cDoaLeMcjzA"
"Our Little Voyages","UCBAVRzRhTf-Pfx5-m9pYlvw"
"Our Looney Planet with Ian & Justine","UC8XuP-MBhySBw0-ErLr7BdQ"
"Our planet","UCbuXPBvoGb_Ym7G4wvzANZw"
"Our World","UCzO7qIq3LGZb9wmv7ByGehA"
"Our World","UCgYiJE1xdQY0dYhZ-LkZNqQ"
"Our World Today","UCOqCkg5Qtayud8somho8nnQ"
"our. geography ","UCAtF7DuY6gQkr4bBLZasg4g"
"Ouritogms","UCNv2KpLXMERzYEadWFLKPJA"
"Out and About with Jonathan","UCj3A7bjden00_L8MTSHYG9g"
"Out Here Relaxing","UCFFUHUKo1BeEx3nllklRQCA"
"Out Here with the Morgans","UC-ycNRpPFADXukRfk3Y45fQ"
"Outer Passage","UCGNszJGgP7yi6uLQd9GRfcg"
"Outer Side","UCROjUvUiR75tPKmLjwAEZXQ"
"OutKick","UCtc2KycB2DarenRrJCA55bQ"
"OUTLAND","UCTXQEGSpz1V6nbH1CIunEBA"
"Outliers Memoir","UC0pLaLzPopeCpoa8kCjQMAw"
"Outline Daily","UCDk6jshSYbOPfTbmbvyfa5w"
"Outline Map","UC1xqTQ2hyO8wZHKKkzekN2g"
"Outside TV","UCl3x43YzlP2RyWCNpOWV2oA"
"oUTSIDER tAKE","UChxLULEdbbmT0hP6dc84MCQ"
"Ove Heilmann (DrummerNuuk)","UChhEcrRQrdc2AQhbElD26rg"
"OverallEdits","UCksR4zPhqVj5WmjgsAOWMmA"
"Overthinker Vinit","UCSUVYfvbOSdF9K21XNUCFvQ"
"OVERVIEW","UCwxuYFZWwuMvMTV5o3uJXZw"
"owek zapped","UCZix1MR3VI1h5AeGp90eHQA"
"owen glenn","UCtJ73rY5ZLs8mZ1DuzCNV1g"
"Owen robo","UCDzaoeEBYYXOT80a8Br3b5A"
"OWN News Network","UCLOvpMRvxTYUGpXkPFNpzVw"
"Own The Knowledge","UCRrHnyUAUi5ljhpszjsuuIQ"
"oxelgalerie","UCHiyZHx7e-q0_79N3EBPB4w"
"OXFIL","UChl8D-DxAa9Xl5rJb5KRXEA"
"Oxyknows Podcast | Human Behavior Lens","UCbwjvudyYzZISeoid-Q-bag"
"Ozarks Video Rental","UC8MJ6-6PM8iJvJGre7QzXAg"
"Ozone Kites","UCcVH6sVIOOEgvKadeMwBY-g"
"Ozzy Travel","UCo5TGe4MJ19fG9jpLTh3TbA"
"Ozzynium Walks","UC87EwZH2GJH36e9z6WMH8BA"
"p","UCICv9_gPxIG5aCqRVbsFGCw"
"P R R facts","UCnvxwBThOuQ9-AuKfIoUM7Q"
"P.H. Montenegro","UCSGLHpTyAJBvQNPiE3MiTHw"
"Paberki","UCCOkYJNvLvzNtjOhHR3REDw"
"Pablo Aguila","UCzeH_HXeWQnIp6wIqqwuIsQ"
"Pablo Besser","UCblsnS5U49PDdxNU0Uc5piA"
"Pablosan","UCkz70WCcJor6_SLWNHBaIQw"
"Pacific Council","UCTx6STtBU9tE4QyeMzwPO8w"
"PacificGeo","UCl_OsAIl2HedvY8AsxhC27Q"
"Pack a Bag","UC1pPjnjSHHhdYZnHMqUmAxw"
"PACK2ROAM","UCVy4xB_8tXrl56Uj4eiob5g"
"Padho Logical","UCJ-TfvkKurS2PUx3iqrC-rQ"
"PaDyke Tv","UChrCi-e86AKNWAClME-swmw"
"Paganel Studio","UCBg8t-MYTeL92AN1hNdNoEg"
"PAGLET_VIBE..","UCyfVT_ldMVZkyimyK3nVkRg"
"Pahadi boy","UCPYXCbDFwPhJFDV8sw1hRdw"
"Pahadi Mountain Tracker #TAN42","UCYYL7rHo0uLCiDiVm35dl1g"
"Paige Kosik","UCJi9fXYjTIDSR5uP2QJiFFw"
"Painsra TV","UChQ6bmo6gFf9h-Glj8lYubA"
"PaiThan","UCEL32gPTBR5S5v9meNw1stQ"
"PAK95 GAMING","UCGaLROmhbkvT09zaVeI4O_Q"
"PAKBall30","UC85FfqUglrU1CUW5gRzkMOw"
"PakCan News","UChFsqsoxmrelZ2C9uznALxw"
"Pakistan Cricket Board 2","UCXnGLLFz_vNvyoG0PLiPABA"
"Pakistani Beauty","UCIjyUSv0SzdFoZkF-Xj2Kcg"
"Pakistani Hacker ","UCs9IHZzLaEuXCDdN3vf-FPA"
"Pakistani Mapper","UCt0xOle0yBQrwlRF433n3_Q"
"Pakistani Sourav Joshi Vlogs ","UC1GD_jDa_FIh3YJ25Meh5-w"
"Pakistanis Abroad","UCX4tnl9_t6BxGGfv6mZdaYw"
"Pal(a)eoPERCS","UCzc4TFAbAxTjNI4RrJmDhMA"
"Palace Confidential","UCGApTJ1s35uvOV2V_R8dQwA"
"Paladin Archives","UCoQPPt2mIYyBuxsgP5L9fuQ"
"Palash Das","UChXRE_LZ8WQrI92U3EQnmNg"
"PalasRaven","UCyG6qXGvvYsMnV5aVagZaRg"
"Palestine Country Ball 66","UCjz5JLRKOFmDyLvjeAOs2qg"
"pallab sarkar","UC4S6dW9eM_Y6UFV2qpyS3yA"
"Palloliitto","UC_YKtN0JTzgjjt7XfOcXUng"
"Palm Equipment","UCaZSbR0Gw9NpVTzUjgXTpDw"
"PalmBeachPost","UCN3me_2IdGN5C0QV5PubDlQ"
"PalsFundamentals ","UCYBkF9Bq-3FxUjBGuw12Ckw"
"Palu Hansen","UCTly4hOJWNilWfJjV0dCQZQ"
"Pam Greenland Station Bluegrass Band","UCyqzxeYFNpejnMj8y0ROwvA"
"Pamela Lagoni","UCqmVWDWF-bALyw-JdYCn4_g"
"Pamela Peeters","UCZ0cNrxx7ZmrwAhrQ8SVQmg"
"pamelapeeters","UCf8rD0R6SthpJtxyw67H-Wg"
"pamper_stamper","UCAmsr15o1hSixsVXkCFVo1Q"
"PANA GREEN MEDITATION AND RELAXING","UCrIOAWyKS_dYTQhyNNQW44w"
"Panchmukha_Veera","UCirENMjqsbH3DLZmJP0ssXw"
"PANDA BOI","UC0Wju2yvRlfwqraLlz5152Q"
"PANDAti","UCPbf8u6Ac77ptI_phZTICYA"
"Pandora US","UCQMr7OFh4vRa71EcDuwJNCA"
"PandorumBS","UCuwZWqvrIcO5oofsdsdM8hQ"
"PANG'S LAO TV","UCCRPFe6w7PGn8nRNZe9BaNQ"
"PANKAJ JHA","UCUcz2UIkjsKM2XFSfAnGOcQ"
"Pankaj Makwana","UC4WiAYkN31nm5EpIC-nL-dw"
"panku worldwide","UCwrLESs9j4Bt3a1U0TMKXLw"
"pannalal kumar 005","UC8liiwYc0qiemgsW7r4A0Xw"
"Panorth-TV ","UC0ho0t0agwYFfuEoD79nXNw"
"PanPok","UCgPJ5Xhy7ZBZJV4y1aSry-Q"
"Pantheer","UC-8T1uyk7iq0xQn5ovX0uxA"
"Panz Channel","UCwWoZxmWDCXdTVJYZkeoq-w"
"Pao","UC98Mv80A8BlK-LN6yoUY2-A"
"Paola Dillies","UCxn6BeTzWdy6IJnM68x39ew"
"Paolo Monticolo","UCZMHutyt1mwkgYI5EEwgryA"
"Paolo Trianni","UCXtO6IbPTBQQSrRcj0Dcb6w"
"Papa Delta Storytelling","UCUv5RZAGk-b2K18ZMLM28EA"
"papabearvlog🌎🌍 world travel","UC6FVTuxBLlHMpz9w35eW_TQ"
"papabrew tv","UC4T2TQ0YSBrYCBmECZdMPnA"
"paper2222","UCxxdNUExsEUhQzL8E2i5saQ"
"Paperboy","UCT0AXmDXMC0A8dvssLTEsyw"
"PAPiK","UCv_PbLp50F62K_ulhFcDXIQ"
"Papiya Sharmin","UCj1iQz9efxajonHLHPHZ80Q"
"PAPON Music World ","UCzzSqRv0suVokBxcgu5EY-Q"
"Paps Entertain Zone","UC1u9zv7IFcAHtTbkTjGoDuA"
"Papua New Guinea Mapper","UC6caf-Rdobu9fMJDIGyvH0Q"
"Parachinar View","UCC8Xf_KFrvUWDbggEdwXORw"
"Paradigm Shift ","UCUK6coIIOf4Kwq-0QUZfTAg"
"Parag Academy ","UC1OQZPa-DBKL0uReGBMb1fQ"
"ParallaxInsight","UCkcf_hPDnn-LZB1lfDT4hDA"
"Parallel World Explorers","UCPB3k4mfegaoL80bDKhqMCQ"
"Parallel World TV Network","UCXI-lCd6SCC1P9HEGnzu8Kw"
"Param Untold","UCq6UdQeumxlCtFZpk_ewp8A"
"Paramjeet Kaur","UC7AbKpYhkS40mZOnI0eg3aw"
"PARANORMAL (PARANORMAL ACTION)","UCIMIiRfPNbowrzNf5IgyPrw"
"Paranormal 411","UCOBrwHdzerpM5BH9HEWFx9Q"
"Paranormal Street TV","UCffzh8QRuVFQVuwl8ab8z5w"
"Paranormal World","UCD57VCHsiOIfMMttLxmsYvg"
"paras fact","UCigyMX7nDcMGV1jT2uFu-jA"
"Pardes Seleh","UC0x-2mTPS2kCFgNPkc4Hn0A"
"Parfessor | Golf Historian ","UC_3WB1wfJaItIiN2RJsRMOw"
"Parikshit Balochi","UCX9WLBaY5iset3SDb9v0mTw"
"Paris Sports","UC6Te4JhOBiWynE2RNVepqvQ"
"Parliament Hub","UC0PBz7OnSn-Tj6nfvDpjxaw"
"ParoDeeJay","UC3uIzA5xowHSCIiu3LmPOeA"
"Parody AI Memes","UCLTYvyNKpGdp8HPunr5mcqA"
"Parry Music - Topic","UCxLBhF3TAXLhcvxEX0pY4qA"
"parth koriya","UCrk-QOZmVpHj-OAEoY96SqA"
"Partha Paul","UC5lq5iaE3sw2QT0KIMv0QFA"
"Parts connection history👍","UCIxWlpj383O24MB-PeeL2nw"
"Party Turtle","UCFAskz3Xp_sEAqPnK-fzinA"
"Parul Creations","UCbFZtx3vaeHVlujXQOnTRAA"
"PARVEEN GOSWAMI ","UCbqlw18nMd9e3jcscJC3BJw"
"Parveenpk_unique","UCLobJV2PgG-PFgKh7VaU8tA"
"Parvesh Thapa","UCD7NoCtBhH4WYQo3iIpcO6g"
"Parvinder Kour","UCIrowt96Bh60eS3ly6lCqQg"
"Pascale Marceau","UCMquLzNrA9xX7V0qKbh4RQg"
"paschal  films","UCh6a9Okb75jWyQwUKFX7GEQ"
"Passengers Your Attention Please","UC3ZlqbxxMdt1xq-fZOYG0TA"
"passion for social science","UC01lqe4GYW23zUaiRdmTd1Q"
"Passive Vision","UC8rc47arwpAIr1tXbfVZQBA"
"Passport","UCPSCfb3NY5wc5m9-jr29rOA"
"Past","UC1yrillqjPi6uGNL87ev7-A"
"Past 24","UC0pXlJ0cNouyDG9aOtLpW6g"
"Past and Places","UCeSsM7x5VilTuukjLuHHi5w"
"Past Blast","UCuzFjAUsxMwASUGfe7Mf0Sg"
"Past Cast","UC0bibCHVnRlueYxf4hkOFHQ"
"Past Days","UCp7Hei-IIqgygp5boJ8RURg"
"Past Decoded","UCWxwkua_oaO-x0cxuyRiQ1w"
"Past Explained","UCeGRWom2Wo1mCxzDj_Ry-Cg"
"Past Feenix","UCkHTdqD1CefPRH2D63HHHFg"
"Past In Frames 1","UCW6QyepOK9nBrqt_bCA2GmA"
"Past in Minutes","UCaWWvsmFBenvWgMkNWqYZgQ"
"Past Midnight","UC9sNUAsFHEHXP0MKP1Eh1IA"
"Past Mysteries","UC8jKGjCVu01xGx88a3cZQNQ"
"Past Palace ","UCpYwBdilriClyW-AAdKswAw"
"Past Pulse","UCX1_pHRLpDvDU5p2ycA78iw"
"past unlocked","UCke4PKwPjqzCgRZF9mb_OGQ"
"PastInSeconds","UC8-oYcbBvw60VkYHmdY_VAw"
"PastWarz","UCpNCE0UCvWM8cpNCRR0eaiQ"
"PAT CREATION","UCSQihHzrJpzxIaBjM6eEMrg"
"Patel.92","UCZ8kLOM_3U59H69Y68B86SA"
"Pathfinder by Unacademy","UCV3AkAsIDQjNQJHQgYwXjQA"
"Patna Prime News","UCbHrBb5l3lgWuCc5mFZ9wBw"
"Patricia Karlsen","UCDmRpjIq3PiHzSnqSIV0g3w"
"PatriciaRich Iligan","UCSLDA4WIPDg5eitDdVYQquA"
"Patrick","UCoO-43WzK8GJIUbxjv1tBfA"
"Patrick Atzor","UCHlMsKbIRKEZ1IoGnEa6iWA"
"Patrick Lancaster","UCbjTWVaRx6jMN5ZYgbqe2_w"
"Patrick Mack","UCNwF11p89EC-B6X8pIaPiYg"
"Patrick Marcel - Volcans, voyages et découvertes","UCS2aOXA5m93DtU9XHruE9rw"
"Patrick Moreno","UCu6XZWgxPmc-j-pd651b7ww"
"Patrick Shea","UCTO1P-OPl66LrYHCeK68RTQ"
"Patrik","UCDlEuD01RKME_Sc422PzT3A"
"Patriot15","UCrSAS9x9ZLAySvgcdYLZ-fQ"
"Patriotic British Mapper","UCBjRAQLGkBfSIoULHaDAkFQ"
"Patty Hosmer","UCjZVPBlcH-7AWu2Eft9dfrg"
"Paul Agamemnon","UCKdOx4jvj6OVJwpQL-BoE3g"
"Paul Andrew","UCUrneQb507xB6ybJuEBZQdA"
"Paul Beckwith","UCr546o7ImhGM57qoY0hHvkA"
"Paul Bishop","UCJpA1RFcZDk2xoLH9ZVjqgw"
"Paul Blake","UCYNu8ELig76Fb1mMwRG6omA"
"Paul Brackley","UC9RlseM2OWIjDjpwGb4zXkg"
"Paul Brown","UCJeCb4g2DcYa6xjXZHCKPLg"
"Paul C","UC0rQsLP8vz7QgpnE80Rg_ew"
"Paul G Day","UC7QI9D5KzkOrYR2DxsehjWw"
"Paul Heggen","UC-U3W_v5Rb9BPwURnKJGSrQ"
"Paul Hudspith","UC0q2Rku0FH5rjFbZuAOQsKA"
"Paul Logan","UCMyD6MS6Bgnp8x2kFpz9vYA"
"Paul Morgan","UCbgw-Ko7vVu1pTTXcC8hgOw"
"Paul Nicol","UCuczbZEvizaKurtUr_S2R2g"
"Paul Osbourne","UCa7LjcVPK-N22P_IgbcAKSw"
"Paul Stewart","UChEU4Y6IZ-xcuCQ8l0XDH4A"
"Paul Warburg","UC0TivKVOs7FmXn-y_VOdD2g"
"PAULA ANDREA CASTANEDA QUINTERO","UCNC6ppN4NsXe183gZanjLJw"
"Paula Axman","UCtNBtg9qyK4A09T5RsI8XdA"
"Paulina Tarnowska","UC-TXW6H5l3tKGYaPp_X_U8w"
"PAULINGER ","UCbkbhXFgfYv8Bs4timAfWqQ"
"Paulitube","UCOWIhqR76ia7HZRldA8CQHg"
"Pavis Relaxing Music","UChl8iepdBbgbbE1OBD8SqSQ"
"PAWESOME","UCtX5c8xdefOQPYATNPZvWdg"
"Pawgram Ai Cat ","UCYtlgBumHzxzqBaoWMz3C5w"
"Pawsome Creator 🐕🎥","UCaJNjFH6Uqa-b1FJqgq6BuA"
"Pawverse Stories","UCIDoJGK8F6MQZAwTVWIzWjw"
"Pawz - Geoguessr","UCdUcE_40KKd3CFiDPSIFPlA"
"Pax Global Media","UCgv6PKTjHbyrjt1d5S-AqVg"
"Paxton Visual","UCXy2YF_zUheDxJn1i8ZSthQ"
"Payag ni EntU KuLas","UC5PKeJkRDiByluqfSV1a0xQ"
"PB 11 ","UC-teraKO0Zw8gB1DsLXKF0A"
"PB02 - VAALE","UCouhx7zMPpuvJqhyQrr_ltQ"
"PBS","UCgyeJxD05YnoDquRMNBfBqw"
"PBS Eons","UCzR-rom72PHN9Zg7RML9EbA"
"PBS NewsHour","UC6ZFN9Tx6xh-skXCuRHCDpQ"
"PBS Terra","UCpxYSWgxVt3Pyn1ovXsGQ0g"
"PC MAN 9.1 OFFICIAL","UCf-Kgw1tF9Z8FlRrPd8ncDA"
"Pcmcfoodies09","UCUieE9Ij1GHNJDZBLDmq5KQ"
"PCZ","UCSVzrJS0lJBgBNI1LC7Twig"
"PDA Lebanon","UC1o7EILh0RIV5rg7e0rQmBQ"
"Pdb Travels","UCy-22sWzBpernZ6d9MJnd0Q"
"Pdsir247","UCZHBi2lqrdXCmHDI2OXRbzQ"
"peace and calm","UCOR5-aW9PdDoSl-JZcaVoQw"
"Peace parveen","UCgzE8zVwQuAL9Fa5u2r71DA"
"Peace Walk","UCz6uZCTfmJEh0QdE84tfRJQ"
"PeaceB","UCimr5M_QMuyDwA8c9GOUYDQ"
"peaceful beauty ","UCEpahP_M9ZS8vQJauIHzXaA"
"Peaceful Nature","UCFOkcg6Lwqw-qoF520Zq_EA"
"Peaceful Nature Piano","UCkZWCGXQGByqwKC47VobZhA"
"Peaceful Sea","UC7ecPbLH-sNYXA7KV6OsI_Q"
"PEACEFUL SIDE","UCM_SpXLpxBeSEoIjFzh_S2Q"
"Peaceful Strangers","UCutzgn9RMwsDBKrqHdANlQw"
"Peacefull Vibes ","UCW2qI8yEsuf2al0GcNHe3_A"
"Peaceland","UCp9bPrd7Fre4jNOzs1iFD-g"
"peacemaker","UCjg7iZVMTKYkiSbRdljMaDg"
"peach tea-irl","UCKMayOcDPJ6YXn2xF1a-VNg"
"PeachieWz EditZ","UCtY_W52Tp8osaL8qi4Eudnw"
"PEAK LEARNER'S HUB","UC1Veb1x2ctXguCxwZv5algQ"
"Pebblerock Customs","UC3eDmXENVGbEyJC8Jb5jZFw"
"Pebos","UCmj1weCcia6sMNk1iO0K3rg"
"Peculiar History","UCdIk3mfIOZcb1bPHyw7j1CA"
"PedrinhoFM","UCKXHYoFlOFl-OTtCDIQhQXg"
"PEDRO AMPUERO HUNTING ADVENTURES","UC4sSo1-QOsZdRYTZnoenXfQ"
"Pedro Rezio","UCII_qv92CoK9NmT1zXL6vBw"
"Peekaboo Kidz","UCxlJ45KjG4XVcQ_hd8j227A"
"peekabuTV","UCVLXbCjQ5DsYMNKwWHLIm4g"
"Peer Learning","UCDqSTE4j6BLZ7_Ti66sLX5g"
"Peers","UCLxoDpNFgH6rf5CScyOWx7w"
"PEFA Worldwide Trends","UCkzjV2CeVxycjKtLlkOHmtA"
"Pegasus Vs The World","UCvwLqajg5-jA3bMlvUHA22Q"
"Peliculas y series ","UCYrael6b7V4e-8QhpbkSOkQ"
"Pemetaan Jerman15","UC-7YiuM0z-0Hn_wlSAta6PA"
"Pendu Jatt 295","UCMZ_RAiDww0x3QAMCraQevA"
"Pendulum Production","UCYnENI-gXTK2HIRvFGdfBtA"
"Pengo ","UCrBcFtSz9mMOeMJlYYqqcgQ"
"Penguin Trampoline","UCaTDXzXAqAoxlLR7IJz8gXA"
"Penn State University","UCGPaHt4t8pJx2TD9GGQQWDQ"
"Penny Carmelo","UCtF8g4e2nRHoH6slAyLClwg"
"People Mountain People Sea","UCg5iC5D6Wx12LNHA2Q7UsIQ"
"People Power United","UCLlRCwDXS047Lrm-9ziKLBg"
"PEOPLE UNION ANTHEM","UCLMPVVazyLBGMjcTAGYn4LQ"
"PEP events","UCHSKaeP5OEDPPA7iaH5uPbw"
"Peppercorn Imagine","UC33UK5eEzVR6W6w3ssngo2A"
"Perceptive Planet","UCDhRramMBbim1rHgqoHmsvg"
"Percepture","UC2yZM8noFGiRE1UfMa23rbw"
"PERFECT          1.2M           in 12hrs","UCXCIZEiKNoTjpxb2PseUghA"
"PERFECTV","UCA2gD4yEnq9YdCIbezM-9dQ"
"Perla Pagalan","UCm_oFIlJdI00urBQRpKzZNg"
"PernambucoTech","UC_VGkpVLbU3wpBrq91cj9Mg"
"Pernille Hansen","UCFhgjmCgn09wJc2dV93QtbA"
"Perry Samson","UCqZVJYMJhAgOz3Ka9PmFQWA"
"Personal Finance Tips Money 2","UCg4uWGOxVQr2g-VvD7XdU3g"
"Persp Gold","UCZG4EpNRPD1l5RRuW2X9g_A"
"PerspectiX Shorts","UCpvq9cMYLNFQUvObRbG07Vw"
"PERTINENCE TV","UCPr2DmxsMJGqgcsLGxDQK7Q"
"Perun","UCC3ehuUksTyQ7bbjGntmx3Q"
"Perus","UCUZ79iBxwJ7HQ_O6yQrkPwQ"
"Peshori Lines","UC4VFydWaIabbAR9e_woiDyA"
"Pet animals","UCUGFjYUQSFwoOrF9qK5XLvA"
"pet poppy","UCs0BlagLrIYzXzOzK4J1ZOg"
"pet world","UCRP1W13ie7qqYdVdebodPnQ"
"Petarplays45","UCh13voRHdzodL-XLBw6zSKA"
"Pete Bones - Topic","UCewurjQJH6eR55ALEMSdjsA"
"Pete the Irish Pilot","UCgYIQ5JlaVRSqBquMRY-KrA"
"Peter and Connie H. Travel Journal","UCqDRKl9kUwaRANjU-KlfZyw"
"Peter Clutterbuck","UCQGH5YblPxdscVRNpGtnEvA"
"Peter Foggin","UCOoublCqm3exkMTKdEDj6Ew"
"Peter From Greenland","UCHz0P5ZL1KCku40-yPOvSUw"
"Peter From Greenland","UCdqWVJQJBJro8G2Qln4JYdQ"
"Peter Heilmann","UC3UNmRxQVYccTH_2nwl7EGA"
"Peter Huysmans","UCxj7kYUdkcYNF21OCNMDzLw"
"Peter Johansen","UCg6zhO8ftRcIWs8bBfhviyg"
"Peter Kragh","UCjPYibO3vEilEIByAZTHpDA"
"Peter Peter","UC2krgBntrdWhS54dX7SeAjQ"
"Pethahiah Institute","UCeuxMA-xsnMaKmjeQvLcTyw"
"Petite Genève Petrović","UC08QWpAH_X9Pl7be0aCFIWA"
"Petr Horky","UCc6P10vOGnsNAUSH25-85lQ"
"Petrina","UCMdj0Zi1nCMEZVbXFeIh2kA"
"PET'S PLANNET ODISHA 🐕🐓","UCC9Lkcc-wXsXP1ckpTk30sQ"
"petsrvgroup","UC2FShjSiModdbvf11teARSA"
"Petty Heart","UCj2WdOHY645uqIMOON8KM4g"
"Petur Asg","UCQ8M1cPJ3hw0OHlg1u952Nw"
"PeugeotPilot","UCiqliNMQ-Y1gcQxirFk1IaA"
"Peynee","UCZvRxkiqQAGZVeeGzftaOxg"
"PG klips","UCjWishDoIcYnA-YRCYn99yw"
"PGN Live","UC_qXvhRNnNds5ApJE7RMh0w"
"PGSR Productions","UCj5mICT-6Z-In-LZjm047HA"
"PH ""M""gaming","UCP6kxfF5nVDIJvwqVukj7fA"
"PH Cooking","UCjqenC8pbhmA9ylwmr-SQUQ"
"PH Visitor","UCMRiQYx64jm5KJUlGeC69yA"
"Phalguni Mangaraj ","UC-EfG1SRRNSRsb29hgpSBYA"
"Phalin Paplern","UCVppXew_OTLfR-eGG_qjuHg"
"Phantom Aladia TV","UC9osEnYLt6avnRzLtGtziJA"
"PhantomVerse","UC52rWPjBD4kiArguxgmVZpA"
"Pharma Knowledge Hr","UCn55uz93taOv8na7isC6f1g"
"phasesequence","UCELeoG-rq6Zeae89OoRcoiA"
"Phelps on the Fly","UCd5u58Iumk0hZWz7Y19VRdg"
"Phenomenal Top 10s","UCaxRISlnyx5Fulk4jbTWmDg"
"Phia Larson","UCbKtcr8yZBoMB8WEyuLhKuA"
"PHighlights24","UC4W84rd_CapahWYXQgnJYMQ"
"Phil","UCJy_wmu-J72i2L6Q2yKTbBA"
"Phil and Lynda Christieson","UCiIA9vFEk2KGBRhxHuA3TVg"
"Phil Booker","UClNDxuoqNfwvxs1kAY57kZg"
"Phil Carr","UCLva3lkHR6B5OO-eiVaPnDg"
"PHIL SHIELD","UC4ELmu-2yWZyXeQoYDEyKag"
"Phil Taylor","UCtqB-ZIzN-JcE0HVkCLyVUg"
"Phil.Mapping","UCtDjo-_xQtxV5DjZRXjXm8w"
"Philarious","UC0CcZQcsJBLOLSbb-_ne-wQ"
"PhiliCountryball23","UCinleJ4UNmdi4BXonal_Cyg"
"Philip Rivers Fan","UCFIFp2XHWPlDSvxOk3cUNWQ"
"Philipo BG","UCHRRPl-j0wlyB_7EbBQLN_A"
"Philipp Jakesch Photography","UC0CL3lqD0qvjFB51dA8M6-Q"
"Philipp Schulz","UCxN5saBYnvlFo64m4utcBRg"
"Philippe Bauwin","UCgtCwpGUMYzZriSgVcwM0Rw"
"Phillip Lakilak","UCJ0z4tFq0Nm5EFTmpzy82kw"
"philly_boba","UCaxkDrKH0Odp27AO24eIxyg"
"Philo-Politico","UCLKlsrezAYqSp2kSQzTAmew"
"Phineas Alexander","UCa5o81GSQ1JDwIzpOSah6sw"
"phinmell","UCaO7uBqh9SVWUp86TyB2m5g"
"Phinneas T. Grooveshark","UCRnkwEnp7aBgaxkaCerOI3Q"
"Phoenix Dance in the sky","UChF8Bo5R0cS9VG7VJjGAk_g"
"Phoenix Geopolitics","UCIuc8yMYwZYDqZWNyn9XfOg"
"Phoenix Productions","UC4uQNHV1736IGD2dhKB_hlA"
"Phoenixshade Gaming","UC4qXq7fksewQGIPXtHITYLg"
"phong","UCo9dzmVhDxXvKNacT5MrIIw"
"Phong Thủy Tả Ao","UCalAjuAg6uuRTYys7xrbbrg"
"Photographer Muneer Marri","UCI1-rhDPL-jYoSt4x5KZv6A"
"PhotoLensMedia","UCrskTPmooMDGboHaqvdklhQ"
"PhotoRec TV","UC0sx2UCRrPrZ_98J6oRtbwQ"
"Photos by isa","UCvQ65PHienmZQVwZmCcqIvQ"
"PhotoZoomDK  New and Old from everyday life","UCJ2cNe1pH7SpvAT3rrtNI0Q"
"Phungyo Baptist Church , Ukhrul","UCngIOlLe2BnWE35Xp_HhTnQ"
"Physics House","UC1nYMj6viPci4ifCXPSX6NA"
"PHyt","UC5WpqkulXz3rdFA62AcIk-A"
"PHΔT Barbie","UCgrIsFbo_fTi5gxS6gLV_oQ"
"piano_woah","UCcLVH8ux94D4iGtabUqfMyg"
"PickRush","UCbG3oDZhcjjHnaQjIT6EWMQ"
"pico","UC7diUiVMAW7EZ2xJjSEp2Sg"
"Pictures Society","UCVXhOs3Ir3voH5LJZp_EPcg"
"Pidada Fernandes ","UCNf0klTt-LNaf52YBw27S2A"
"Pier","UCH1W9H7fDPQaeB2dbR0_7WQ"
"Piero”s Journeys","UC68brbxg0sJfOvanbXe6BCg"
"Piers Morgan Uncensored","UCatt7TBjfBkiJWx8khav_Gg"
"Piggo's Trading Desk ","UC-NEcgHCyxrZCHQfycs7_Sg"
"PigMine 6","UC0j8jUDLzZdUT-4csd5cqjA"
"Pigviews","UC3lXE5CQKwI8I1qTdvrenaA"
"Pika Gamer","UCjYx68klpaC0p7EoF3Hui3g"
"Piliot","UC1v3DHdCSpYHATlZmgTh2Yw"
"Pilot Dookie","UC3rKny2j-tMOjlG3FkUtBLQ"
"Pilot Plan","UC66x9ramr-Nc5P_gRroohMw"
"Pilot XXIII (Former N511TE)","UCkfYNNHc-BEV5y-n6T01aGw"
"Pilot Yellow","UCZejsYWARW6YYVzJT5v8LRw"
"Pilot009","UCpZTVVjV-v0mjzrqpoRHKIg"
"PilotCampus","UC_LmFwoUNx84BMkB39dlaUg"
"Pilunnguaq Poulsen","UCplCRr2bygNKaVLJ-3dNn8A"
"Pim Hipwell","UCZiM1su-LLtMuxUdbOmqjxw"
"Pinay Cleaner in Greenland🇬🇱","UCMVoNelN9jRxSSF9fCchmDA"
"pineapplevr","UCwdL7DbIe5XkvruALK0zR3Q"
"PinePowerLI","UCLZWsGOQz9LdeE4JJW11Nyg"
"Pink Chihuahua","UCG3EY6YqRy1oxjXq3KmNMUg"
"pink uin official channel fun story world fan 2026","UCp6s8_tvc2BCAQiOj1jkOOg"
"Pinky Zobel","UCQJkvx2SaFnJpI6_V0HNmUA"
"PINOY BRIT-OFW","UCWcrJTNvOsjYIp3My0FfMlw"
"Pinoy Eskimo Rider","UC2oet98zzz6lzK-dQ1mHBcw"
"Pinoy Handyman  ","UCtwuPRcK9DIFFo5qA4eNp1A"
"Pinoy in Greenland","UCGi18LVfXgTJC5mslXq88KA"
"Pinoy Learner","UCOfCgTKJqj4Le920FPqDujg"
"Pinoy Road Life Europa ","UCgYr35bM44zJ0fAZgWPwfxw"
"pinoyBalls","UCUOG4ArFBhdaA8jDM3CGmpw"
"Pins and Samantics","UCCv2Wsuuc4dCP_9NkME65ag"
"Pintu ","UCAqaz17FbibzHma4tLxzGtw"
"Piotr","UCPH0j9GJ6lOqw5s8se4ScXw"
"Piotrek Damski","UCmgWYcROOvW3GLjb4yDfpOA"
"PipeChess","UCdS0gXhEqKCUqYhMbnGv9Iw"
"Pira Suri","UCZoy-HeWxEUqlZ6qnkizazg"
"PişaP TV","UCsanJkV8FgiS8YspWE0mK1Q"
"Pison King","UCxNq8uU9llA4BXvRy3Fsw5g"
"PIX11 News","UCnWi59TPymx0_qt7PX3VeNA"
"PIXEL RELAX 4 K","UCEWA9HJKEhUl4nF6g3JP68Q"
"PixelPlayz ","UCdmP31QefNFS_v5lbQ7Gz0A"
"PixelRaiders","UCHk9Vn1J8WhfEFrx5GbTv0Q"
"PixsTube","UCPe0yDtkamTcodvCaoOVvhg"
"Pixxel Edge","UCskk67VeJ19RSKm0f2nd6Vg"
"Piyush Mehta","UCBVuR0hKUACWHHCp2zutnSg"
"PKB Earth Vlogs","UCfeVAVwj274BBNeE9GAjHiQ"
"PKG YT07","UCHyY5t4yXhinO_CNLoZecVA"
"Pkyndait ","UCFJ631N3kQ1uDj0nEPXC9TA"
"PL_GEO","UCNkAcvtjP_62eQ7JM-sYzDA"
"Placeful Fun Facts","UCIGCWCkcT9FzzNiQpWdv49g"
"Places","UCIPT_mWxS6QU6KJxLa_aZTA"
"Places On Earth","UC9FjixmMAOV1zIpwtQeB25w"
"Places That Matter","UCMmrIAo-QuUPBrS6jgloLxQ"
"Places to See in Your Lifetime","UCx5HR1XopqKbwu4D44o46ng"
"Places to Visit in the World","UCXi7FrcC6HuFeu_HZyFw06w"
"Plane Kids Fun","UCwfA2lk2hVqz2htMxX8fyiw"
"PLANE SPOTTING LIVE","UC1ObXOZ9UYIgnf7ovlRNFsA"
"Planes","UCbOYH3GfGNgE8Ck7GTizRtQ"
"Planes  and news updates ","UCbnhFr6_v-h-7JPYuJIhn0w"
"planes are cool","UCoRVIP-c-pjUqFlbhd3W51g"
"planes_CostaRica ","UCAMCSyWL0bTlKy1Whzd4k0A"
"PlaneSpotter ","UClZUdd7NaWovRv-3MXZBkRg"
"Planet & People Chronicles","UCuvVi_ebKyKxtUrjfm8PT9g"
"Planet 9 Media","UCAzdd-aeyJxB3NmtF9zutkA"
"Planet earth ","UC0PQwwn-JjBNQ0XG81WMqLA"
"Planet Factopedia","UCaK-5XHzgrkwjs9UPE2bv4w"
"Planet Good Vibes","UCnvDHrLJRIk3kmj6oSS5CIQ"
"Planet in Pixels","UCQawhKA-amF5OpVoicXGBbg"
"Planet Labs","UCQby7SdZODj1_JVOLxcGjpQ"
"Planet of Animals ","UCk6Bc58rdecJD4PY9p5SbEw"
"Planet Snapshot","UCIv7KdIX99aXBEjYHALfCyg"
"PLANET TRAVEL","UC4NzjOdt2s-OQolQK6cMrLg"
"Planet Us","UCTJ9sYjDsV-QtAy_gPO9w4g"
"Planet Zara","UC0jQMws5j0-jS4DqbUG0hcw"
"Planet3 Motivation","UCDYF1nVfwkombt_4OCSzPew"
"PlanetCuriox","UCLCqryzOFZAcKvDwg4rHQ5g"
"PlaneThony","UCFhX4c4HoegIYbL3J_wVcog"
"PlanetWTF","UC8TizURuyY5gmb9u7y0h-yg"
"Planetyy","UCzEpO2stXIqJ3nH2gHD1sIw"
"Plasingli","UCdXeR8WOs6xCZfWC5R01NRw"
"PlasticoAmfibio","UCVxZTQnQBfjRTKhiso5T4wA"
"Plasticstudios","UC51bul8O1zRRUDgIS5xhP_A"
"PlatinumTeeV","UCc40fTKLWWf0TROLnXYtKdQ"
"PLATO'S KNOWLEDGE HOUSE","UCZ1STo0hEwd64HXLcFnkHcw"
"Play shorts official","UCAdaxnqEiATDPYF-NE-v-Mg"
"PlayBack HD","UCJ728OKL9F_avxDlFHOHBQA"
"Playbook","UC88UZ9DU7Ngf4-afWfDHqTA"
"PlayCrazyGames","UCL7eKP3r0cdC_1-HrS_UDBA"
"Players Fifa Future","UCSkVfG1N6pNo6jWHuxvAXNQ"
"Playground Earth","UCcS2g7jLN8x_JSbotpZu7rQ"
"Playtime Geek","UChV-R7uE4L2tKBKrKZZ9fUQ"
"Pledge4Peace","UCIIZfWqOdvHmtHRt2GlcL_w"
"plen_guy:)","UCtLbCLkae8Ui1cloI7Ude0Q"
"Plenty of Sunshine Travel","UCT1asYy9ekMIy5eSu42gC9g"
"PLNINJABG","UC5BAUn-s1U2opvffdtVVXUw"
"Plot Twist","UCh8cUwaBPDGlTIrH94Pi13g"
"Pluto FX","UC9MDbbw2cDMoogRqifZd88g"
"PLUTUS IAS","UCpYZAdWAvgtQKHqQjzqdYqw"
"Pm fact pro","UCxFQQRvvM-_cuMQffDCBAQQ"
"PM Funnies AI","UCBfNazPycubAMXbdJisMc1w"
"PMD Baji","UCG7h2vExbVcNtdGGvd3KYgw"
"PNNX Media","UCYHqcD5UXqVhlJ2pRTHu7bA"
"PNT Chanel","UCqSJMk-N1DdNy6V0vBBi1Og"
"Pobitro vlogs","UCqKAG4gW-KicZwYMgcx3XXQ"
"Pocket Encyclopedia","UC1QuI_8h73V2vzSaGMrCj3g"
"Pocket Politics 🇨🇦","UCdN0DPVHkR9k5QEAAUjKkGA"
"Pod Save America","UCKRoXz3hHAu2XL_k3Ef4vJQ"
"Podcast Gemas","UC9IF6jO5LIbwyGkYi_yTuBw"
"PODCAST IN 60S","UCVNppmRFG3OBfI1SoKbseyQ"
"Podcast Millionario ","UCKKlL0ncOnunoTpJTo7nhtA"
"Podcast Radio","UCJJ78xI3A3ukuz0TKSLeQVw"
"Podcastshorrts","UCyVJCV-yE_C5f7uyWP0apgA"
"Podunk Paddler","UCe8OKe-34TVSgD9qysGE6CQ"
"pohuzat eremcez ccacca","UC8Ot551H_vglTSbZK93Aruw"
"point my soul north","UCGHAKdFEMMlcb5bUYWy4C7w"
"Point-TV","UCuxnB1-hNWtUkt825-PELOw"
"Pointy135","UCIYGcRJ2BNJSq0lslfUlGRA"
"PokeMaster417","UCRkNH42In6fiv6RUVSihlKw"
"PokemonFan Jigglypuff","UCUUvpm1R2qRuMKObLnMU8cQ"
"Poland Ball","UCkfLeC8rJMIAT4aqD_hS4Ng"
"Poland 🇵🇱 Mapper  ","UCWymxSTPJeqvKygcUI3ZnXQ"
"Polandball Official","UCZLOi_T4PJ0Wg9oBrM5X8eA"
"PolandCOW","UCQxYsNFY-BO2S1p05TEajQQ"
"Polar Circles","UCOXg_gysHB3D5jmyL0Y38XA"
"Polar Latitudes Expeditions","UCjLNDR4u9cA5yQ26ScJsEEg"
"Polar Podcasts","UCOJN47A24ebi7OImWgwNoeA"
"Polar Regions Uncovered","UCkqAAl4E8ZPtcuvJES5e2pg"
"Polar Routes","UCkfgeRZ1mc6pi-BYnbQowKA"
"Polar STEAM","UCBllarL1IuKPyqm-YkVFitg"
"Polar Tracks Expeditions","UCgjg4nWsqrJqM1-9mz-bROg"
"PolarExplorers","UC-OVGWRLp8nSYeTEumNEjfQ"
"Polarlight72","UCsqILDbREq3dHxDBWpkQ9NA"
"PolarTREC","UCqK85wHrdywiQbJ-rCtHftQ"
"Poldi weng","UCRzXLI74YfEqDHMI1n_Eupg"
"PoliBites","UCYJrVVr_z0JqluCDZRHZuiw"
"Policy Center for the New South","UCfhEtHx351sCTXI7BDNtt1g"
"Policy Pulse","UCVlLmnlNL-oeuJGDDS0VtyQ"
"Policy Unfiltered TV","UCqxwtGLjMWKHhMxzMNhCxkA"
"PoliFinance worldwide ","UC0G4vxgD35-LnRuSk-LxLKw"
"Polimatía","UCqNYwaHHDzpCcJFCDizzF_w"
"Polimics","UCJikK8SUnAwV_lI1v3q3c3A"
"Polish Captain","UCbQdsNv_xUed4grWilGIOhw"
"Polish Dane","UCAOV5To6F4uawC3t5MRZRDg"
"Polish Reactionary","UCysQaVO0oTn-MnEj4Q0OnMA"
"PolishGeographist","UCSbwGZvJ7Ey0Zxt5O6pU6Ig"
"Political Bob","UCAWPbg_d9Nrt2aHdg1oqtBA"
"Political brainrots","UCZc9QLoVa7mkxzo24e5SW4A"
"Political Bytes","UCN30rVxy_papMJBRDLX2U9A"
"Political Comedy Hub","UCuW3P4MVm6Z0MrV36OGe89g"
"Political news of the day","UC5GfJNat9B7sgzpMnbAaUgA"
"Political Provoker","UCWhCn1muBoHj8YGa0CSjRpA"
"Political satire","UCM3hjoc4TrpPicLDWNQ_qzg"
"Political Storm News","UCmPfOjUgkGvDDL_DZjfSD1w"
"Political Theater","UCn3HgfzpxJz8jy2Gz-_Zhcg"
"Political Turtle ","UCpyPCCEFJrqvg3ZQWPeAFtg"
"Politically Wired","UCJd9LpbbfGJXkj9Az0UQCYw"
"PoliticallyPolitical","UC_tWcfXdZisHm0QoUWPhvEw"
"PoliTickle","UCkVQGlEo576jM4_aAw79G0g"
"POLITICO","UCgjtvMmHXbutALaw9XzRkAg"
"POLITICO Europe","UCWMhlrCnmb14IkQBfiSXktA"
"POLITICS AGENDA","UCa9nyltZV8zvgQMPhAiQq2g"
"Politics Global 1 ","UCJXjcNed4SqzXNhru1Azk9g"
"Politics Made Simple","UC5ynRcvZd5PXIy-R6rssUdA"
"Politics News","UChnifee0ZbHdvWaErn1k1qQ"
"PoliticsGirl","UC0VTA6PQH7nKKgRO8ptMatQ"
"PoliticsJOE","UCyzkxMLeZDcd_Qhzh6uMgbg"
"PolitiFact","UCfyYK3GqcotDIAjcoReK3Hg"
"Politik LOLs","UCfSZJwfVSOF6RzR1qFGhTnw"
"PolitiPeeps","UCEov8XhJsoAgTLd_h-Y_4fg"
"PolitiQuick","UCQtEllf8BrBToXG5Z0K1a6Q"
"poliToonix","UClgJr5rsuOgCZkcoCLk64dQ"
"Polity Life","UC4Ig948F-30evJ239kkyu1A"
"polkapickle","UCwW-GVyiBjVEaNemArOM4BQ"
"polska GUROM 1918","UCPDjy82zfxfQjEKOTaUSDJA"
"PolSZkiMaps","UC85TS5pmMzZEECw7DM9LRRA"
"poly_viral","UCwoVOb-jlyNrH23k7-V9lDg"
"polybets","UCaqxBshusmKXLY9JqtWYs6g"
"PolyMarketClips","UCBzY6OCesZZY8D5SDjwy8EA"
"Polymath","UC62XAHg0qR4FrUaFrKJWs7Q"
"Polypoker 14","UCXJtlq5aZsodYejsUYM1rDA"
"Polypolitics","UCokQSjFdRtiQXnFsn6CTdyA"
"PONANT EXPLORATIONS GROUP","UCxQnKlBep2AUOomAWTGW_Vw"
"PongJoy Atienza","UCIj8joCMUZK59lL7Ja6pC2g"
"PonyGaming","UCl3k7g4n2WTC2sfIH6vGaoA"
"Pooja Official","UCgb31yiMefjz7fssshnTMsA"
"Pookie Sharma","UCOTBFy-CdjZr-b2d90rkVfg"
"Poon M09","UCHl3P8jOiskWC3dTeaQlFBw"
"Poopy boy","UCOT8yU76q4UoP2kd3w2RplQ"
"Pop Culture Files","UCJz_hSs8ptXOqn7k7blVnHA"
"Popcorn Podcast with Leigh and Tim","UCNIQ1M5FGPDSckCL8scQuhw"
"Pope Leo XIV's Homily","UCWEbElpZebn50Bj7FJaLIgw"
"Popes and Pylons","UCDrqIf8K0p5yrqeQlsmKP6Q"
"Poppy","UCbI0FjJGqu8pPcfWICQEGyw"
"POPPY_EDITZ🔥","UCousEWwNqH4_MHEIV1ipZNA"
"Popular Air Travel","UCbieRb2PHFxSSt2TXyauCig"
"Popular Mechanics","UCeJ58YHmlgs5SBFWb8IzbsQ"
"Population Odyssey","UC0wkn7qSQWXCnZDvI945-Bg"
"PopVid AI","UCIGM7zRqM5hhiT8KNpTGu0g"
"PORASONA TECHNICAL","UCx9eDFif0tEQegz8H_2jiKA"
"PorkManPlays","UCKDAEy1jMkBzch2r-tZubfw"
"Port Monkeys","UCoxand7fpku0vLb7V6PtOmw"
"Portal","UCNUZeYu_a8kjBDVUIg_7mHQ"
"Porthole Cruise and Travel","UCshEpyF_8yg9TQC9K5yFOeA"
"Portraits of the Past","UCcC7zCuMw6rIVDeHEV0ZFbA"
"Portsmouth Public Library, NH","UCRTTW6zZsnCJ97Qh4uLyZfA"
"PortugalCountryBali","UC7hbGuZl4d6zGZ45b4WK3Jw"
"Portuguese Mapping","UCoB3zYAuR7fgCPWo8BfMihw"
"Poseidon Expeditions","UCdcixWp3Jul4XKVX6Yt-4jQ"
"positive","UC5oWhnO_-oVzuntuhjXE_Aw"
"POSITIVE JOURNEY TO SUCCESS ☝️","UCmT-l8cryCFucheERjIRJUg"
"Positivity Around","UC229NJqhu-jYpm_MhTDGFsQ"
"Positivity Pulse","UCROmgfA_LYN3iT3N8yKBEBg"
"Possibility","UC5DvhtG2p24PSGM36X2OcIQ"
"Post and Courier","UCI6ZxuWAPjeZ0cAUaBBy2gA"
"PostBaazi","UCoKhEoe9_QwuSOz2NqHPEOw"
"PosterPrintsNet","UCaX-9dWAkKRFg13_aLm_Z2w"
"potata","UChJR5bUpBW4SXxcvCa8k41w"
"Potatothings","UC2534aL9Je8yt7gxT2ypcQQ"
"potholer54","UCljE1ODdSF7LS9xx9eWq0GQ"
"Potterek81 Hunting","UC2NQvIfcAX-xYIb3R-_Xd3Q"
"Poul Bjerrum","UCIcdS8x_t569vjELbdwRXdw"
"pouya javanmard","UC7IW6TgPI1gsdNsgal7GSHA"
"POV Jungle","UC9J5dOnrLUBCJVwr9GLlHWw"
"POV VIDEO","UC7QIBhSXKCAD_6lPikuM8Nw"
"POW Ponder on Weather","UChgTRqKToiD3DKTcJIoV0nw"
"Power Behind Maps","UC5UHU1QMj-n4B-_O-yyJKcw"
"Power Beyond Borders","UCQljNiA4Ik_KdcU90WEoL5g"
"Power Map","UC9BdCkQ3Fg1rDpeuf5-WitQ"
"Power Newsdesk","UCXQ9S-m7cRatwDgv1Fx_d3Q"
"Power of Nature","UCwyRy04I457WI_VAXS6DHKg"
"Power Room","UCgx_FyiBXZDGqT0mVrq9e7A"
"Power Spikes ","UCyXqHvyw-TcrYdnGvZpAuRA"
"Power, Markets & Money","UCl54YhTmTCKQ-iNko5HmuLA"
"Power10","UCyLOS_D6Z7N9RxR2iNu1wqQ"
"PowerCord ","UCqhy3Gy0o69H-7Uu5IpbWFQ"
"ᴘᴏᴡᴇʀꜰᴜʟ ᴇᴅɪᴛᴢ","UCMfuxf0-QwVMdDeFb0VsZ9g"
"powerful science","UC_aAlLY6gKVbp7cFT2l2Erw"
"Powerful Short Stories","UCoX3SNPc0iP2hSiTm1ReAmw"
"Powerfulboy4151","UC2Y6hHDCkLBQcWCsFxz_L9A"
"powerlift","UCLujy8ojm2DGGVcFhv44eDA"
"PowerMap","UCL5IxT66RugO9ens0ZDlFOQ"
"pp gamez","UCZ_9xBaytD7hm3xAvFpdO_A"
"PPR GLOBAL","UC10yfIUlMsr_m3YSHbDp9zQ"
"PQR  EDITS","UCc5NffFZf63zabs7-Wlu4aA"
"Prabh_gamerz","UCwZLsK3bHvABPirky-o_W2w"
"PRABHAT","UC7h59r9XowqJqsAMY7fyAMA"
"Prabhat Sachan","UC41710Xwzhus3bFzDyVMNBA"
"PRABUDHA VINA VADINI GYANPEETH ADMINISTRATOR","UCsBQa-utTYQpjCb7xL3oRUg"
"Practically Political","UChc_tQuPRyA_IARzIMekOTw"
"Pradeep Panwar","UCnIcXfA4jYKpJL93Z-Rxm4g"
"Praful Pawar","UCIvdj1rNUf5qAjErwOSGZRA"
"Praful Salvi Vlogs ","UCqB3CJOO6nrS4p8lvHPGBHA"
"PragerU Shorts","UCyRVVr1FDVmZcR96Hznu4-A"
"Prague Pulse","UCoOUD6uf2nCb_mTJdaFnVGw"
"Pragya Giria","UCyPxXq0wG8XHupm3XHpBQQA"
"Praim News ™","UCPhzJJMY_HrPl-2huYIXilw"
"prak sarith","UC15PtQUuyO7HZjB0WUYNt-Q"
"Prakash kathayat Voice of uttarakhand","UCkeLXDE5dAlzIXA3kZNbWuA"
"Prakash Tarot card reader","UCd8jbnKkTWxxF1WqDf9uH2A"
"Prakhar Giga","UCKY-sfVo4E8YHhqoAmW4xaQ"
"Prakhar Gupta","UCHOKvQW2N4kLVhKYn2bvF7A"
"prakhar ka school ","UCrDs9XVq-nTrPUGt4DKKmAQ"
"prakhar win","UCuWV4ZZUj-I4J2Pi2dX5UBw"
"Prakhar_Clips","UCODMcpR1FM49y1D60E_OKeQ"
"PrakharCore","UC_b2KM0dDG-se_hmHEJvEHg"
"Prakurti","UC1jP21o53vN9E0XHn5l9ycw"
"Pramendra Singh","UCLIX9_qjd_8WWUpSpLcxUWg"
"Prashant World Travel Vlog","UC4boL1igmj3vJjg2pdk-rsw"
"Prashaantasya","UChgh8_74VnkMoytex5Dtq3A"
"Prateek Factonomic","UCB68LZz60zm6NREAUoebX8w"
"Prathamesh Kaleshwarkar","UCgVOQeJoAKKp1ap4PJlEyaA"
"Pratheek's Diary ","UCkkKPLPyyj8XWtnVtsbo9vw"
"Pratidin TV","UCVcnPfraEC8kaQCvRVLybzw"
"Pratik dora","UCOWI-zzNFCJCNHd87oKDrkQ"
"pratik sable","UCMiknXPpbRRV6TbrX_a_SCA"
"pratprods","UC0Q_ucWERPq57JFegUCzh9g"
"Prattventure ","UC8J3o7xRzw-vPsQjO9_lDpg"
"Pravakar Patra","UCu1lsnMt9LaOsx8c_z201iw"
"Praveen in Europe","UCE0k8JFkkOBADx_nmfqk79Q"
"Praveen ji Banjara","UC_JTPmokcK84W-2IF7vSlDg"
"Praveen Singh","UCkhoBUci-dXqALBo5yCQZ9w"
"PRAVIN MADHUKAR SALVE ","UCOdIQZ4JwTJjHj801c7MEKA"
"PrayagnagribyRajiv","UCALyDcaVXik-y81kiq4nLoQ"
"prayash puri","UCPTnr0sC6z8TBtI4w7JqV-w"
"Prayaan Parekh","UCX6Z6eXYUphZt91RbyZSNfw"
"Predator Klash","UCkUhpnjFvRQtABYX-IR56Ug"
"Prede Tronix","UCjHwnW4r1ywCo0l7TJ4fUVA"
"Predict Hub","UCZcGO1AEDnLIL_iK38PzSiA"
"Prediction Conviction","UCdiDDzZpNTcWDbAlNpHEPpA"
"prediction.trader","UC0VTOAs-pL4ezAS1sDZkaJQ"
"Predictive History Clips","UCrEGnPEYvDcYDStDM3gqTxA"
"Preet Kaur","UC5AUOl6EM0NRakmSAC2LwrA"
"Prehistoric Shadows","UCmUA4a-O1jZl3kCJtF-L3LA"
"Prehistory Decoded","UCx11KXwumf5w8J-GdBGKNVA"
"Preity Gupta","UC1EQ3r-uqqBiNR1490JBTQg"
"Prem lama vlogs","UCskZwbaE5V0Z_1F3CPyYi0g"
"Prema Ekka","UCbILwL7EXlb65bLFWcfoDeA"
"premanand__maharaj__official","UCpmuhzmODmaYn5mlFfxisiA"
"Premier 1 Driver","UCG4IsPelLNPJZrL7sqZmBPQ"
"Premier Pro","UC8Nu5O4ZKgaqQ38etBtaarQ"
"Premium AI","UCOheNb7UJEbziUBnBLpk56A"
"Premium Flags Stock Footage","UC3S-t16aLL4M0yvRzGZ0v3g"
"Prepare.Hope.Standby.","UCD6ZC_t35Mbmb_gyVplhyWw"
"Present History","UCoESVomNDCQ9u2GW9mFqTQw"
"President Edits 🔥","UCAvCYtJwPEgh-2r8mXxoJGA"
"President Pulse ","UCJaVImKIPXkupDOqo6R7I1Q"
"President Slop","UCQizA6xdcsW7ReEOd96aeRA"
"PresiDUNCE TV","UCSdxAqI1g1x6BR9urzFp3Fw"
"Presseclub Concordia","UC4LpBl2YjnFaLmI8tcgcfjw"
"Prestigigator","UCmieEgbSI_m7tEMzIuS6aXw"
"Prettybusiness_World","UCsvYtjvDoVjTo9RDTL7cEoQ"
"PrezParody","UCdaCigaQ40jdVsnEvQgzb9Q"
"Pri Animation","UCWq52ztsN15vMt5ehFoOQzw"
"Prima Knowledge World","UCuTtjRNlb0ZqWL9HOdaTo0Q"
"Primary Plant Ltd (Colin Daly)","UCsWGwRYL51SS93aVEkS4AvQ"
"Prime Asset Mindset","UCmQjn_TQdp4qwpyEwKU9ACw"
"PRIME CHRONICLES","UCGRi9aVMzP6G4Xhss3wvn7g"
"Prime Living","UCU_PV2e3pY8-kRXEe3CXCvw"
"PRIME PICKS","UCT81MatuFo3_hezWBNZBYBg"
"PRIME_CART_shop","UCy-cQ8AJdXjtbqJdQ4SgmNQ"
"Primefacthub","UCkO2cVZaOuVhOuRILUdiTsg"
"PrimeShirt","UCL8cfiUvnaDppj15WVvvq9g"
"PrimeTime Press","UCPu2yGGCxPUw3orY1bZiqEw"
"Primetime Unscripted","UCPuHxu_w0npsUn0wVSbJ77w"
"PrimeXExplore","UCT6govm8TsjZVmbqxWyvruw"
"Prince goswami ","UCg9wgAhpVOOu-xgeC22h-IQ"
"prince_h7","UCF-L3ugjXL-JZRVQ3UN1dcg"
"Prince_ki_Countryballs","UCQsSzvYB3l4IDLRupMwqEpw"
"Princess Balloveras","UCpcwU51C8Ygxc_IbRilDavg"
"Princess Putulan","UCGudvmQJjQ9vs4mj17uD97Q"
"princess33","UC30OjGCXa1koEHEQN785j2Q"
"PrincessBunhead","UC883f6IpFSpVY4jR1AV2dgQ"
"Princssseeta Yadav","UCkGcP9F2LscyNo4ivrFEmFQ"
"Prinson","UCtmGTTPSA-dk49e0ezIMzIA"
"Prism Gaze","UCq4Fixmc1mBKirUaYrr9JUw"
"Prism of Insights","UCSSeAB45sK_TmPvACPqLNdw"
"Prismatic facts ","UCqK9NeVJ7aIsItWQUUultcQ"
"pristine nature ","UCrNUfQz9tzzrqPpMYmdc_DA"
"Prithvi Stories (पृथ्वी स्टोरीज)","UCBgIjZEK3vkV0UNHn1uOkAw"
"Private Financial Historian","UCmo7TWBLujvCNH0VWgdnjdA"
"Priya Sharma APS ALLEN teacher","UCJd-j1KC-rQ2CiiMk91vjlw"
"priyangsu king 👑👑","UCbnxK_MvGUfFfzbC3r3-trA"
"Priyanshu","UCivpDeSurCFKRKywEMgor0w"
"Priyaaa","UCtzXTdB_nzh5zmiGgjSO_sw"
"PRO WELL Limited","UCnpLd26GONmg3NocE1QqAXA"
"Proactive Investors","UC6zHYEnBuH4DYxbPLsbIaVw"
"Probinsyanong Biyahero","UCxNjXfiD6Pk5V5lrgUxpW5g"
"PROBLEM SOLVING MARATHON","UC_W6FqqGjiHT1u6LpwJSq3w"
"PROBOIN_77 ","UC42TOq-2_gTdJXYRGMM4oUw"
"Probuild","UCrto5amq45rGqzirDrYxETQ"
"Process Uncovered","UCBowtAEn483D15ge5N1P0Tg"
"Prof James Ker-Lindsay","UCEszqJb1FjYisBevHBIof3g"
"Prof Jiang Educating","UCi70MPJfqV1sLEj1ubo5Y2Q"
"Prof Jiang Xueqin Wisdom","UC52XIx4y8j4kh6r6-ai_JQQ"
"Prof Simon - Science Filmmaker","UCd6qylQWz49LNjE4xrKf3RA"
"Prof X","UCGS3meWQE72dEt_ZJatkHPA"
"Prof. BPSC","UCKqP_cDrop4INfIBVlmX_7A"
"Prof. Dr. Mohamed Eldera","UCePCvKuPLlYKT0mXM6W5cKA"
"Prof. Jiang Lectures","UCded863PU9zXhRgLSC0LR2A"
"Prof. Jiang Unplugged","UCo6vi0IxKjDO2IDs20wjLEA"
"ProfanusMaximus","UCwK7Nbdxtz36_AwHs5raiSw"
"Professional Facts","UCHtUh9EmC2BnCNYrIz4zKAg"
"Professional_Success","UCgrn0v7lFKWNEc3t_RhkCZA"
"Professor Gerdes Explains 🇺🇦 ","UCjf_Tw9PA9QIZ6R6aLukBaA"
"Professor Joe","UC9Kkqse6yALEwpjf5DpaCXQ"
"Professor Mind ","UCh8Sfn14ffl67aIwh9M9FiQ"
"Professor Of How","UCepBxbSrGZkgjgGJuY04c-Q"
"Proffessor Predicts","UCsYsBr7odkJWEZG6BfawGEQ"
"Profilo politics ","UCmCR13yI--9AXTeU5xQ8mow"
"Profit Protection","UCEeRLgoAGPgFMpBfs7hLCuw"
"PROGO","UCl_tBzCBbrpzdRRebD7XuPQ"
"Progressive Heroes","UCn7VU2o-Sy0v-4pjUDXssGA"
"Project Mothball","UCIrlzLCydSk3R3cDPF2c9Ag"
"Project Mystery","UCgy4RZ7YJABBQCPjNoN1WEA"
"Project National Anthems","UC1LsBTe-RhG4GXj0AqMI6rA"
"Project Zero","UC9ugSP0x9S9K1eXwprxEOug"
"ProMapping95","UCGVaaqZfAkkUZJQBwQfQvWg"
"PROMICE Greenland","UCnscfj5k_6bZdQxZUwLr2jA"
"Pronounce Correctly","UCGt4EDRum1OoOzbJ_JiV9OA"
"Pronounce Word","UC2c2t7pbWFZN3a0XxjYHgHQ"
"PROPALS TV","UCMV_TZWEq5lAga0q-YRgtIw"
"Propelling Minds","UCsld4b5yNqJ2X0x5ClbhyDg"
"Proper Clips","UCIKWTwZzx6041h3-OdOt3-A"
"ProTOON Politics Cartoon","UCvNIzS2rJ9Fnwq_lFNXzhOg"
"Proutist Universal","UC-5DG75SA3kHAkV61wwf9mA"
"Proxio Media","UC6g_UeMdzP3Suyh17CNTTFQ"
"Proyecta TU Bienestar","UC7wLBz0Uprg_pToKX-bifMg"
"Prriyanca D Vats","UCIA4boclmKsMUIdpDEG7N3Q"
"prueegan","UCl19zErR0Q9NHYERhCnh_Pg"
"PS Girl Gamer","UC1M4jbNog-vYY1ZozV2QO4g"
"PS mart","UCbCEQIQCv4jMkeZSf76jacw"
"Psychic Violetta","UCpWNSOGhi-Lxb8r14cwdsEA"
"Psychology Guide","UC9jzmb9x27N3ygH5w0l7RtA"
"PšŷčöBǎBä07","UCph7-owvm285B_VL7xDlp2w"
"PTC World","UCnxTfdwfuFGbvgMhzfDQEgw"
"PTI News","UCJ5gGTLrAeXFyOmooAEH7zw"
"PTV Philippines","UCJCUbMaY593_4SN1QPG7NFQ"
"Pubg king Aaryan","UCIlfdtx9g5-5WQiJXOBK4sQ"
"Public Battle","UCSGI0QnYC59CODhd65E2n7w"
"PUBLIC INTERNATIONAL LAW","UCcUIMMRsCNQd84ISIqzWNRQ"
"Public Record","UCLbglSXJEg4iCUnbJsgwiGA"
"Public Times Punjabi","UC_oLbm_4ZBUY9rWZpVy76jA"
"Public Voice 1996","UCtZF-aDrF_HdH69aZCCoRhw"
"Publishing Book","UCNXczmzfLnHF-6aF13-k47Q"
"PUJA CLASSES","UCX8hOhOf_ii9bEwfZeHv2MA"
"Puja Ghosh","UC3-m-mEMAb2Sm-g8Tz4HQ9A"
"Pulitzer Center","UCJcoPrmCdVhGqOmPspWy2uA"
"Pulsar-6","UCyZn1AEEvXa0jB_oxhjr_UQ"
"Pulse Politics","UCc2dOcf9JYRl5-745ikmpsw"
"Pulse TV","UCkuMH_eVOlpGkajJf07_7Sg"
"Pulse.lk","UCVsi4vIpAcKl825aPQV4IjA"
"Pulsebeat Reels","UC8z3s1eKt0DoZ-NI3V_3LZQ"
"Pulsevo","UC6jXxSziJ5ICUbkOu5bD96w"
"Pumba Caracal","UCpfii0e7Omcxwwodcl6ILrg"
"PumpkinKing333","UCVyCV5wl6KnfC82s6oug4NQ"
"Punchline Presents","UChpEQSVNXLdmfRYPAsYX5dQ"
"Punekar News","UCnQv0DI1S8QFBUb4ACwRFeA"
"punita sah","UCHTCvpz98dt-eWjZWSTQ46A"
"Punjab & Me Pk","UCgmI5K9Ybf4IjNls8GaPQ_g"
"Puppet Edgar","UCa6YLYY-0IHAo0Nc-iL5GNQ"
"PuppyFamilyFriend","UCRzY1bE2sHrXRUQJ9-BjcQQ"
"Pure Hunting","UClPxCvFLnV6hfz3MlGANyGA"
"PureL - 5th Root","UCWv7qYg9v6FWBdarDs6xwMQ"
"Purple News","UCXxfCHfVzIaF0LX0Q-pHQgg"
"Purple People","UCZzAfmxg-VFUAo3H6Uh_c0w"
"Purushotam Academy","UCbIXOqadXnVQb4UwVaAZBQA"
"put simply","UCsbh8EUasy7w_aqvD3Zecow"
"Puthu_Channel","UCW0TMT9myEmMCQfB_tuZBzw"
"Putul Gorai","UCidh7ioZwQaOmC_pCTXagyg"
"Puxa Snips","UCR6ToMGsM3u1uQ_vtGfNL0g"
"Puzzle Tube The Survivor","UChZzAg92Nto2PCt5sOghyDg"
"Puzzle With Pikachu","UC1sI_QJg_I_-28-yGyDgEPw"
"PV ANIME EDITS","UCvU_CUlP6wVSNj-yTRFNf_A"
"PW OnlyIAS - UP","UCKKG8sYJdtcJYFIKLwsH6Ng"
"pwk","UCb4x5b8DDgJBKkKq9-TkjZg"
"Pyo Arty","UCAiSBawH2PvEQh_PbeCYNKQ"
"pyois ","UCKASM2-zpkczkFEEW5inAnQ"
"Pyotr Kurzin | Geopolitics","UC7-TPqKMViddKZeo4K2P2jg"
"Pyramid Discovery","UCers-lZld2MjLQDZwC2MNtQ"
"Pär Löfvenius","UCDK7zzYxJJ4Q9FpADfRtqeA"
"PAandEMH","UC3kXRmDey3Y2bGkueuC8ObA"
"Paatari","UCQBN1Lg-6FLN8ysQy9Q0uTg"
"Paathशाला","UC0nGR8rSMsM6o8ZM-Rs_P7w"
"qazaq7","UC-9vtaxvAyg-FKwkDgEolEA"
"qdotai","UCR0k5CSOPsbILXbFReKBWqw"
"QFS Aviation","UCbtJDUUd9UMUZ8LtFZA8mhA"
"QG2007","UCUJfbDcL_M46dcF8s2bwQ4A"
"QGreenland","UCjWae_Jrbognx2ju_SHBZ2A"
"Qian Ma","UCMEw0sZo0iqf5fElOPOg2iQ"
"QikknoW  DiBusiProdServeCenter","UCCdoCX6yk0oQtH0QcHQCEXQ"
"Qing dynasty ball","UCgIhqDgPW9j_GSOtYT58NmQ"
"Qissati","UCd2xxYovpX2QJ6a4GbpEfng"
"qkuinka druaka velhelthik ohcumoohn rah","UCoUOru6_9MU8UL0Z1y5QIlQ"
"QLUXE","UCghlzUYtOWw4zSP_G5e-twQ"
"Qmindfulness","UC055IPmcITCTIOpEgFzyVJQ"
"qnemone 🔹","UC6RyFRqwl4eEASYio77bA0g"
"Qnews","UC2-BJe6f346jfmfUrGu0Gow"
"qq","UCk3a0TmgtwwS9yYO1F36ZgQ"
"QQuest Entertainment","UCCvGpL5c8wXFXmuKwhp_bQg"
"Q's Fleet News","UCIl9OA8RFHuh1C7hVD87zSQ"
"Q's Greenland","UC9TyctkYTsRUmCX138l6Dug"
"Q's Greenland","UC_afD_gs9QgEHaAmevEHbyw"
"qsl 888","UC-y_VzqXaPhoTbNTKURHDqQ"
"Qtay","UChvbqPrelHSoknfzfd1_jog"
"Quaked","UCoiGuGZIOcVnjpgUdef97gw"
"Quant IQ","UCqJrjma8bxFSS39B_iySwSQ"
"Quantum Pulse","UCxkFXWfsafAhfffRiXsIGAg"
"Quantum WORLD","UCGpbhcV8bNURjKj0FALQyKA"
"QuantumFacts","UC7XR5xtT_AHyaVUexy5LJ8g"
"Quantumized","UCG4ES-vTNQXCUIEt76ZPPdQ"
"Quark Expeditions","UC-QzUYWG4hVFZ4QXWkRYFjA"
"Quaternary Sediment Lab at Northwestern University","UCL0tPLIV0J4Co1joNpMBPuA"
"Qube","UCImyw2HUFpHNxrhViFZouPQ"
"Qubek","UC2GMT1KqDBShtCYMfItD5Rw"
"Qudrat k Rang","UC_Zv5bJF4IhXJgf0qt9p_Iw"
"Queen Shah","UCTtwKP7Eaw60q7EiozQrw5A"
"Queensland Solar","UCHqr_lW5c0ECbY_NNEssuHQ"
"Queer Wizard Music","UCrjaSuuZ3zbFwev--PcbH7A"
"Quest ","UC_-Yfc1iX3obHomxb4nP-dw"
"Quest Means Business","UC1j-H0IWdm0vSeP6qtyGVLw"
"Quest World","UCAvF72h3EvXHtFugNc2EzbA"
"Question No Questions","UCx_s5i9Db39TNBRSi6yZXBQ"
"Question-cracy","UCV6QeElCI0n9EAzc-h_7hJA"
"QuestNova","UCYxJNP4swewlpOFhH5mX7IQ"
"Quick Answer Now!","UCIBB2ScPT2-ViBddODFAusQ"
"Quick bites variety","UCxj8fbo1ilxwRNdS3nvFtjw"
"Quick Clip Truth","UCLpauLAwZIaQaZTzkNEBKGQ"
"Quick Clips HQ","UCMNk0jjO9LNMvcIXKTSAI3g"
"Quick Fun Facts ","UCguoqzLlFW8Q5sImSmLbXrg"
"Quick Historical Tales","UC28-ev3y9SnjH3uwsvjdzdw"
"Quick Information RK","UCNkIQmhx9eLrnWOatJ5DxAw"
"Quick knowledge ","UCL1oHF6INzfRB4GiAij3hNg"
"Quick News Global (AI)","UCkaSTgDYsgxPqwaztbKxgoQ"
"QUICK POLITICS NEWS","UCenQXEmtFRGZigE5wDWkQ8w"
"Quick Quizes","UCtDjGasdewsD_SfcnPigvng"
"Quick Solution BD","UCaXZFPKYpARxIPv5PG53PVg"
"QuickBuzz Bengali","UCv_GcoPZfCkQc2d1HOvJd_A"
"QuickCruiseTips","UCMZAbrJJ5odm-8sfukOtK5w"
"QuickFlicks","UCxtzeWM_Xtc6sJ4aLs6OxGQ"
"QuickHistory","UCXxmNcr0PpDT2bhwV4cCEQw"
"QUIET HOURS — ARCHIVAL RECORDS","UCpgvJQXogiih70fl4KO7Dwg"
"Quiet Macabre","UC6dtmrkPhQhy6vNntIeeiJg"
"Quiet Majority","UCMHx8HXfOLmX9qqpbPtnuNQ"
"Quiet Tone","UCFsLc-TRfwcBeXb8BuhKhKg"
"QuietMoneyHistory","UC1o0z39-oUlkMDBhQ2qBszQ"
"Quimbee","UCVTrDBjyx2YUs-IyqTn2AVg"
"Quindarious Gooch","UCUA7xHt8QFF9nEfE5Y5d12g"
"Quinn Knows","UCY4sQjjWAwGUtmOtXLiDSzg"
"Quinnifred123","UC4rtu3Lbd--IJR8y0-njRvg"
"Quinnzone's Endzone","UCaaXsIO6GSmBNgWfG1dmQ9Q"
"Quintin Soloviev","UC8lEv4r6x7fXq0Xo4r-5z2g"
"QuirkScope","UCu4BEfUvDMkXANTJxZhslUw"
"Quirky Zone – Global","UC9iRFRf6tscVZrzfSf1c9Kw"
"QuirkyCruise","UCFKxrKEEWic15t1kllGahpQ"
"quirkyquick1es","UC4wBsk1nBCqlN0z0N2nebhA"
"Quiz And General knowledge ","UCAEaGRF6z_ALZrN4dHk1AWA"
"Quiz and Learn with Me","UCVPLk6c4IeaIKIEBl063cmg"
"Quiz Blitz Daily ","UCfng1ZEnu7slbqeVLgw0-0g"
"Quiz Buzz","UCfLervF0BsZcNOxgiAbT8XA"
"Quiz Globe","UC35dm7HpJO1_7KLKrka3ueQ"
"Quiz Quest","UCw87u7fU1HgGaACOlwZqb-w"
"Quiz This","UClsJbDGOwugOeetuKEasYAw"
"Quiz Time","UCIitn0iH_tTxcdU5dfLCOFA"
"Quiz World","UCKvg9U9dUy_dFq5z-I7MdPg"
"QuizTrek","UCLf0eq3uiK93DHpepQlTiHg"
"Quizzers","UCh3v6A3OztBf8WWcV_74V_A"
"Quốc Phong Lê","UCLV6QgZ7nzWLKopK-dYI9OA"
"Quorra Bitz ","UC2BTpZz78NTCW-A0bl4lJHQ"
"Quotes & Facts","UCXzqtR8_0C86vEap9VZRaCQ"
"Quotidian Knowledge","UCg1SIc--OEsgDgWnnuQ230g"
"Quotient","UCmnpJOgz4CfgTNneKk381pg"
"Qurio.HiddenHorizons","UCyaMsyfDZ3OyyYbdzLxjMmw"
"QVC","UCW4gXUEypFeI3xgoQ27LFBA"
"QwikNews","UCGd7C5vs8IzvtLnZBqbsU7g"
"Qyra-USA","UC9imYpT7Aa81VQIkV99_W1w"
"R Anup","UCs-xYgLygCKYG11W5znHt0Q"
"R K","UC8ktXOYBnGoDNNtbBuyfFZQ"
"R.K games","UCi9Hn2WfrmErJdSRdzmwZiw"
"R.K mapping","UCzedoPYS5iyDbZ1LMV0sfzw"
"R.R33Z","UCoVEBfAGDgfkLpw0JOphcJQ"
"R_andom_Thoughts","UCkf0ZO0LHOQ4IbRuC82YMeQ"
"R11 InfoSpace","UCY7zwyG05kr2N-SOmH9mlWw"
"R2 std","UC7oWeBZJTvwKsd1EClXEbdg"
"R2m travel","UCQqoMuhGFqT8uphZw5T-jZQ"
"r2mstorys","UCQchMVPxdWqZEoWif9xQoRg"
"R3K S2","UCyDl6SD3BZ3xxtxlcKgFqdw"
"Rabbani Sir","UCkZPAROQI8IInGpS77SCgig"
"Raccoon 🦝","UCYeLUjrQc21Olbv1Tu6DYcA"
"RaceAnna Uion","UC9NNDsv_Pnxc0yfNcPjohNQ"
"RACHANNEL Rohmadaini","UCS-o3oOOXVUBOHQe2IkEbQg"
"Rachel Collins","UCXoUruYiGW1yoKKyQGmUTvg"
"Rachel Fox: The Legacy Republic","UCdt90FvLp1ecwt8PgiaoWYQ"
"Rachna Sagar","UCZLEQGHOYxnXIgufyK0EATQ"
"Radar Xpert","UCTZPSJ9hGp9J60xGq3mkEzA"
"Radhakrikrishna ","UCbtaIEoJl2NewLDJOLtOyfA"
"Radhakrishna Public School - Sagar","UCpXN05tchUojEEtz6tUNTdQ"
"Radha'sVlog","UC-DX90ade0DOqzY_8_mO-sw"
"Radio Canada International","UCCBBWqDv68pLXN65H0JLpsA"
"radio FM4","UC8sHUgh1Z5k_3fiA2VV8V6g"
"Rádio Gaga Mosteiró","UCnZVwS38fo6ufvR5kvm-O1Q"
"RADIO MUSIC 🎼","UCCJOqdLUxauDZ0ToFbWNF_w"
"RadioAmericaTV","UCh0_eDAiGKwmoKUTzZWNK8g"
"Radismaxy55YT","UCyRZywOP7wHlE0GVdtMWW8Q"
"Radu Cruceana","UCiPsmd-AvW8tFp9hUkmcd9Q"
"Raees Kharal","UCURtWBwFLwmGXHclZOdAyTw"
"Raffaele Turra","UC-yAn12yZupsJ1F052_WJJQ"
"raffsaid entertainment","UCjnmcTo34YqT7R7Y-uWzBBw"
"Rafi Talks","UCHs10osOdE2jjI9dj0JzBFw"
"Rafique vm","UC0hOVdesQ1oaefIhSUnMERg"
"Ragal 🇦🇷","UCL9gu3PivjLIi-MFnDXsWzA"
"Ragam Digital Media Adoor","UCr7CvVJRnkQNTUwszA6vCRw"
"Ragell Mlbb","UC1wV14Z9KJyySrZ3gUv8FfA"
"Raghav Suresh ","UCAfZl_e9fQFfM-FtNkU7PTQ"
"Raghvendra Dandautiya 1 vlog","UCMR05cFg2ZEqGBI4PQKSFaQ"
"Raging Chicken Media","UCdxrzqEa3iLrRyGgkJRvSIg"
"Ragini Sharma","UC8JT6LUA0kNc_8VKSOoV5Ww"
"Ragnarsson Review","UCyI6X_lPkIkS2IqwW_ZD8PA"
"RAHFAM Story","UC7FvRKC4hNlhFCwuN4SAkPQ"
"Rahhalah Explorers","UCwNJXhBF7TP3sphk5M0w13A"
"Rahil_Raz_","UC0aZdy9JIxRIUOtnnaCrPTA"
"Rahiti Tane","UCFiX4SWXcIDry7FCEKAhbwQ"
"Rahman the gamer ","UC8AVioj4QlgW9hOF75jhP4Q"
"Rahman_historical_info","UCbzXogqDkPcFeB-dVHC8RPw"
"Rahul Acharya","UCx9OyS-taYJEq107DzgW5pg"
"Rahul khan HD","UC5w9zNHhPTJgarGL3_YEvPQ"
"Rahul Kohli","UCaPfPxuZdEABFsLoZDN3Rvg"
"Rahul Kumar","UCFphx2F8GHq79nZ8eO47Vug"
"Rahul Nagaraj","UChZlHlRfLdr8li5frB7GuXg"
"Rahul Roy","UCF-FN34NpZ1p6ozVPEGTKVA"
"Rahul Sharma","UC74GPwZvRn3v497UqAdl9LQ"
"Rahul Surpam","UCYUEY7CpZt2DjxC6n1mA0_Q"
"Rahul vlog 100k","UC00nzoUCrAcJcx15zeGhJLg"
"Rai Star FF","UCHLacLvTfI9jTvjd6vegGYA"
"RAIDEN","UC_lm5_dRBBeHRys2hVAGWeA"
"Raighne Daniel’s Tuts and Shows","UCYFJ_HrhUsoDFbRK5zLO9TA"
"Railfan Anshu","UCiEcz-pRRWfqyJOrs8e-eWA"
"Raimee Travel","UC3Rmp5dQWWwLPdYEYYvdFfg"
"Rain Drop","UClIqcK7VdWIfsXE0whlnjRA"
"Rain Yumi","UCqdTu_mqGKpdKB7nViLSQgw"
"Rain Zander's video's","UChfkrXi0qXR_hyGGrz5DJQA"
"Raina Gupta","UCf8MfRdt2xaP6rBHmPaF1wQ"
"Rainbow","UCjeVyZSrtBIiXg27brDU7FA"
"Rainbow Toy Art","UCbW32ldcWf3ZyOELWDwFTwA"
"Rainezen studio's","UCy5iQgDBebBLsN1n11x85HQ"
"Raintasy","UCSVrzysm8xbfcB3cDx2PJ7A"
"Rainy Namfon","UCtvRC9ryjQBsnYYcz56HUKQ"
"Rais Ehsan rloooooo Object Thingy Pro","UCkIq0kKeF_wHwi9ITltrjMA"
"Raising Little Smilese","UCBaf6JLFVrvj_STZqc9Pc5A"
"Raj Atri vlogs","UCQxlXeNYtgDi2ZYh0kiY3cw"
"Raj boys","UC5gKu2b-bwtyt0e3zOFZBYA"
"RAJ Files","UCvzptXj9wi_btyHw7054Vpg"
"Raj Lakshmi Kumar","UCz-AlrnunSxasejQqOM611A"
"Raj vloger993@","UCqwJIMavlb1MuN5CTYIgsgw"
"Raja shekar","UC5akO3niU0fNtDCgVj6rDCQ"
"RAJA THE GREAT","UCOChugmSga9QwZQ9bYsI1PA"
"Rajabasa news","UCmmJreJGBqyIcqZsQzeH9Vg"
"Rajamanickam Antonimuthu","UCYl4FEoRuAv9G2v0cid5VnA"
"Rajan's World","UCw0S3EjCfGCSw1lx1N9hUrQ"
"Rajdeep","UCrqjSCKychVm0hW_n_0Scyw"
"Rajdeep Dutta","UCXULKtHp4qKjrKOKHMSU6Ew"
"Rajeev Kumar Maurya","UCrQNZvxwQdt0Xus9YlJpbkg"
"Rajesh Travels Short ","UCCvMehnFLYkByxs082_Cgvg"
"Rajeshd21","UChatWBp0J7-PZJIpaTvN8DQ"
"Rajeshwaran","UCnAfblL09Zd0W4QjGw25lFg"
"Rajiv Justin Arctic","UC7ZnWsgdPJxHiYioLVuLoEg"
"Rajiv travels Vlog","UCooPhy_iNCAfYmduX5acOEg"
"Raj's SnapFusion","UCpPu3bK0ZZpiZHpdY5kFLqQ"
"Raju Pothagalla","UCt3MzaGBtJxQ6c7g3GA75mA"
"Raju Sahni","UCq_pHgJjVJo66z2O1FBG8Cg"
"rakesh db","UCu_qwe3YS7f6mkTb9a2926w"
"Rakesh Maurya","UCRbLXgihpprE92ttl4Q_whw"
"Rakesh Mittal","UCoWfgl01s2Ir6rvDbboe5kg"
"Ralph Darren Santillan","UC7XVegLcH_F7bskiNW_oaDw"
"Ralph Freeman","UCOgK4Z10KPfAqKmTvNGBt0Q"
"Ralph Iantosca","UCcDERS5RqD9td3rO6Li5r-A"
"Ram Ajekar official","UCzBfLKsYMc1jKCKaC1Y46dg"
"Ram Bhakt","UCQ3TC_Hu2Pdb5mp7lRoyCdQ"
"Ramakanth Udupa K","UC_zyHA0ycbU3FdArazXlq2w"
"ramamg","UCu5hW2-G1qE-hu_Ad6h7fQQ"
"Raman Roy 001","UCaQh4r2hqhd_HiUG8Rb6c9Q"
"Ramana Kalaimathi ","UCJHJ5nrWsFUyboQH2Kbv7Kg"
"Rambeau Loves History ","UCaahgObzSq4ploIcugyJnmA"
"Rambling the Globe","UC4a2KXXTlnP8cAPWWJ77UPQ"
"Ramin Sultanzada","UCFdXIVJrcmZKePSZV0Crqjg"
"ramo niw iron","UCO1QTGQtNMGi4kwjSpSnuXg"
"RampantLionReviews","UCqkLKrkhJ2BBaclFOv4HaPg"
"Rana Hurara live TV#","UC3RaXh3qovIDA7ck5Sr-mYA"
"Rana Sumer Singh GS","UCalMRVTSoxdlRTEmXoWdFXg"
"RANAJOY'S WORLD","UC3FQ9siSpPalYTZGJWhOQQA"
"randinsona","UCCscGJmc3z73WFJ9iNhgCVw"
"Random","UCJXoWfkfyVU4HYDWsNLmjdg"
"Random channel","UCKFMKfDtwI5jPH47fsLmbhQ"
"Random fact tamil","UCVKvyAjWO-Oc2cy1nUgr0BQ"
"Random Facts","UCMKGHWseyY0o1v1cC-We6jQ"
"Random Facts Fiesta ","UC8zprchKKtoefnz8wUY4VxQ"
"Random Fandom","UCx9vqfgE4kyP_vkqmq0nUcw"
"Random flag dude","UCqQkE6Gv5Vsw8YIStavvtoA"
"Random fun!?(from Ohio state)","UCq5967_tBGiJ6ZQ44GccVWg"
"Random Geography Facts","UC598lPXpWtmCX9Hplm8d75A"
"Random guy","UC2JPDRJc1Oj3n2r6ad2v_AQ"
"Random History and Geography lover","UCwYAZZPfIpl-GCVry5AS00A"
"Random Houses 🏠🌍","UCVCF20_1N7IoSntLpBSC6FQ"
"Random Marbles and Stuff","UC1062z9zVgzO6KcHKdOH6Rg"
"Random Short News","UCSgE6gpGJfGdl8VIt9f2LCw"
"Random videos","UCCUFMPLj8SZ-g93zC6nEZuA"
"RANDOM VIDEOS BY BHABHA","UCEGqr3cNeoaL7FjLerW_zRQ"
"Randomaivideo","UCsE8CcPPciR2qt0dfQVBH6w"
"RANDOMFACTS🌏","UCwti5m2wL6zgSpU1zLAlZUQ"
"RandomFunFacts2025","UCFlk4UGco8Pks29FEVj4R7w"
"RandomLAFs","UCkGsQHWBsSPsvsiAIv8U45g"
"Randomly","UCZnRVu4d-lDpCR68NfwM7tQ"
"RandomPerson 39","UCADkI93wHkfsBW1MMKTatoQ"
"randomspace","UCd_LiH8SZxVV9rWWNRR6RUw"
"RandomTravelVideos","UCw_z0JvjgSPoqnVCmVjtA5w"
"Randy Rahmadi","UC5i2NMAO_1k-TAZgHcH6DZw"
"Randy Sioson","UCGLtYsj4icVR8Bk9Zmocfbw"
"Ranggi Drawing","UCMpbCKhjbthoIh9G1L0z_iw"
"RANGMANCH ","UC7rc2WzjrhGPYhShRgeuSRA"
"Rani Eliash","UCFXjJcaBr_CagRG1PRHvvCw"
"Ranjan 4x","UCnH3O_sj7sccLWsKccq1lkA"
"Ranjan New Teach","UCj6GYnmk9Uyw3xxeF08C0Yw"
"Ranjana","UC8lhq5fObClssEGKW1Ietlg"
"Ranked Facts","UCkVk2Pw-dKERTUpW6NqVNNg"
"Ranking Insaan English","UC1mtarrdxfDsq0vYv7eSFzA"
"RankingRandomVids","UCWHHwNEJE1oqxFdBNX9fYiQ"
"RantMoms","UC0L2lYshef86W_pcWq1QmjA"
"Rao","UCx8GMVC-fWO0UFaMGGZA4YA"
"Rap Coin Official","UCyX5UjVXoahV_e-ThyhbA7w"
"Raphaels Insights","UCL9pAR7WZ-1LteTvdEPHzng"
"Raphson","UCYb4sCDT2Vj-MP6Bsd-JSHw"
"Rapid Reality","UCo6kPd-28gtDBAX-0ImPAkw"
"Rapid Reforest","UCaFtnDUm8spLNyUzBPdeOuw"
"Rapid Report","UC9V6oL41OSGMEKXamON-tXA"
"Rapid Report","UCw6bsnhP8tIgbNQ-0xYK4mQ"
"Rapid Roamer","UCCwXUn9IyW9--IjHqpEPPSw"
"Rapid snaps ","UCiDlCB-8FSDfTlLXE27tcUg"
"Rappler","UCdnZdQxYXnbN4uWJg96oGxw"
"RAREHEARTED","UCH_O_BYesfXDEyc8jgTJezw"
"RareIQ","UCVvA5AG79Edy9aCEQpTS41A"
"RART","UCKGYYiedsXi427qD8NTkC6g"
"RAS Panko","UCGhKJWpCERumoq6yx2CiFIg"
"Rasheed Mohammed Medicare","UCntfU1ugApvxluEB18rqTuQ"
"Rashflim","UCH4-PRVEUDIot1etE7Y3u3Q"
"Rashida Ky","UC46LpyywPZgoZwAYHiGoDZQ"
"Rashmi Bora","UCSdR9Ty91RwgGfX36lNDprA"
"Rashmi Gowda","UCjoVe0yxM-RTF82OxzJQ_8Q"
"Rashuabhishek","UCcBG_9bVmHXgcBZBp9Hc2aQ"
"Rational Timeless Investor","UCPjcbDRSl6aat1zcYjYejuA"
"Raul Avila","UCeOMUWaTfSGfK53V30u3I4A"
"Raushan duniya tak","UCo-mI9ky3S5qAhYn2juP-1w"
"Raven’s Grief","UCGrj2b_pygAyHsXdj_0AjVQ"
"Ravi jirwan 💫","UCZpMf7iJ2Mv9aAx1CuXmnTg"
"RAVIERA Travel","UCMlSibSU-HEIKzFp93wLxug"
"Ravindar pattar","UCxfpif8HqZkJANltc60urLQ"
"Ravinder Rajput Tech","UCTxEce6y2Rl8iCZIMipFk7g"
"Ravishing World","UC0sTIGoG0Fy32cC5wT3kziQ"
"Ravn","UCYWyEKkZx5G8WhVEtHbLvaw"
"Ravy Pov","UCbjtYT0TtG08714QGsmONwg"
"Raw Arctic","UC9zkvFy-RhDBCc3Q1jmwwxA"
"Raw vista","UCIqz1rVwP7sP5neoFGDfouQ"
"Rawclaw","UCxwh4hdL2TV_EkaQKBoNR_A"
"RAWEDISILE","UCxmsdjKju-jLxA0mkViSGQA"
"Raxx IK","UCAKu2ae8smmCzuyksRD1mpw"
"Ray Editz","UC7EbRqAl52D6ASH75ZRGpQw"
"ray egley","UCyOUg5xPj5MPFp2SO34esYQ"
"Ray-hsin Chang","UCdhy65_1gk3S0UN12rvomUw"
"Rayman Tv","UCrolEPYH5LxbEDQddPY--Sg"
"RaymondX","UC_U1Yi1OkMgNlqqtKk3lHBQ"
"raysipeladygaga","UCruu707okBmEiSxSary-LCg"
"Rayyan AI","UC9Ayr9ejbnu-0WY1bhjKCqw"
"Rayyan's Den","UCv7A8E2eAkEiQfWX6Sy7rKw"
"RazerGamers","UCUQgz4kdCJzF1J29meD-P_w"
"Razgriz Flight & Spotting","UC_xpBwFkbwg55Hd57_rDriw"
"Razif Outworld","UCkB9KJEL4vBx9o2q6w9OEqA"
"Raziya Jessa","UCdVBqfjEVfdv_EBuME-slIw"
"Razka HRA","UCLQqYK4h_4AVcvafVeT63yg"
"Razone","UCuS7AqD36LIDOzILBx8oCFw"
"Razzle_Trikoya_Editz","UCsd-wmPaRqhRq87Km2R7IHQ"
"RCFlightZ","UCWlfX8fl-BM6BGDLrqe2WUg"
"RD Classes Ajmer","UC8qJb71_VpbHHoqMbrHCJMg"
"rdagar2003","UC4isuFxJy6pxycB7OYata9w"
"RDSL Knowledge","UCaBHkkSaqRyqAqLqms7KRKA"
"RDX_MM","UCKf4RtxzAiUzMvteV88hMjA"
"RDX2000","UCSf0fLVBIhmswIhmMv5kTMA"
"Reach Pilot","UC9U4Q4TRr0VRsQ6nhwncBfw"
"Reach the World","UCXedvZiq4SGk29TQ90jGukg"
"Reacheal news","UCT1adRZCj7UrLLTlaas451Q"
"React Hub","UCodlV2mdP2k0qau5cwFMwyg"
"React N RelateTV","UCNPl63Dw6W4bFHvhYupu1Bg"
"React zone","UCSK5-jdtT_UoDMZYoGfElSg"
"reaction force ","UC-3q6rzxrhPZ1GOiFV87L2w"
"reaction world news","UC3cnDrrS0QViu_PQvELSTTQ"
"ReactionCentral(RC)","UCjeFK4E5PAVmjnXgzh4Pc0g"
"Reading With Your Kids","UCMaoZhsoYh38RkJr0c7lzGw"
"ReadOutLoud","UCmfX0z4R2VMONRZlo-fhLQA"
"Ready to study something New","UCmp1IYmjLapS44ZEi8gB1Ow"
"Real","UCxf4xXKwoRB7SJ_1j7r5pgQ"
"Real beauty of world...","UC3gsuAuSwBALXc9THOvxYpg"
"Real Coffee with Scott Adams","UCfpnY5NnBl-8L7SvICuYkYQ"
"Real Deal Current Events","UCfxRAwfs4KXoNHHbiBb3FTQ"
"Real Engineering","UCR1IuLEqb6UEA_zQ81kwXfg"
"Real Estate & Share Market of Nepal","UCJ8re4xfj0MsDfdjweVj2TQ"
"Real Estate business ideas","UCouckfBqgXSszdo9_eaZrqw"
"Real Estate Facts Daily","UCngDHjtW3DN_fKcexIVNQJg"
"REAL FACT","UCzmOkFMfJz4Qn_rlGFS3zRw"
"Real Facts","UCkKIkMOzDjEUZ8co_R3p3lw"
"Real facts","UCNySBxS18Pn_6vnmrBZ8LGQ"
"Real Facts Ever","UCMK56T5V33Lr1xgr64h252Q"
"Real History Reborn","UC_ANLR44Jq2cr65pQMc2yqg"
"Real History: Facts Uncovered","UCKHx6Kq2kDvqcKkBFOwFnhg"
"Real Ice Network","UCufrAzSoABJz2jSWz27x9dw"
"Real Investigated Media","UCPCtI_6VYQiMZF-v5FbcJqA"
"real life","UCTMAdzdBMFEm27-B9O-LH_A"
"Real Lore & Order","UCx775uTHDFHu11d451RaXIg"
"REAL NATURE","UC2G57Da9voWI0iFS2O_kqVA"
"Real politics UK","UCMlkhnZLWF7tQnrGCprsy-Q"
"Real Stories","UCu4XcDBdnZkV6-5z2f16M0g"
"Real Time Brief","UCFVCuWc5b_P9UhVwcOoIFxA"
"Real World  Map","UCUFnAmn-rY2Zqyy5oSe24KQ"
"Real World pixels","UCaYrz398crba2IRphcDyZdg"
"real_gyaani","UC9nRH6qAwfgbiYh65gPVUmQ"
"Real1 Facts","UCgdG0DXDwS6eOsvAtxxzAJw"
"RealDreamExist","UCMXMgo8EJQHEWH4kfE4SDvA"
"realfeelworld","UC7mjZKiu707XpjkakFoco4Q"
"RealHit Travell","UCFe-zJOEzWUGVZGK0FFDzwg"
"Realistic Hunting Adventures","UC-mJbCbaoU4FcS8sSBHGA3w"
"Reality Bytes
","UCqLqgOX7-dHQ6tssQdReZ5Q"
"Reality Check","UC2c8kx-MoxlQuFIL7bgWBKw"
"Reality Cut","UCgRLZLdJqdFSsBOmytRV6dQ"
"Reality Explained","UC_Qcjmf7vL19BYW_bHYSfAg"
"Reality of Life","UCB5dAkibkTDER2_rKsIedtA"
"Reality of the Past

","UCfv8jolMUeH0U9Xe3N1n83A"
"Reality Shows Moments","UCdVpHr1d-Gdn-CndYoJuTLg"
"RealLifeLore","UCP5tjEmvPItGyLhmjdwP7Ww"
"RealLifeLore RealLifeLore","UCfca11AS-JBKaatbMikUHuA"
"Really Factastic","UCgPP0n40d3gW5i6L4f6Qzsg"
"Really Rainz","UCzUxPMwm03KKNRDGuGMm_hA"
"RealSizeYT","UCpRvKPQAEHI3kR_xClhZCvw"
"RealTalkz","UCRUukIpTxQaLFrQf_-YoBBg"
"RealTokiTube","UCnnkkH6lNxMMxp4mbNeSz-A"
"RealTruthVybes-ICBS","UC3g0SA24CiBdEHJgdWb8wZA"
"Rebel HQ","UCuMo0RRtnNDuMB8DV5stEag"
"Rebel News","UCGy6uV7yqGWDeUWTZzT3ZEg"
"RebelYelliex","UCCo4eB17KG1IkmvBSqFVcFQ"
"Recap Zone","UC1p1Zp_jphBto13vuj6G5Xg"
"Red 7 boy","UCuoQXW_dbt_KPN5IeqfPkng"
"Red Alert Intel","UC7YyHLlK9SXvfkIPxNmHh2g"
"Red Blue Digest","UC6sqXWK2cIJ09KQ4_tmpjNA"
"Red Blue Zoo","UCN20PWiu8GhaLD_H00YhF9g"
"Red Bull","UCblfuW_4rakIf2h6aqANefA"
"Red cancu","UCAa7hMe7NKiPc_HyV3ZjSfw"
"Red Delivery","UCsvh2Ua9rmuHYhIxaoLUWZg"
"Red Rooster","UCUp4bKXthPPpJNZjNUIYBzw"
"Red rose 1234","UC5PQMSCREpAoK-VqTf_Bprw"
"Red Vs. Blue: Who Wins Today?","UCaNvLT5lMxjzZOyLLxj_eNA"
"Red Wolf  TV24","UCUHXXTfovNiNgczghb67iYw"
"Red, White & True","UCwsE48xpBovzsTkLUFE9ixw"
"Red, White & Truth","UCK44xnSCI75Jv0lExZaOjrw"
"REDBOX TV","UCUOtyCJZe2cPKj6abFivQUQ"
"RedCapKoRn","UCo-_23h1i-BCOroz9TTeWrw"
"RedditGeek","UCGgCCd83WYY4Uf5rXjUQqeg"
"reddit-to-speech","UCk_mpiOkfRxJP-v1B5usO8g"
"Redeemed-by Grace (Formerly IAMisLove)","UCs2T3yO7JP_oqcI6jfEowGA"
"RedKnightGamer_YTPS","UCs6RKO-Sf6GNPT2c4ga8a1w"
"Redland CB","UCbyaxm5o7vx66bRYM0I2Nig"
"Redline Edge","UChGTZt8Q9fj2plu1UWvT9vw"
"ReDrawne","UCW0xckiKhzBrmFUKOTmkgtw"
"Redstream","UClEE44xcCO9P-axMw8QoTsQ"
"Redux News","UCGt93Z9TVqEMFMf7VVHOd3Q"
"Reed Schultz Geo","UCEwd_VhwoyMnRAu5O8r0pzA"
"Reel of Time","UCDVsY6H4zpF6F1N2jDg0Ltw"
"Reelest","UCtRq_Bgs4NzjV26VBlyTiWw"
"ReelMystery","UCq-Kr1h0l7T1ZC0DCwDuCzQ"
"Reels Hub","UCqtukM4d2nwyBR6qMQkW4fw"
"ReelStorm","UCg8I52N66-NXOEPv_zMf3rw"
"ReelsVilla","UCAHICji5065TCFO6GQ6oROw"
"ReelZ Mix","UCCo7ZJpGXVffw8-QtQkkXaQ"
"Reena Ahluwalia","UCXq5HbeGKxRBuZ8lb0PhyEg"
"Reflect Queen","UCK7V235UcPqqvfxyq_-dpDw"
"REGANELITE","UCxIqt-1YwX7bl_jNAV0aGiw"
"RegClips","UCcrxteRVycnjoGRf9s_dNYg"
"reh2os","UCDqCs2Zn9fqZRJJrpo3jgQA"
"Rehan","UCT-xNGhWQx1PUk42Iq4laOQ"
"rehan ansari","UCeP9KQjk2FLw045icMZooPQ"
"Rehan Ji Zaman","UCS2UpEGV24Ca8N9RExQ4r8w"
"Rei Muroji","UCnimQdeW1S_DpYTqz0j_M-A"
"REICH_X","UCfmdusdb67TiKi4GilFPsCg"
"Reiner Thenics","UCg2Szeb6EjWPR-lzMPsLaVA"
"Reinhard Biller","UCyw8nKCJWtqOqy0u-SQdmEA"
"Reinhard Dollmann","UCDxvYUKlu6joF2xfr1eQ8rw"
"Reinsfield","UCPoVDZiaF9bKt8quKtFMjag"
"ReiseVibes","UCp1mHBQ5g-AhlCHI6KRsY8A"
"Reisevideos","UCZzIWCIpXfzs9hO0jlRMKBQ"
"Rejsespor","UCjuNw5eA9W7yVa7hm11SWYw"
"Rejvi  Gaming","UC6BsnhEpPVg7js0NI-ZAJoQ"
"Rek78","UCNg_3BpQ0W26kXEw0VTdziw"
"Rekt and way_367","UCj5Vq8aL8GE2MY5xOAMAK3A"
"ReLabel","UCJrWY96612os-1-4jAVlsSA"
"Relax","UCXHC12UUbfW2yaN0-TOp1gw"
"RELAX and MEDITATE with THE HOLY QURAN and NATURE","UCkZNCOliTm2omGYup1xYnRA"
"Relax and Rest","UC5y8Ht9piP07__IoNJFKTPg"
"Relax Around World","UC5dRgLTQtSbdGySVPbY5hTg"
"Relax iO","UCH40VqIhGt5MET9FknfIW0A"
"Relax Talk UP","UCs2a6G6olNgn9KzLUDIPTWA"
"Relax Your Soul","UCI-zARnvLCvb1tqdx_NvsfQ"
"Relaxation Adventures Travel","UCbx-8A2eH-rcK3dNE7Coj2A"
"Relaxation and Meditation Music for Soul","UCrMW_e-Ws4jgerudthhQ1ug"
"relaxation baby","UCL8qMporwfFJoMlzhB2zcxA"
"Relaxation channel","UCl2QMzdMD6F_7eGdmzTq_2Q"
"Relaxation Film","UCPotnGNahFjLWjfsq4KYvuQ"
"Relaxation In 4k Video & Music","UCmA9VMl3VuiKPE_wM8xXD5A"
"relaxation meditation ","UCbwuXFfUFfI3ZziroC0H9qg"
"Relaxation Station","UCWjgs0jgC632Nc2uhgcu2bA"
"relaxcome","UCnYhpHMIIvQkKMmyXgxbXpw"
"RelaxFun","UCE2RXNMFDJbhbjCPSz0YyVQ"
"Relaximood","UCQ0Oah0083hFchgcwSVoZvw"
"Relaxing Angels","UC509Nm1zdeHVCkNdbmIAu4g"
"Relaxing Bro","UCMIuovSbfuV_R-1QFtqAFGQ"
"Relaxing Earth","UC9-JlPRsyBoX9F8x8B2xWrg"
"Relaxing music","UCsdaNUAmeMQL-FLM65J4GnQ"
"Relaxing Music - Soothing Relaxation","UCzx3yeMNk7rwmNB7mXSdPig"
"Relaxing Nature Films (UHD 4K)","UCzr31RPKw24SqpWWEkDWJGA"
"Relaxing Nature Music","UC8SBCAtzorMu7doWx27mMtw"
"Relaxing noise","UCkAaMXT5w2lgrjv_UPWz6NQ"
"Relaxing Soothing Therapy","UCtzXvc0GssS2-k3Hku3eUZg"
"Relaxing to asmr","UCRVa22xC9F30F1rc7TkFfyQ"
"Relaxing With Nature","UCJNImW_qxEQl9D_aW6AqdjA"
"Release - Topic","UCIolqWrhRKO2Z9IIPT8EXPQ"
"Release - Topic","UC0R2ZOogGK8ghMcZ9li0_Xg"
"Release - Topic","UC5IiVIKDWfSxHXezAer4yrA"
"Release - Topic","UCFyuQnZikmGJoiGqLoq4uiQ"
"Release - Topic","UCLZp9lAJO0NIZMRo1Pl5mVA"
"Relics & Revolutions","UCNeE6iH63f_FsIBjE7k8iJA"
"RELIFE Property Official","UCfngJzQ62NH9-CT6DKW39KQ"
"Religions stats","UCKYRvZHhe6wUMJIQN0XX6sw"
"relikto","UC63slL1NQkg_HhpzzjdTn3g"
"REMAINDER MOTIVATION ","UCHMbszRC6QrCVtCstvwzSOQ"
"remainify","UClOyUhsC2Wa3UH6mwUs5URA"
"Remembered Imagined - Topic","UC2J7ClXx11ZZFQKt1spcHOA"
"Remembering Ages","UC__O5Cw27PvXrhk6YQMi8xg"
"Remi Warren","UCTMt9EGY7Tq4OAfK4o-GeKg"
"RemiVibes ","UCDsvZCyiE5aHZUQ4A-fUHtw"
"Remmy Meggs","UCOhXnE5S5onoZRtlTB4WBlA"
"Remote Sensing & GIS Video Tutorials","UCEhAhlYOmRLMXkTzZIUZVKw"
"Remote Skills","UC6WJ2mA5WIkpbrmQlefmRCA"
"Renata Giulia Lucchi","UCzrtG5fhB18k1JcoPYtvBvw"
"Rene Abril","UCUuIBz7hqhFjTpg--_iBoiQ"
"René Lorenz","UC6OGIKECvID5In6P6kFYV7g"
"Rene Petersen","UCNW2yagNTn6O9mASWHnsaww"
"Renee Roaming","UC_ufpzixKs1AL2VRIAHNyaA"
"Renew the World","UCWi9EsjpAhrMAFy2M2c1GQQ"
"RenLun Studio","UCHDo1isc75m-2GAqVew8qeg"
"Renman Explores","UCOODa7JjGTWVYJihF4J9XJA"
"Ren's","UCHravPmTy6zEgBhg1jndRxQ"
"Rentals Srg","UCcG82AnbOUsyQGl-z0qBPag"
"Renu ka ladka","UClehR0VkOr1r1YyqwL5Q7uA"
"Renuka Sharma","UC8_JDzhRkOgsK5wdskD3_ng"
"Renuka Swami","UCJcjYnDastE8oGjruGa9u5g"
"Renz Michael Ted","UC-L4wrwYroY-oI-Ir2ZgA3g"
"Rep. Madeleine Dean","UCHj4veUyhPzzOW-Jvn7MqUg"
"RepeekHD","UC7QDySCAm4l39qXq4d1bnKA"
"Reports on China","UCj-MTr4T4rC4iI671LNqmkA"
"Republic","UCOYf6ZOmXOMMTCUklYO5o0Q"
"Republic Days  & other Holidays","UCiq4CJQRQKtMASvHV1PVwKQ"
"Republic of Greenland","UCbhZ5tZW1_SgPH39H458-KQ"
"Republic World","UCwqusr8YDwM-3mEYTDeJHzw"
"Research Info","UCjCk4Rd1OsOzwqVF0jOSJxg"
"Research Walah","UCvZebFjJkaF8TbHnUvk1MvA"
"Reshidly Sedz","UChE_J65lPDVWGfGNVQRgVgw"
"RESHMA","UCJzpAO4db_sUQgtYirc6fCg"
"Resilience Doctrine","UCWSIoLTPdHL7YxNYvNNq5ng"
"Respect shorts 😈","UCd8cD7QgrKjYcm6i5OKTgHQ"
"respect your self ","UCqGUmOlFztVrCd_crXsuWWw"
"Respectsyoutech","UCtKoBEOzyE7aG2YFjhLOEFQ"
"Respite Resite","UC6PdiWtnWILtYlk4G_J37dA"
"Resting Legends","UCWHyNNevoDMaJnwdmsIl7RQ"
"Restless Kiwi","UCkyqMfO5DfRXUW3bq15CAzw"
"ResurreX","UCBbu7GeFAV_tGVZeoT_t_jw"
"Retain My Words","UC_nRkWBrp3U_JHjkN0maPlA"
"Retro BoyZZZZ ","UCddCpKrWjkPw8jI8pMz0g1A"
"Retro Media","UCrXvFEflNx4VeC7pcws3geQ"
"RETROCENGO","UCsHYJRePGMW6PbMsEQZKtCg"
"Retro's Survival Tactics","UCwT89iIgoR8PYikEIaS2MnA"
"Reuters","UChqUTb7kYRX8-EiaN3XFrSQ"
"Reverie Geography","UC8IP4qWIL1Mtr9p5ypBo0eQ"
"Reverse Videology","UC0pcIX8sH31tqVy0P8LmJSA"
"reviews","UCgUXEUVL4GbsCNVqQh25yOQ"
"Revived Sui","UCJu7kwx0ykBW7Hbyjsx1N1Q"
"Revolutionary Communist International","UCtO2zDQt-AhF6SwYbXDdFKA"
"Rexlogamerstar","UClhyKnSJdAUa_B6jmtNOlvA"
"Rexui","UCsAJK4Ml4ZPhDhEwF3BS9vw"
"REY MAX","UCtbFmAEl_4b4wj2JI1MXVqQ"
"Reynard the Fox","UCr-Yww8BJQcRkZVg78euK_g"
"Reyos","UCjt1gfN5Q-8KcpoTy0LF4Rg"
"reza sedaqat","UCcHdbnFWjBHuVt3QU6ZoaRg"
"Reza Unofficial","UCSyqrtBZ-W9E_GHsZcyibDQ"
"RFI English","UC94pBdaUbepV5n3_F_isSWg"
"Rfs fly Pakistan","UCpKfwLBsAJuQwMVV6dkeT7w"
"RFU News — Strategic Geopolitics","UCcNB1tZYpeDetqCadElv9Ow"
"RFV🇫🇮","UCx8GR-vhcc_w-iPUuX9Og2g"
"RFY","UCwsypFQ2ribkkiOWOWLev2A"
"RG RUPAN","UCM4LIRvk4RR5FGHUP_LGgHQ"
"Rgrunna","UCAF7kPGdSnlPG-QVormIHIw"
"rgvoxvr","UCI0rs2NNmu_NaJDIH4WUMow"
"Rhett Peterson","UCUVZJ84XtFaeOhqiCK8hdrQ"
"Rhett Strickland","UCJceNbaAaNZvP9_s8iiMPbA"
"RH-Myst","UCl4gJ0HjSAnLLcSargZYpPQ"
"Rhoads Media","UC47gr--OeaNqFo9J2_Ic-8A"
"Ria Lina's Paper Jam","UCfaOEpf7rQcSU-Idp947o1w"
"Rian F. Holes","UCbH3qmOqP9_1NevVEcgpqCg"
"Rian Hotton","UCd0LhGXLA5eO6QQLSbtu5pQ"
"Riavi Tourism","UCQbm4hY-w4FF0yHC0kFo0pA"
"Ribsom Guy","UCsnr9kxmWix1DRfb2hXwiAQ"
"Ricardo Castro R - Topic","UCJQBE3C1OrY6OTa4pdgsi4w"
"Ricardo Rivera","UCXtFq_MPr58yhplbFwjKvdw"
"Rich Brandt","UCQO_8WQMyEN7vGQRzHEr8xg"
"Rich Fox","UCotZfaGTA-QJIM_QEq51zuw"
"Rich Fuller","UCygdVfu7zs84xLi2PSq-aNw"
"Rich Mac","UCjeZGOUZwU--MugMT07SJ1g"
"Rich Orman","UCufc9KpP7yIAmluFP4Dj3nw"
"Rich Winkler","UC01gRLWIwbuwhI7lWna0FrQ"
"Richard","UCxaSUgcMBReuqgZcxp8L8uw"
"Richard Bond","UCXNJRipQ8jyhb1yH-TiH31g"
"Richard Gomez D.P.A.","UC9VLFTe8eSbIqSOYWfLGutA"
"Richard Heydarian (Deep Dive) ","UClDchaIHIdISrndiP6g6oLQ"
"Richard J. Wolff - The UFO Files","UCNaAEivPMEXB0dw4nxye9xA"
"Richard J. Wolff – The UFO Files","UCgAofaIq8_FtbtGUAjs6eyQ"
"Richard LeBel ","UCQTnAyMrukHH7Hoe2JpoVTQ"
"Richard Sandling's Perfect Movie","UC3Uzv8nMHcrZ6TiYcohA95g"
"Richard Sidey","UCgOH382CwwX9tp-Y8RpkWIA"
"Richi Ho","UCttcoKbgatokMnSLL5xl84A"
"RichieWorld Walkaton TV","UCYM2KceC9u0cUKuJFjpYxpA"
"Rick Glazier","UCfZVYDGAhgSLKunM1Ef5I7Q"
"Rick Sammon","UCwV3nBK5un3sysYxlPTLqkA"
"Rick Shull","UCOWcMdo2aWiKUHRAbuUI8Iw"
"RicketQuinQ","UCSuiMBF42nA6T6INRVu92OA"
"Rickroll Smith","UCkWcxO_qdjLSvIBR_xqJBiQ"
"Ricksan mapper ","UCTF3pXnWH09JIpYCkn0dTtw"
"Ricky Hutton","UCOx6YBnRX1dv-Ea0RakXI8w"
"Ricky Life","UC_BrppSfyqazvvUk2DeMXow"
"Rico Limbaugh | Right Wing Rico","UC4VxHRrqKzjouF3YBT3EB4g"
"Rico Limbaugh | The Single Boyfriend","UCqlrUG-2-E91xaUdZUopRcw"
"Rico Melzer","UC5GIJDT9LxuRkeUFovpGuWA"
"Rico Santillan ","UC30qN1rlySgV1Sa0p0_NL6Q"
"Rider life😎","UCmMIDYY454p6zYF6QZTSUdQ"
"Rider Aankush","UCqKO7JzgEeFXgZjwXwHEK2Q"
"Ride'z Makeover & lifestyle ","UCKpfrNDGR3mFcb1j_NFNA6g"
"Ridhaan","UCG7vnSMPnFAhWXnKcvu_nQA"
"Ridin_Ryder","UC80gl2mqTopD250qs4EMwsg"
"Ridwan Aveiro","UCglTMy8VicghYZDVN6VGZQw"
"Riga Lac","UCfrs3ZoOynkETqpdp6EbJNw"
"Right Click SHORTS","UC2NlFIg1uWjd69bFbXDWRDQ"
"Right Facts Space","UCle8Mg1SrLHZAjfG_TNs4kQ"
"Right Voice Refined","UCpUd8ByxV3otqXmFLBvtFAg"
"Right Wing Watch","UCMXqRHe8n1TX5iDvkLS62rw"
"Rightell","UC3P6HsHixi6Os1RldQ1eaOw"
"Righteous Jaime","UCoeIu3JhYpCkZODLqCAaAzw"
"Rikkes View","UCTdbnFKOnviHYkoJ8kJLkrw"
"Rilo","UCfylrfxfNOdQp18oPLbUHjA"
"Rim “Mystic”","UCKEWTZnu8vKayBAPEUeMDKQ"
"Rim Tafech","UCRt3CQtuBJvpIw7kjX3SD5g"
"Rimmi Mutreja","UCeNFthTgIbwe4fqaOYKo5fQ"
"Rimy","UC5Q1AjBneGOWAX8D0Jm34rA"
"Rindone Travel","UCwc0ocBYDMIUkvzpbjTL8bQ"
"Ringtone creator ","UCDL4xUJH1O37iBLJ3iBns7w"
"Rino Rasmussen","UCNcyQLX1YSAPlugv7UP7BNg"
"Rio","UCGaNo4HduBiLWgw3Tf3ygbw"
"Riouss","UC8cwsF_bpzhNALDXhHknIgQ"
"Risainiya info","UCcQFHoLkwn-EkzA_DPy7P3Q"
"Rise & Soar","UCiosEdHVF1fHLKhPbY9qtlw"
"Rise Cognify","UCT1q_z9PmWfslRMmkzt8lBg"
"Rise in Minutes","UC7sudpUOAO2SiQUCdj137Gg"
"RiseTheory","UCR9950Rb54D24ld5FdlZhCQ"
"Rishabh Kumar 9131","UCTzWKj3AWj_XqItijyxxhLw"
"Rishabh Sharma","UC4x3rlnvrHTTmmIsWQkpWJw"
"Rishi Foundation","UCtqddQGJkCDFd4ehPo7AuaQ"
"RISHIT BEHERA","UClM5AgkxyqxOi7X8-oed47Q"
"rishutekken","UCLsNo4vQ4q0XnUBKdzPoSFA"
"Risk: LIVE ","UCkSzSb6cTEZq3pfa7_47n3g"
"Risk4Money","UC6ljkikzvaU_U2I3JRMGmTQ"
"Rita Ferreira","UChjY5GjoD2YZQIwtngt8XIw"
"Ritchel Bohol","UCHQQhKfSimA5900kSIaQq8w"
"RITESH JAGTAP","UChUpqKxk44HSsOjuwm2yQoQ"
"Ritik barman • 22m views • 2 hours ago


...","UCgEOWO9Z94IZeqp58qLtJMw"
"Ritika Rajkumar","UCWrZYRUbBYO8ScWFs4h-ewg"
"Ritu Chhabra","UC4AK7hs5B-xFEsSFSwGdBpw"
"Ritu Rathee","UC_5VJ3t5EJrEX_zv1MzWiUg"
"Riya","UCP-i3fXGgtQyYBVUWu822Og"
"Riya Sindhu","UCwiRN9qtcYPEZwMH10fMQaw"
"Riyan Vlogs 1118","UCij7HKg19G333y87ukrH-xg"
"RIYANSAN","UCM-MxwXsELJSLah1o8PxWPQ"
"RIYANSH THAKUR..","UCGE7fCvX3TLppCUwOHjLvcA"
"Riyasoutha","UCRdbg0oa4zN8hZiviZi7ZgQ"
"Riyaz Media","UCwR5C6WDBrKlz8kU5WmvsQA"
"Riza ","UCCyAUVVrtUPFkUdS3XIM7BA"
"Riza Kocoglu","UCh9IKbeET8cYfjpV809MJVg"
"Riza Mix Vlog","UCFd3sXhXa1TvxBzS0kcg7kQ"
"RIZAL EL RAFIF","UCxA0AxhkU9nGZfN4yhkD0lg"
"RizkyYee Rex yee zero Countryballs","UCN9oeqJUiyzN0lroB9rjmDw"
"Rizqi Pakualam","UCkBrirfryVdVbmb1KJU8HFQ"
"Rizwan Hashim","UCXWRuDHtN6eOyLi9iHFTZXw"
"Rizz","UC4NwrhkqnMgChX1mG5a5lrA"
"RJ Gallegos","UC-nxgByUzTuIXs-Zwgke7uQ"
"Rj guruji","UCnNCjyGPaJWHmV-vn09Su5g"
"RJ TRAVELS","UCHVqZ4JJ45oiYxuUxi_9LqQ"
"Rjd group ","UCcCXpk_pDklb2Un6fo3OFww"
"RK EXPLOR","UC2nwZUbfu2Om2RMXp4237QQ"
"RK Uncovered","UCphkY1GIWMiQvQ_aNB-faAQ"
"RK__CLASSES","UCmczn3oxb23Z9pc4P7rkyhA"
"RKM 360 infinite ","UCFjkknO-CViYWNHvMdGDsQg"
"RKR Timeless Tales","UCYjOkyfTmim-NEU7IwWXN2g"
"Rkr with Ansh","UCWiMPBtpN75KsPMHfWwVbeA"
"RK's Stories","UCOHQwbgvbBWXtvzE8sLA_Zg"
"RL99 Travel","UCPCbfJtPaq2Vn5GISwPafSA"
"RM FACTZ","UC-Uqi3HRIOHvjxIpTAprCdA"
"RMR SHORTS","UCf5RRvMyQKVlSXG3nHPBU2Q"
"RN","UCwvTvo-lLqEoyrtv9UiFfjw"
"Ro Ryon - Topic","UCXnV0VlVCqUepQRskcYPzIQ"
"Road Master","UCA9qmBJrlqXPpPMDNCO1JiA"
"Road Missions","UC6j_2JFFhh5ogcD12syROmA"
"ROADCATION","UCgU24GEMJhNih6j_9pCJarA"
"Roads Unwritten ","UCKcBIIQBlx2UhC1-J9rxahQ"
"Roam ""Wild Adventures '","UCYl2WKO3Oyl6jg62z7bL3qg"
"Roam Travel Group - Dream Vacations","UCY__kkRUJNamO9nV1GrUS-A"
"Roamancing Travel","UCfwjKiR0wCcFiTJ8YklymrQ"
"roamearth","UC0RA-WFQfNf4gkrKTSzmtxQ"
"Roaming with Ruhul","UCCt1ITPEeBaCMoBWpR4p0yg"
"roamingOFW","UCFju7amtu8jp7Bclu-P5j4g"
"RoamingShutter Tales ","UCF2pS98z-JG6Yv2ygNMFKag"
"Roaring Rush Film Company","UCaZtJy8Vejr07iPLpG2_-Mg"
"Roast","UC8KdbqZlMlwxxoL0UneOGxQ"
"Roasting god","UCmy7wZbhg7uBzz1PQa2RY3A"
"Rob | Outdoor Prep","UC2ZGENg7feReqyJqm9Li8_Q"
"Rob Ai","UCH4sT8NbpKIC6rkYy26xIKg"
"Rob Brennan","UC3C-4VNpE0NrbrGjmLP7ioQ"
"ROB COONROD and THE JAZZ CABBAGE!","UCqfTbb_h0gkHaz-WDTnndEw"
"Rob Gibberd","UC2AjNopCIpNiYsvQ8jJcw2A"
"Rob H","UClS3NOviB7J-Lo52KvE1ELA"
"Rob Reacts","UCVrkUiSjOmOQ0i9JSI7mawg"
"Rob Whitworth","UCOrd9DxZYik-EzrtQxC46jw"
"Robert Dennis","UC9IkTponPDPGDCgsHyLWcBg"
"Robert Escobal “Robert” DIY Electronics","UCvaUQ-ydAKZhGT5OSBwj4jA"
"Robert Foster - Topic","UCOHo8sNynfvkXenjDGO2gYw"
"Robert Jasper","UCvjAYYBYV069S_N6wmwCMXA"
"Robert Murphy","UCsyREevg_cpdpa9w5VZIVZA"
"Robert Reich: The Hidden Power","UCjEby8coEf-M_ft_57q5CQw"
"Roberto C. Lopez","UC2L9DNoUR2R8BAY_0Ex4FDA"
"Roberto Ghezzi","UC5f3IXn2W4JymE-6CrQT8qw"
"Robertscribbler","UCZRjODCB2xMOw80Tbvujugg"
"Robin Higgins","UCVOqdKfieDKKkErxLhC10IA"
"ROBIN JUNCTION ","UC5NTyqBMs788iK0HyixFmAw"
"Robin Law","UCtHeFJ4TWP146RO6N_oCCEQ"
"Robinson's Podcast Clips","UC4q7qO2MpWdjiDqmRI-MFzg"
"Roblox Dude (KJ_21SERIES200)","UC4KHKyA9jZ9Lu4FAm1Ri7ZA"
"Robo Overload","UCkzHdIAjXiLP14SRz6JGAoQ"
"Robovoski Hamster","UCQ7gpY0REX4aLsrB5-8c8lQ"
"Robox player Jacob world ","UCJe8JJMNbzOCLe_S37R09eA"
"Rob's Beyond The Ice","UCUczLwU2MmQha6M9M7aoxcQ"
"Robson Armstrong","UCdKH1AqEkcLJFbhv5QX0Lzg"
"RobuxAreNotFree","UCM5vinD3FirpPD4dEcELocg"
"Robyn Curnow","UCrUI_iyUE1iDWcq2Iul_Y2g"
"Rocadog","UCRR1GzziFr5DIMaO9Gb4atg"
"Rocca Schwarz","UCkgA2besz7PkWa76vmxJPKw"
"Rockampau","UCYaEQyCfhwHkWQa-fZkQLrA"
"Rockito crack 12","UCwU1EAiPQvStPbYCWbDMGiA"
"Rocks_Gaming","UCjrk0RvDynA_xhSs0F3AhgQ"
"Rocky High Mysteries","UCRvPloDJYr-caSawUh3bLHg"
"Roddy Ireland","UCDR0D7SnuX9zMpGevFbmwdQ"
"Rodel Hufana TV","UCYFlAh_YEWnTQEpquGxO7oA"
"Rodrigo Sanches (Sam)","UCDgIP8HC_KEP6nqF7K6gu4g"
"Roeditz5000","UC0lqCby2Zwtpc2DoHCeYXxg"
"Rogan Bites","UCHTPJUr9RmGlpecfPSDlkzw"
"Rogan Shorts","UC9dbJfyzwduvCb0AFafPPkw"
"Rogan's World","UCsL187uELt-2nLh-JdIvReA"
"Roger Gewolb","UCBDMsv5tMFceEunpK-G98Dw"
"Roger Harris","UCKjAjO0rOywRutspRizdq5Q"
"Rogue#tech","UCeaMlSnr4Ne4JPV4JpcbhCQ"
"Rohan Kotwal","UCtwCl0jmJnFJTOGDJWzfVxg"
"Rohan patel22","UC3nIQnusCi-IB8XE7j37T7Q"
"Rohan's art connection","UC_6VPu73mGdCOIMycD3ObzA"
"Rohingya Daily Express ","UCKhzqhiaZ4KU7Vx8i3N8XFg"
"Rohit Kumar art gallery","UC6szVlbJ8Kzj0aMDFFnD-Tg"
"Rohit Notiya","UCqQitVxSdsYc111dM23Vvqg"
"rohit Sharma","UCgV9_lvis_VjrdXbclLpBog"
"Rohit-sarakr","UCScVm4o6RPzrCMZqDh0FC3Q"
"rojay john","UC09ZiELZAukejhxJHcgsotA"
"RoJeXXo","UCl-CpcQL47Mrwx_n0um0U1g"
"rojo","UCCmaLgKYR2v-UyeJKii59fw"
"Rokashy Lowlights","UCl2NTzEyeVhpVk8lzltOc2A"
"ROLEX","UClJXNsEKylFoB4ae6tZ9z5Q"
"Rolf Heubel","UC93nFXhy9wFp7qbBPeK0-uw"
"Rolland Reviews","UC37MRJ49sxUNe4BIuqU_XIA"
"rolling_82","UCWYT5IhkaCx3TZFAYJPSxqA"
"rollingfeettales","UCOMFpPthNsmNNHn5rT3OzYA"
"RollingStoneChurch","UCRnakAOi3PQidW0LzrotaJA"
"RollinPanzersGeography","UC5NMKtf0Z7aPpbVDZkuk92w"
"Rom","UCjweNdK561Tt6tPMcCW52jA"
"Roman Balmakov","UCpYbVshC5t-Y3KzVvWnfExw"
"Roman Red","UCwQRQ_cL9VhFqk8ssoXNB9Q"
"Roman Zhuk","UCpr5_pammyTTUP4amlQ-H0w"
"Romanian Mapper","UCUBWC2FMBaDpA-M1HAILhcg"
"Romans 10b4 Shorts","UCGCBqct6YV3p46de1Xix3Hg"
"Romeo Fact TV","UCTcsezqPGpZmEC2w-b_Xp7A"
"Romeo Has Arrived","UC6svfWIm75Kl587t2BwV3nA"
"Romeo Monillas","UCUdT1AFv-TJThcI5iB9popA"
"Rommel Z. de Leon","UCmNyxQRvDjvwA30vYRffH_A"
"Ron Antosko","UCArjAMxHyWtk7Ye3depaQ2w"
"Ron Miller","UC8VdwID-PvJ2BP61Uuo7DdA"
"Ron QuickTips - Stay Empowered!","UCtzNxfEOHBaq3cZGeRDLkFA"
"Ron Rosenstock","UCcmco0Ls5cuBAtZrQesFdtQ"
"Ron Viles","UCxtxt1TTHbxqN_fuKgRs1Ig"
"RONAK BHARGAV","UCuKDiLYm3zN8FsAzmZdQ97Q"
"Ronak Singh","UCQjnrmSvr98xtXqpfdRZWbg"
"Ronald Ackema","UCEK0lix4x-Wjnqccq4_bEhg"
"Ronald Nixon","UCNbkLheKc8bBqHuPFMtPYnA"
"RONG ROAD","UCtIAKLs_gwGCoUSb5-KeaTA"
"Ronki Sharma Road King","UCnuGL-iTNcpqs2u2EmL4XeA"
"Ronnie Ward","UC8D5rqjA6jUveR-CuXiaQtA"
"Ronsku","UCIm7d-fQBWrpaRCV4_Kz9og"
"RoohME_Diaries","UCwyLdxaItE2EkkaoIpVsfuw"
"ROOTED MESSAGES","UC4M1uajQhOFKpv62xeAo4Kw"
"Roots Of History","UCCXqNC10lmD9Jgwd0iOJAnA"
"Roots to Stars !","UCkUf4vHDUspkmgLTq_iQTEg"
"roroa jojo","UC59KCL3zV_KwitLPJYHZ02Q"
"Rorshok Arctic","UCZeSR32iykp4pf4wa0o_uJw"
"RorYTWithing","UC1OpykdkqE6THemseXEOAog"
"Rosa Aviaja","UCYDXGRVbClx6nd2M_4ES7YQ"
"Rosanga 34","UC48R4GMVdJ9U5xi3MNypjcA"
"Rosannguaq Kajussen","UCKmhvfN564BGiyFLp4Aod6A"
"Rose Biss","UCS4SeYWypQntRo8dTTyHLIQ"
"Rose Capudo","UCv63I6diyTkq8phagHh2mPg"
"Rose_pinayAdventure","UCFg1Kd3zHisHilEN2Nng44Q"
"Roselva & Achil's Short Video","UC_jttb_ahp_39McsveCresQ"
"Rosey hue","UChUTbEoWPCE-ZBV8tisMvCw"
"Roshan News & Entertainment","UCXmvrcRNGOAsYCmSul78Mfw"
"Roshan Sridhar","UCCFztA0xGS-DZO4LyAEZ9FA"
"RoshiniShaik","UC5QdRKsa_Rm_Y3IRL2PtJJA"
"Ross","UCBwX0jv1MYiIOFWDsdXG0bQ"
"Ross Givens","UCRa7RtGn8UYt5EQodqmIZ3Q"
"Ross Mandell","UCs916oy_Z1QcKVkptQ12RZA"
"Rostov Mapping","UC7C-jd_cOeQmYF4Iex_pd6w"
"Rotten Politics","UC-uN26NQtNR6HRiIW4_YfzA"
"Rough Roads","UCASmLiZopPVTsyVgwxp-HSQ"
"ROUND DA WORLD","UCtLSlt3FAEC9PuOFc8t_oGQ"
"Round World","UCSrZZuWdOnKhqAN2qI6kWug"
"Rover Travel","UCJj5-H7BX8IsjKCyX8pWsrg"
"Rowboat85","UCx4xN_e5GV89F12vIq3dVaQ"
"Rowdy Tavern Bard","UCVMvC7_E03UVcjX6Zo8QK2Q"
"Roxana Stoleru","UCtRJqs4uw3TpSqKMt3wBSFA"
"Roxavgeek","UCB8-o3Ov_95jdpE-xTlIZDQ"
"Roy Hessey","UCBF94JDkmlW7rC5Ac_J1d6Q"
"Roy Jr","UCUBgrDqkZ8G-4gqbJMxjP3Q"
"Roya News English","UCmI6Qe9EiMTyJeFdmf2sgvA"
"Royal Caribbean Cruise Chronicles","UCxXeKleRisCVccosoM7UFag"
"Royal Drama Daily","UCmRF2laKpEEYuPIJ4YfamlQ"
"Royal Greenland Global","UCEU97au1UeFmrfRT15OwX5A"
"Royal Greenland UK","UCFNBUXUUcc52iVpzcos3e4Q"
"Royal Greenland US Inc.","UCETWbBpwtOVRp71HE-ZWqDg"
"ROYAL LIFESTYLE ","UCiITSJ9zWsh-Y00XYW3cyPQ"
"Royal Roots 🌟","UC24gPp-ukbUFKpb7DP85cWQ"
"royal studio 2.0","UCQY8qTaRuuYjUHPNk8vLviw"
"Royalty Family","UCh_KloxOcE45r4jY44h2Agg"
"Royko 1999","UCyQ6FKQ7WeOVbMqteJ-fdbQ"
"Roy's Corner","UCrA_bgfAU_A4UUDrCiXUPGg"
"RPG shorts","UCgBHClR9BtPWzGZndTqexEA"
"RpM_Łethal Λ","UC17Xl7hl5TL-wrBUegErQQg"
"Rponews","UCidWv2r_kuCGYAmzUqqCUOg"
"RR group (Mapping videos)","UCnZOSaEZdJElJev1UZf-MKA"
"RR INFORMATION","UCH18xMYMoQumncFGTAh6qpw"
"RrwarFacts","UCK7SgrZm5V05Ef9cjjRxTzw"
"RS EDUCATION ","UCFaS9spvFW834HFZW5LNWOA"
"RSH09","UC2ClhVP_CcXacb7yRcoq-JA"
"RSXL CHANNEL","UCLNDzUzVCrRI1jJtZ3QP2WA"
"RT Productions - Topic","UCL40CIzx7AqJsx7nYZqta4Q"
"RTÉ News","UC8urSFTmQDxaPDEIZ2Fd63Q"
"RT-RAM","UClqHfhV0KyAtPWZ-l8v-xTw"
"RTT Vlogs","UCrW8weZ5znGp6S74OOM91ZQ"
"Rtv World","UC16u8Hf56wwQ4VZ26EWGYCw"
"RTVII","UCCc61QkVC4Y9C_4Auhw-n4g"
"rtwpaul","UCf2WAbm2AvdODgvJ1bhLKSA"
"Rubber Boots Podcast","UCOj8puJqh2--IkfW0epHxlg"
"Rubi Hammer","UCJaSGIoepDfBxeLtcfmTRZQ"
"Rubicon 3","UCUVTAy1Qm4lz0uZI_83Um8A"
"Ruby dot gl","UCtt_UQEToz6Y0alKWFqNMDw"
"Ruby TV Vlog","UCuNaIFMuGNZbJ-rCCRw6gVA"
"Ruchi Sehgal Official","UCf7HN0WtZ2wk9Pp5Ki_zjrQ"
"Rudaw Innovation","UCE54aH0jrBBRKLkhij0O9iQ"
"Rudra karmakar 7","UChH87Afxn68rABsIB_DH88g"
"Rudrashree Army","UC2tPZGDtYy6B6f6PVjQisZQ"
"Rudresh Shukla","UCqN1AZBTzjFhLD1_oE3kLeQ"
"Ruhi Factopedia","UCJV3nvr-if2VYeXf6IWt2og"
"Ruhul Amin","UCBiVXdN8Zk4v2YufYKJD88Q"
"RUINED ADVENTURE","UCa7aU6NtKXTMYsSpSCYE0YA"
"Ruined cric","UC0Kmx-RTvkTgYDw2HgNEwPg"
"RuinsDecoded","UCww-B-AmMxJ6fTKzgOa68Gw"
"Rukavov","UC6jQPnAI4Y3bAUURzlxpr0g"
"RUKHSAR GGN ","UCeX6ilTBuvMDJscRk50HVMg"
"Ruksans Journey ","UCdDoB2B8onqmLXeFaTzTn0Q"
"Rule Britanya","UC0Xvxj7T-lZGsdyKJtQvcuw"
"rumors_like","UCd6LEuyXozHBWF7FoEHxQZg"
"Run around the globe","UCZ9ib1j-u4exu9-cDDS_QnQ"
"Run Toward Goliath","UCU2FzlSIkYB95pQl0lE9OJw"
"Rune Haahr Larsen","UCA0h4OHWL12WSU-0Fc8xdMg"
"Rune Langeland","UCGfA6tXC2-NEvpBpgoeXtKQ"
"RuneGjeldnes","UCTl4Kx8tdcyL5Y2sLMjVY0g"
"RunW3y","UC_dJgxKBwBxyJktl8X2GzBA"
"RUNWAY ACTION by JustPlanes","UCkljDFwuJZf1jMPAuijsNAg"
"Rupa Aggarwal","UCAdoRj31ojTMdHjLvZCejtA"
"Rupak's Journey","UCcvqZ08Rf2isb4NVGBy9Ozg"
"Rupee Theory","UCM6hffI0AElTPalnTKS8Tlw"
"Rupee&Republic","UC2klbBKaPS7SYL0wzdyXklQ"
"RusarcEN","UC-ZlhyS5P5UXb7w9qqhZ_vg"
"RUSH edit","UCAGPcVioHH7hKdyfXpPG7kg"
"Rush Gamer Boy","UCVIDWqq2vzLBHigg8uIPkCw"
"rushfan9thcmd","UChq7Zaz8mQJyHbXcYsRhwIg"
"Rushil Kumar","UCqf9HY4cqRRwYPXq_ghjZEg"
"Ruslan Merzlyakov | astrorms","UC7hNFckN0qmoGP7zmw_LVGA"
"Ruslan Nadvodniuk","UCmHfMQXKzIypSRZ0IgxInaQ"
"Ruslan Playz","UCesDNMqJ_3TjR0dhHgxr39A"
"Ruso-Burma","UC0KAYqx21IGnMIYdS1UfaMw"
"Russia Empire 36467","UC-e9Kjp7yAQiy5X7PzQxxmQ"
"Russia Latest News 24x7","UCZzATbVlug9T2F_Mu9NUiCg"
"RUSSIA_JERMAN_EDITZ","UC_uaBFrVk63oE9PKz8z61SA"
"russiaball","UChWujwTx0523ISL_BfwgPbA"
"Russian Empire Alaskan mapping","UCAW4BzN8ossMkiOfrVoWFPg"
"Russian Man","UCoQ6Vlluny6TqRL_BPrlIIQ"
"RustyMoonProduction ","UC4QSKcsgfLlyZ6Xb6oGp1RA"
"Rutgers Climate & Energy Institute","UC0bntsn208Oqsl3LzJLIOow"
"Ruwwad Akram","UCdLdwGzwwl401wRxVIl2rDg"
"Ruzel's World","UCLDMBK_J7Sd8kNqODcZtawA"
"rviproduction","UCRAL4nU-KzWJxZtDawRxZrg"
"RWA Civil Services","UCUFKB9lrxAexf6cyYjy4D0Q"
"Ryan Christopher","UCeiuP5_vk_K7Z1SHq65mgrA"
"Ryan McBeth","UC8URMa1fI4rlaLc-Lhev2fQ"
"Ryan Spacey","UC7aiAy1ymaIsL9kg4-wIqaA"
"Ryan Wuzer","UCZ3vEGfrm_lFskEAFUqKhUg"
"Ryan Yin Wai Liu","UC8ZmClz7P9rSXQKVAM0ZuTQ"
"RyanairButter •","UCoUWzr7NbFBdXncLWk9cxWQ"
"RyanJCanada","UCY2SHPqbIt_ImPlvWdUCrFQ"
"RyansProductions","UCSwz8SgKYqZtYHRrzlaLFLA"
"RyceTV","UCICxXuZLjohp10UuFSExFVA"
"RyZaVedits","UCLYP4-DW9LVHjKXpJkRAXsA"
"Raajneeti Wala","UCdZP5cw2ahv8cU73zUiI10w"
"Raavanan Karnan","UCzXCv-qjjqPq5HHDuaRdFFQ"
"S A L M O N   OFFICIAL","UC_KpOtcG0EsQJmTAvOKbP4g"
"S C","UC6XxJHpU61BSwQgCRzi5bzA"
"S D gaming 11 india  USA ","UCE920wPvWT2md1mToSNaiOA"
"S for Story","UCxpoBGtQBqKGbV5Lu4Djg1g"
"S R B official Blog","UCRMfuizQ9WiXL7UBUDpp_Bw"
"S R I_ VLOGGER","UC79Zs9Wd374XvNDleVBRwuA"
"S slayer","UC2DdHHkBa8r6tP587VSylkg"
"S&P Global Energy","UCUojLlX-tDuh2tyEum-wRAA"
"s.s facts","UCGjyVAMM8iVWG2IJEJgd7qA"
"S.strainbow","UCfcnKVmK9OWYst-T9JKJbxg"
"S.T.V","UCiuEX67MC7UmoBGoKzQpDag"
"S_G_AYAN_1901","UC8Qkp_vFsfMl_9GGOXvcqGQ"
"s1lomontry","UCGhbMBii5j9Dz82a8nJmFng"
"S3 Consulting LLC","UCOr76JhRHlMoNIGnQDytprg"
"SA Gamerz","UCFADy8hWlbJUyQlX9Eff3Ew"
"SA Roamix","UCtHb8FTn6hCM56vOK5D9uSg"
"Sa'ad.Mapping","UCx8ent1zhvnhVp6EtYRd_-Q"
"Saba Bogveradze","UCbDfpMckDCaINZgHrDEh3xw"
"SabahXD(ノヴァX)","UC4LerQgw1nM3aHi5pPHQCcw"
"Sabari Trekker","UCRJbDvH37WyAtWmwro6b6SA"
"SabaTheGamer","UCWNUUncn8HggoesJ7vpEolw"
"Sabikon Naher Nasfi","UCDy9jmmeCBkv0vShSNA7SQA"
"Sabjal Hossain","UC_5pqZoCLZZs1gbbYKjIw8Q"
"SABLE SAFARI / JKO","UCu_OF0OHcn0voZ9qBiD6oDw"
"Sabrina Spaccarotella","UCKtJs-u1wUpxOXvo37ACOaQ"
"SAC DEP BEAUTY & SPA","UCKuVc-D-mMYkIYR9wgKcUkw"
"Sach Side","UCVy2-rMrkhVNkh5bGYSCD-Q"
"Sach Ye Hai","UC_JbISUjbXVjcsFX-AjfWMA"
"Sacha Silverdove","UCVfINk1LKehlUrb9u7cYbqw"
"Sachin Talekar vlog","UCo4M1qQjQU_DkKB-JuY8cBQ"
"Sachin the country guesser 1 Million","UCf0XaWqu4-Br5gjd_7xa1XQ"
"Sacred Flag","UC2Oi5oaKzQ-g6UM1bKxKEZw"
"Sacred Hearts senior secondary public school","UC_kOKDQPQQiXItOJv-bUfuQ"
"Saddlers","UC0adHkMuXvUYQEkqpSQF2Jw"
"SadeceGerçekler_Calvin","UCBRT8qyUNJ3V2roHDJKtYnw"
"Sadia Liaqat Ali official","UCCwUA6EJJmMqNH2dbLkHk6A"
"Sadia Mirza","UCY6UCxrA3XjhsvC3DBrqmTg"
"sadiq_emoji059🌐","UCdKGLlYTIT727_8XTquZaSg"
"SADOPUA_TV","UCLZlsltzvhCl82N1oljfXEA"
"Safar--","UCvVKOKPuEN6OVERqOmcuFjQ"
"Safar–e–iman","UCvRgl2ZzAA09wnLMEbJzRug"
"Safarnama Diary","UCZeWP827zLr0A5lZc4saCVg"
"Safe Coastal Development","UCVTbytVN7lZEUxPs9p0CGFw"
"safe travel","UCyFamPPNocBqpQKiYdGimZg"
"Safehaven Marine.  ","UC5ZUArFNi-Bs6SEH1epQnnw"
"SAGA OFISIEL","UCoLlvkEDFixvzhDw30smVQg"
"SAGAR 4GB","UCie9Gh-NOCurfbUjjbkF4Kg"
"Sagar Baraiya","UChpFL6O9CU8h0Si6Sv6WxaA"
"Sagar kumar","UC9ae_IRdhAiflq8602l0EVg"
"Sagar Mishra","UCejo2qT1QvRUIIQdJq7DSxw"
"Sagar shedage","UC0oZr0CwVDl2ILDVOZusjww"
"SAGAR SINDHI 110","UCT07JeN7KBatLU2IW3Giyfw"
"Sagastad","UCR-Vx2fPI3R2GVVhuXQwZFg"
"Sahil Madni","UC_UCloMZp6Eno0bDZvB4aHQ"
"sahil mandhra ","UCzDrRx4SBIwe25XLYGXqr9A"
"Sahil's vlogs ","UCCMCMTtCx8bIgCxtoybmlZA"
"Sahitya ki Duniya","UCykLhBtKVx5lTkUKqMjA5tA"
"sai","UCKQ-0J74txYu42ujQjuEmNQ"
"Sai Hon","UCIs7OZt7-Fh5eSuFjVZKgmQ"
"Sail Hub","UC0iJLO1WeyCXyuLnfpmYYmw"
"Sailing Hiraeth","UCKYtNyTudOwUpuAkojWX8Ig"
"Sailing in the North","UCz1Akxl8I9WymIZ5RM5rXJA"
"Sailing Jibsea","UCsi1icQ0MmDnRGnre5tN4Ow"
"Sailing Strangford","UCELkx3W94KhEXGqZjqHZLCg"
"Sailing Svea","UC8WzZES3Se2sjBJiYFaFTXA"
"Sailing Team Tally Ho!","UCfhMgq35AoRxbh3gzY-MG3A"
"SAILING THRU ICEBERGS","UCwo6-KLJt0MMO4urGEG9Ymw"
"Sailing Triteia","UCgsTVmZXTKrnfXtxATXxUzQ"
"Sailing Yacht Zora","UCZ05SYliiCbF_0mLNTI4IQg"
"Sailor Samurai","UCKP9WJmA5-qEIaa614PZZPw"
"Sailor's Diary","UCFCmc4eUdFI2W2R_y6GFZCg"
"Saim Sadik","UCLToc8k4zw2UquTVJsLbBkw"
"Saima Sabir","UCvRBL_5ZUHw5241PeyjCbiQ"
"Saimon Saber","UCsmyKLJX1T62GrGn45gxm6A"
"Sainik School Coaching By Abhyasam Defence Group ","UCJnv32AwMLbpr4ZA_Uh-19Q"
"Sair sapata with Lahori munda","UCwS1R2FkdsB-3Jv2Q6Z-1IA"
"Saira Hayati  -","UC_pDiJnIGY28eZjbyLt5_pQ"
"Saish Rivanker","UCrgeVuIWna-wh3YvRDcoGsA"
"Sajid Voice","UC3lvdeN3z01j7j9gtdAIL0w"
"Sajina Khadka","UCXyp7izNGqpSp3ae9-4vEvA"
"Sajjad tractors sale point","UCLMwA2VbJUHwqc5JfMB1maw"
"Sakalam Shawarma { Robert Cozma )","UCWMhRxDGF7zDPrE1ggI_aYA"
"sakartvelo.mapping","UCFBwxYicaTKJlJ-v1P13UAA"
"sakku","UC_apvxUbE7R_qkZgb-IuJcA"
"Sako","UCB5xiV2OopvpptHM5244lNg"
"Sakshi TV Digital","UCTAG4XZHdAlN2-m4rr9WKoA"
"Sakshi Yadav","UCVlZ282PGG1pVaoc49DHoeA"
"sakthi shri","UCNn0tyrsup8bXSiJY8DupSg"
"Salac family","UC40SsCuUmgZt82aZbGXDT-Q"
"SALATA PİLOT","UC2bzkoOB2fdQsIX0e3PpbIA"
"Salauddin Saifi","UCXIQxD3AwJ-eKldeuGY1vsA"
"Salem Media Little Rock","UC5wpXBHYdLhNQOnFKmNhj6g"
"Sally Mrozowski","UCuqfYabZr063EYigJxHwlhQ"
"Salman Pathan","UCUpxtI96WOc9XBp_jvqkHBA"
"Salmon🐟","UCdByNuX1ftkm0h1RW0X9Hkg"
"Salopian Historian","UCg9WelorG9vQ8OCTpuz2GGQ"
"Salty Peppers Productions","UCWulIwxJTEv35hY7YJYwLhg"
"Salvador Garcia 9542","UCCdPRUZ7r4ec8nRxNFaxYig"
"Salvander","UCkk07RFv-b6ieV03qhe9Y8A"
"SALVATION TEMPLE 1ST","UCt7u5u2_je1EA9cSkeEKQPg"
"Salvos Studios","UCSV_OgBuN1QIy2AdG7dVK1g"
"Salwa Al Mawas","UCf7Gak_bXEJXh0M1E02fcHw"
"salaar","UC_YA4LIxfs5IGr5fx-MfMQg"
"Sam","UCdSwUEud7KFoP46n7Mivo9A"
"Sam Alvey","UC7-y03sUG2l0dSsUR8ZPsmA"
"Sam blogs","UCAxjpKeUR32SNxGhAfEVECw"
"SAM BUR","UCfuH6sPLPMAyGACiZOFKBpg"
"Sam Jones","UCZcuZaQTLRi7ECh4sF2xXVA"
"Sam Morril","UCTrOYaMDI7QiPnRzwWdYK6Q"
"Sam News","UCvqCcqMtBoC4fDuYJP5jmRQ"
"Sam Sunny","UCZZGV1QLvKbBVc49NwhAptA"
"Sam’s Epic Adventure","UCm-UShBe1zIEZrRr0AWumeg"
"Samaluch","UCCffrCl-HIjtfZcyRuQw-rw"
"Samasya aur samadhan","UCPJX1TkHpVAl6iuvcVyN9gQ"
"Same Difference","UCuG6xt-cLumVXMwTJuXUEGA"
"Samee Daffodils","UC6Ysjqa5iUICZQBVqtLBQwg"
"Sameer Alam","UCs6Ps3aQnMKkzaieXwZAF0g"
"Sameer Chronicles","UCE4iX9SacDopjDGPqZOtkfQ"
"Sameer R","UCyUuSOHBL0GhamCy5FyjjCA"
"sameercreations88","UCmLw8P3mLiPWsBIoaIbVXzw"
"SAMFU - Sun And Moon Family United.  Part 2","UC6cWaza7Gz6sgFk1nNZshjA"
"Sami ON Tap ","UCZIANPmgfuYpf7PS2Tci3Iw"
"Sami75 media","UCpjMJ1cZfkV6nGFUQK4kEcA"
"Samir Munir","UCkT-Llvx4l6r-QNQLxdYSaQ"
"samjhe ya samjhaun ","UC0_lKaVvW0lE3_mZQXMg3KQ"
"Sammivik Media Group","UC9s9TJiiPrnbPzZvrOwY-aA"
"Sammy Gloria","UCx4rUjoeBSZd_-7SDkMvv8A"
"Sammy Obeid","UCVM1uxDwYNhIu3qQ0ejZtzQ"
"Sammy Of All Trades","UCta2uM8y96LDRKdA_Nk5xYQ"
"Samok Hickton","UCBnLY1QigRDNn4Ck0i-4NKg"
"Samouraï TV","UC0gExSSzyU8gTqUjoYerI8A"
"Samridhi","UCkz925M9s1oIxJZCnKtcx7g"
"SAMS CREATIONS","UC0qAfMheQ9_2FLx6997N-FA"
"Sam's Russian Adventures","UCd3W5OKVCOogv_hDhK6N-Tg"
"Samso Media","UCxB1x083WuI96Yp5pPFlGBQ"
"Samson Grønvold","UCn8YnkOLIB2T7ltDBMTJYlg"
"Samuel Bonev Countryballs","UCEx4vbBE94yXeJYZ0tkmrnA"
"Samuel Daldy","UCFal2u22CPzPzkdIyOsQtLg"
"Samuel Jonathan Tumbaco Rodríguez.","UC6z1pC5J5w3e9vqfTiyI--A"
"SamuelbleeMD","UCDaXr_6w5Hf2AEvN8QMadFQ"
"Samurai_Super","UCtsZJzKm0V1uylFxuoNRGXg"
"SamXD Gamer","UChVOyCvMh-BKSw88RfyT7tQ"
"SamyBaste17","UCxdsNfSxs4_Mc1IsnDKGB7g"
"SAMAA News Global","UCf58EcOgOC68Hd5P5MPBQaA"
"SAMAA TV","UCJekW1Vj5fCVEGdye_mBN6Q"
"Samaa UK","UCv6WuyWYwx74Wu5KZZnHMNQ"
"San Banerj","UC0Shu1DFktd7kUteN0ugd1A"
"San_rangheyo","UCnONMJGirG2yr_O1hCJ32og"
"Sana Visuals","UC9EI1msTLsM_L5UVV6ijgsw"
"Sanath ","UCkHf3VdYnx-KR4xVIp-6WzA"
"sanbanerj1","UCa8-K-opld1FtiLzn35zb7g"
"Sanchs. Sky.","UC8PwqcVzpNB9mNlk590i34w"
"Sand Artist Kseniya Simonova (Sand Artist)","UC4ILNcSavsUS5gJb8oJKLgw"
"SANDEEP K 100M","UCGXOJgfSq8qIBzYIx5bYirw"
"Sandeep Kumar","UCaQghof1JlxGyyWQmwAwgWg"
"sandeep Kumar ","UCsHM8F0K1hlWyPKe4zkvntg"
"Sandeepsp03 Shorts","UCsf8LsjopQ0d2X1A2IUkoLQ"
"Sandemons","UC8vrqaIWfowYRp3hFYrhMfA"
"Sander Lewis","UCvbAvnSY9agdEDxuWhQ9m6g"
"Sandid-Fro Informative","UCm0_vUZ9KT6V61IMIlzOQ7g"
"Sandra Smith","UCoQCi7Jj-RwRV_dHZJtbWGg"
"Sandy DiVa Mandela Effects","UCAxx-9lNu40hf7yPt0OHFIA"
"SANG MATA","UCxr2YZY4wQmBzNx8sWGEvYQ"
"Sangeetha Raja","UCtP8dxl_79mFi9lYyiDtJUQ"
"Sang-Woos Number #1 Glazer!","UCeBKgiRIrb6WDC7W37UKgyA"
"sania david","UCN_CYx4x-jCXDAviH_K7b9w"
"Sanjana_123s","UChf5B4qfnApaB-0Dh4M5iaA"
"Sanjay Narayan","UCHkK7vSHb0-yGNo1mKABgPg"
"Sanjay Sengupta","UClgm0VKLqEFTtz-t0r30FPg"
"Sankalp pujari","UCMXdTXZY1ZPvf-FZUW6c7fQ"
"sanket yadav","UCaOzHLGITc2DL381W5LJ0gQ"
"Sanruv Academy ","UCIRnyJekqlX60b4KacDswdA"
"Sans Techie _Official","UCyoW5td7DRNEIjr8zkVTUOg"
"SANSKRITI IAS","UC58IAk1i-6d5XgHZG4NnffA"
"SANSWRANG NARZARY","UCuvgKlQLV8ZDldCIQvFS0nA"
"Santai_Selalu","UCWeZetA8QTWglrjGKoB4i_g"
"Santiago Giralt","UC0h5X2_PdjQ5Eyta9bnxDSw"
"SaphriX","UCqu1E0adq2MzrRFQRN-SJNQ"
"Sapienz","UCiOAQ2F6dy4lAgDMPaEJtIg"
"Sapna Bhugra","UCE3rSq5w0S2BXr1PY8k7vmQ"
"Sapna Saini","UCe7Cz2rwbjTYNufs6eIR1yg"
"SaproFinity","UC6iec2394LLGNCbQ95hYCBg"
"Saptajit Dutta","UCtonn8_b98xJbzvM5kzGNqA"
"Saqlain Info Point","UCegVzUXdr5Acj6PvrKbPjyw"
"SARA HEJAZE 🌹🌹","UCdKQ7lpJvtOdbT9Q6qk71lA"
"SARA SUTEN SETI","UC_t-BjTyhcKSk9PKHerPzhQ"
"Sarah at 62* north","UChbdRfaekLrHRuWPFPQlgZg"
"Sarah Gallo (The Five Foot Traveler)","UCm9vm7qyHbzMHMls4j6Mycw"
"sarah lee","UCK58NczVKpkeuYnwJegZxcg"
"Sarah Vlogs","UC4aaxnfbsxRgr5NFqCgrfpA"
"Sarah Y","UCZTq9RfWXMuRTuiBPyjr9qw"
"Sarah-Kim Watchorn","UCWAfpTYumAXq-xemARdhqoA"
"Saranya Thineshkanth","UCj6bPBWsghDpPQEwSLxdqww"
"Sara's SCUBA and Travel Channel","UCTINqhhapbK5FHaNUTvZKSw"
"Saras Wisdom Academy ","UCp1ww2wGd3FeIr9FB0wVViQ"
"Sarcastic Brit News","UCX51CbcWbctifS98HwFdlRA"
"Sardar Ahsan Karlal","UCIKku3sgXBCY5eOupAGAghg"
"Sardar khan","UCjU2M5kVYoUWX8g1H8Mjbyw"
"Sardignaball_officialYT","UC7Y6YFwfq_vklCrBHCnLbGw"
"Sardaar G Safarnama vlogs","UCjPD_jPTriCj1H960q3qszg"
"Sare Fehrist","UCRnMlD0pZkKE88JoteyGL7w"
"Sarfaraz Siyal ","UC4VQJOzZCV60tv0BT7PU1Zg"
"Sarita Pantha kaudal","UCX8fUmHVSZUobXb8awFVpPw"
"Saroj kumar","UCT-aMlEYtDft_W3tn4LPZsA"
"Saroj Kumar","UCaQwOa7UciYjSgxohYswK8g"
"Sarthak singh","UC22eAYDO_NdGznB8uFUFhCQ"
"Sarthee","UCWamuW3v6Gp7ABrk0irmTYQ"
"Sarva's fun world","UCnMIqcO_IsHCBPyejC2_acA"
"Sarvgya सर्वज्ञ 🕉","UCJQaN5wB8BWFea_weL8oYWw"
"Sasha Campbell","UCZU_33D-O-g4Yncn47Q_B6A"
"SASHA LEIDMAN","UCBfMJrOg1PBg1cJKJdW2jNw"
"Satinwach","UCxuxswKG8XSKQLsVLyG7-IQ"
"Satish Solanki","UCNRCPnm85z3FUNN3XgBmvdA"
"Satori Factory","UCjanaKJx3kQZ2YCrGAX3PBw"
"Satoshi Rebel","UCi00Bh8-H2Svpa73GoGmyDQ"
"Saturn","UC7k984zAMg_5DFHWawzPorg"
"SATV English","UCVR_nCjS0FVJJLziwhVB9nw"
"SATYAJIT DASGUPTA","UCQvSqObd4nnhUWRm7fkRiRA"
"Satyajit Roy Education","UCKlvhgHNQilwSgL0k-dztvg"
"Satyajit Roy Global","UCcBXhYsMKyWEHIa95b0FJDg"
"Satyam Gaming ","UCHu0m9KK6hbk7W2k3FoK6Eg"
"Satyarth ","UCNgIwyvHnu9AuJstgkBEDHg"
"SATYARTHI RAAZ FACTS","UCNeTFiSP8uBhfpI8qxUxE5g"
"satyjeet Kumar","UCh1oPNODejbYd4Ky1tMY4ZA"
"Saudi Arabian normal ball","UCKskzi1zrx9EO3cTDubdjWw"
"Saujanya Kamath","UCX-yT_5fi1WrCFTV0HNbzeg"
"Saul Goodman Law","UCO0i70ur4pgtm6n1FbGlJAg"
"saurabh joshi vlogs ","UCPqoxzly62t4dHlJGV-_Gtw"
"Saurav's Creation","UCTBjcqJCVRxDFPaQL9M9L0w"
"SaurovDutta TourCam","UC_OnufuG_d1jWyOgU0ELWrg"
"SautikuuTvOnline","UCPYIdRJNcyeJEOHO8crbHcw"
"Savage Editor","UCaw8vLHIcX2zrwORU9oSTkw"
"SAVANU INTERNATIONAL SCHOOL ACTIVITY","UCmC8m1ooHtl21nLo4JO5hAQ"
"Save America Movement","UCrwpb6CNdJ7bI9EC2B8NC6A"
"Save Nature","UCHConaouPTUGTEXMG8DcPTg"
"Save the Ocean","UCSB4aKY1XHOhBKttNiLqWkg"
"SaveSmarter Guide","UCOoOGP539AXfV-lgllB0NiA"
"Saving Planet Earth","UC8s_UnC_CSPwS51NtpVPDPw"
"Saxena Sir Coaching Classes","UCdqFvU7Ui2NV57L4lzQhlaw"
"Say Whaat M8","UC5F14BxlPHHL7YOo9xxkoig"
"Sayan Decode","UCHMQ7g1yDMctWUVAnaz4YJA"
"SAYAN FF 559","UCVFPd1i_FvplnlMefk9mqEQ"
"Sayantan Hazra","UCt-JVlYvFxMhp7dmCSveyhg"
"SayCheeseNanba","UCbKUz4lNgc6kStS52_Z3SkA"
"Sayed short's 22🤘","UCnoh3AvjC-BwH-mj_l4QL-A"
"SBS News","UCuuTCooIMbBFHNbPcSS70uw"
"Scale Of Power ","UCzv8rOY1gImPYy2eZK4sKeg"
"Scamadviser","UCERAPMuOxhqOg6WqIDR1G2w"
"Scandinavian Military","UCB0tVOeikv-HDURYKMiWYvg"
"Scandinavian Royalty","UCMcaX3pnYI5BgvgfUZTpERA"
"ScandinavianHistoryTours","UC6cW1a4UsoIklOiZ0ujcZdQ"
"Scanvogn Australia","UCwvoYpGNekhixVjqVM-38pg"
"ScarboroughTourist","UCM8KyDsDwYdcM406EHEiO6A"
"Scarecrows Story","UC-qi4ZAZW5I2DQbeidjKagw"
"Scaredmice “Scaredmice” Scaredmice","UCLuJSXgZSJceDVJnOkuC9-A"
"ScaredySquirrelFTWPibbyFTL (Don't Terminated Me)","UCC7Bd1PnZSH1yXjLT2JIoiA"
"Scarlet Drive","UCAhi9IoHJ9Kd3HMaJLfV5Qw"
"scary.storys85","UCAP8DHuLS8upxs6Mio1NYuw"
"SCARYBUTTRUESTORIES","UCFmObZImBZmX30UZsiXw-QA"
"Scenes and Seas 1","UCKolRqAgRNRH9khvQQNZzLQ"
"Scenes Valleys","UCJejYU_xJjYuQ6zZFdOjGXQ"
"Scenic CA","UC3DiGyqUnO1fS3lyGUsIx4g"
"Scenic Gems","UCWA4T8XMK5SGqmhWMAN3RHQ"
"Scenic Geography","UCLM3MAEPlAK6qJYvNk01dTA"
"Scenic Heritage Wonders","UCpw3qh7hDTkamxbqbpD-oqg"
"Scenic Relaxation","UConzaw0Un4QNQn8M221fb-w"
"Scenic Relaxation","UC95bEkaIgwhxSjSsdMFXYGg"
"Scenic Relaxation Films","UCwKVU0xnJ-sj7NfTKLjQ1hg"
"Scenic Stories","UChhUF9lxUxiTMKSd9z6B5rQ"
"Scenic UK","UC8mF7co4M0vXpLhSYMmc2Cg"
"Scenic Views 4K","UCvpJGz0mEGiz3YZxEgmpzrw"
"Scenic Visions","UC9NJv0W8L-oBu5DSs8AvbrA"
"Schengen Walks","UCjoBUODtDegWK5tUqceUHwA"
"Schlauder’s Unleashed: A-Typical DIY Project","UCOekFVO_GLRP21hOIx3aB2A"
"SCHMEETS media","UCwEb1h6bfir-r5zWnu0tfZA"
"schnee","UCIJhUaFcOoxyE4ImRpCaNhw"
"scho_scho?","UC-5FpQbugsXvTxtqN7kaHYw"
"Scholars Intel","UC3wMKPlmoBLsjNyB8xYgFEw"
"School Of Life","UCH2iBkmPwKEl0Mts7TGByzg"
"School of Wisdom","UCxIYXfKtcE9-Nbj2pBB_Dhg"
"School with Jabraan","UCmE84c-g-hqrUlYs-fSEG6A"
"School Work","UCb6Gu8MTRUYswGD8RlXm2Hw"
"Schwab Network","UCqoSrYgusd8ZddtMoWhjHYA"
"Sci Facts Info","UCvAPhBjrvKPE4qZQPU-kS3w"
"Science & Global Change","UCYce1LL3Ypvt9eZkpGKuUJw"
"Science &Technology","UCH6tgzX0RbAgBLeA9nNkHgA"
"Science and life","UC_XpES8BwXz13NK1jx1P_SQ"
"science and tech explorations","UCK_r9IW1TMOn7uh1p6iNFQg"
"Science And Tech Videos","UCNkXmWsG6WzZ8JxskvEi8hQ"
"Science Channel","UCvJiYiBUbw4tmpRSZT2r1Hw"
"Science Decodes","UC9_CjYAdqTeF5bj0ncbT2Jw"
"Science Documentary 365","UCC79PN5C5p5isSsLDS7cCdg"
"Science Facts","UCeXtgKGHLx_bbJewt6umKAA"
"Science Get","UCfeRPC6xpwJrEN-Tv0VMgUw"
"Science Journal for Kids","UC9G5JW-YQTKiwTwbuTYY_Tg"
"Science Magazine","UCv0aU2eKry3kdSTnFa8QAWA"
"Science News","UCenND8MNN5pjj-e1ErvWx3Q"
"Science page Shorts","UCF9eXuzUYAHpRp6TUf3KdMw"
"Science Source","UC_DlvbvQgQTGpb5DPhIEKew"
"Science Star","UCJmYFdPilk3mo17YP6HFOzQ"
"Science Star","UCEz7He4G-szC1vQ_M1ROUKg"
"Science Talk with Jim Massa","UCpHeW5Ok5GbF3bUVyrfnxWg"
"Science with Ms. Kia","UC0hk0gYgXk-uYHvZAynA1Gw"
"Science X: Phys.org, Medical Xpress, Tech Xplore","UC5PjdOV5YraZB58m-rhtJBg"
"Science Zap","UC-Fnsx_fOoGdoj4xQt-j_Ow"
"ScienceHubNet","UCvb5nc0FKXhdV76LZR_c1FA"
"ScienceScope HQ","UCJf91w_WCNwDIlWZZ0RTgXQ"
"Scientific American","UC_xYMXx_-mAzheKyEtwtCAQ"
"Scientific Facts","UCFMMpkKzJYrOi296mXsBUrg"
"Scientific Spectrum","UCuKY_eOAK651bbZe8raoXTw"
"Scienzia ","UCzG7enXkeDTumeCe1ofLZ6w"
"SciNews","UCjU6ZwoTQtKWfz1urL7XcbA"
"SciShow","UCZYTClx2T1of7BRZ86-8fow"
"SciTech .FliX","UCJiv4mRDhHOmFXjp8fxY6pw"
"SciTech Daily","UC6E1FUUq5SuMxIFndY0yUEg"
"Scitech Fact","UCmpZ24HBPS-OO8qun81eviQ"
"SciTeller","UCRvAEg2s0P4OSG7NImJcqbg"
"SciTube","UCfr5f7HBUy4HLP0W9vvfdPg"
"SCOPE GLOBAL ","UCt0TGh9L9NumJZCLwzXtopA"
"Scorpirec","UCVRs6gUtvnDM2rlZnAjLNmw"
"Scott Krauss","UC2_OX9ZkDl5JHHu5J_5hAnA"
"Scott McWilliam","UCTZOO3UelQwas9Uil_2ZwKQ"
"Scott Moran","UCtG_bzJ_4sjoI-vHQeb-7Cg"
"SCOTT STALLARD","UC9EVX-EQLJDr5rNMP1Lv7Vg"
"Scottish Scavenger","UCpVZbrj06tPIKyQvkh3mnvw"
"Scratch Story with some fun","UCpilb49Vyqp9gnIzPLfUhSQ"
"Screenshot 360","UCWtPPEhvWLR8Zy0DnTjA59A"
"Scribe Of The Stars","UCCIuSpz5renV_wQLZjtiaLQ"
"Scripps News","UCTln5ss6h6L_xNfMeujfPbg"
"Scripted","UCj-0yPTYH7NQiY6he6Q-rXg"
"Scroll Of Wisdom","UCnr0s22jcrhjY58sHHpBDdw"
"Scroll with Abhi ","UCz0_2_FJyokr4I_XimFl0KA"
"SCROLLS","UCPzqnMLzeqr-4IVuYEL48qA"
"Scruffy Audio Network","UCLn9zOip9Gd_sHVSMfYMLFQ"
"Scythian Ball","UCXi-TjMYOSCK_mSQyA7GFYw"
"SD Dance","UCTRFawkwYG5y4je94Mp89tA"
"sd_History","UCY3JGAjcbjFdUSYOZTnvRpA"
"SDA=MSD","UCJJelqm518wpkl15rhfNOQg"
"SdG Daily News ","UC4n6T7JzQeD0KQTsyrt29DQ"
"SDO Keshav Raidas (MPPSC-AE)","UCz3jaBF-Q-WG7DxwYySDNGA"
"se7envstheworld","UCKpeXLS3cdBbICuTGC6TblQ"
"Sea Dominance","UCg0T9stDVXb0yXJ_50MJKPg"
"Sea Grace","UCvigMx8AXLQJubgHC5BElEw"
"Sea Ice Stories","UC8EP9eISDO8IHYrKfXuLizg"
"Sea Lion News","UCNZSF5X7OAsKkg1nJAdJ1Fw"
"Seabourn: Ultra-Luxury Cruises and Expeditions","UCH34bAqbiJ8OlumPciQAsOA"
"Seacoast Set Dancers NH","UCOIRuqKe84j-2We_HfF3xfg"
"Seadog","UCxB3_V3oZSKMeBB69ciRQRQ"
"Seahawkvr ","UCeyRdQjnh9sZ5Rarfca44xw"
"SEALAND ","UCIWje3ztAcVx3CaloIa0DEA"
"SeaMandirigma","UC51xhx3VWMyER-XtpaKQHKg"
"SEAMEN INFO","UCo23xv8fk1WVoL3iQsCD81A"
"Seamus Cater & Viljam Nybacka - Topic","UC9inKJQRQxpmKzgjoCAmHxQ"
"Séamus Lehane","UCqP-V6OI1B8T2bn43BCbTUA"
"Sean Spicer","UCFEzUWbuym-nBZUSFkvJf4w"
"Sean Traynor","UCSnG0RT8-e9VLaNnT-DffFw"
"Sean Villanueva","UC42S7t1CnRmIqNVvug1S-zg"
"seaofclouds","UCXEmCSSozb4M0uu4w2VpIhw"
"Search For Uhuru","UC2rmgVaijnf92nixlIZWGmg"
"Search Party","UC7KbIaEOuY7H2j-cvhJ3mYA"
"SEAS & SUMMITS - Sophie & Chris","UCUxN4vvRDhxV9ePvO7lvC2g"
"Seb!","UClHZAOMd0IowtJle9jVeAlQ"
"Seb_U","UCy6o8vCErPavp37zwSIGAJA"
"Sebastian Biel Style","UCWskI9nxHnX0ur7aPRy2z5g"
"Sebastian Lasbo","UChzYbIHKNixDIQocumiIBQg"
"Sebi Delpi","UCrTWRgpZkf595JK2Qd8IMGw"
"secondDimenssion_","UCu-mJDEfiPqpTqxmmU0g5Jw"
"Secret Alien Man","UCYMnpRADwHq_sGsk45B3GiQ"
"Secret Atlas","UCMl4VYGF8G3Fsu0ohBOaRpg"
"Secret Destinations","UCLWxvrEEaOxc8l4dInH6qog"
"Secret facts about beautiful places Worldwide","UCExtEpIr1PEwyhsRVk6W3qg"
"SECRET HISTORY VAULT ","UC0Qi1TfSy3zTy319CBI9NNA"
"Secret Passage Voyages","UCD7WPFaCtb0MZ3Acd9BBsyA"
"Secret Spots","UCKS1gPg9PyRZDTpbrvvrWUw"
"Secret World Files","UCn0jLusKVYk9rMG1gK4Ruqw"
"Secret World Of Ayzal","UCnUD_kQ7x_y8srMqHdGc-ww"
"Secrets and Mysteries","UClf4GKt1yjfNxDACZJGkt0w"
"SECRETS OF DATA","UC_Yqnp_hJYPbJzjLEUUgYbg"
"Secrets of Organ Playing","UCO4K3_6QVJI_HlI5PCFQqtg"
"Secrets of the world","UC4yUlTNQlumB0w-WE4MJyaQ"
"Secrets of the World ","UCSB0xibvyJumelXn-HMZ9eA"
"Section 23","UCwHcPGq9kBhAm0nlKxGmOvw"
"Secular Talk","UCldfgbzNILYZA4dmDt4Cd6A"
"Secure Travel","UCCBMK2SGWEm7QU_0yzeQcRA"
"Security guard na Marino sa Cruise ship ","UCClFJq9oc55Ll9lGta6FLGg"
"Sedunia Travel","UCmoiRGkKcOPoWC6kxjc8GVQ"
"See Hear Say Learn","UCeElmCkT1hfDJ7YhLCwxG_g"
"See the Pattern","UCu9UCrn5171lksANzqvXthA"
"See the world ","UC8SNEuu90TGo8xc4ekpDXiA"
"See To Sky","UC46K4XreOqV9SK7amUsv6DA"
"See.... Now You Know!","UCbuvL3SbUpSUOEScSDa4rqg"
"SeeingIsBelieving","UCWNM8i9NvI3subPcY3pwWMg"
"Seek Maps","UC3cVbJRg2RFARf7VQKMqymQ"
"SeekBeyond News","UCz61FxgWoaStXBaW7xvhHdg"
"SeekerR","UCgMS0O20koZSzDlg1knDXsA"
"Seekers Discovery","UCkY-1-QWmXn_s6JbeW9a56w"
"Seekerweb","UCvJ6ru9Dec4uw3nGWrksLWw"
"Seeking History","UCHvRb7B9gxVidL4mpYh5mnw"
"Seema Gupta","UCAzF9wVybhVlJa4pnT3-ZkQ"
"SeeMe Nonggii65","UCu-MIwlHoxiVr42SgeCGNVQ"
"Seemorerocks97","UCtGLy_Yi5kH832k8p4e1_UQ"
"SEES QC","UCZq2Xen8yQx-SiXInTH1-Pg"
"Segisha Gamer","UCIEdexcabwS2_yuiX7SJmpg"
"Seismology and Wave Physics - ETH Zürich","UCxBbQvtamdREenBa1mojNWA"
"seith_michael ","UCtJZN35EsdcDJmD1nDp6Ipw"
"Seize the Season","UCkbrO01cNTLiq5KFuv90enw"
"Sejarah Bersinar『𝐻𝑊』","UCSWhId7qq46mUeixNV15TMg"
"SEKEMAS ","UCYpqxafNb3XPph7q60EOqaA"
"SELENA GOMEZ Shorts ","UCdGvLXCwagqsacwtas2gcOw"
"Self Conflicted","UCTlXSrWNIXTkThpmjHP0CDQ"
"SelfThinkers1","UCSy4zQhHs6UAvwcLGUMNoyw"
"Selim397 BD","UCbB06_8tw6TRgqmWWOxJHpw"
"selliah pratheepan","UCS4w3zXnICzK_PiYjNuF4_Q"
"Sellion","UCLBm_OdEMxF3SOrcaCs6RDw"
"Semargl Band","UCdRS0qjXhJxvq20pN7s1Avg"
"SemEnrolação_Calvin","UCQEO1Krzu9mYizvCD5ZPW7A"
"Semim360","UCqDQxlVMBmVgseueqXoUA5Q"
"Sen","UCkvW_7kp9LJrztmgA4q4bJQ"
"Senegalball mapper","UCfv0WUU-YOppv2D_re6XBbA"
"Serbia Animations","UCskolDuaTsTzBCemtqm4jnw"
"Serbiaball","UC-evLvJZzGPPqaBJ842SkTg"
"Serbian mapper 🇷🇸","UCR3e82JAtJoKFnxpCOV7FBA"
"Serbino Serbinizmo","UCBv98yFLNeIcBKSpcTwLaKA"
"Serenity Dawn Gaming","UCMBYxtiN0JLGqsb-3Lg8h8w"
"Serenity Journey","UCUkuENBYH6cagWML0Qz6ktQ"
"Serenity Scapes: Discover the Beauty of the Planet","UCITlp0oFZoC8QjwXhURSJjQ"
"Serge Bodjo","UC2XatLchWrmutdEJQqjBFDg"
"Serge Shapovalov","UCm2Vqwj8EXZffAakmpUAS0A"
"Sergkapralov AUTTP","UCRbFd2Kh2tlqlPdso70XNkg"
"Serialowa","UCyvtWttepN-crvH4BWuwdNQ"
"Seriously Spooked","UCoZ0vhWTnPcGQ9Nxe6E1X8A"
"SeriousSlavi","UCsmrMAlkTT3niX_Vr-ieRSA"
"Serrini","UCMvfFfkLvWDvyjLu60kV0zA"
"SES","UCRVYeAkNjzBnAP68JQBVIlw"
"Sesopota Sood","UCYGZyMqc6Yxy8vONBfpRSRA"
"Seth Moran","UCfPDiS2uy1gXNibzcHr9h_w"
"Setler","UCccCF36w6XBqbCwf7Sts9Zg"
"Setty Facts","UC8dSsJNalvzgVIE2FRnK7Vw"
"Seva Fridman","UCs1RvmAdQx25Q87Fx60K4Qg"
"Seven Generations","UCYZRY_F6ex_n7TKjPvwNknQ"
"Seven Seas Cruising Association","UCMmDqKGaeS0LqP86vPYsCMQ"
"SevenFrames","UCDtydOJdqxIdm9Zq3GddwDg"
"SEVENTY ENGLISH ","UCwG1P9Z4f3oURgw3ijj_QcA"
"Severe Weather Europe","UCtdn4eSw9VIkjvcnP9i7oJg"
"Sew Yup'ik","UCeRPk08daIGJzqw8kY_Qyug"
"Seyilbek","UC8zNDtCQCj5d049ANo9mSJg"
"Sfera72","UCO-bgSjwfihGc9-6xIgwvEQ"
"sg","UCGSzKppOnhBZm9PlRv4Y7YQ"
"SGA Report","UC5hUeMWOKw_8FJZyqoTn9DA"
"SGK English","UCXc_h6SP65qxDPDx1xUJdLw"
"SH Open Academy","UCNBW-tgKJM8fa8GObuV7Fug"
"Shadow Brief","UCio6BXbwC-5uJjLnCz7tC5w"
"Shadow Callsign","UC6JgR6GsPzAzi79CPgz8_8A"
"Shadow Chronicles Vault","UC4dA660RXdhAYGTsvB84n1w"
"Shadow Enlight","UC9z_TW71dK_yJuAPH3UpofQ"
"Shadow Files","UCaiGprCApL3eyqjkCrCiqzA"
"SHADOW GEO","UClVX9Ac1WS8hC4Vz_sxZcoA"
"Shadow of Empires ","UCgFIVBzNFDdoUI1VF32UzGw"
"Shadow POV","UCl-rZhoLOx1k9s7FUSI8Wyw"
"SHADOW STRUCTURES","UC8ATLs_8ZHXEXSH9YJUk9IA"
"Shadow Tales","UCofbYxdK2LQ-CqdSTCeGiiQ"
"Shadow34co1","UCj565Z8Lt08MsqLwqqwcaag"
"ShadowChronicles@","UCDc2tFnxI2Mz1Hj_GWvCPiQ"
"shadowreactz","UCNZnBZCQ6B1Ey2MuGeVpa1w"
"Shadows of the States","UCxU28HIfWZ_1lqCict1rfdg"
"ShadowsEditzz","UCCuadraVP82Kw7Rn6Qg4CTA"
"ShadowTales","UC7_gyp431rRrp7u_rieX_PQ"
"ShadowVexx","UCsuuEt7rphGtB93tJ_cLp0Q"
"Shah Rukh Khan Abbasi","UC293NzbZkeCSAFl31KWYYZQ"
"Shahi vlogs milega","UCWPg3F4PDGTH-QtV-g-EuQg"
"Shahzad Shan","UCEPVLOUyj5be9JlFFK8v0bA"
"Shaik Raziya","UCoubh9cHIBRTWjPKRZPthnA"
"Shailesh ","UCDh-AqPTPyZ6vY0mAc8zMZQ"
"Shaima Hylas 63","UCWntMlNwQbhlOq8G3wMyhOg"
"Shaimoon Alam","UCtMwvWWdDgTscrY0L549HSw"
"Shaizen Travels","UCnh0eSqcqnYjonCMdHd1Y3g"
"ShakiShan","UCqXAvaTSEpuI2z2aFsSfIFQ"
"shaky_fact","UCx9JfA52Hj8AkKE8D4tNaZw"
"shaliny rajasekaran","UCiquOGMsGvK3Avv07moyn8A"
"Shampoo","UCqgl3oQb7VMa3ePzFAFLa_Q"
"Shan He","UCOxUqsIc-qB6kiT8PtzDVwA"
"SHANAVAS ELAMANA","UCA6jb4BVT-W6qhWcO_E7DwA"
"Shane Gagulal","UCz8xlQ8GADj7FyWeDSDhK5Q"
"ShanghaiEye魔都眼","UCaxIsKnhxr6bfaJFQc67-rg"
"Shankar Rimal","UCBqb_-uAI0gwPsu7KrY2GgQ"
"Shano Mathison","UCoFDeTVkk-io9Rr7_caTwGQ"
"Shan's Adventures ","UCbv5V6QSyXkwkBtyQFQOdww"
"Shantanu Sharma","UCzuMllKaPHM47ujvKiZwscA"
"Shanti","UCFWxrGsMEiA9VhVgNb-I8aA"
"shanto mathew","UClW_5yYUlP8nThR60_peKQg"
"Shanu Fact","UC4YmthDBKidnoVxdxuwSnyw"
"shaparands","UCJRJ4aO_LYk-gNdv6TI9yPQ"
"Shaqi Bhai 36","UC9kulxGBq9QJIxtvJrFkMTg"
"Sharaf Explore","UCm2EpSi5jJNblvS5-wdaJyw"
"SHARE-TOOL Free","UCGIQ4XcqArGYqiw70QoKcvw"
"Sharjah24 News","UC9j7m_ojWQuVlpwq2FxuRuA"
"Sharma Kavita","UC4vbuXPCcdAQMVWftxznorQ"
"SHARP X","UCjGIHv4QSlgcPfykS0J9Akw"
"Sharro","UC5n7kqMjkEfoDRG4Bwno5tg"
"Shashank ","UCBb9WNW2C13g8bMrU0W-cOg"
"SHASHI RAO","UCf_sHegZI_nK0K5lmIQ9oIA"
"Shauna Quick","UC-f3nE_qzJDCgHRHYYJvujw"
"Shaurya Deep Dixit","UCW6vNowsxtGhiLxj1R1OyPA"
"Shaw Geopolitics","UCk28aUZ6OYS9JiCBVa8zAvg"
"Shawn Fox","UCxbx4Gzpauvmis9d0aIvR8Q"
"Shawn May","UCUtuJm_Kx8RSCYLevKv7TBw"
"Shawn Reynolds","UC7Fz4i8Qk2xdkTDl8jsnBVA"
"Shawtravels","UCStdhv8BsdO-mTfM11MbHDg"
"Shayan","UCF8d1Lr0_4H_qIRQNJz04SA"
"SHAYAN","UCJvPnfQSEFdKnjqNqiL0Gug"
"Shayan Khan","UCBDlCsieq7sBB2u1C-DO2mQ"
"Shazuween","UC1HEUBub6jWCp07yrfyx0Tw"
"She Hit Refresh | Move Abroad After 30","UCMgydoTS7V3pY1V0WI5S6Bw"
"Sheeloves","UC5u73biA7AraANcY3JwjdXg"
"SheetsAr","UCm4I0sSIqj726_XlWQDp2LQ"
"Sheetu magical art","UCMCt14kaZ-E0DiJxPcWi5gw"
"Sheiixkes","UCrMNBXAih-9PVdEwo6IbMfg"
"Shekhar Sharma","UCZCt6iJ98SCs5xKtmlaS4Hw"
"Shelby Bushnell","UCEWwlgAYsFWwM1MkaslyLxw"
"Shelcy Christini’s Daily GK","UCm7DFMObq9vxlb0cid0X4fQ"
"Shelf Fish","UC30w0em3aABmKX5v-t6VuLQ"
"Shen Ye","UCVXjfzc9V0UPO7lZiIbAS-g"
"Shenga gab","UCLKMR9i2gZ5ks2UoP5VXQqg"
"Shermann","UCGmf_bnrVLPdKpGpORJ7Xhg"
"SHERP","UCTNysFN4Vg0i_XmvQCnMfWA"
"Sherrif Bartolito","UCYCrnIzxmLGESGgTJPIT6uQ"
"Sherwin@3.0","UCcnPNKlYremYj5JrqprP-0A"
"She's Right ","UCOwY_MIfBNRZVrfFFMgkiFQ"
"Sheshan Jha","UCCPcyNatJ4n7pDMNIxHgqLA"
"Shetland kayaking","UCSiaQpURAFa_B4-cgSD1-cQ"
"Shibaziboo Shibaziboo","UCqNRNcPRfGJivp6nru0k8ow"
"Shiksha IQ stp","UC2XAF4FmwjKl6xLBbb965CA"
"Shiksha tuber","UCbdPATARsxYGHtG74BzAFWw"
"ShiLoH FaiTH FLoReNciO","UCQ5a4f72WptaaJnp19L20XA"
"Shin Everywhere","UCvlOpsFKG9UvOwgIH7KIH-g"
"Shinchan op ","UC4cyWr2Mkw_bDkNt38kKxwQ"
"Shining Waves","UC5rQAkt1oGiiGpL7nemey-Q"
"SHINKU Gamer ","UCJ5ArvD9HpjA1_aU_E9j3nw"
"SHINS","UC-qpJPdJ4t3Mn1wEGtABMNw"
"Shiny Facts","UCoRK5jfPUWSicg4KlB3SIpQ"
"Shiori Tsukada","UCBUE0P-TiwmY9PS454NhZJQ"
"Ship of Fools Podcast | Host Steven Malkowich","UCH8dwm0gexI0nKxWIgau9_A"
"Shipspotting Iceland","UCn6zazdBmqRyeL7sFxgPHnQ"
"Shiran De Silva ","UCM0HcqQPD5Amym-4vBLJtTg"
"Shirer Echoes Fan Channel","UCMXNW5U_R4sK6fRkZeveaxw"
"Shiva Dhaya","UCcEJ1rYgh8Q6f8WaW9KiYxA"
"Shiva Junior","UC6bKgmdS4XKhZQVyFHruglQ"
"shivam dangat","UCMl6-D_ixJQhuh4CephgHcQ"
"Shivam Novic","UCC2GSUFJCGvDjurz_wLpvsQ"
"Shivam Tripathi","UCxflOZDnUhuCfoo7q6WmpbA"
"ShivamGuptaSKrG","UCGcEez-ixuWfH-1N8wZuung"
"Shivang 0001","UC7lt_lwzK2U5g_XEjHeVd3g"
"Shivangi Yadav","UCFaR4q_QurkMGpQBBLtRaHA"
"Shivani Kumari","UCjiPeyw92Z2SweCvbAUm70g"
"Shivani rana","UCLDWraLNYkOdEE-wQpRj3sA"
"Shiwal editz","UCfKlbLS91ZRErfpsSKkjjMQ"
"Shock ","UCZnLawpxUvMP8CzUukqYKeA"
"Shock wave","UCDatBjNBkcWM-xIFQTa212A"
"Shock You","UCKF2YJjx5EfGJlPRw9z13hQ"
"Shocking Facts","UCr99znYSQSEUwwU73BMOZ_g"
"shocking facts","UCsGae8Jmt9vXrfJTgh7JlpQ"
"SHOCKING PLANET","UCU4Kj2my7FfSrjtuNghdhtQ"
"ShockWave Realities","UCkR36ES1nlKvUPGMqMZwmTQ"
"shohag 495","UC_r7RDsyVkn0ulq-wl3xIfg"
"Shoot Fire Podcast","UCk9zQ7t4dvpOUZCtesJ1VXQ"
"Short And Shorter","UC5i8ICXRiNpJcXXQWf8jbQw"
"Short comedy124","UCFat3GX0vTiv2s1ptXhx1Aw"
"Short Doss ","UC_DvyngovJ5FbwTvvR4_59w"
"short facts","UCre2A8vvYLxC_f04zn2yaUg"
"Short master 😎","UC2gxnQNcMCoccH6M2WYuCrQ"
"Short News","UCL6FsQnAVKo7bo2BTQNCOUw"
"Short Stories1138","UCH5_DnOKTp4V2yJlbgGntMw"
"Short Story","UCIljkWYgKFqXduD79WuN9gw"
"Short Story of Life (SSoL)","UCXnoOAWOUkhQImKw105_mmw"
"shortbox","UC5j9LtqNUPg9MOkhCfrVVyA"
"ShortBrain","UCuMUvjeK-3GOxoeBYLbRftg"
"Shortbutsquat","UChHLx-gJhiKY2V_rdJ6mxKg"
"ShortFacts360","UC0QVTUjVQ3CKhp6-m8c_0sw"
"ShortFlash","UCgSIse3j_nggLnv13Bk66xg"
"Shorties","UCpiE7cyax5iZcL_3Jo84njg"
"Shortify","UCra9mOWiXczTv-qxBUIWRbA"
"ShortKing","UClMqQEsM7Ah6zzR3XbMS9ww"
"Shortlab ","UCDhEEWvxuPqUVrmKWSBaS3A"
"Shortloop","UCBwYXFlEQG0-Ih3RmA8ALtQ"
"ShortLore","UC4yveQ_kLtYukiY73f0fjXw"
"short-news000","UC7jWzh6xeSLvfNTal7N6IaQ"
"ShortNewsTicker","UCrqWmBLBz2HTQlelpCjPyzg"
"SHORTO✃ mania","UCdxldu1zLEpbhXfGp3YAtSw"
"shorTravel","UCoZ9Us35wroEFcEUhpyhJ8g"
"Shorts Break","UC3n6W8qcMYaxCeKn2sKfCRg"
"shorts factory","UCJnzsf185EemzK-BnZN2IAA"
"Shorts Facts","UCfqPkgNdjAAg3fmXgASz7LQ"
"Shorts Relaxation ","UCnRByWVe3HXqrG4VnJWGSng"
"Shorts Stash","UCJnCKWJBzeVqaBQVr8B-obw"
"Shorts Tims","UCuzJ26WpGjbOF7hMKPyYSWA"
"Shorts Tube","UCxTtSRuPQQbXBZlMZKCJxYg"
"shorts update ","UC5u81CgjOqJXrotdpiBjGLA"
"Shorts with sarwna","UCCMb-HE3_rzEDtbVrvyKi7w"
"Shorts You Should Share","UCmq9kEEPCPocErtm0SHanwg"
"ShortsandWorld ","UCGdPsboQhzXF9NTx8wQQGXA"
"ShortStoryTime","UCnbNyB3_IxnS-PaVenBaq3A"
"shortsyouneed","UC34rR1CAadeVgvqdIlRUXHA"
"ShortTravelFacts","UC5XMaZ_ycugpY-xmLBv4rLw"
"SHOURYA'S FANCY WORLD","UC7sYm0rc9Kc9WUfzL4-yEpQ"
"Show Me the World","UC1W_Jc9UmyttYlSo0i5DzJg"
"showmoke","UCdsL8308sIVareCMtAHBdnQ"
"ShowrunnerTV","UCzKagdcgrtv4t4nz5hArRwA"
"Shoyal talks","UC6eH1XnTVts_DkfxhyrhmcA"
"shraddha bhargava","UCTrDu2QpVMt-XOQ2gqUBDdA"
"SHREE CREATION","UCMqlQ40L7S91xnYrZL3ID2w"
"Shree Hari study centre","UCWr-BrBzwUQbsDZWy72i_0Q"
"Shreyansh Goyal","UClE4quqq7q73J5Ddbg24Z8w"
"Shreya's amazing world","UCR95suhbqtNTwzQgfcYHn1A"
"Shreyas kindnan","UCTywizBNUzBv3jiksFySRFA"
"Shreyash Raj","UCTIN4gq6HBEW_qKCK387jRg"
"ShreyoBhai","UCNfceWS8K9y7CxvVP15La1g"
"Shuaiby aslam🏳‍🌈⃠","UCq-N37FkHqjsS-Wru-EaOjw"
"Shub Insight","UCn37S4XzzvlTNokQjrfPQlQ"
"Shubh vlogs","UClPZ5TR_R5QTbC4L9DC6OVQ"
"Shubham create","UC4INbkMXCARUFxaNwmZKkgQ"
"Shubham Mudgal","UC4C2-htp-sSHf-BxA8maYow"
"shubham raj","UCbEo6Ti4kt9aVfzCogzRW9A"
"Shubham Singh01","UCuHwWQdmupu9F-SxqSbkfKQ"
"Shubhmeet Kaur","UCx3A2ioN5qa2AQ7EEU1X2Kg"
"shudderbug","UCKEFvtudHK8oLWRqW-Pxilg"
"Shunan Feng","UCDFmIqZlPCf2GVfKP3VA9bQ"
"Shuothe123","UCrEvJ8HUNNFOTZnc0dRhjgw"
"Shushumagic Deutschland","UClqs-EwVC9WHJ3pzE_m1z9A"
"ShutterSpeed Ireland","UCP-mAwlhCYKMwUAjjnaarcQ"
"shwnyk","UCxo5dv6zYmaGYL30VwtJI3g"
"Shyam","UCtUWGulOkmNwRSjP7U4HG4Q"
"Shyam Ranjith","UCRCIdFvvK_peqX-o51Q6OGQ"
"Shyam Travel Consultancy","UCmuP21o0FvjxkVrl7qBV5Aw"
"SHYBOY","UCcfy8fSjlH11x3dXtni6Tdw"
"Shyla Duff","UCCHRyBHCx0e1hjNMMBXXCbg"
"siamthailand~ ","UCfTiVXshfEf3bApLaEndlxQ"
"Sibylline TV","UCEK8UWBfMQhuFi4PD0ozXsg"
"Sick And Miserable Heart's Be Still","UCWhAbis6AI3jUB6ueCODiRA"
"Sickos Committee","UCT5a8tV6jVZOO1GhTKGahCg"
"SID GAME BOX","UCrfhq9JYRttlKU84Y9fE0fA"
"Sid’s Facts Hub","UCtr0hPJbPa_uEbu8DqZUxcA"
"Siddhant Thakur - Global Strategy","UCH5pZyQw20eneOpop_RkpQw"
"Siddharth International School","UC13FglBJb7lyQhzkIUDt-7w"
"Siddiqui Mr. aRf","UC95bodxh2EXTBYWCW6pYbOA"
"Side Hustle Site","UC6_z-KMFQxQWF0P4kmCpjFw"
"sidhu editing&cartoon ","UCJ2-go2S4AgTmqbT3x0EPrw"
"sidi Mohamed iceBerg ","UCRM2AvPbinTBA9r3vn2aqaA"
"Siebe Vanhee","UCYPVbtXyJcNFgVnZLzfSOqw"
"Sierra Holland","UCbmt8X1ZglAdzLoWRR8S62g"
"Sigge Och Melvin","UCS5Bl1irsRaIzWwTCZh5dnw"
"Siggi_Channel","UC4xTNbg6BmEwgB8ThdpTLyQ"
"Sightseeing Sensation","UCbkKP7E4GG7xY03Vjxnyp3Q"
"Sigma Three News","UCJWTtQRdDp-5Bp2WLubzjtQ"
"SIGMA_JATT","UCfCYJ36-MzYp59BJjgwurOg"
"SIGMA_JAAT","UClbCqVzhJcN0GG45Yt9naLw"
"Sigmaboy","UCTCtTPvu4UDOvazXJ5sZNWQ"
"Signal in the Static","UCXtCgjRuMX-EoTlsDfxba7A"
"Signal, Not Noise","UC8MhWOYqVNXBCQzPlG1u7TA"
"Sigurd Vinther","UCGMOIyl71MiymeR1yK0cvYw"
"Siku Hostel & Tours","UCtPF6VA5GuFMPLOX2qn_Ymg"
"Silangelhotnews","UCYMzlFSIZDdZYXu-AYrPx2A"
"Silent Empire","UCBl6kdNmQLGrb0RI6PzYWPQ"
"Silent Evidence","UCZr6XT_z7w9uzQaZ3IjfAdA"
"Silent Maps","UCerZ2vwUyroJ4cfUqHR5GUA"
"Silent Maps","UCMFLWtdWc5BWBXi-mQ3qV5Q"
"Silent Secrets","UCe8thsvHvr7HNjvh72yr8iQ"
"Silent Sentry","UCXY4pR9YXNXItbA_k868vMA"
"Silent Wander","UC2R76ff9u6fqKERs3KEhYzQ"
"silentrob668","UCYBdigf2nHPcYF938b1fUiQ"
"silesa nunya","UCSP9A9J-Boy8OalQOMHiKsA"
"Silje Wennesland","UC4FU_KBgp6eaEwY-EPdbtxQ"
"Silver Fox Hot Takes","UCHPjnPBsxLq22wXOrkrsm6A"
"Silversea","UCViOA7uyOqpb22bKFGR1e6A"
"Silvia Suryodaya: Medium, Healer & Vedic Astrology","UCcEvVxzQ9-vS0odpPud0hyg"
"Silvio Crisari","UC8a_OFAPU84svpGQnLdI5lg"
"SimbaTheCat","UCDIG13bM7U9kiVesbsYvaJQ"
"SimFan Music","UCsXA5gUKxfLYNmgnOg2rrEw"
"SIMMARKET Official","UCJTizBrSevxfoJTmtASOE4A"
"Simon Allardice","UCJD33SIIva5Deld2kYzmrfA"
"Simon Art Creation","UCe-SjIatcofGJpSugOiwC0w"
"Simon Damant","UCLeBoSMMaApZHH6zwHLFpbw"
"simon laing","UCAAzF3nP6z6hH8hXm669XMg"
"Simon Mora","UCt5x-g3NrEMSQQ4fYwgp3vg"
"Simon Mundy","UC8uEtN0M6U4iOQAv_MaW-mw"
"Simonderkingo","UC70WeSY1rdiMAI9F3vnACow"
"Simple English News","UCR1tihPZkK3eNsJsKrzQCpg"
"SIMPLE EXPLANATION","UCF_EY3BlBuoxpLB_s-OaPMA"
"Simple Flying","UCT3wwJBh8fwePiNC63NlzCA"
"Simple girl ","UC_aeyOq_ZWJPw4FUSMeuHRQ"
"Simple life","UCuyjNud33GcEY54Zdw-QHfA"
"simple life ","UCgeJpsg5adRB-f1z1hscajA"
"Simple Things","UC6mYaN0errEyBcQCvyBjgBQ"
"Simple Victory","UCxB8en5cQP6jVyeeirnzn7g"
"Simple_hai","UCvWQO2ol_z1XH6tJaP1yGRA"
"simple38","UC89Q2Rxn6t2Oqwd-Cl25dig"
"simplicity in education","UCY-XqfiYdRHAlyFZ8ctsAEw"
"Simply For The Record","UCVxISbNjz9kxDRqMCD6D_yQ"
"Simply History","UCAvUS7yTwiOLLWY-jznpknA"
"Simplyai","UCuB_S2-7664FYEIZBrA_fJg"
"SimplyPatrick","UC23T0Il8Jp_if5hiSebjbYQ"
"SimplyPzycho","UCo3tr9lHcktgJPpO_2gpk0Q"
"SimplyShula","UCmV6jH7U5IL4U5Qw4G4Hd4A"
"SimplySpiffy","UCLGJ6AhjMfcrgPBJxcsYvEw"
"Simpsons channel","UCHS9kfP2WMAAdeqcN39h_oA"
"Simran desi vlog","UCinSM6eoRoVZPtta5xCFjCw"
"SIMRAN GUGLANI","UC0U9FXzctugpPn_9WrtJRyw"
"Simran's Stream of Dreams","UCtEemRhW3qbitsAqDO5UMKQ"
"Sims & Stuff","UCyZAnaFGCaFEDOp2uA0u7lQ"
"Singalways","UCinVFk2Z4Pz02BMgRQNeyEQ"
"SINGH FACTS","UCjUCe9vcctjtxFaAwPB9H4g"
"SINGH FACTS 2","UCAiasUBbEZXMBrBN6T_DwMg"
"Sinha and Singharoy family","UC8FU_cnLCnWjjsRGO_2F_VA"
"Sinister Narratives","UCeMBlwbDaVMpKSV72gcnO8Q"
"Sinjay","UCqTjvSOs-us54AdrZk3ntfg"
"SINNERS END Shorts","UCSejAC9ZcJ-pbjAaCYkNNfA"
"Sinzo","UCgMwEzykicaHWln2fa2VJhQ"
"Sio’s World","UCo2v-E4nN5KTF5UoOo3tWug"
"Sir chhotu Ram Jat Sr.Sec.School Mohammad Puria","UCpwhPWV0__47pqi6HX5RjBw"
"Sir Leo","UCR9MO8IipG7Ze1I7va6gMPQ"
"SirensOfWashingtonState","UCBg9Q0u1FZsamOXeDzh9pAw"
"Siris-bis-bis","UC3AJYPKaSUilnpj4MGvIieQ"
"Sirius._winter","UCE4OyCprzlQLxSI7LexrGCA"
"Sirpa Hahl","UCRJh3gcSINjVr6R7UTwncng"
"SirSlender","UCPa37Rp3xnnX6jGp265x4OQ"
"Sit@Jesus","UCMqkeQieTj0jSEyT7c2pJag"
"Sitanshu Global Politics ","UCgM5K3WyQR36ZRbOenirgtw"
"sitcla71","UC7olNi1UkJ0e5rys281LxkQ"
"Sith Daddy","UCerWrms86a0eou5CkxEyaJg"
"Sithiphanh’s Adventures","UCP4yLOwa13BNoaqGS08PGaQ"
"Sitok IAS","UCyOrnYzhiL7ypMfWamaEdOg"
"siv pathak","UCrKPY8a877wuYJlDbabZLYw"
"Siva Chaitanya Kumar","UCgrAXL__VFI2kC4AchkXLwQ"
"Sivnth","UCm_yEpDs--L8FrBOwNLRQ8Q"
"Six Second Laughs","UCLXcpk9Wf4OdRL0p0dIOeqg"
"Sixft Gamer","UClRGK9dyHLgmrtxyuAUqe4w"
"Siza fun & business chanel","UCuvhaXzfvzYpGBn2bS6Gkjw"
"size?","UCL8PmfxreOZmaZt8-k-7Zqw"
"SJG JUDO WARRIORS ","UC85wheXUJPXToAhxesr9hbQ"
"sjroo","UCFa8Z7hZn_jhZR6K2LoYbUA"
"SK Films","UC5hZe_7VU-tUvHZLg5faGng"
"SK Gaming","UCZ-5NlUvhR5H1sSn45oJJZQ"
"Sk Hot Money","UCCGR3KWKGPrvBt-BJmJl1rA"
"SK Learn & Rise","UCReItGlRCSRhajD9I48M_9g"
"SK studio","UCCk4COCpSHSB0WcXN0ikwAQ"
"SK YT","UCjv2M-c_A0QSDxkqFl-CSWA"
"Sk___editing Udaipur","UCtL876r_bZd8fJau_WudeEQ"
"SkalyTM","UCNTsBQrgWYhYm7pkm8ajyfQ"
"Skarrss FOCGANGLifeStyle","UC4g4pH2BAWA70oX2_8PFd8Q"
"Skeleton PEPE","UCKKmDS8xs5MVYym4i6BPFfQ"
"Skeleton talkz","UCWjsNpHv-ktl9ssqTK4tU5w"
"SketchbookYT","UCh4Buxw9bTeZfDIVPgT9RAw"
"sketchified","UC__iAym5jSE-I0EZtSoCseA"
"Sketching Nutrition","UCbGw3CPNp-JYhG0ovuyaSvw"
"Sketching Skits","UC3QOm7I9SfyIozx1Zuyr0SA"
"Sketchy School ","UCIQmYdhFFHHIP-mkWXs4uZg"
"Skfact3Dmtm","UCnJ0tuWa4-wq_EgTBH90XFw"
"Skhairtales ","UCHR9a39fBHjjxypG2IjZEgg"
"Skibidi bình bell","UCqOWkI-mTUA0SGeuj1TThPA"
"Skibidi Master","UCfLjYYpz1Aa_rbI6sfGMwsg"
"Skibidi news","UCvCpQUvfWafbsmqZWacRfyw"
"Skillings Mining Review","UCQ5phRcZAFEc2m2b7pIRwZA"
"SKizzle","UCgiZs0J_0KaxmdccCUJuYdg"
"Skolmatsakademin","UCUMLAsNYa7InriuY2EINBtg"
"SKULD","UC4IhbvA9dNAy9WFnxAJnRZg"
"skull shot gaming fs","UCN82BUpPn28sjYb7OhkMgwA"
"Skullianor","UCHId0f7mV3pf_MnzQSYTx-g"
"Sky News","UCoMdktPbSTixAyNGwb-UYkQ"
"Sky News Australia","UCO0akufu9MOzyz3nvGIXAAw"
"Sky Rise-news","UCkTsU8RlZYXYdlRjpC_umMQ"
"Sky Sky plane","UC34ZN-S-K4oSQS8BpJVXiWg"
"SKY WOLRD","UCoVPWf-bNSutmzfkRyo53Wg"
"SKYaby - Roaming Free","UCgcB6bu4EuaHTkn1cpN5w2A"
"SkyAcy747","UCpVmL8Q_dp8azhovUj2RSFw"
"Skybrokers","UChBeJdCfoFcW-fudMIjf9Tw"
"SkyDriftEdits","UCYzHW0r_-otfRnf5OHQfFyA"
"Skye 🅥","UCZT6Lltel7Z950kRUd7eVCQ"
"Skyflow | Olegrezkii","UCfuvdrj6Z60_JdRy45ZioFw"
"Skygate Travels","UCyUCtVVsDC375Wm5BIk4wuQ"
"Skyleryaps","UC9_3hZa-4etz5A20QtO3mUg"
"Skylines  Traffic","UCiqgLeqH4McvMDMygZGrv3A"
"Skylite Productions","UCXfF1hCJkFLKjEZxfpcc1aQ"
"Skylla","UCp9DGdLwVxNL3R0pEEGrZCQ"
"Skynet Studios","UC6WRIDMZYNOKv9tLqoq-NTA"
"Skype A Scientist","UC8ACFFu-SAvWxoYZebXof7Q"
"SKYPLINEE ","UCBoDnxTt5mCge9vbiZblNUg"
"Skyrunner","UCymmtKiins9sczWmDD6O_4g"
"Skyscape chronicles","UC6nAO_NkDiNz9gqwqgHuAhA"
"SkyTech X","UC8JOdCx0v3otO0V3vCZTAvQ"
"Skytech-Lens","UC31rGSBCn2uS010hWCvTLgw"
"SkyView Drone Photography, Tampa, FL","UC_gMo4aXrH9CR1Ytz29S0Pw"
"Skyward Bound","UCfLI1V-GM86wyro_JMmtzMw"
"Skywatch","UC5ilAk_Ilg4pEO2Df6zi6QA"
"Skywatch Media News","UCuAiW236nsjQdcR2gwhgd0w"
"skywish r","UCNl9AsLDzoI_rhISZCJk0nw"
"SKZONFF","UC3IyQmEdZhs_AAi3iuZLnwA"
"SK🦅","UCByYkvmiFRa3-u6osLM12pw"
"SLAVIC MAPPER","UCwy80cOpIXjTtBSZuRwpuqA"
"slay","UCJjFL_kc00p2V9x_d4-wXYw"
"SLD3900","UCm9d64GIo3HLI5oeCAfdWaA"
"Sleep Historian","UC9uOKpb45C0MGJaIOXC2GmA"
"Sleep History & Science ","UCDFPPpJMggzDeuMquKM0HXw"
"Sleepy Classes IAS","UCgRf62bnK3uX4N-YEhG4Jog"
"Sleepy Nature Channel","UCBdWnJk8djux3vquB8m03Nw"
"SLEWONG","UC-ZPwqisSBb64HvCVyxDZXw"
"SLICE Earth","UCr6t89L8ZlsDDvJWf-XO5Wg"
"SLICE Full Doc","UCGDXj3vSgJ8MCbzbb_C9thA"
"Sloth Pony Facts","UCuV8-sbQGV64GJ2Wq5Fh8oA"
"SlovakMapperGH","UCKPXlK3evMVZERvhdvxf98g"
"Slow English Podcast With Emilie","UCwVUovNNhsnA5dkOaBm5LoA"
"Slowboys Adventure","UC0m9tdSt1yiTonIjK0M2Onw"
"SlowTV","UCQt-eK9P_m1HRiDULGYcx7w"
"Slumber Science Society","UCDngmb5cr3Xke-hzd3DV_dQ"
"SM Abu Zahed","UC0RxvIgbbnJeCK-YS7Xz8YQ"
"SMALL WORLD SEAFOOD","UC8eYBPLgKA1vsgwsWm-aJxw"
"SMART Christmas","UCAGln1GHFcrPAPKELfjV_qA"
"Smart Curiosity","UCtD1RNt25R5SjJL3LA81q3g"
"Smart Editz Roshan ","UCJKm3gBQ_Yn89Ggqlygyc1w"
"Smart Globe","UC84lF5m2gtZP2TJY1qvBaIw"
"Smart gyaan  channel ","UChBX1ycSOHMnxMzrYmJv1Dw"
"Smart In Mins","UCVut_fjUHl9-5hZBCsaeuAA"
"Smart love forever","UCzlAMJ2KK043jqPvCVL4pzA"
"Smart shorts","UCUsMavf3R4g6-i_jn6sDEzg"
"Smart Travel Choices","UCTPJU7iRvJihL4UK0hymKKg"
"Smart Wealth With Joshua","UCetglJg6RAZzYedA-A2-cDw"
"Smart World","UCIPOQC3DRjNnypHozTBiJGg"
"Smartbones Studio","UCATJhwtVZToxGeMx2U2M8LA"
"SmartBosnianGuy_Mapping","UCEG-Jc7STt_2wYII_cmE1pg"
"Smarteveryday","UCSBTjftmv3VnG_3so_6XfEA"
"SMARTnews","UCwfdSWWa44XcvMGYhqiBNYg"
"Smash News Network","UCz6fIPEhT2I71lAA112krnA"
"Smile Craze TV","UC8EpTRwQtbk4waUJUFehTiw"
"Smiley","UC8ZOsc4iK32M31GlcHLoPgA"
"Smith & Associates Real Estate","UCCZQCV8lpivIA-sTEaYMrpg"
"Smithsonian Global","UCtfCKTPkaoyBFHtE_lEYTyg"
"Smitaa rk Maurya","UCKnXVsnqIZUXPCrh5WaeONA"
"Smoke Studios","UC07SNx4A66Rah_FhA6D3U6g"
"SMOS: Some Minutes Of Science","UC1loI2JKLZKGgapLivtbJNQ"
"SMsolarpowerplant","UC6UG8WG99VFN-8uy6fvyYDg"
"SN UPDATE ","UChmG_b4e0mmwKkWCNeMULaw"
"SN0WM00N","UC1cEnEIRxChApEKZMXoRYpQ"
"Snackable Facts","UCV_jN1BWx38iJeAvKMjL0HQ"
"Snake Rescue Squad","UCOSZEJaK-y9HgEHRo1dDR6w"
"SNAP SCENES","UCTQfaB7FoPqUm57IxTI-lGg"
"Snap Tube","UCAQ9nrnccDlEa8RFsxvuB2w"
"Snap World","UCiDhB8EvqgTIN5WRuUhTkEg"
"Snapesnake tail","UCt0wPT2ZXCLWuicfG5RvcCw"
"SnapFacts","UCLamRlOmZazrRQuPmSF3TVQ"
"SnapItGood","UCtwUd6tL7_lyBUiqpkLnmIA"
"SnapNS","UCXUB2EVHnJao8YCz04UE1Ew"
"Snapshot7835_Official_YT","UCj3RxKgbffBWnXqKE_X6UuQ"
"Snapshots of the Past: Bite-sized History","UCCZqGHrQQtJ0nPHmWe8FUNA"
"SnapTale","UC5R226mDRlLPfqzL8tPLe5Q"
"SND TV","UCm1AFPA8gPh1BP8hJQdScQg"
"Sneaky","UCB1MlrUQ3TUQfX2-j7g68cQ"
"Sneha Shah","UCTWW0pegz2niaVGACbdHXtQ"
"Sneha Sonawane","UCNLbLaQ4CduFRXz29PvZwUA"
"SnehvideSnowwhite","UCza3JRKCCPrOIkut8cBhjcA"
"SNG NEWS","UCyRV8Lyv1qG27s5RTXr_QIw"
"Sniper ","UCst-lgo6-MvceeCb8_iQAiQ"
"Sniper shot","UCfuZAuLxuP0vuuv8Z2vLWHg"
"Snippet Circus","UCY6YNVnC1JWAOHG1t3qSiYg"
"Snooze Melodies","UCnXxbfjeOC1V3Rol5ds4OYg"
"Snorri Halldorsson","UC8u0ZTq37QmoDaEoBf03L6Q"
"Snow Forecasts ","UCNaUdo1pRNuwsVqHieJcc1g"
"SNOWBUGGYNL","UCUcFl8WEwNHMfOEOfvPjJKA"
"Snowed Rice","UC0RgwrnkutBLx2wjg3DXQig"
"SnoWest Magazine","UCxtSnFip9JPhgbvFoHcTXlA"
"SnowHunterGuy","UCRtJFkVcjzIeeLHLY4cK4pw"
"Snowki","UCwRE_jSz3toJvIEEy0drUuA"
"Snowlife Sisimiut","UCRO1goZMf4OpXonRbExQl3Q"
"Snugpak","UC916vwneIMaqueCqOYR0Wfg"
"Snö","UCuzAdhJYYURgLbNTRd8DS8g"
"So So Big Things","UCgSVV9Or_FnjpqbAiQ_PnGw"
"So You Want History","UCKA4kYkqC8N6lV5DzMMheaQ"
"SO_CHEOUN","UCXfFL1i-GyHv_iVH5R9AucA"
"SoAvidTraveler","UC8J3AXCRoWyobJWXPU8a1Tw"
"Sobcatb","UC-e8WCwLbVSyCiW5C4KwItQ"
"SobizTrend Technology","UCdaYHFF1dsN11uc-0eiJlmA"
"Soccer skills","UCwVuASQzKD5qpkufG-3yZRQ"
"Soccer_Editz","UCDu9cEx223YQJUthoyXVipw"
"SoccerFusion ","UCacZI8RN-el8BJePBYKdr3w"
"Soch Samajh kar Batao","UCMkFEz1I1OOpJAJS4QLdcog"
"Soch with Deependra singh","UC2_m6Qz4qD2mTD96HgSnBgg"
"SochSamajhKarr","UCkAgtujbAmzbthOlkYa4fzg"
"SochX","UCJLcwa1EMQWJySfU1wc2syw"
"Social Expedition","UC9G4PZt_xSnlh66G6mVw_VQ"
"Social Gee","UC3CSGBgDSTursNIrPlUVnRw"
"Social Life","UCClX62a1lXeWziId0lvyFcA"
"Social Politics ","UCnEae6M-GH_7ejLgmS4VRYA"
"Social reformer A-S Bhaiya Ji 🇮🇳","UCYy1fmalrf2lxekW8HatZow"
"Social RTCL TV","UCdo9r_X1Us9LBgsBULhGinQ"
"Social Scoop","UCrhxytXKOnssYADSzcI1VXQ"
"Social vibe   ","UCJMPzaIgdaX3575mzeYuEeg"
"Socialist Vibhav","UCCXBOl-lQ8BROpPfFbFxYSA"
"Socialists and Democrats","UCcrZex5NAJkZJ5DRGTk02vw"
"Socialshortchannel","UCMBkRWiQSEl3tbKHO-mry_g"
"socialvsreal","UCdj1lMMp4_8f7fLoXFISdWw"
"Sockeye404","UCZcSP2mCOTddiqPF7UYbiiw"
"Sofia_ Rogstad012","UCuTTtwBEhkGkxAvrNtRi59Q"
"Sofia's wisdom","UC7ZX_DFHOq-AvGwbb8PIIRw"
"Soft Drama ","UC_ituKmfGf--1JT5bDaTXNQ"
"sohaib785","UCbsFeT3FYB08RO4P3ztLRqw"
"Sohail Ahmed","UCjB3AtmABTUbftt1emPZb9Q"
"Soham's Creation","UCHZMjiDxSTfxzW45jlGYhAg"
"Sohbet MekanSizin","UCaM3dJpMqXe5upXqE0LlF-A"
"Soi Soi TV","UCqwg09l__y-pz4Pqnl0XBOQ"
"Soldier Man","UC8BUX9l1AZ-ptH3Q4ASasiA"
"Soleman Global Update","UCWyt18lMRdYhi39Ndr64lvg"
"Solid Adventures","UCME2tHCbjxRJzKKlyFEeQ8w"
"SOLIDUS","UCSy7ho36WBqr17mvOYPoxYA"
"Solo Africa Overland (Viajes Jaipur)","UC1XLTi-MOVMJGe3kezz5r3Q"
"solo editz","UC5xUoDuuZ9P5JbMvJdAsCZA"
"Solo Sailing","UCMvgf90JTXUESgtmtW8-ulQ"
"Solo Sailing Sapphira","UCgLu1RC8HMV-Y9C7t3pVmEw"
"Solo Travel ","UCC53iHKKr8d9h1dzXPxPbvg"
"Solo Travel Jeff","UCwjiYLNsOlx5wI4qJOpq7xA"
"Solotravelerpk ","UCiFXozZ8dXA4JfcbFpxZnug"
"SOMARAJ EDUCATION","UCsqOfE5rBjwbsdehhvGk2Bg"
"Some Guy With Piercings","UCiG4LMYeJ_2tipR6OXMcE2A"
"Somen ball","UCfh08MHIzScBQKh5OuG2ofA"
"Something animations","UCF_7YmqgFiTSr6LrLd3Xu8g"
"Something Different","UC54KorFMBRmpBz4dxIH0HkQ"
"Something İnteresting in Everything","UC60WjctVQequSNU17y40n0A"
"Somewhere Beyond","UCxbFF3QHA2WUJ19jal8PNFA"
"Somu","UCDnQBMRrSex_wi3m2cRm7KA"
"Somu 007","UCijSpP4loexB-kQhNpayUOw"
"Son of Odin","UCWwSUUm1B8qKLeaShL8JEEw"
"Sonaket Learning House","UCsq-U6rJxNcZ0pECYHuZs-g"
"SonaleerWhiskeyvlog🐾","UCs5G4e1VVgpJyoL5PVOhXpA"
"Sonali Das","UCRvLLHFPHJ7Up2gq_KgVZNA"
"Sonam Saxena","UC0z9Ai9280Ci2qDRyC9KIhw"
"Sonamarg My Way ","UCigfAHkb1YUut_DCQGFSOIA"
"Song, Food & Travelling Channel","UCltgRfrP4-YCmw2AuUOmc1w"
"song_lyrics_1","UCahPvYghedNDO0ZCGy2Okuw"
"Songs of Liberty","UCcezYatceMGiji32t-qhkpg"
"Soni","UCr3FNgBc0rAti5T2cg3GsBA"
"Sonik 3.14 - Topic","UCOb_v_xeMJMcm0mz7Ifm7nA"
"Soniya Chaudhary","UCiH-uhNPcvuTNOnew_JMb6Q"
"Sonnet Deb","UCgDVEhsA-aIGgTcxNf-xYPg"
"Sonnywils","UCJDaLMjPhd2SSxa0dnXD0ZQ"
"Sons of Heimdall - Topic","UCUiq10szfzW6-OsfBgzEeMQ"
"Sons of Odin","UCwr_L6Kbuvgsnj6jt-3ImOQ"
"SonTek","UCCqhM-0DJfCTkaPuYlaI_xg"
"Sontoloyo People","UC9VXCTM2q_QCuiTNPhJbFXg"
"Sophia Speaks","UCx7XkdzBQjm3PzGOqLPzACw"
"Sophia's Channel","UCoFg33B0UTgkfilnahEvbKQ"
"Sophie and Alfie ","UC3Ee5ViTJs3BLlKqoxmOETg"
"Sophie Rohaizad","UCutlAZHjKwgPnH5-twVC1vg"
"Sophisticated Monkey","UCoJ0WUsRz7hRTs1C9qYsKEQ"
"Sorelle Amore","UCkbTTGoBpjX8ogXHCt-aegw"
"Soren Olsvig","UCemyeSV_OL3rzzdNnbbc5DQ"
"Sorri","UCf_1eM-Yl3qPv_0G5H2Isqg"
"Sosa Designs","UC0cJ5G2ZPFFlc12xle8bfdA"
"Sosha Lillie Keis","UC7jSNAuT2ooqswc0g8Hri3A"
"Sosnicki Films","UCHzTmcuwssXWYU43Xkj1R4w"
"sougata chanda","UCSHtY7zkfxAhQi9cWnfkn_g"
"Soul Prosper","UCMI_mOKplJ4zdjOC-0stEpQ"
"SOULDAKSH8 EDITZ","UCIJifaPM8yquZ0cKbuAmblQ"
"SoulForge ","UCIDuafWSvWbC7JT59EP_F0Q"
"Soumik Samadder","UCDT-DJ1jDpExhBvUWp3TDgA"
"Soumitra Bera","UCRHHBxUGwZ-NyaTPwzmU2nQ"
"Sound Design by Peter Seeba","UCQVfEcLSqPQivp0_FMYxfaA"
"Sounding Crisis","UCbAd_N-_56g8VJaNZVCiSTQ"
"soundlyawake","UC8Zq_MdYiTfFPVa9nyRdJYQ"
"Soundplay.","UCBKkRHO8J7ZwynAxRI13P6A"
"Soundtrack Channel","UCcwehcKGWtf5oBAfs3driEQ"
"Soundtrack of Nature","UC1BCPN-AdFMXr8sHtrqhDYw"
"sour grapes tv","UCCA7F-iptfffSQ4RqowIHuQ"
"Source Energy Collective ","UC0iTa1UOzTVTrUUF03fEa8A"
"Sources Social","UCFXXkjxs2r41GU0wK1NGbxA"
"Source-to-Sink","UCPQZBGhL7SNGJ2IeVCusT8Q"
"South Carolina Mapping","UCyHvw4vR6oY7rcjG7y18c0A"
"South China Morning Post","UC4SUWizzKc1tptprBkWjX2Q"
"South Evian Gulf team","UCn_7BHtgPu6ks6NkdgrvOiA"
"South Korean x cat","UCyKXDLq7gsS282totZBZ4uQ"
"South Ossetia CountryBall Animations","UCP_jDVjX77qSuIt6pTcKXvA"
"South Shore Adventures ","UCqJN2IPcdHGheHs2gO9EOGg"
"Southern Jewelry News","UCMGrS8e2UCbU3-Qp2YWWUzQ"
"Southerners Abroad","UCg24QYgOvAoe4sceGjUWrZQ"
"SouthMapper","UCkJKZcjEdeBqcoIqFHRUoMQ"
"SouthStarmapper","UCZowFIIHR9E9qnJfEz_FBmg"
"Southstream Seafoods","UCFZUrCpfj-mpD7pa8ttDN5A"
"Souvik kingdom","UCp5GIbtE96vNqa0yW386DDA"
"Sovan Bar","UCjfHpgZVWuQO65lOrAhWoQw"
"SOVIET COUNTRYBALL","UCxkHA9QszudWUEX3nucW2dg"
"Soviet union palestine’s ally","UC23MO1USLrjXhhboxKzljRQ"
"SovietMapperEdits","UC1Un25p1NyalvxVrOC-v5bQ"
"soypablo_72","UCUGizK4eTq8WXEIW6fYGdMw"
"SP pahadi🌿","UCuZyCxAQrxi_qIxUOYbM0Yg"
"SP VLOG","UCiAto_crgCGvVdNb4qiEoPg"
"Sp8 World AP","UC9kC1FqzdTG7AUxvi-cnyRg"
"Space & Future","UCIO6fek4ChJ6q9aYVu0C-Ww"
"Space Advancements","UCMXnvdSRX732pcXbdHMtEIg"
"Space Discovery","UC0qMhKaBHXtDz7Z0h6jYSCA"
"Space Matters","UCb7fZdCnbt3AqnjgoNyT6UQ"
"space MR (канал временно закрыт)","UCtvHmuTQRut7c0idzmp6ZYw"
"Space Mystery","UCQQooiyZx5CQ0xNgK_9_2jg"
"Space Reels","UCDF4hQ9GORTYv7kVfuQ3dyw"
"space river news","UCYvYzsd6w_5QUT3ra2uEtSw"
"Space Secrets","UCYqxzEfOaeieB2CaVpokGqw"
"Space TV🌕","UCjDNqouRha1e2xttn4Ve-FQ"
"Space Veritas","UCTvnMo7sE0BYyNs1gMkQ1bg"
"Space_Gallary","UC2iT7rfPPYj_V8-RDM6nyzQ"
"Space-Astronomy","UC8wqV57ZceflFPDs33mU6KQ"
"Space-facts","UCgCuLUVmW-usOKAZUXOmHgg"
"SpaceNasaSphere","UCopsPi8VcP9m8OY3s_78vhw"
"SpaceVrse","UC0gOSzVw7fo_hTnjMOO70Wg"
"SpaceWeatherNews (S0)","UCTiL1q9YbrVam5nP2xzFTWQ"
"Spacialize","UC0vhuLUjfxeoKDexbtMOnTQ"
"SpaghettiFreddy1987","UCXuPIKOSA5TVpNreWA_BbqA"
"Spainball Oficial Channel España","UCLwScbLZvO3uiOvIkUsj0gQ"
"Spanning the World","UCFURMoehrebxNJvq4AqnWLQ"
"Spark","UCMV3aTOwUtG5vwfH9_rzb2w"
"Spark of Nature 🌴🌹","UCeF2WKgK9otQyokBHhULHhg"
"Sparkle Waves ","UC6AoZPP7w14mD3PyoMG1sSQ"
"Sparrow Path","UCpTR2BYITZJkDs6hzTtnyxg"
"Sparsh Moolani","UCX0APB4yeaTRYeXzXZWRang"
"SpartaHistoria","UCi0Crwf7BknF2zBp-FYlThQ"
"Spartan Port","UCaaOklce8ZKtzjq1m6MH9eQ"
"Spartan Precision Equipment","UCvvC6VURtOmbgfF3tDAVSbw"
"SPCRaleighEAS","UCmPmf5bNPCZds1ZqLMrcspw"
"Speaker Riches 2","UC2LCtbwF0lh81M4BGn1aJqw"
"specialforces","UC_WA85cT43TqT24D49-C79g"
"Spectator","UCx-ZbFtgnqo0XLiDfdmvP2Q"
"Spectrojam","UC8vUwqVJugGof8W0ybgRoCw"
"SpectrumnewsZA","UCbgGpigo6Djp3XKTgKIWybw"
"Speechless","UCxrhateIpotb4CW1JTP8yDQ"
"Spencer Museum of Art","UCU9vIT_jooBnTAcnEvxftaQ"
"Spending Time Watching Time","UC0GAyxuwCFsaIYlWKagsJ7w"
"Sphere Insighter","UC0ZQ9Di0Yntac4cLxpatRww"
"SphericalRants","UC747NXeAosKOBYByu0msv7Q"
"spice royal News","UCkXCxGwu6QmXU4usRWrmTVw"
"Spider Gaming","UCPWAmvZ62jluMVW--hm0gYg"
"Spider Tv","UCGLv0gKOWpleaTPAieRJiag"
"SpiderMwa","UCflLPMwWRJWrHTi418B4-7Q"
"spidershooter","UC-M2ZreME8-EyXesy-HG2OA"
"Spidy_khid","UCkmk0dGzYkey5p4lj-rqM2A"
"Spike Viper","UCmPpv3UMyPVfiHw9T2mbHfQ"
"spiked","UCRK4_2FGAAmajCaB8ZefJHw"
"Spilt Milt Productions","UCNSkk1EomRPxvW2VKwdbHEg"
"Spimar Story","UCWVs4wWjyYTwRFFj1bHSxQg"
"SpinCycleCanada","UCyRiRuEUFt5pp9demBZ0UNA"
"Spinnaker Magazine ","UCOfjjE-t5R0YkMeTRqANsjA"
"Spinning The Globe","UCEPG8B0qN6IFj_VP6jZd0KQ"
"Spino Gamer","UCgrK0oKD8P6EiuQPFbN09lg"
"SPIRALWORLD PH","UCk_AJYiy22xHQqoCPRQozaQ"
"Spirit of Admetos","UCnZNTMc-b2KH7O43-ctsmYQ"
"Spiritdominator","UC73uWDfzyu9dqOzlD5eDl6w"
"Spiritual Area","UCI5pvirJPEc1AT9q_IWWwaA"
"Spiro Floropoulos","UCPtjdrbj6DzEP7FnJDLMx4A"
"splspspk kpkspkspkpskkp","UC9vpi0uH8E8O2l3oy2NcHYA"
"SpookBlox","UCQzPRXjpgLrFeCIM_E5bRAA"
"Spooky Heaven ","UCwoIXHCt0T0IbMqUmR9fMiw"
"Sporcle","UChnM-vBCCPqhXGmBgVmmgZw"
"Sport Steffen Castillo","UCkkwGVI_u3HyN3JJlYW6QSg"
"SportChallenge","UCnXirMMW-uFpdvLKEi_uFnw"
"Sports Vela","UCfaQgFprrm6ZA8ATzPfHXkg"
"Sportskeeda Football","UCyyhaJo4UX-02_GDDWYB4Tg"
"Sporty Online Shop","UCX3rLoiZsenbc9apWA-0obQ"
"Sportzz_ Clipzeee","UCbKne731LGmL90X8p3Abpow"
"Spotlight Revelations","UCd6blBkGmn12knA4joSLKOQ"
"SpotTheLie","UCO6JXWQh_l4Tk9ld4UIr46Q"
"Spring R","UCBNBPWgQGk7kgQNhbfM6tbw"
"SpringzMediaEnt","UC0K5i_pXI9iYtNjEEvK1WAQ"
"SPS SHEOGANJ","UCJ57AcBfBVYwjuYdR4LaEQw"
"Sps_cn","UCmR9m0hxr3u7iyDf8LguH4Q"
"Spur Fact","UCme5xsywiK1ZW427uvZCAGw"
"Spy Grid","UCYP3uxrzXHIr5XpzJEPNj3A"
"spyker animated","UCdC30ojbILb-Si12d5l4KTQ"
"Spyrrot007","UCA2ygtsolqIy_aoAuRO4kmA"
"squawk 7700 mobile","UCUPGCdQicK_UyJhWref5gYg"
"squidman1956","UCUUseCnd9DoekXT4RYwC1Cw"
"sqwuade","UCe2QPjS1gwLvEscAk5NgKRw"
"SR. MARWADI ","UC5ojvyfJc2uaj_sUvQGjtOA"
"SRA","UCPwpzMT7ZMtLQn3HhTzp2jQ"
"SREEJANI T P","UCHycUNP4LBbk4UklYK7HaKw"
"SRIJAN TAMANG","UC9E0SinKthgnGSHs-U-3olA"
"SRIRAM's IAS","UCbiWt_Ckrd4dqESbsXGBX6Q"
"SRS mountain bike shop ","UCXnXlLdC6srvOR-c0aJCC-w"
"SRS TV Everything For You","UC5Xn7U8TQ5mmaZPTkY2n2DQ"
"Sruchi creation","UCMmjMkYhOLTnyITZtZfL5_A"
"SS Skull","UC8q_wccZJIdVkgzSxEbAe2w"
"SS vlogs","UCWlJlYByY93prBXP6YjQHWA"
"ssenglish academy","UC4_S0nffv8stiHZL3wMkXeA"
"ssgssss kings","UC0pdiuzpvfmuSnZWfdvunMQ"
"Sshom ","UC3uHWT4a5ek5Zm32ZDPuGpw"
"SSKV channel 1234","UCdlcD65jCVgMDVhJq8G0BXw"
"SSSG and such","UCI98JWvYQ9DNdG6ycPHk86Q"
"sssoulful_travel","UCiUzH-6CWNl8baGZZIBRkyg"
"SSU Caleb Slight","UCfG-0TZMkOQL3vXunfVXJWw"
"SSVN all info channel","UCayXQEvzlx2BtcO3hNvBUEQ"
"st URL BOY","UCOVSptK-G_pjLLuJ2rVUJ9w"
"St Xav","UCpll22rZzGFUMGGhZpcEprA"
"St. Olaf Choir - Topic","UCgk0KBxLf4jcf3IghCCsegQ"
"ST. PAUL SCHOOL SHEOGANJ","UCBmji3AUrYthrOrP44C7WQQ"
"ST.XAVIER HIGH SCHOOL, TIHIDI, Bhadrak ,Odisha","UCb3JH-8_gSfbuhQa5JkwjzQ"
"Stacie Orico","UCXbCZgs2zmXgD7wZvOXGbrQ"
"Stadrian Taylor","UCBpragpa8XPwhQO_CLKdIqA"
"STAGGERING LOCATIONS","UCmX6USJ6P1uZThmApREsYZA"
"Stamp My Passport","UCcwB_-n-YOopL3o8S2LSWFg"
"Stamps Not Feelings ","UCVrMrf45Qs09TpeMWkegCaA"
"Stan","UCWFemVST7u9_K3k50Xsf9zA"
"Stand Up Democracy","UCkOOVIVlImz8PLTtTTiQJ_w"
"Standing For Truth","UCEJjuJEkxO9MAiy1RYWRk0w"
"STANDOFF2","UCF3YMMkCrbvpRGHA9W2hzjQ"
"stanfortjrschool","UCgzJ5XJo-QcFRgPHgvds6-Q"
"Stanton Giles | Films by Stanton","UCyWOWdNhbGwXBGaoexsk_qg"
"Star ###","UCBt8O0aRREhZZokbmY_og3A"
"Star AI","UC8eKtystjFI-JRsXfVw85wQ"
"star king528","UC_pKpBCeFcu_MNp3t7zwYuA"
"Star Mapper_YT","UCyGQYriLJ_PeL7G25KeI0Yg"
"STAR things to visit","UCo2c7FSDUCqoqRp_q4xJt_Q"
"Star_flag_edits","UClbRVn03RkDqiGja2aRVirg"
"Star_GT","UCMVvqCOwZ-cFnlI5b5KhrAg"
"Starcat meowz","UCiJLFkBF2Ao0l3FsZe1eDnQ"
"Starfu1773","UCLqmynI052orLTOWcKl3Lng"
"StarJourney","UCanjdMlEvtKF1vXQxBu2Dgw"
"starlightpancake","UCkgHCTOXvyxbV8uKLDDciDw"
"Starry nights","UCz0GQ2NW7FLXaEgDaxTP8rA"
"starseed GFL starseed","UCLMBXm5QTrlFJ7ro41_y9iQ"
"StarSignal HQ","UCHi_e7gpSGRbzCeRbA3Uw7A"
"Start One","UCkNmsBXRAAVqOstLppcm2DA"
"Start Thinking.","UC_DvRFzlwi7tJ4PQ4WT4o5w"
"StarTalk","UCqoAEDirJPjEUFcF2FklnBA"
"startling Vibes","UCJMxsHPRSbahAEeTjJNS3rg"
"Startup Kids Club","UC3Ac-sg8WNqcp7DoA7IYmLw"
"Startup tech","UC7gMuDdArlRBn59Yg-UzS0w"
"Stat World","UCA0wQTnrSy3t7Y_dnU4EYHw"
"State & Sense ","UC5gKRHmXW0UvZPl2g9prIvQ"
"State Fusion","UCc6ii5qQiyvCPVCbCadHuNg"
"State Line Baptist Church","UCGoyAfzwX_Z_SbjI6bg4Kxg"
"State Of Maine Fishing","UCfbC0-MKRgMH9sXuxlyDmjA"
"State Visuals","UCV1HUp0ukDHcFEbkEgi8Pmw"
"State Walker","UC_8d_UsCGl1dRBgnr6ZOMmA"
"StateBalls","UCqG3b7ktKbW_G6Zv0T6yiaQ"
"Stateside Stories","UC123sU0xDJbZy_Qw3-Sxaug"
"Stath Infection","UCkmvX0DvSQvHLaNC6LZbg5w"
"Status video","UC9SaOV260rFeiSN14c6wxeA"
"Stay in the Fray Podcast","UCrwFvP18AdiMTTMPtkFNOWw"
"Stay True Entertainment","UCueqYwup2gCSqB5BjpR5U_g"
"Steady Camper","UCXDXp0KmYXRdT-Cp5UGUo5w"
"Steel Harbor","UCtEiFWNin3dMBA-0W4cMmzg"
"Steevy Geffrard","UCRsF7KkzVjwBNvTDkUwTvxA"
"Stefan Forster","UCv5xTD1RDY4RzMrO6kgAiBg"
"Stefan Vlogs","UChRtE1UECMtqdiARC7Elg5A"
"Stefano Orsi","UCCSZh2za-6RQpHm2GCbHDIA"
"Steffen Roller","UCuRdP1GAEDxHpIGvhkH7d1w"
"Steffen Wagner","UCO71QsubLt4qWD9zA9zqUVg"
"Steger Center","UCyh21T2VDl4hk7biWhbGuwQ"
"Stein Retzlaff","UC946bigF3hpSOXn4hJw1KNA"
"Steinn Hrutur","UCRdjyldcje5TqDYIJATFl5A"
"Stella Moses","UCtZZ_OhXnBVNR6omlDzsCyQ"
"Stelle World","UCuJqhdldtyrir0crniMtD3g"
"Stellve","UCX6HVX0rrdZUB4In1emnF-g"
"STEM education ","UCdJrPWLIhql6BUO8GrllmOw"
"STEMSATIONAL CLUB","UCHlWaCbmEFFzeMg4kD61ocA"
"Step into Nature","UCjpsHzntqG7Vvpk3WeAg8cQ"
"Steph_Lee 1229","UCW2Re87v9aXIfqjWBuSdf1w"
"Stephan Arnold","UCMubHmKpfnPN1Nq00kA6BiA"
"Stephanie Seymour","UCXEmyLkTjGFZQuIt5A6gdtw"
"Stephen Brown","UCPjLDbCyZkVa5p-uOSwC9cQ"
"Stephen Capper","UCl7Nt5sec2qTs65Scl2g7Fw"
"Stephen Carlson Daily","UCvEmO-y1KgnegEoAX5-plZw"
"Stephen Gollan","UCgYmOrfj95tDzYCAHnBuXbg"
"Stephen Hicks - Seismologist","UCqMNpPiufF1SFT_JAyCU7fA"
"Stephen Lauren Gabato De Pedro","UCQfnU6-tgJZ1vPB6LFMsnMw"
"Stephen Murphy","UCi-tcNyElq1Bnc_bwu91sHA"
"Stephen Nissley","UCB0CDW8DOMdC9xjvtuDB-ew"
"Stephen Omondi","UCrFWa-41kKufKhK9AA6StbA"
"Stephen Pax Leonard","UCB8kqaZrycrGwuANjA9gnuA"
"stereoesque","UC3jqG26hIU1beGzuqT4qvKg"
"Steve Backshall","UCm-URP49TgSgyIU1rgh2m7A"
"Steve Bootes","UCYvjuCTjm18r6r3MotfZBUg"
"Steve Cioccolanti & Discover Ministries","UCfpbDgJez7lIweqI3TO2rRw"
"Steve Cla","UCytOWZt7tgKQi1hybqgFg2Q"
"Steve Close","UCqwBUZPTvR9czarbp_ARTJA"
"steve giovinco","UCqSORtTCLhUgKh_zKANRMyw"
"Steve Hall","UCeZ3pflGbbOqmXPc4pRIeSA"
"Steve Killer","UCGMCMA4HnTymQA0Uo_2PSIQ"
"Steve O","UCPcBa92smFCi_kqc9jPf1aw"
"SteveMarsh","UCBhQuxcHU3aydk_zTXcbdTg"
"Steven","UC5viGUASh9uk-39_LGBcWTw"
"Steven Baumann","UCp8aeLIMvmixVgUz0_CPxhw"
"Steven Baur","UCpCIiV2ohGmU4tbLhGaIMTw"
"Steven Gaulton","UCIDkwgvhpEHHGA8xd0YRz-g"
"Steven Lewis","UCq9jD9pBsGFvMwI3_hjH6kw"
"Steven McQueen","UCRQ-EdWw_16RMweGEaYnZGg"
"Steven Mitchell/Sweeperguy","UC8bAQa18ckZh1AEI41nOj7Q"
"Steven Rochelle","UCqrcd2tlAW3ssndYnVQRx-A"
"Stevoski-N","UCrmDgRF4EE2nlHZRtuywSMQ"
"Stezzy Facts ","UC3WTkSH8mNvnFaztCQITQkw"
"Stick wave","UCW_h4Qj5cyOYCa74oy14AGA"
"Still Random vlogs","UCkFgdFIniegdLxRQG9RU-ow"
"Still Thinking...","UCIGVTL7mDkmgohP7dSxxGdg"
"Still Worlds","UC5K7iN1kVy0lMvazBtcR3Ww"
"STNNews","UCc55p2SyEpu4FXE8iLr1R9g"
"Stock Market Chasers","UC0-t4A0TcweEaWDHwTZXYfA"
"Stock Sharks | Official ","UCvD8hoKwrcbAawDI04fgQug"
"StockAnalyticsAI","UCVI6HBoVZb7jHQuk0aFP1hQ"
"StockBox","UCvEDzwl9YeMcuXmJBNQBBsQ"
"stockswithgroove","UCxCj3TVOYMB-LRZzLKsMtuA"
"StogiesANDStuff","UCrjcAowQodOGW5G_tLO2YPg"
"Stokholm","UC_pugxq99CxgfK-K0-r2C6Q"
"Stop Fossil Fuels","UCWqxdKHeo2jQ547ToejPndQ"
"STOP ZONE","UCOK5Sch07pUcz1axP3Jq1pQ"
"Storehouse Media Group","UCLY976vhkW2D-1zNuBeGpnA"
"Stories and Facts about diffrent countries","UC_-VgAC1i4b7wuDkxPqjOLw"
"Stories from the Gods","UCEoEcztEbDIUaqD8sPumrJg"
"Stories of Akhil","UCwtAIPNdlLFwy9wuvkzNeCg"
"Stories of Timez","UCVml8qp8-oEk8_a74ZrJ7KA"
"Stories vs. Realities","UCnXbnWrndjF3xEhNI0vOnsw"
"Storiesfromthepast","UCzevIqdN_ecHOkruw8l9j8Q"
"StoriesLAB","UCIJOYwqbfWDzmqfdlNSy2IA"
"Storm Akima","UCUZzCTiJ3gG7sI4BT4NVRsg"
"Storm Powers","UCm6EI5pnXbZCQ0K-wtNlmNg"
"Storm Tracker 998","UC0AqUxm2BY_cxGwksLHUXVw"
"Storm Weather Shanty Choir - Topic","UC8QtWLBPoTUHFpOVsQdYhuQ"
"STORY HEATING","UCVHCIrF_4H7QYmMlStkBpTQ"
"Story Hub","UC5wjdXMil-oFtrbFH1Hpotw"
"Story of Nation ","UC9b5UJtCMIJQjQ6kTZkMLGQ"
"Story Time","UCPzNHLqHcrK7UKlmtwXmf0Q"
"Story Walker","UCrsHkp1rQoQbCbb2YYRyvxQ"
"Story Zero","UC53bsNwsdtxa4okpUBEfdBg"
"StoryCast","UC3CYD4ZunhanCNVXETSQ2DA"
"storydj","UC3lDVK0iCKatWOVncZlCSfQ"
"Storyful News & Weather","UCBU0SoyQRFlxZdxoOiHPTYw"
"Storyful Viral ","UC5ovaFtNA0Jbq7mf0vdKYjg"
"StoryLines","UCxCPP0Zw2AK6dA8xWRVQ9EQ"
"Storyloomnorway","UCN8BFF6BeYynVu1-_WAnj6g"
"StorySphere","UC-HqLeCScEjcX5t0C9fEVCw"
"Storyteller Central","UCArPuFKushupiP3_HfIEoFQ"
"StoryTime95","UCYNGJL6bWZlgAnXgd6jQixw"
"Strac Reacts","UC9s7NlcRJqwbWiT7qCwH_sQ"
"Strac Views","UCmn_9KyaFejinIcvL8VAaIA"
"Strack UA","UCwHwSmKeYtr1LdEAac6aBqw"
"STRAction","UCzu-sK0TwcUTpeKspEaUXUQ"
"Straight Arrow News","UCuL3xV8AqD3sekKOhhyZqOA"
"StraightX","UC3jSRidgr6pLRM0dZCDZ20A"
"Strange but Surprisingly True","UCgMHVJ1tImW5i2gpJm_gBnA"
"Strange The kid","UC-kG1n1HSmZ4QCUXeQ7DG0w"
"Strategeon","UCjyWPtvlHJudOWcVp88KFsQ"
"Strategic Leadership Central","UCZ7PHHoZogkAcAk61HLlQcQ"
"Strategic Warfare Archive","UCJM9eHL38rMbfRalglYFc-Q"
"Strategos Antiqua","UCBbSpFsu1uQ-pFcc167lXig"
"Stratix","UCgavJaauV9Y-zFNlS1wqfxw"
"STRATOSCOPE INTEL","UCb_6mUjDKYLtOXaosg96uXw"
"strawberry.shorts","UCzVm-fAg8L1b9yfrxCRKXWg"
"Straydor Nomad","UCHXGr4ozx3B7Qw87NYX7lDQ"
"Street Dice","UCz-rHQTbEb8aZaVtCLs8lpg"
"Street Food Adventures","UCnYPN71SclpgkOCtvcU3NPw"
"Street Food Explorer","UCTk8pNfbc0NRyxqKhenaEXg"
"Street Reporter","UCkuaTQ1dDsOqj85x1UwC-uQ"
"street story","UCJoW_1efkydl47ktTs0_JrQ"
"Street View Tube","UCyQmYDAvcLd65-1r1DLyOSQ"
"streetcode 254TV🎤","UCJ7U7RZu-_CVvvbWIUFKzOQ"
"Striker Production","UChGwwzBThuWOwA-qgBo6PCg"
"Structure engineer ","UCwl2FKvnk820j85gl3T6myg"
"Struggle of YouTubers","UCo5OCcooGBD7QVz2-yNcnEQ"
"Struggling Traveller's ","UCYsWRY4YxxgUBV88uadFCOQ"
"Stu Does America","UCcNGf_pnwo6u_pbcJv58Bmg"
"Stuart Haddad-Irving-Taha-Elliot","UCc50T2sU84qZN8NtbmnF0Cg"
"Student Housing Abroad","UCzaGogBJJNyanrtUBzx05eQ"
"Students on Ice Foundation","UCobefDUn6NF7KtQE8hrqmhw"
"STUDIO ORION","UCN2md-3Mf9A80hJjItEyHUg"
"STUDY CAFE","UCqEI3fUQ1uJ9MFhcZ3QnZ2g"
"Study Couch Education","UCIxSn0acwIiztZkTTCEnjVg"
"study decode","UCaTN095zazwbAE69RGEke1w"
"Study is Enjoy","UCGpY-5jEckYHO3HLp-oaYMA"
"Study map Sharma","UCkuCLgBqzn1uvsibHoS6YAQ"
"study material","UCLUVwxtRmJ5r-QEaDj1gfcQ"
"Study Pathshala","UCWznx0E5TJWgiEWHgQeGRCA"
"Study plus knowledge","UCyVdjm43nr43_xJlh8JWURA"
"Study Shows","UCZmOVHSDM7GN2Lp-Dn5N2fA"
"Study Table","UC24jNAtBXpX1sSQ7GrAbS1g"
"Study Teller TheHardik","UCzp1x87cxA5YUvWZ05fXynA"
"STUDY WITH ALOK","UCDHu55OWpBaNyZeO69uOrVw"
"STUDY WITH BINU(जुगाड़) ","UCF7YYSksa-jzQ-GHdW0DkHA"
"Study with Nazmanoor","UCWm2bNU_m_QDMJdBp6BXqGA"
"Study with P.K📚📖","UCCejBYAk5wPqPl02XA_rlCA"
"Study with Raulansiya","UCJeklPVpDx5zG0bP-K2u6EQ"
"Study with Saba","UCuXStd31zTAFv0PpacsZAxQ"
"StudyIQ IAS","UCrC8mOqJQpoB7NuIMKIS6rQ"
"StudyIQ IAS हिंदी","UCKSGmEx5nKZCgjRny-9LaWQ"
"StudyIQ Marathi","UC1cL2G8SEshZCPH7X2MKO1w"
"StudyLawn","UCM5Q5h-YSOCdkyNgL_uEWVg"
"StudySaga","UCKehs5yhyUchf41r8g4B7pA"
"Stuffs n Junkks","UCXokoEAgxxO2Skf1fdLgb-Q"
"Stumbleguys India","UC8GrdB6HsU3Tmo0MHcCv7Jw"
"Stupid French Bear","UCGdVLw1AXK5hk_666QkVWHQ"
"Stylo","UCeKdQ9UYKCacfMcwIMVHyYw"
"Styxhexenhammer666","UC0rZoXAD5lxgBHMsjrGwWWQ"
"Subh Documentry","UCYE9l4-n0D5np_9iN1wuzCg"
"SubhanKhanzada Shorts","UCnbxTEeO4F-W1_8SZl7yghA"
"Sublime","UCQshTBmq4Gj7NiJT-yZI0Sw"
"SUBSCRIBE Sampai 10.0000","UClktLk8_9DlBnRqXjDts-QA"
"Subtility","UC5k6uzNXd8svC2zbEUWxzCA"
"Subzerotwarde","UCvuxdCSrNxvW0_Oqu2uNxCg"
"Success Mind  classes ","UC18aIs7HLxvEEd6Q7LdflZA"
"Success Stories","UCUGEJ3-T8ifzxQ6-pX8mfXA"
"Successful चाची","UCuhZKDtGl49hPkUirUDV2kw"
"such uh stinky heads","UCJJRaDkFyG2GK6Ilt2_JMZg"
"suchitrakirantelugu","UC1tecElnWDbxK8f9HZCuDVw"
"Sudah Tahu","UCMIa6lvcUCyUz5xOp-XDCAQ"
"sudais vlogs","UCAfN0vQoAocCXFcZbn2t8tQ"
"SudeviRSriRam8000","UCgum0bQ6nUmnDtdObY9ea5Q"
"Sudhanshu geography ","UCcvGChG6XPI7B50VJpMTs5Q"
"Sudhanshu yadav425","UCw3T2yiDQCi0-72I2KDz6tg"
"Sudhir Radeon","UCD79bw5_uws5Xm00o-vp22g"
"Sudhiv Vlogs","UC-mWkuiFF3juFK0c2CF92tA"
"Sudip Singh","UCNhCSJFuy1RpnONy1yRgdYQ"
"Sudipta chattopadhyay","UCKHyTdG0Ab8MR9-P0GCsR3g"
"Sue","UCdXbSBJ3bRuC7mgBz1xD21w"
"Sufficient meaning","UCvXf2mJ3-s9T_5VdCaGjyzw"
"Suhaniarts","UCi8ZIukLK6xZH9ukunBBKPw"
"Suhas jadhav 03","UC6ZUucyZTEBS5ZPCfRVo3-A"
"sujan Gurung","UCfet4NWGUXIm8-LvkwOLDuw"
"Sujeet Arts king","UC6lEJhCGf3TRR6uPBYcY6OQ"
"Sujith Gowda","UCc9cfVElG0jOQ8mS6PrA1VQ"
"SuKo Board Game","UC8o3K_-ttBdR4zWHCUPla2g"
"Sukoon With Cj","UCR6K8vanZunquCnypuVfhaw"
"Sulisitsisut | Grønlands Erhverv","UCM2CuUaFYl3jJW0BcRmekNA"
"Sultan of Smug","UCkZUhsZWkhi1qW5Yb_4DCyA"
"Sultan plays","UCl5MuHilmdoqoB_CX2vUd_Q"
"Suma Suresh kumar","UC4FLP8DSMumAF6hnhJhWTOg"
"SumatraIndo_Editz","UCAJrzC0eAWd2WgbtGIhv5Ig"
"Sumbul_saleh ","UC-pEG1q2Rn1am1VKR86js4g"
"sumedh_tayade","UCKM48QMtBp3CzZHAvWGBVTg"
"Sumisho Global Logistics USA","UCLQ1AaTf3VTtdLvYqEBfd2Q"
"Sumit Baisla ","UCpxgxs82QMMwcwG6wcqVQWw"
"Sumit Kambale","UC3JAaZySzBDL45WFJITNg5A"
"Sumit Malik ","UCYqqjhHensNqYg-ZUVJZeBg"
"SUMIT SANJEEV RAJPUT ","UCSRPWRp9yVN2nmOBZKQIjNg"
"Sumitra😊","UCC4J52clBfoCyQ4roy46AUw"
"sumnerd","UCavA-ytYZvAUH6t4BzqPkEw"
"sumnoxx","UCWWVC-kN2dMQ1WHOslGrKvg"
"Sumon's Art Gallery","UCa2rH8bgzYz3Lgzx4CvTpNA"
"Sun | Sand | Sea","UC4Entsu7NGgWfRCQPCoE-8A"
"Sun News","UCYlh4lH762HvHt6mmiecyWQ"
"SUN TEN","UCNZOYdZbJnFV9aPjcXPSTQg"
"sun24/7live","UCV85Y-VeMmPugVRBem6joOw"
"Sunaina sh","UCdVDfMwY7rThIVkQW2k6YTw"
"suncowsAttup do not hack","UChA7soDX0LfZkf6u1kSPbCQ"
"SUNDARBAN OFFICIAL VLOG","UCbBqQn8lFb_dosgXElvDIIA"
"Sunday Roast","UCYT1UaXGqezmBzuycCUErjg"
"Sundesh","UCOUtMAxVODwVp_vopDYrgNw"
"Sune Rasborg","UCzT0_6djeQvnQXe3iJ_Z8uQ"
"Sunil Gupta","UCjcShnc5UgMm5ZF0BTGMzZQ"
"Sunil Noronha","UCruN7-Rqd3FFSUsAvkxxSpg"
"Sunil Rai","UCHBnCh41w_yQXBN755ka-uQ"
"Sunil Waldia","UCfANSZwLCSW_OB9Cr92Eigg"
"Sunken Lost Sea","UCrvr3lwnL86kMXEmcwARnPw"
"SunluxVisuals","UCQyqU8ndKd29pYqzEcWTB3Q"
"SunnyVibes","UCb233ahMBm4Zy5W3ljlAs6Q"
"SUNO AUR SIKHO ","UC0xS0cDEzLTq4X-0Tl87BIQ"
"Suno Kahani tv","UCYmZJT03GN0rS2zRtvasifQ"
"SUNO TO SAHI","UCn8PZqWhGFiwTlywI-ULohw"
"Sunrise","UCMRq9ADyETX-Touo4Srph5g"
"SUNRISE TRAVEL ","UCsyx3H1L0nIajR6t7HMglnQ"
"Sunscreen","UCAFgifpLjIJJ3M18n-2JU2w"
"Super Code Monkey","UCWn-Awg5iTdb9CDjWBSzs3g"
"Super Curious EN","UCJsGi8n7DVbk7sXULZOyGBA"
"Super Shorts Usa91","UClKeNHRG6J5wNOKILSvyO3g"
"Super TY 03","UCgSoaTD4uM54zHmOVO-smAw"
"Super USA🇺🇸","UCLBDvN57XuYoOv3bSvKhpHQ"
"Super Verse","UCsZ5z-gXwG8Kvmmqf71b7fw"
"Super Wings","UCLvjR-bH8y_XUqjavoPGgYw"
"SuperAviation","UCApa0Ln1GGFG7KTAJVMPaoA"
"Superb Study Circle ","UCY-5C_-dSRg_-fKHBF_r38w"
"superballboy","UCI2Z5Qb8qJFZSWh9QLqaZDA"
"superclaus232","UCs6mpLPduQLE4Id0v6pV8JQ"
"SuperFan Videos","UCMNd6UC_Lrq2NG0b-TWzHVQ"
"Superflanker Studio","UCtyjzThJS3tg2rPUC7FAz4g"
"superfunnyvideos","UCS8cf3yEYTJxWUZTMyDwv6Q"
"Superhit Mobile Phone","UCOdR4oGT6MJrqu7eTZ6l31g"
"supermario Sion duggan","UCP4wF8hPwUAfPZ9ITb9-fpQ"
"Supersonic Productions","UCCLcLiHWnZpJ6gSnc18BFMQ"
"Superspreader Girls","UCJMFZfRqn6MoQ8uVXSKnvFw"
"Superstory","UCQHGSC8sn-xB6Tg3YNhESdA"
"Support Amit Sir","UCK1h9m5We74CvZVXBtA3zSw"
"Suppressed Shadows History","UCbNz9VPIW4O_ahw-6nwkbZA"
"SuppTalk Radio & Strength Unscripted Podcast","UCe8iwqiBy-4tr3yTDwhh_5g"
"Supreme leader of Africa","UCWvFy2Dhj6FL2fzsobbp3ag"
"Suraj Mahato","UCn5Sc1c6021EmElDaSYcmmQ"
"Suranga Weeratunga","UCqddwR4zxxPQC1Gpb1uhFjA"
"surbhi raj","UCYfr9TbNcnMNKRssEP3qGGA"
"Sure, I Know That!","UCjgwLCXZXGoHJbtNXwRzkJw"
"Surender kaushik vlogs","UCGIAFsO_L5RC--v-sax6O1g"
"SureshBoy","UCnVrNQ6lm5R75MKy0rz-KsA"
"Surf Slab","UCAiqNmSmHILuYgDA2LIebrw"
"SurftyYT","UCOgTg5j2pz349QoeSjbxCbg"
"Surpreamdullestluffy","UCwSitbmb9zx9Q3WgujSUX1w"
"Survival Curriculum","UCvFcxb2Q_f3RhvHPcuWiSuQ"
"Survival in a City","UCXFYcRZ2Mu7z8mSHjGBFlFg"
"Survive History","UC-zlg_p6LoYwVoCtCJt7sZA"
"Surviving History","UCeaHw4eHBNJJM31i1Uc07Bg"
"survivingsect1الفرقة الناجية","UCAvldos_BzYlsFZHoc3CkQg"
"SURYANSH RAJPOOT","UCRr8SOloMnti47oE6L7LWqg"
"Susan Helmer","UC2bJQ2BTVifLeDFZP2u-y4A"
"Susanne Heilmann","UC29DxV-zbodsuwb4sIcHKHw"
"Susanne Heilmann","UCIn2FJJW6HyeNW7RQ50XA4w"
"Sush Pages","UC3ou3zateA8J6m3I-jIym3w"
"Sushama Bhandarkar","UCVw4-iSg7duZ2kSe1a8AnJw"
"SUSHANTH SURYADEV","UCzF5mIM-HbfB2x0iiYLomtw"
"Sustainability by Jose","UCwVY_Dwd9byBlWRZXhX07MQ"
"SUUDH CHitra","UCH47L_nnBj6pf7D0AgDIHEw"
"Suulut Geisler","UC17feiVt4nxrNuCgIU_6ebg"
"Suzanne (MCC, ECC) and Steve Klasen - CruiseOne","UCeKmQZF9NidRE2ATe5b3iGA"
"Suze Costello","UC-7Tj-6UGIW0k-yXhPqGWMg"
"svanurFPV","UCU1cM7AGM4bi_Bh7sdjiXWg"
"svarthelionis","UCvbTYPK24IDgm7bSaW5RIsg"
"Svc101bsoeAviationOfficial","UCMomjqTZGptImP_uaF8I79w"
"Sven und Livy","UCGN6zJWxcCH715dvijzVOPg"
"Svend Åge Hansen","UCD-HQLATa8dyh-kUEFvo_TQ"
"Sven's World of 🐕 n 🐈","UC4S8E5Tn-y4ayyK4K-Qc7AA"
"Sviatoslav Vetoshkin","UCslC89zSm6szI5BkPVKKWkw"
"Svm23 Official ","UCr84SE98_iWO8OSLtYwwXLQ"
"svn","UCih0iePa-scCZtc5oM1NsEw"
"SW Pixels Edits","UC22L5NNUgdP8JyX-xoY7CUg"
"Swadeshi Aura","UCYO69pOIKNZRAF1TpIv22-w"
"Swadeshi Editz","UCUV015sLwTI9w83lA-WvnyQ"
"Swadhi panda","UCVKwysYy-iIiFcoZCu8bDAQ"
"Swagistan","UCjMb0nP_VJH6yDj7LqTpUog"
"swanhellenic","UC6soOaC5QPy4T0fy-afzijQ"
"Swapna Rawat","UCjH6NDu-O5RMMwoPqEBu91Q"
"SWARAJ PARIDA","UCndM2l2zM0Y7e6ferhmsK1A"
"Swarg","UC8xLcPAxRm-F8Kh46Z4Fqzw"
"Swat Medical College Help Desk","UCtFrIqDMoiLqEY6uMVj4IAA"
"SWAY THE SOURCE","UCe_OYWrO92oZp8rePpCzusQ"
"Sweden Ball Maper","UCi5a3KAHjo06_7UVouvSagg"
"Sweden_countryball 🇸🇪","UC3FPdHmORh19jo8nA8Nu9Iw"
"Swedish Countryball","UCZGtWnT6_wF97e5fEr6xwOg"
"Swedish Mallu","UCOlMCg3aXzwysHLHYcIrToA"
"Sweetest Escape | Luxe","UCYocu896_R8QjQ84f84PRrw"
"SWEN N.N.","UCl6SBAEdxjBym8F5kPht-6g"
"Sweta","UCwmL3NywRUf_aro8nMJYIHw"
"Sweta  7499","UCGxEMXX4G8hXfxb4Byuc_Ig"
"Swethasrikanth","UCWwogrVSrJLaG-NDOwXxUAg"
"Swetu Choubey","UCPY5Zkz5WBNRxs3Efx5kqPA"
"Swift Travel","UC0t66arjkKnhVBVyY3wsnFg"
"SwiftShortlistShow","UCHiT5m5wNyluYamvHw1KVWA"
"Swiift Tv Kisumu1","UC9PIhNR0VkiNZ6K4JfPow3w"
"SwipeTinyLab","UChdAvVo_LZuXmLX6IWVFPng"
"Swiss001","UCYiaHzwtsww6phfxwUtZv8w"
"Swiss001 Streams","UCXYsoU40EA2qmeyMQhJ1s7Q"
"Swisshelispotter","UCpWRFNeebWCsUx2RWXmdGfQ"
"Switchon","UCM9OKbsgWka0cqd04-LZHbg"
"Swoop Adventures","UCDcwjNB0n4oqYtpvPMSYqaQ"
"Sxubh","UCqVvcjXbGImSVTkHKOHOmvw"
"Syauqi Rizqullah","UCinqjEYhRmlrzIOCsItvn6Q"
"SYCHO3«","UCgAg4D8w3YbkytxNLHuj_DA"
"Syed Nouman Noorani","UCZ_aQz3UMvRJQhHA9wnTXpw"
"syketurah","UC_2Lgbj6D1pGAuMHIocvcBg"
"SyLaR ZaNe","UCx7CcPeGg8ryIvYyd5zUVkw"
"Synapse Daily","UCNZK_Ic3HzEZ2LijKqDko9g"
"Synthetic Time","UCvc9EPjqXzRGyJ0tOo0TOLA"
"Syrian Productions","UCNCH8Q3iRuPlvKHyquzdj5g"
"Systemic Lens Media","UCGxTkkU_4gALpphrhVPRH8Q"
"Søixie :D","UCRhDHai0PDU4sHRWZDAfqIQ"
"Sømandsmissionen","UCFw9i1vbMFI_gdFIfeewydg"
"Søren Andersen","UC4MVkYXaOJu2BoQHmgL6W0Q"
"Søren Andreassen","UCiPgJIV0ddp2KmfYXzMT5dw"
"Søren Høy","UC2lleS_ahapjiWVHV_hG4JQ"
"Søren Pedersen","UC2UM6II-3xYpp2ZRhCyCB5A"
"Saad Z","UCyX9_RDlHX1kA-CWoxlTigA"
"Saann Tosh Vlogs","UCCuPRvfvResn8qTd0jWk6wg"
"T 4 Traveller","UCm6YK7GIPnMvNe8G5XQDweA"
"T DRUMS","UC9qwHaJyQi0ykkfqa2qMB8g"
"T H E L A S T B R E A T H P A T H","UC-uWedletO1dAta6a-IEt1w"
"T Lewis","UC5mWGTII5repLjKGYOW8Fjw"
"T Pin","UCM7FXDPnjc1-tHUoU0XNF0A"
"T Xayeens ","UCmI_FxYeVHoKYmtOwVQRKOg"
"T33R4K ","UCQAp1KqueI7DHUDG9LlM42w"
"T47","UCoZ4Inxqt5npOUYSEt531zA"
"T6 home studio","UCLxOdihzmHaNW8LD3ETh0yw"
"Tables Chronicles","UC7HqMjnDcVr1PXCFPNBZQCg"
"Tablesalt 🇨🇦","UCZyAL3CSeVnHXwCMhz39PMg"
"TabooEducation","UCwRDxhUHM_aJD1hte-kfrUw"
"Tabraiz Shams","UCXeKfW6fBueWPppcMnIUang"
"TacoHead, El ídolo ","UC2JHwNCbnVH6P05XD_ZSPmw"
"tacp","UCIob7ABGi6rXIxXyQ5wOOUw"
"Tactica","UC4Yx_fXgCKjGU8Lo02YvSHw"
"Tactical Weapons","UCW0mrVI3HgGptOWjf1LpxSA"
"Tadeas Tolver","UC2A4cWYbxwlCYjRcHfTxcFQ"
"Tadman di Ripatan","UCghtOIyM2bPaXZY79MJtHyg"
"tafret joz طفرة","UCQTS2COM5DBZctlg-rBXHrA"
"taha","UCMn6IlawbSoWVBabgdGT9CA"
"Taheem_editz","UC-Wo5V4RMmqK8OpC5sySZYw"
"Taheer","UCKV53T2H3Oug29POVePZ_lQ"
"Tahir Shaikh","UCNOHMpzGZkl_rfks8rLQp7g"
"TaijhTV","UCwXudufJdJ_CurAfeyMrG2w"
"Taiwanese countryball","UC0HYuZcnxBW4YJb2sadXc0w"
"taiyc2","UCTVXezvCCyX0JGjLmhznlow"
"Takayuki Aosawa","UCXcv89EJheRr57cTIjzPVig"
"Takeoff Topix","UCDb3o6Rz8AKzctydsP8sOrg"
"Taking Off","UC_JVFhPXaWB4toVQHQoHe8g"
"TakotTok","UCFHYy17nfcS2xn6pzeE5DgA"
"TakuTaka","UCZJ7NGkUZmctLyipq8-jxJg"
"Talent Poye","UCk_liZX9WPfu3gM-nu1l-kA"
"Tales & Facts by Winnie","UCYo2hs4UwEKfDTmF7mppucg"
"Tales & Truths","UCZ6PM_mruhZJf7iIA0XfZiA"
"Tales after dark ","UCu0h5dztcwmwsORkJnf_j3Q"
"Tales From The Road","UCqYTzuwkYM7WMlroYaGssYg"
"Tales U Want","UCviYG8ETyk91tuu-3LSDQzw"
"TaleSphere","UCsgXRjIfDGtqv1ZGiUNyX9A"
"TALHA AYAN","UCOHj714Re9JAewuZz7kfxuw"
"Talha Jalal","UChvHSPa2RRTilNkkuSdgAJA"
"Talhoz","UCmQobfaym5E07mtrwrkpB0g"
"Talk Shows Central by DRM","UC25Ntv5IrTD-B0eZ92O50Tg"
"Talk with Adnan","UCco5w_ZafM2pOPJvfo_u4mA"
"Talk With Flash ","UC_qZM9APZqKEnuE17sJFd0A"
"Talkative Goan","UCHM2oIP-BhGOesGIIc3ryYA"
"TalkIn60","UC5sevGgGy2MAgYhxMJxzQPw"
"Talking about Trump & his madness & criminality","UC3Evg1atwUmcHyr3ojDfrjw"
"Talking Fruits World","UC1t7NANe0NqD1zPojgso2sA"
"Talking Tom Game","UCLfto-E11IdvfKRYcNLfnTw"
"Talking Tom the Nintendo fan AUTTP ATHDTC 2K16","UCeGQZR_L3P-ZWW8wKF3mRPQ"
"TALKING WITH TVP WORLD","UCNVES_wZlwwhCy0TABAAxwA"
"talkora","UCkSaKjYdUQr074okwyRvYpw"
"Talks Of The Town Comedy","UCietT3Q6kI9O1CtVa0YgXQg"
"TalkTrackz","UCHLf7qirXBbyiUimbM4p-kQ"
"TalkUp","UC8r4IBupAeIGYdIzcTFnbxA"
"TallDark&Stupid","UCewojfxKlyckOInlbU-m4nQ"
"TallTreeProd","UCJKoZ7yC32hAXW9SfO1Pr7w"
"Tam","UCo8q5u8Y7GNsSSWl_RwW-oQ"
"Tâm Thanh Vũ","UCTmHVCec_jv4ApL5wK0zhAA"
"TAMIL ARASAN","UCyoiWtiTOnQCl3tdLgM-oeA"
"TamilGreenlands","UCDPNSzql55F1RRYISyUHkXA"
"TAMJID GAMER YT™>","UCXDsgAgAb4DLPYkt_NH713g"
"Tamsin Dearnley","UCFXILIAZh-qcaLWoD_yl0hQ"
"Tandem Biker","UC8Fq7uFyX0zmaWC8C7ac_zQ"
"TangerineTux","UCfcFdgh48O-zxeDJoWPLgbw"
"Tanmay meena","UCy59pbTXFZUNsfq8ccVeNrg"
"TanpaBasi_Calvin","UC44crWhdmo5qmaiqEvcyrew"
"Tanvir's Data","UCeCjIwb2n4Lx6yvYnBXBnHA"
"Tanvir's Social Science Academy","UCYjhSzX0cjVBKtqKOwnxmKw"
"Tao Joannes : Storyteller","UCLwI5Tep3As-GBmm4CYJl4w"
"Taohao Official","UCPBwcA8m9bMBsmw_VXW-RIw"
"Tapendra Batala","UCp858VEf5BWgrS5FedxpFFA"
"TapForNerd","UCaroxznIOwpIJz916EQFIew"
"TapForNerd - Topic","UCk95epeucuoGMBhG2ewK3KA"
"Tapish 007","UCDAi4El_fQ4kyto2f8bRmLQ"
"Taps Bugler","UCX_9xHmZGzlbH1qCn_BW0KQ"
"Tara lets Jo","UCoKbpnq-K11NFdvRwQPsQXA"
"Tara Palmeri","UCev9TXKm5GiaebXHjp-xJnA"
"Target IAS ಕನ್ನಡ ","UCSSRlcNfq1952NgWhXzI32Q"
"TARIK PAKDEMİRLİ","UCW3E_P347BacOSSPjRdsbww"
"Tarizona","UCibzb6XrYJFNXVAxuZJY0Pw"
"Tarpey","UCazfjd5tXsigNnV6jPCSiHg"
"TarraNAtion","UCMRYBUWOERfxhOE8ry7t1Eg"
"Tarun Decipher","UCllsYhYKA2xhlLPDhmOGcyA"
"Tasermiut Camp","UCSr2QwMtah_TNw99NSDixUQ"
"tassiebaz","UCt2CaUeKWMnamg-3t0rPfiw"
"Taste Of The Streets","UCbw61IY-HxRnpFd_NeXOG3w"
"Taste Quest USA","UCb-0AIsubwae3fe3QllqD5g"
"TasteTheJourney","UCY4FVcj55x1LRpqi76LDykw"
"Tasty Planet","UC7h29jEUHE416B9wJlomt-g"
"Tate’s Technology ","UCkEn44eRGdb2qY7M55r3xww"
"Tathastu-ICS ","UCk3gSmmVE0vedMkICkhWpcQ"
"TathyaVani","UC3uYyI-bGFf1N8RndDSkU8w"
"Tatiana Alt","UCp8N9V5Tva5Vl8uEecIWGzg"
"TattierCannon71","UCSWrVgGGinv4yL-KcBlnGIg"
"Tattooed Grandpa","UCIzH2IjZuhrxpCz5G97w7TQ"
"Taublix","UC5Y_AGrzCI-HQJ4pxvTHWuw"
"TAVAS a Good Look","UCisojpPWW7FhZ6z6JPP02Zg"
"Tavi18","UCK1wOFz0HN9S6pC_IQgvRJw"
"Tax Haven Tales","UCPSopeVsFXR2POqMq7TB6ZQ"
"Tay’s Quest","UCkfeIui6JNloam48YXT58Tg"
"Tayfun Guler","UCKFUUO6IiGKGKTfRYwmedjw"
"Tayler Mano","UCn-GMLw1C2De5sFnwvrsOcw"
"Taylor Journey","UCHnesH3erPVil8HKfdn5Ybg"
"TAYTRENDIII","UCTTX58Tb-Qs49CAXY2nIo8A"
"Taza khabre ","UCrjsPLaSgDUe88LanIyh-CQ"
"tb_roland","UCHzKWdgVHVUQq9Zqii9IulA"
"tbh news","UC9hisSnkyNedV7_eIq1q40A"
"TBM","UCrFusnjbbHR2AbEp8mHiiiA"
"TBM910 Guy","UCfoJjVcvDYTd7Eb3jYPZy5A"
"TBO Academy","UCStJHZM2r7pVrcE-p_q-G-w"
"tcbflyrMotovates","UCxNkhHQwb8JptJtGlRKjKew"
"TCcentral","UCZHqbU3gE-KJOrZQtVwxMHA"
"TC-Travel Guide","UCxNH1CMNsEwXID7CnyLpA7A"
"te re","UCriQC-vaOQ4iiUwaJsuUUvQ"
"tea.","UCOmoxPFTooRF7Zd5FkxQARA"
"Teach fello","UCoMh3i9_fuYd0k2y-nSaRHQ"
"Teach Me Reina","UCfK7mi1Xgd0NqEHL4ihCTgA"
"TEACH VISA","UCYyk3C5bP0IVvukAnGibl7w"
"Teach visa Punjabi","UCEFJ74BQdQ7kGHXX2D8nfRA"
"Teacher Ensina","UCTzB7EqyCeMNAnKP1OQdJZw"
"Teacher Parker","UC0NeJU_yp-x3r-9lvPak4fw"
"TEACHER PAUL REACTS (Teacher Paul)","UCT99PQ5nkgshVaoBlU5jiKw"
"Teachers In Train Stations","UCy0fdvO_PE31G-E5RsgPGSA"
"Teagan Travels","UCTaHDHxoZLiZwGn7Dji0M1A"
"Team Coco","UCi7GJNg51C3jgmYTUwqoUXA"
"Team Real Crazy","UCZpZmtvT8-7e6XyWNOY9JLw"
"TEAM RIGHTWAY","UCOzrSqLEQLHl8G9zK5qNlgA"
"Team ThinkVerse","UCF0_6lEIHGqPzJDGEvEGaIg"
"TeamBugale in Greenland","UCqbilYKhKA2R0Xar7Y7SLkQ"
"Teardropfan","UCu1bPJ7oi1b8E2bReuQeuRA"
"TEBE 234","UC3wn-JRj5FSvxJGWxkuYzvw"
"tebry tv","UCdz5iEMP1wjwwov_R2ANLDg"
"Tech  Rida","UCUBVARXEh5FGjHrj3J4-KIQ"
"Tech Affairs","UCmQ3W2V_dI6MuRSVQE2_BEA"
"Tech Dose 360","UChvE0apx2g20BYXkictV0Vw"
"Tech GK 217","UCRg-UZ9Fqx4W7Bd2vS4g6Xw"
"Tech In Life","UCX378wp0yeZhqFF4a0CoVdQ"
"Tech It Out Studio","UCKPX70w5skEeSZbTMHYYUZw"
"Tech News 24h","UCemm_nyj9hNTYKVisc6LF1Q"
"Tech Productions","UC7720_xU166mTbjzWv1tHBg"
"Tech Sagar","UCPnsuWRbxg6-96W57sRJlqQ"
"Tech Snaps","UCZhRLiCXgAW9uJXcsbH_4xQ"
"Tech Trending Usa","UCStZemNBHtwgiyHKMt87hPA"
"TECH AADITYA","UCNOi-zuIZS98Q5wIhz_-Amw"
"Tech&Fact","UCGKXTr753YX6PxeSZTFfxiQ"
"Tech·WHYS","UCXzX71I0x6upG-Tyei2UtEQ"
"Tech-Archer","UC0Gw3f7nMY9C5heNFY-lFyw"
"Technality","UChe7r70oq7OKdp-5PI6I2rw"
"technical","UCA6LqIgmEv98wwItTXHU18w"
"TECHNO VILLA","UC10QQI6GZt_aMB1ikU4Jcxg"
"Techno_Saurus","UCOdRr4qjegu4HLFv0u3gl5g"
"Technology Geeks","UCTC5v0lgMW-97bT8q9Z1Pkw"
"Technology in science ","UCEANIHNpa8IUwJue3Ko8D0w"
"techpulsew","UCCwnFnBDyOBZ0nlX25Gi5DA"
"Techsou","UCFw88L81NcW-1cxatheGpCg"
"TECHTALKTIME","UCEt0Jy80jjLZeUrSRvbWnpw"
"TechTed💡⚡","UCsEwXrw1vpWPZRQIqpAvHjg"
"Tech-Travel with MAC","UCcFDqGKawGcjy-PAo3UQ8Uw"
"TechVerse by Tanveer ","UCiQnpMKa4dwevWTU35aR5og"
"techy_girls😎","UC4PgtaqeV89PFWJS7BjmE-g"
"Tecla","UCJX62tgUKg5Ej7AVOoOvhIw"
"Tecnam Aircraft","UCSozIywZVA3uHj2MFGp6nnA"
"Tecnical omm","UCZceuvSkpJp0CSjqGLjPvOw"
"tecpras Movies","UCYyuHTSzELBqWLl9EhimNLQ"
"tector map","UCq30wmGHe9P1w77y6y5vu_g"
"TED historian","UCAi_9kL4Fd9uvA0IWSqjh7A"
"Teddy Ruppleberry ","UCoECG_SUsM1tihPl1uIeLHA"
"Tee Trends Global","UC9Bu_dMZOFyWeqVLIsXQMeQ"
"Teen Radio JZ","UCTsPqDxNshXFJbCbI5zdlzg"
"TeenBuzz Radio","UCgE9GTohdFIENNtmfAE77Sg"
"Tejas Bane","UCT0CQDOAJO-WtXJapIVLDhQ"
"Telef Johnsen","UC03GcZoTdW0YwZat5BDzBPQ"
"TeleSUR English","UCmuTmpLY35O3csvhyA6vrkg"
"TellisKatsogiannos","UCOe4s1p_h17S06QsKcSHzWQ"
"TELLUS FLY FISHING","UCpbMsm-Xf8qfGzPecaCWchA"
"Telugu Ocean","UCQItkF-iezSoRiByHtdegEA"
"Telugu Vs Tamil","UCKBDIqxxoPkw_jcx1OTFdpA"
"Tengteng x xiao Liceng","UCKs1sB51eirxDB1deBWxOpA"
"Tepio512","UCM7pCyZ-mw6nQwxNLGDzyXA"
"Tera Mangala Meditation Music","UCG0UDX49F6VaOagtZ_5-mtw"
"TeraByteYT","UCSBYGS9WGkQGXyz3EkklK_Q"
"Terje Alne","UCou-Rp-o87nlxdXp7G7VJ9Q"
"terjeduppeditt","UCWLfAu8Ilt_Dk4EI24yT5vg"
"TERMAR TRAVELS ","UCpyGr0HBMpFcJFjl5iajpUw"
"Terra Alert","UCgeEDtnuawLXyzrf0V1DMzQ"
"Terra Brief","UC_ixp-EuMUnIPOti79EdKgQ"
"Terra Scale","UCiklanBeBiAlAPa5cPdJeQA"
"Terra Spatial","UCYn54mq89HgZcNk0L7eon0w"
"Terra Uncovered","UCQn2Y-Oo06ZGgzNYxC8VVKA"
"TerraMapper","UCevmyvM2XqiY8wXBzEz1HOQ"
"Terre Polari","UCO-U4cRljYvfCw-IB51n_4A"
"Territorial_Io","UCBNUqMhCZ84P33oyuxpHEYQ"
"Terse Motion Picture","UCzgkUWTICZ_apYEazBBWi7A"
"Test Channel","UC3LzjRV--tK4JGqZcOrSXbA"
"Tevelets","UC3TNigOqRrDBPjbx3VzwTJw"
"Texan Eden♥️","UC7DBJK7HsZfxtsJlv5hDAhg"
"TexanGeo","UCcJ0Cw76lQZGEtMd4uQQqVQ"
"Texas ball ","UCe6JxO7ZNGAK4gdHFzaXpGg"
"Texas Paul","UCJb3YLSqBdSSx-86_ByHb3Q"
"Tezz","UCyG1PNTeOjTzA8vqSP3mfPA"
"TG Politics","UCyhHlCrBthaPlYzHbPzbXlg"
"TG Pratham ","UCVO3y3Ony_TrwloavUNFoog"
"TGE","UCSH7m6Ipc8jbTxgO9BphHKA"
"tgr500","UCHhbkZBtzVILji5CVyu2JwQ"
"Thabo Mbeki School","UCS28jHByGuVVOL2lUbzOVew"
"Thái Hòa Trần","UCirWETCRBMneLD-tFKgtY5A"
"Thai Maps","UCBgRT1wu49fQ9Nf_ku48WSw"
"Thai PBS World","UCBSqKmHzetiveSeYTm_ngtw"
"Thaiball","UCcH3_oxFy1Ieb1KQajJocPA"
"Thakor Sangita","UC2VWq_LRJTxpKhHeadl8WyQ"
"THAKSHILA","UCNLC2zxfkreDWhcozchjA-Q"
"Thalassini Douma","UCcI70iJq91j7NlMCcxP1_4w"
"Thalorion Edge","UCERXkPljypfIK9TiyqCLB1w"
"THANGACHI SETTAI-  Same roots, forever bonded.","UCE1PBvkofAWPwjf9Wfotwlw"
"Thanh Le","UC2bets7DLP_X5R5-lJcEXgg"
"Thanthi TV","UC-JFyL0zDFOsPMpuWu39rPA"
"Tharan's Lifestyle","UCHUfsnEKxbG_BylKcpLKeRQ"
"Tharun Balu","UC0VyxGiZ6dpRtEJGhycWOxQ"
"Tharush bro","UCZHxH-HG9kwPdpmJ0vlLGRA"
"that country ball fan","UCR5qDZhPIoQXVhBrSl7XR_g"
"THAT DANISH COUNTRYBALL🇮🇸 [TCN] [Anti-ogism]","UC6gZtCFChvDpwbQfAe_B7Hw"
"That Geographic Boy","UCVsVawff6Sj01fz38hRqUkA"
"That Houston Guy","UCz0zLha64oGEXj74A3BjU1Q"
"That Is Interesting","UCWEop4JjqN21NgMWm1GeYpg"
"THAT NATURE","UCALZZOJoo12cu5wPQkxaGOA"
"That one channel","UCkAbsN18AAaSH_HY8GTXPLQ"
"That RandomGuy","UC9OnMZlZzFKaYcaJJRfXzEg"
"THAT VATICAN BALL","UCf7YxPQvzn8xyl0FId5sFZQ"
"That_one_mouse","UCYLDz_ANaOIE7uezJGx1G2w"
"That1CountriesChannel","UCW7sXKxHJLaf90Id0uaa-mA"
"That1Pods","UC2eXxUT68l_duxNmgJJDyQQ"
"ThatOneGamer","UCbZJmc70K-A_nEZ0T2ZEymg"
"ThatOneGroup","UCw1uB6eh_xFYYLin72u94ZA"
"ThatRandomGreekguy","UCT4rIjDJRHOe3cYYDm6Ka2A"
"That's how 🏁!","UCUkpyW4orI2lJ3KBC4IXkxg"
"That's Y","UCqIUOQ96yHwfiQx65rEI0gA"
"ThatYounginJosh •","UCK9cEZfkHDdT1uqTrhTQ9Mw"
"Thawarn Christensen","UCOr7YsrNDqQUoJP4jy9_B3g"
"The (Annoying) AI Story Chick!","UC1q934DRGhoq2y6iwblEjJw"
"The 49th Report","UC5JbaLpWbJ4h4jfPo26zNgQ"
"The 5 World Explorers","UC10LH3tSC1QerrQukRMc2KQ"
"The 60-Second Brief","UCAMtxapZZEGpdkcylAAOhtg"
"The Accidental Explorer Enrique Moya","UCngBjTdEtL3AtwZwH65qaUw"
"The Active Gamer","UCFaeOsN06Ofhk8V6n70RC_Q"
"The Activist Archive","UCul5wfB6eDCtQVDFQhP5HiA"
"The African_Nairobian","UCbNQ4yrYunA-cYIBgTvQf9w"
"The Agent Opus kontent","UCHJnIiuXhR5ABa_So-rALnQ"
"The Agh ","UCNGQZZhuACTZz5nOFuBJ6LA"
"THE AILUMINATI","UCsF-4DfgbdKqBxtlZ8BJ8Sw"
"The Aircraft King","UCxPXgoUND3JHrlXM4KAueYw"
"The Airport Aviation","UCuOiVP9vW_uPRPnn548-Pag"
"THE ALCHEMYSTORIES","UCgw5F49ISgNnBIuJqTVXULA"
"The Alpine Ski Club","UC6f6fPSQWFsN49Qpc99AgWQ"
"The Amazing Cajun ","UCOXG47vOg8CQDnCzVDzLS0Q"
"The amazing pinkey videos","UCD10BwHJsHUJuNj3dQnrazA"
"The Amazing World","UCTznF3FK9loHj5ZJK5fmx4w"
"The American Atlas","UCGRr-1dmB3hsU_p5vAOcD-Q"
"The American Capitalist Show with Rob Luna","UCvV--zJXJIQsdeIlaN-WTQA"
"The American Report","UCSV7fS7A0UolS3VHDLdKKBw"
"The American Update","UCnsLzUkcMaeXXKASlGmVPUA"
"The America's Song Contest","UCQ7LzEpCFltF2hbxLfxl2sA"
"THE AMEZING FACTS","UCuKkFhMe3QdeQpmad91_vcA"
"The Ancient Files","UCiS8JP19sj4xkKLuevOfbgQ"
"The ANGRY 0311","UCPx87JFg4xvcVOAcojAXptw"
"The Animated Archive","UCR_sYxutM61u7e1nRH7TXxg"
"The Apex Predator","UCL2E2gIevgT-Gun5G_zXjYQ"
"The Apprentice Mind","UCi3AITteJhIhQXUKd0gRkMg"
"The Arctic Beyond","UCLyMXSQrB6B7_5Ixm8EXzGw"
"The Arctic Institute","UCUaYNP3rZwTv05Kv94NUt_w"
"The Arijit Singh fan club ","UC1wZGrL3cafVm78Fz0ii8fQ"
"The Armenian Mapper","UC02o-1dC1aw2hy_E0Ur0VFg"
"The Armory ","UCMaNqbBAzayr-TO7XktuS2Q"
"The Artificial Minds music","UCtoduAu-t-bbnxZBQmaVWpg"
"THE ASK VISIONARY","UCz9fE7NvQ1j9ni_6Webtudg"
"The Atlas","UC7tz9iRJFtO6zBiUfg567uQ"
"The Atlas","UCvkOwdo02hh6UkeJed5c8lw"
"The Atomic Show AIC","UCbYwA5l_u6KcIAkGq2MAknA"
"The Audio Infinity","UCBYMakNaSPz2mDvR7mZzJWg"
"The Aviation Arena","UCTqXzyZ-A6MB9M7zDVXstNg"
"The Aviationist Guide","UC0ZZ2rqQPYfCSO6Qa-CU21w"
"The Aviator","UC_4552suSaJ1Va_6pFoCVmQ"
"The B1M","UC6n8I1UDTKP1IWjQMg6_TwA"
"The Backstory","UCsaVRHAG22Xo67xGxxxKRwQ"
"The Bald Brad Show","UCnLLwoh2IecuWfokQUmQc-A"
"The Banner is Back ","UCShOxCU6IJ5rxnTasjddh9A"
"The Barrier ","UCInMHFIBjlb1Tst2GwsSSVA"
"The Beacon","UC1mbbws_JZZeT1HctnsmwWQ"
"The beautiful world","UCYH-alGwH6wVlo7RQ-KlS2w"
"The Beautiful World","UCgv398YP-B-F_MY0DF8Bv-g"
"the beautiful world","UCLM8_RazpLuaDQeA4fb3h8w"
"The Beauty of Nature","UCw6zgR57BMzHy4CsthqfBWg"
"The Best View","UCRujnlVioopRRDBCE0ZwUlw"
"The Best War Game Player","UCt25OXyq3uBOmyeMQfAUwpw"
"The Better Death Collective","UCoZ2E4_ty829jGBQIGljObw"
"The Bharat Compass","UC13ltpKsds1FgjSzEtJkjGA"
"The Bible","UC1egyQcWAc0Q57IwuEUzaJQ"
"The Big Sister Project","UCKk2igdajzT1rcAcxRq_mpw"
"The Big Why","UClyNmLTa3Xt5MGM2v-JAOtg"
"The Bitcoin World","UCjm6sI8jK9he4vVuAhZwv1Q"
"The Bits of Green","UCz6BRGOZOt0SGmApTgvPTlA"
"The Black Coat","UCS86mBZJidT6eg5U7abXbOA"
"The Black File Archive","UC13JzevUkSwxoiyFjFPxtOA"
"The Black Mirror","UCGznHbFbyg_OTZ4gDa_PqIw"
"The Blankst","UC6W4rz_UM_kPbX7xE1qJWyQ"
"The Blind Pilot","UCIVi1LBZ3aGEJjoo7HS1dcg"
"The Bloody Star","UC3HR6_FXBKL0nEhrhURbXXQ"
"The blue toad 37","UC9m2-YQ9ObDqQN5zoNS4lpg"
"The Boring Genius - Fall Asleep Fast","UCBEDlu_dQ_Gg4RewrFSYLFA"
"The Boring History","UCDYJKQ0QwetrgxHcKKMxS2A"
"The Boston Globe","UCcNkwfTQuXAxAFwoAUHweJA"
"The Boy from North🇵🇰","UC1zbpop_LzRqvyJ2kujhyyQ"
"The Brain Roots IAS","UCdekIRKqTPjZzYot9ZJm7qw"
"The Breach Media ","UCJTO9R9tqH1vQTB-h5UcTwQ"
"The Breakdown AB","UCUefjKKADzp7Gd25dCV6siw"
"The Brief Brief","UCXIIWK5px_JxnW1hsaVQwIA"
"The BT World","UCpRZsT6PFUISuLw3Hp3HdOg"
"The Bugle","UCY9DZKa4SilQC4k9rhS3-5g"
"The Bulwark","UCG4Hp1KbGw4e02N7FpPXDgQ"
"The bunny froze","UCotvMQpVJXQTmupT-Vs-TrA"
"The Business Standard","UCUNEzmQ3zcifrhn0HwCgjYg"
"The Butterfly Effect","UC38GkkZk8740n3T-WwDWsSQ"
"The Canadian Home Painter","UC7B2WSxU_UeNpgRgCMZHKGQ"
"The Canadian Press","UCj6EKBe990fanr4MSh45Alw"
"The Capital Collective","UC16Zu7K8gvV5ostql4AiYmw"
"The Catalaugh","UCj-BTIOtcRv0PWevLfPyDAQ"
"The Catholic Register","UCUQUswtq1NONGneRJAvwaHA"
"The Century of War","UC3t0mZCTDiJXKvGRYT1jC0w"
"The Century School","UCxwohWsbnLs2d5At8XKKiVw"
"The Chris Cuomo Project","UCGB-czkAt6nLd3UrQ1eD0uw"
"The City Scout ","UCpCQ0uYhcwkRDIgFHMN98gQ"
"The Civic Brief","UCvYmRlVUUq4L-kKf5DLzZHg"
"The Civic Mind","UCVDXVkUrSxA6KhAvKATvd5Q"
"The Claritys News","UCmQi6zAGWterzaB8G-IhvrQ"
"The Clear Signal with Steve Visscher","UCIb0qPWChnkg_sp2gezUAmQ"
"The Climate Guru","UCurablxv9vedePFrMHXny6Q"
"The Clips","UCeRkQKoOpZDtzE7wXIBUEkw"
"The Coin Crazy Connor","UCvrHa6vF_alR-62WDHdHw6w"
"The Cold War","UCCGvq-qmjFmmMD4e-PLQqGg"
"The Collapse Signal","UCABeMkrwllNLlxyrkZMwP3Q"
"The Comformer","UCn-O9BW1l1kt6EliM_dXXdQ"
"The Compass Guy","UCGocCcSq5ZUFeCI77L396qA"
"The Content...!!!","UCtZS5bCtQiIUTyWnbcvy94Q"
"The Context","UC1t5g_SbvKgb0wqZSfBrRxQ"
"The Context Project","UCloyzFhm9rQvyAHJKcdB5Pw"
"The Cosmic Fugue","UCtK_FRL0CIKyrteplfQsgeg"
"The Council","UCzJ08XlwgBp23tR1jMpwZOw"
"The Counter Narrative 4 U","UCWZZl5sYMup3CKiRWZDq92A"
"The Country Experience","UCdJR8YAAqKJ7YtVoL32YlZA"
"THE COUNTRYMan Bharat","UC8RbbCPmz2ukrffe4l5hJvg"
"The Countrypedia","UC_BQqjs9E8uIkIsSjGPI3Xw"
"The Cover Story","UCzvetDErnbzpciFIO5Nsggg"
"The Creeper15 Countryballs","UCNLv59NgX-FPsxGtxyydq5g"
"The Creepy Truth","UC53UemjTeFIKh6UjMKZC_Iw"
"The CSR Journal","UCLrzdTFqkqbWUxu5q18E2uA"
"The Cults Co.","UCNkQAcDfV1EmRRWjX_11n6g"
"The Curiosity Vibes","UCGzdd8D0a27nh7eYJFWDd7g"
"The Curious Bunny 🐇","UCXv75dek-6WCD_fTrEGSzNw"
"The Curious Cobra","UC8LQKvQviSRXGuz5wrXdmmw"
"The Curious Dot","UCui4fygZVESnoi_utZdvMfg"
"The Curious Historian","UCsLto5jcrGJAZQPEZsAaC7Q"
"The Curious Loop","UC-Kx_ydnn6XC6SZKjr9WZLQ"
"The Curious Mind ","UCrHg-nzZetT2vN1pVp-tp6A"
"The Curious Voyager","UCy2aujevVIEKRnyjKA5Wd9A"
"The Current Focus","UCCyRdY_Mx13t6le4-Xf8GKg"
"The cybersecurity guru","UCg0I9OmavUVZD-CNQfTBSCA"
"Thé Czechia_mapper","UCutSe1c5209xLKwr1vecT7A"
"The Dad Religion Podcast","UCgn7ObJjgbTylbS4etVjUpg"
"The Daily Brief","UCNELzlb9opxQ85m6WDo1LLg"
"The Daily Brief","UC0pusslgkMaRBlF8dim0wEw"
"The Daily Donald","UC31BOo9HrzLaT2ZfTAOBK2g"
"The Daily Ember","UCsQfS6VGbNdpnaKSG8A5h7w"
"The Daily Fallout","UCLMn3ftczoSFJMiEf7ahMMw"
"The Daily Globe","UCjxQ_9EvsHr0CQZkRvxgSmQ"
"The Daily Guardian","UCG7JI87raV6HrgJheRi0MVg"
"The Daily Jagran","UCEHYbfs9wWuuLPPpbz0VV8Q"
"The Daily Mash 24h","UCGA-LKdGvLBhtDYSyw-kWPA"
"The Daily Muse-CR","UC2Wf9stavQywhAoe71pYoHg"
"The Daily Record News","UCfTUHvT54-oKeKXrUZWGH8w"
"The Daily Show","UCwWhs_6x42TyRM4Wstoq8HA"
"The Daily Signal","UCHqkXbgqrDrDVInBMSoGQgQ"
"The Daily Vibes With K Vikash","UCCV-gGV6Tc7dPN427YfBNwA"
"The Daily Viewer","UCjdnhWbqBTLyEGSs2Tg18QQ"
"The Daily Wire","UCroKPvbmaQKGK5tjtQsvaDw"
"The Damage Report","UCl9roQQwv4o4OuBj3FhQdDQ"
"The Daniel Baldwin Show","UCtlY_eojypZvoynQD_zEkNA"
"The Danish Dream","UCwWV1kca2W2QZT8Hklpum-A"
"The Dark Atlas","UCqg7KROKDoFfAaxgxjTUIRQ"
"The Dark Files ","UC0_d2nOmLZ3S5HiKB_BD06Q"
"The Dark Lens","UCUzCsR7WRUD0XPNCA5c5_zA"
"The Dark Past","UCuhwXFijeT-4Up-ouoKWrrQ"
"The Dark Prehistory","UC417oa9abVgbsRPuSnH1Wmg"
"THE DARK SIDE OF HISTORY","UCRdozz6oKUVgH09NWOblvkQ"
"The Dark Survival","UCooek42KtBwfuD9Az7jhU-A"
"The Debate Network","UCmBKo2bnsfsrg6FIxfgaLoA"
"The Decipher","UCrOhN7UPfIAovozXPKPFOZg"
"The Deep Files","UCPoLQgpt-Cfu75jxP7QiDfA"
"The Deep Fleet","UCVNq-LZI-ERajP18InYikQA"
"The Demetrios Araujo Show","UC0yTK_2-vuJBqoAYkZ7lQzw"
"The Deshbhakt","UCmTM_hPCeckqN3cPWtYZZcg"
"The Design Dream Team","UCtwZ6Fo5UYvXFgbLZPtL3iQ"
"The Destiny Architect 命格設計師 – Jack HM Wong 黃慶文","UCCe7eCZ7Z9TuGOeiQ100RcQ"
"The Detour Effect","UCiZ9MTxc1OGNRIcePh9yLnQ"
"The Diary of David! ","UCSijtzywKJPoU7J7czMti1w"
"The Disaster Channel","UCe_xUpkTBAIr7ap1thQZCGg"
"The Discover","UCPsHLB4H392zXM_dYOUufyw"
"The Distraction Studio","UCwN_kl-ls2N3MLv8N0NHc-g"
"The DNA Thread","UCGbrqh_LVD8l9fx9n1A5GHQ"
"The Documentarian of the Future","UCPlS7bxXTux1jMIhs8xfs1Q"
"The Documentary Collection","UCRRjzfhk0Ky7c8qjhhUKB_A"
"The Dreamy Panda","UC9hBulGEczqNKkS0Kprkabg"
"The Drumpf Report","UCY19p5U0iccf2WXZS8rZccg"
"The Dynasty Seal","UCYJn7xDjbfGYevALm_gWucA"
"The Earth File","UCdAIPN-Iq8X5ulqOLTh76UQ"
"The Earth Info in Hindi","UCEhUNrx0MYwoi3WBdhdopQQ"
"The Earthly Traveller","UC0w306DvwHPcnNU3GKI5SMQ"
"The Economic Lens","UC9UPD0w9VS88tzBm5uir57w"
"The Economic Times","UCJFOER35ggIWwsXh2ZDnqyg"
"The Economist","UC0p5jTq6Xx_DosDFxVXnWaQ"
"The Edge Of The Nexus","UC03WOcFwiCGfaroX10JROvQ"
"THE edrts","UCPNNz4Zi0T45aP8QrKQ4mOA"
"The Endless Adventure 🌍 🦇","UCh0j2NkmhDcAJMwmtOBsoog"
"The Endure Edge Podcast ","UCRHxNVxWWm42nSJe2qlVoTw"
"The English Globe","UCzjpjhMcvEwSgFxspR3D6lg"
"The Epic Spud🥔","UCidrl60OGrw1IesQjz3FdrA"
"The Epoch Enigma","UCAZa52OTwyLYTtz7yWVtH7A"
"The Epoch Times","UCwgQCFY-T-t8uU6iMrHm6FA"
"The Eriksson Family Adventures","UCuaqlABQtAq4w7pMrrZfLHw"
"The Escape goat","UCGqg7boabESCvx69Sr9f7NA"
"The European Dream","UC2LZLYTZrx60faB_q9t7YMw"
"The Event Report","UCbZmyMVfOwQaQelwNruI7gQ"
"The Experience","UC8UPrbYWptOa8zVQcpOopTQ"
"The Explainable","UCGHye0GOqeXAYZyWW12IG0w"
"The Explainer ","UClmOCcCoxS6eREnIMNgw0OQ"
"The Exploration","UCiqs2q_smxDZnP9Bi8pUBJQ"
"The Express US","UCM6KpSbmwiO2YZKhqxaBZOQ"
"The Fact Factory","UC9nIBJZgzRqI7oLCqbn9gtw"
"The Fact Files
","UCPZOAkyvtmefRolnOg33ygQ"
"The Fact Machine
","UC1htqQd-d_CFWQ-0TW-R2gA"
"The Factor","UCHWHZYxP-aAhl1GyOJ6XiGQ"
"The Facts Clan","UCHDl8qM2EOYTC_VRkwwzUPQ"
"THE FACTS GEO","UC06ZGx4yqmgxjS8g6h2qmnA"
"The Factscope Tv","UCVdvpU0FHjVX2B9eeK9m4-g"
"The Factual Guy","UCB4rHruUdP4lPSmwCw1wmHw"
"The Factz File","UCCpUo8Cizp7dWTOOqdwLLVg"
"The Fallon's Show","UCpBfqlu1sAVaKIWSvYGmCIw"
"The FamiLee Way","UC512_lg3unRse5yFHVpWx8w"
"The Family Departure","UCiBi53k1qPqduEkWG5gSjtg"
"the far lands empire ","UCWCohC0-1iagsTsYFxJ3gVw"
"The Fascination Feed!","UCjJKKGyzjD1F5X8eKMNnLHQ"
"THE FASHION WORLD AND POLITICS","UCPx6RtbRDDd9GIDeyIEZCSg"
"The Federal","UCY0hLvZl90ALbeaUMjKlsyw"
"the federal republic of kazya","UCIvkdvFnsqSDoYnaWmH0FGA"
"The Fellow Learner","UCc2locDp7czKeJPniyZTHsQ"
"The Fiddling Fox","UCDRFR-TM241-MJrRAn4eC0A"
"The Fifth Column - A Podcast","UC1u8vBk71yQg-Pa3wSQMk9Q"
"The fighters of the Atlantic ","UC-RNP7vmt7RPveX37gGqqMw"
"The Finance Compass","UCIEpeXN2Ew9zEEwCEgaposw"
"The Finance Frontier","UC3u2-F2lYTvhtGNWhducg4g"
"The Financial Express","UCmk6ZFMy1CT80orXca4tKew"
"The First Fires","UCJ6eQxINmQLJmzZauHQP3xg"
"The flag canvas","UCt158gvI72g3tCFGjAfMV7Q"
"The Flamenco Lesbian","UCV3f4_9DhM9ENG2h3GKsr-A"
"THE FLAVOR PASSPORT","UC1hPW8GVug762Fj4JCm1eOQ"
"The Flight Level","UCAa9Aux_SGwnLHWCEtFeADQ"
"The Flight Room TV","UCm-M3CdRA-ZI3A_YidsrrrA"
"The Flight Wrights","UC0fBS-iRl9A7ukLn1sHbM5A"
"The Fly Tyer","UCrCA34UtT3pqLV6TK0VYNHA"
"The Flying Curmudgeon","UC1UMhUx9fAkbqA5ekjiw-1A"
"The Forbidden Index","UC6ev8YXGjV2ZEWXZ09iUH0A"
"THE FORCE EMPIRE","UCqT5o-VmaSBEM4MNs-QtuLA"
"The Forgot Password ","UCsENcL97XJzqA9Ozxh6EwFg"
"The Forgotten Chapters","UCLXeYSCflRSsGrNe7qAjI8A"
"The Forgotten Depths","UCORWTA_fPdZVPEbnJ3keRNQ"
"The Foster Museum","UCmC8uwVpx4ztoPJ7Z-0HrWQ"
"The Friendly Neighborhood Mountain Biker","UC-PJSgV-5nJR2JmBywTCinA"
"The FRT Trio","UCimLGkig2dBAuEjhkh9pFGA"
"The Fun Facts Channel","UCDITcbcR1Je8XUcH-lu3n3w"
"The Funny Gadget Show","UC1EwjqoAgAFRFQPxzJ3otAw"
"The Fx Cartel Podcast","UC6HBqFv-D3_-LzH_hDad0jQ"
"THE GAME KID :]","UCxhmrO-1AQ99X1nLmIPvsMQ"
"The Garwzkan Mapper","UCgDa37KUOBhRy5mj9C1zfRw"
"THE GEO FILES","UCc5kP_6hwpOVzeDBop5aiBA"
"The GeoGlobal ","UCs6PswI4S0rEBLXSlx18VGg"
"The Geography Bible","UC4lnpEse_SnqheLmcbbumig"
"The Geography Land","UC2eScmEY3ys-XLAcyscoPbg"
"The Geopolitical Lens","UCgIqwHLeRjIWIIuTCkDdy4g"
"The Geopolitics Hub
","UCsDa01P6w2aST7xbw2JKT7w"
"The Geopolittoon","UCI3bOt0VJZQGO1qapW9XwRg"
"The Ghost","UCEt0J-I52diN5VpmBohrKhA"
"The Gingabread Candidate","UCvaTjBJ12QaWmEFkR8Gs-0Q"
"The Glideslope","UC6hT1Lrklq9xE6Zv0TvT8Ng"
"The Glitch Files TV","UClPxTX-Kt5KXu7BZaRRxF8w"
"The Global Analyst","UCmtYABnijufK6zdHIIb-x7A"
"THE GLOBAL BIG GAME ","UCu2Dttm3C3DouVoRHTLe9lA"
"The Global Brief","UC4ez5x0FkalWyxktMzYb-ag"
"The Global Institute for Water Security","UCQ23AQj3wqtRQvI61mBeVVg"
"The Global Journal","UCekCzqIJ-W2tlKIICIIh1RQ"
"The Global Mess","UCzuIM5htPjtspsAO-7eoXPg"
"The Global Pulse News","UCTJLho42xJGIvInx9qOx1xA"
"The Global Report","UCL9o5L9wyr6UB5whl5gH4OA"
"The Global Squeeze","UCPjNWjR0qd72nkbP_9TU8aQ"
"The Global Strategy","UCU1djMZW_qZBbASFg-6AQFA"
"The Global Tourist","UCh8YuPy3O81zOXjANJnGvIA"
"The global vibes","UCGTLNz-bQ3l9EI60uq1TVXw"
"The Global Zone ","UC5vCRjZ51mQw7Ws86Nkie6g"
"The Globe Tales","UCrBxuozYhuUiBFp4rnSMTuA"
"The Globe Tv","UCUrYbBSnY6m3SjbrwSuHA-g"
"The Gold Forecast ","UCmkTT8H-5lQbLSJb3lQrr2g"
"The Golden Mindset","UChyuJ617hx4OxkPmeXl2oww"
"The Great Boil - Hot News and Analysis","UCMhYCcJs5SyqSsCmagSmEXw"
"The Great Chesapeake Bay Schooner Race","UCfMIUyCuqTxmwpKBNSgjktg"
"The Great Chronicles","UCvTtSBWgdlEmMU5B7oxTFUA"
"The Great Egyptian Empire","UCPjA-7nb9egkERcRQ8wuM4A"
"The Great UniKid","UC3WPosndDUeVAdSiy8gr3lw"
"The Green Screen Experience","UCkcWoQB4IurII-wzrk0CtjA"
"The Greenland Band","UCEwjMzF4Mp5bDNrh7UuqBgg"
"The Grumpy Pete","UCLNp4ZZACuJqzZ7D-QM98uA"
"The Guardian","UCHpw8xwDNhU9gdohEcJu4aA"
"The Guinea Pig King","UCtMGvTZe38tCMGWxa1d4pzQ"
"The Gummy worm","UCxgzIo0kYOlW-Q5Iw9VzLlw"
"The GWU! - America's #1 Source of Newstainment","UCt-GxPEKzdRmkQdAYehIAJA"
"The Handsome Liberal","UChZRwQa4XGGNCTiaymgQ7NQ"
"The Hans India Official","UCE5KgJvhksSdNnI3xzizfEA"
"The Haokip Brother's","UCTwKzSWU9cCWiFREpFzlAbQ"
"The Hashkee","UCouDOT_05eYatLxeDViY7Yw"
"The Heartland Institute","UCzp8QlVd_hDLfK1LMLDu3dQ"
"The Heartland Mamas Podcast ","UCZ_lMfk00rjRf7PJK6Z84BQ"
"The Helicopter Podcast","UC7l7-dj2V-WVH_eMiidieUg"
"The Heritage Foundation","UC5bEfSFTYQVfLCwkhBt8NtQ"
"The Hidden Archives","UCoDSQHOuoM9yCtxPIo4-KUA"
"The Hidden Thinker","UC6NfGcjWhWgpOD4eeJSB-3A"
"The Hidden Voice ","UC6b6KDZIUvpJhZg2feQ2NtQ"
"The high life- ent","UCHfwaaUUYqxBbExJ09Ob2pg"
"The Hill","UCPWXiRWZ29zrxPFIQT7eHSA"
"The HillTop","UCS_5IzGMDGkc74GQEirP-YQ"
"The Hindustani","UCvxmuuDkWaYYpmTLORHtM2A"
"The Historical Oracle","UCqH5BMBQevBGzqqxB1C2TBg"
"The History Bridge","UCmPXGFe2VJs15SJOFti6iRw"
"The History Guy: History Deserves to Be Remembered","UC4sEmXUuWIFlxRIFBRV6VXQ"
"The History Hub","UCxX8HALRumMSt7hb4O6Noyg"
"The History Hunters","UCu-7zPUvalv4g8P_P3V8zCw"
"The History of Vikings","UC0pmAwjsX-qQlVSBGcDbWTQ"
"The History Talkies ","UCR4f5yJq7nFnFJ-awa0Jcww"
"THE HISTORY UNVEILER ","UCZ0odbtQTK-8uRs_d-qrEwg"
"The History Vault","UC6umUyAHCuUCDrAbS7aWwwQ"
"The Hiten shorts","UC1erR14hDe60-QrKyN9DjSg"
"The HKbloxcast II","UCAzkq32mHy1zPDZ4jfRErdg"
"The Honest Talk","UCJ8sA0828J_SvrQqLEeAvIg"
"The Hot Scoop News","UCqUDXWft_WaKUt1mHa9DaqA"
"The Hot Zone With Chuck Holton","UCaMv0-Rb9fIrQiCUH6Xp7sA"
"The Human Prism","UCcgVeBCHBfandceGJ16f7HQ"
"The i Paper","UCESBL3qcbb9jLw7jq9gh4nQ"
"The Iain Duncan Smiths","UC-DYnJtsTeIYL61yoQrp-0A"
"the IbrahimAaditya","UCTwkX17xnNoFPgDUAROHOlQ"
"the iceland ice (not processed)","UCcp1S5QJpKNc7GOPwdsFuBw"
"The Ideal Sedative","UCQZEXIDFbVuMq97MYGVIdKw"
"The Illusion","UC8IsHaIJ4cUJqqOG0dxFIPg"
"The Impossible Build","UCfAU3Cacu8v-qJJ4dSoe7zw"
"The Inaugural Flyer","UCZe-bjBjnUmC6zmcBcyUh6w"
"The Income Insider","UCCFvs8fkkvsyoZOJTULM1fw"
"The Independent","UCshwRhftzkiov5wKR7M_LsQ"
"The India Stance","UCpqEiTsdXJyxraArpL-X8YQ"
"The Indian Bros","UCGVMh65d2WkZxjZDm5djyBg"
"The Indian Express","UCJEDFSxHHOW1PpBccdSxOTA"
"The Indian Originals","UC5BMEF0dYs78VD_TNLGULEQ"
"The Infinite Files","UC4L_HlumuUCgzZaxDVHAi5g"
"The Info Pulse","UCg8YEOUoIuvbCTyQrKNCDfw"
"The Infographics Show","UCfdNM3NAhaBOXCafH7krzrA"
"THE INFORMANT ","UCalTXQIRt1GWoSaUIMT_iug"
"The Informed Citizen","UCOPI3Uq5ZUzdnDvDDuA2CkA"
"The Institute for Futures Studies, Stockholm","UCSJgsIqHO28d2PZZQaaYHvw"
"The Intellectualist","UCBve9yb1c4hsoFbcnuZ1lVQ"
"The Interesting Times","UCbqbtNTc-KZuks_LI0B5jaA"
"The International Desk","UCYgHrYZsxcHa5qE5Zvv4wNw"
"The International Observer","UCv2B-MLE80e2Hc9cOb1fK9g"
"The Internet Archivist","UCtO1-9u7M5sBzDDR0D5aJdA"
"The Interview","UCPwWvr4tFnmOLpjzmIbDMgQ"
"The IntRepid News","UClpfgcIHlWuQFtvZ_En5f7A"
"The Inuit Art Portal","UCIhhnHVA9cp9WxxvqlOYavg"
"The Iron Chronicle","UCL_M5k31E6jZcWdBlUG1ObA"
"The Iron Meridian ","UCnhdy2GTnGN7UX7xg1MPg8w"
"The Irresistible O","UCmLvCP1PvoG0D49zRrBfiLA"
"The Ishan Shrivastava ","UC8l22WEdDwXca1Z6ujz0qGQ"
"The Jaipur Dialogues Clips","UCwoh-z36lfeLPmQZpxELirA"
"The Jay Martin Show","UC9T_qxz0g7FKhj6sXz2LKyQ"
"The Jazari Kual Show","UCgUYydBs0AVUy97fUxfEMIw"
"The Jeremiah Patterson Show","UCmSdvXFGVYMtKItnF6qdaCw"
"The Jimmy Dore Show","UC3M7l8ved_rYQ45AVzS0RGA"
"The Jolly Rogers","UChR7fY2R9Iu60-BRoAIBJIw"
"The Jolly Rogers - Topic","UC2fb-l_Ga3nOeY7EVvdoxJQ"
"The Jon Show","UCksuZ_M75lPRA-xMtOZgSrA"
"The Journey Around Earth","UCqS4dfkz0Lw0ePCAWWRS4XA"
"The Jps School","UCIID1Zs4o0fCPVsFRu2Gd4g"
"The Keith Goldsby Show","UCjBwgsI1724DcFDa4PU5ebw"
"the keystone hiker","UCXYNpPUD8k67vMB-HdoCEFw"
"The Khalas TV","UCJg2CqCK6BlGcBbEtr1f2DQ"
"The Kinetic Era","UCfuIR7jxENsh3lv5qfrhi-A"
"The Kings Code","UCk_j6wrZIIN3SdhPY2KVEyg"
"The Knowledge Academy By Shalini Deshwal","UCPtgWK5UsxyfNdrww-q7VKw"
"The Knowledge Era","UCXuzj8BFCZgTIv-_puYT6bw"
"The Knowledge Hub ","UC7-4_MVZ2b4GwBz_qheU3qA"
"THE KNOWLEDGE KEY","UC5z84f-gF_DI6dNebCaz2hw"
"The Knowledge Vault","UCZ_Cu-u6viWhDeOKq5zEOkg"
"The Knowledge Wire","UCqlqZmXTZElOOxq3KegBbvQ"
"The Knowledge Zone","UCrNpH2rLYQbHmyBNbLYT3vw"
"The Land of Ice Official","UCZKWH_nIl7BP3eQA6YYUG_g"
"The Last Curve ","UCv6Tf548LtsSJRSy_TgcXRw"
"The Last Frontier Roads","UCMYBJZayeBjCw1trGFiCt3w"
"The Last Palabra","UCkyeFZ7tz7uBavXMOQ2ipVg"
"The Last War Page","UCEdpictIbzBEjK9DsKL-ddw"
"The Late Show with Stephen Colbert","UCMtFAi84ehTSYSE9XoHefig"
"The Latest  Update","UCZuHlya2TKvvFefxlQN-N_w"
"THE LATEST NEWS ","UCV7vdgNUoP-B6QVkOt6lswg"
"The Latin Times","UCgHa_Dw78ISl5q3zagWhj0w"
"The LaughOcalypse","UCiFfQf7caElqP1gUB6V5nNg"
"The legendary sailor Junior","UCFnjM4NyrWFypcKBT1gNXNw"
"The Legionnaire","UCV7csbcbMGWgwt_1pg3-P1g"
"The Lego Brickit","UCJP9VBIh0a7WI-txJnm18kw"
"The Leo","UCGv2lEkMOc895_HbvlwWL7Q"
"The Lincoln Project","UCpYCxV51bykhMY-wSUozQRg"
"The Lincoln show","UCYqbKLIkhdK751SzeZvyQkw"
"The LinkUp","UCJell84RrJ_vf_KyaTSIMvA"
"The Little Brave","UCfoPC75AfkhWTqs8rpq-Pig"
"The Logical Indian","UCUld3m_rLi37zHm5XhbELPQ"
"The Logical Leftist","UCIAXaU6LIcZyoHYWqVLM4wg"
"The Lonely Liberal Podcast","UCrPlTt0E0Q4Y9cvBhDVTYVA"
"The Long View","UCFa3UEfk7kqrNuPUtpMxbJw"
"The Lost Chronicles","UC24FGMTTMHKa9NlTmnzDIZw"
"The Lost Civilizations","UCmZT41FIFu45NR9MjI-Nd-g"
"The Lost Legend","UCx8g2QBaayc2bVJDNiZvcBQ"
"The Lot","UCIrEiQMattASPOuRz4ZyYcA"
"ThE Love EnligHtenment ","UCJ7zqUviPXEdViHMgL7Mmzw"
"The Love Trump AI","UCvklhhjL2-VVGZMY_XemNwA"
"The Macro Story","UCcP4xC9pL9FfYMNs1ZK9Nzg"
"THE MAD BRIT","UCvg6z_ipcKsgMdmtzUPqHuQ"
"The Mainstream Canadian","UCJwIWwED1r4_BQcdMVfTlAg"
"The Majority Report w/ Sam Seder","UC-3jIAlnQmbbVMV6gR7K8aQ"
"The Man Of Geography","UC7wrfFSSjFTU9FxcLSEfXnA"
"The Map Spy","UCa7NSsPUKj-gP0O1JFPJzxg"
"The Map Vault Hindi","UCeKXxrpZjLcQJ6Zrcw2eA4g"
"The Mapped","UC9bA6YB8IC90plV00sAa9Ng"
"The Mapping Bear","UCrKNF12cVx03o3sD4vxje2g"
"The Marino Cafe Owner ","UCsBREI1dy04kFHQEApWAy7A"
"The Marxist Perspective","UCkHIdf65vT4C1qBdiEHH1eA"
"The Master Of All Movies Prestwood Dvd Collector","UCO6xFxZVUZU0wHNhCpz8sMg"
"The Mess","UCs4SHtOeTUKdu4q9KTiuV0w"
"The Metalnomist","UCKmy6T4wuhOgGOUoNjilXYg"
"The Microcosm","UCNaN5ErzxbnDYfn95bv69Ew"
"The Midnight Incident","UC2w1ZRDNcgQNXPErA_EkRvw"
"The Military Cave","UCFOO6XWiyEp5WRvvHSQAZDw"
"The Military Show","UCKfak8fBm_Lhy4eX9UKxEpA"
"The Mindful Memer","UCNusj4x97HGRqxTx8pTxj5g"
"The Mirror","UC3EmxrWVl7K8xBH_UVIWY4Q"
"The Mix World","UCYYd5wUNuiT3nK6o5abzEDA"
"The Modern Jungle Nation ","UCI0zxz5V0xaYeRlqBeNVcbw"
"The Money Echoes ","UCPu_KHSGz1I9D9U0cQzwIXg"
"The Money Monkey","UCQn-evAvkf7XjU-YnE6T2DQ"
"The Morning News","UC9zGVA64mhYsE9AproStVgQ"
"The mosses code","UCu2tUAdBst0GIZgb1BJUcIg"
"The Mystical King","UCRBLGHYjpjSSUqJYhmEzg0A"
"The Myth Atlas","UCHATmKJ51cm1N-Ect0B9u-w"
"The Name Secrets","UCP7foCSjDniaakAxMTrYgmA"
"The National","UC6V13T-dU0k5ixFo6lgOpHg"
"The National Desk","UCvAnclelY8eSq8GyPE19KTw"
"The National News","UCGYf0VFdlSTzcJghW9z1DAA"
"The Nature lover","UCp40l7eKGRTlk8p-6Hcs0vQ"
"THE NATURE PHILOSOPHY","UCizKX2XBtULX0JJN41X8QJQ"
"The Necessary Conversation","UCeny7bIu5FsrZ8C55dSmWSw"
"The Nerd Reich with Gil Duran","UCxg9MkelMrkBtFZJjGLPgLQ"
"The New Sheridan Club","UCl2cBo5A2WHK6wg7p8_-gug"
"The New York Editorial","UCS1_hMIqm_ICsBhCmeBEQ2g"
"The New York Times","UCqnbDFdCpuN8CMEg0VuEBqA"
"The New Yorker","UCsD-Qms-AkXDrsU962OicLw"
"The Newfoundland Chicken Man","UCbHfpVY_5As7IYG-kAdTujg"
"The News Agents","UCVbgFf27--l2zYAneDEgyJA"
"THE NEWS ENGLISH","UCWJ_a9UgFfzFjxERCm-Z9fw"
"The News Opus","UCOAc3J9_Xa8NZxBY80nimfw"
"The News Talk","UCZTK4zt_2tgZu1U7ZlHl_dQ"
"The Newsmakers","UCiDyg5GUMxZiHiwiQ29Nwhw"
"The Newsroom Global","UCZh9b4ukzJUThZCu_zcw-sQ"
"The Nexodyssey","UCRzHAVlRPYbo2Jq01tO2dQA"
"The Next Gen Business","UCQdO097VFVPPuf_nc84XM3A"
"The Next Jordan Poole","UCPLr3iDfcblY4jqaYp91ouQ"
"The Night Edit","UCV3AGuIhFI_XmOt0noqhVyw"
"The No Cap Press","UCE_o0t02mZ67Q6M4zqetbKg"
"THE NO ONE","UCM_LmzV2luUz8W7hAp14VZg"
"The Noisy Naija Paediatrician","UCMEPgH7hvQ07M_niDsY-Eaw"
"The nomadic culinary experience","UC_-3DRvYwwc2HdR9FYkU_WA"
"The Nomadic Narratives","UCYBr5bDf6OSoE5tYMwH7GHA"
"The Nomadic Vlog","UC9ZguXgZF2bEXfHD_ZvtbLw"
"The Nomads You Know ","UCFl0NAvqQqDKP6cxeagOYLg"
"The Noosphere Podcast","UCLKQXls9zj0NiJd7xkObj5w"
"The Nordic Fiddlers Bloc - Topic","UCLDcKYiwPlbDfin8_dlvqXw"
"The Nordic Times","UCwJSQbMcPaMTJepT3PQlViA"
"The Northern Report","UC3xRIpyCq71Lf2hv_t0igLA"
"The Norwegian Bell Pilots","UCHwy9KjjzOfTAnqQ9Dk64XA"
"The Nutural View ","UC3YnmCU4_SqHMU8i4miJD5g"
"The Obsidian Archive","UCQr2wbvaMCFki2SX-8cNvhw"
"The Ocean Explorer ","UCJ4IfAfS1FcEiFHRcanUIlw"
"The Old Ceremony - Topic","UCtflHiaW91hYaMRjg7lqRJg"
"The Old History - Battles & Rulers","UCwtCj2rk44OI8tGW1R4XQ1A"
"The open script shorts","UCMRTxXK6qGbbyHvaUsMXBBQ"
"The Orcahale","UC5QNwf6O4-06v9aSyL3Aw0A"
"The Oregonian","UCEuMQ0H-7VYfox21BvmjjsQ"
"The Origins of Simple Things","UCSGiGGALvYfhJP4iWBmgUuQ"
"The Other View","UCgbdLwhh0s4VKm2jtvn2mhQ"
"The Outdoorsman with Buck McNeely","UCQ1XhV38ttviveDT2AZmV4Q"
"The Outerverse Podcast","UCPHsUzUzdjzhaxMIhkPUImQ"
"The Outline Daily","UCUgpj9j0gg_aOEoTSRqRLmw"
"The Outside Perspective","UCF-RFMPqYuuTK-qC3f1ub_g"
"The painted planet","UCV6w4BGWzJXq2tyXQ4e731g"
"The Parallel Joy","UCicXC3OFhE8ZxUFI9YdXyhA"
"The Parallel Truth","UCiWsyCYUN4QDgpL-2PGPckg"
"THE PAST","UCRdQXSYHC8w5RDxdp9ZAx5Q"
"The Past Frontier","UC-x5c7MEb9IlC_TGoGjcAaA"
"The Past Lane","UCzlE0qKI2d0EkAHM9d48K4g"
"The Peace Project","UCevT6QKkng0MAh7VUHjRUMA"
"The peace Writer","UCdje1IuPdIj1frNX0WNzSCw"
"The People's Truth","UC3dE89qHxZ-FQnlxx9STx9Q"
"The Peoples Voice","UC5wKLvPGv6NAGybi-RJ2QWw"
"The Phantom of the Crypto","UCp3AzetKXkEmj4YIozBY3TA"
"The Planet Explorer","UCp40mtIM5CPzVHqrvxGllBA"
"The Podcaster Daily","UCwgTtHHxYX-9ZaHM4Ww1ihw"
"The Polar Adventure Company","UCZRsiWA5IXDE2BB1vrib-RQ"
"The Polar Travel Company","UClUFswlDBCz7pRBehMiZmzw"
"The Polarized View","UCL9wavJfZGSXyvzjQ5G77xA"
"The Politalk","UCMZJNnwfcGHVh_LO9ELPJ2g"
"The Popular Events","UCdQo4DZRofFU-G6QWjYFXCg"
"The Power Briefing","UCalIZEI4IfopCSTTDK9A-_Q"
"The Pravachan Cuts","UCcAm9ppZB-g_eUk1RKe4tPA"
"The Prof G Pod – Scott Galloway","UC1E1SVcVyU3ntWMSQEp38Yw"
"The Project","UCorruoVYwGGyND4SZVtrVDQ"
"The Proud Mary Podcast ®️ ","UCWpxx2pGqh64QE6el5HSyTw"
"The Provo Bros!","UCejANkLTHzYU5TfNJzheZgg"
"The Pub Test","UCAckbTJYx5gZVxrOBwtVN2g"
"The Pulse Podcast","UCvQIBiPIpdCG_dPKSrfFQ2A"
"The Punjabi Wanderer Studios","UCaIj1rINlMM1nwbmT8I-OIg"
"The Qualibre Insights","UCL1SuN0GDy3nVp5NoH_LZ1Q"
"The Queenslander","UCTlu_rmmPzDXF5x__RPIBRQ"
"The Quick Briif","UCmmuZ3E3IKN9RzsnhtR4dew"
"The Quiet Case","UCvgq-WUv9secymMPSqihQeg"
"The Quiet Interval 🌊","UCnLbsJmm9P9Yfa5D3zeATDQ"
"The Quiet Story Room","UCKqM3Y9koe81G20CxhvWB9w"
"The Quiggs","UCH8fTGJgqWV38WzOH9JWvIw"
"The Quite shift","UCtBAZ0UGGSQmCGcSRgg1_0A"
"The Qurbat","UCxWyv6uWGxGHo4rZrF-vqKw"
"The Randall Carlson","UCAPciy143ZBXBrFpCVPnWDg"
"The Rational Room","UCOR5x6j0WDNMUj63cDcRMnw"
"The Rational Storyteller","UCnmZpEvrKO6QYuj1YMHXQcg"
"The Rawknee","UCe4ZWo9Z_WuNuZYDmVDA8sQ"
"The Real Age of Empires","UC7pXqGUWw70LNsbNZ_QxTzg"
"The Real Dave Newton","UCrYmx_745HP53CwgIljeYhg"
"The Real MLordandGod","UCHg2P9g-tt8d2xc1eMf-JuA"
"The Real News Network","UCrmm_7RDZJeQzq2-wvmjueg"
"The Real Reason","UCsi3YPxsvf2herctnJgG9Zg"
"The Real Routine","UCmQz4bGOSCe6MReC0nCjEdQ"
"The REAL Siiri Parks","UCToXMbRmf62msoIJ7HKXR2g"
"The Real Story","UCOJmxTeAzB3GFngUKd8yh4g"
"The Reasoned Unknown","UCIsNNjB0N9JPLDubgE_qfbQ"
"The Recipe Book","UCDB5flHvMoSvTbLw6Kk5OjA"
"the RED BANANA","UCIe3cec-3YF2sviJGbhQN-w"
"The Red Line","UC32d9lwnoCqqPlTTyibrtLw"
"The Red or Blue Pill","UCrJY3-Ac1t1m0KjpNnEvjFQ"
"The Related State's ","UCkO-NAX8C9cTz5qFqkbs0vw"
"The Relic Explorer","UCEIK2jgEaM-8fcfom-QSwzA"
"The Reluctant Accountant ","UC-mZxce-hIwrEt5lbT_IyEA"
"The Reluctant Politico ","UCLOT52c2mdLL8NLmCcz1uUQ"
"The Republic of North Americ","UCusqiW5PPW_V9KnrlRI-7Bw"
"The Resistance Report","UCvJWRKaJfJie72wskYoLYkw"
"The Rest Is Politics","UCsufaClk5if2RGqABb-09Uw"
"The Reykjavík Grapevine","UCXDn1ItTmeGarenRLOZus9Q"
"The Ring of Fire","UCYWIEbibRcZav6xMLo9qWWw"
"The Rising Of Alkebulan ","UCySGL_E0z-6qFQz03t8hxUw"
"The Road Forks","UCeo9W5hCxagLzjtqFu5vUjw"
"The Road Provides","UC3JqNrmifyEf1e0rpJBSY1w"
"The Roaming Mind","UCmXD2_nRGgvOQxLplXtpKXw"
"The Roaming Prepper","UCdp6Oi5yyDPv1e3oR8o6TcQ"
"The RonDnD Show","UCdW_r-90e8zhVm2YxMmz9bA"
"The Roving All Rounders","UCZDhgdvLiWkqYSh0SYuDSmQ"
"The Royal Correspondent: Royal Daily News","UCOyMiOd8xlPRtQfDiFxwCRg"
"The RSA gamer 79","UCHU0W7G-Swt0DiOY33tA1ng"
"The Ruarsonist","UChO8S4TGESoOXeNK6AZcycA"
"The Rubin Report","UCJdKr0Bgd_5saZYqLCa9mng"
"The Rush with Maxx Crosby Extras","UCFu-NWNCFw4LqqGKyFPg_yg"
"The Russell Factor","UCKyuHUDwdS5zT1c25-zGNFQ"
"the Russian Soviet Union ","UCRFd9lDqZCU-8fpSH6eKt5Q"
"The Rutendo News","UCvqh1sD3tK_iylaNIZ4tuyA"
"The Ryan Gorman Show","UCfHHZHXO7hDRi7CZip2QZyQ"
"The Saint","UCcR9vBwIWbvFvv6XUCOPBww"
"THE SALTY VOTER","UCHNZcxFZa-Xya50PDcoNWIQ"
"the samuelists ","UCOxKOWS7VVQqaK5NFLImwjw"
"The Sandbox Girls","UCNWpx39Bn7Hr8PI-B3rCzdQ"
"The Sandip","UCY2G5D4NJZY5bidfb6N2SXQ"
"The Sanity Break","UCmBYmnC2SgNF3bfzDLjYbqA"
"THE SARANG GAMES","UCFOycZde3K5wbD757Z8JDUA"
"The Satirical Sloth","UCvwaD8an-pq0VyeE4Qe39rw"
"The Scenic Scroll Channel","UCzlZJ4X_hiC3kcgn5kNwSjA"
"The Scenz","UCNc0-L5Sjn4c0A7UFddcY_g"
"The Scholar","UCg9goqGh16e1kbdCiA14qow"
"The Science and Cocktails Foundation","UCNSoT26yvtQi2OIX3wX1azA"
"The Science UP","UCwoQtuEyUnQvaWeTze_xIdw"
"The Scoop","UCLZcKa__ibDYIy8NqdGrIVw"
"The Scottish Sun","UCGsWuDobZsVhzuotDmyxmYg"
"The Scripts","UCNDFd0ZdPu4eSuB7N45A3vw"
"The Sea Man ","UCZp9dvilsF1UI67RmkOS-GQ"
"The Secret","UCFkWwLHM-uqjccOv6oCv14g"
"The Secret Atlas","UCad0TKiy0QijyAl1pkYcXXQ"
"the sequencer","UCrrNhipZy8NR4g2BE8fus9Q"
"The Shaurya vlogs","UChGbqiTSQxgAND37Whoevag"
"The Short Girl You Know","UCfE263zQGhl4GMjuURyJrYw"
"The Showvic Files","UCI0e6DC-jj5IzLFGXOBm_KA"
"The Sign Polyglot","UCO9zhhszyR4Av4WxwdBJs-Q"
"The Sinister Feed","UCISHUSxfRWtCjnt5oOX2uUg"
"The SitReport","UCNhOzxp5JAG14EK-L2t7obA"
"The Sixth Continent","UCLmuHOeBq5fMiaunpGOg5Bg"
"The Sky Unfiltered ","UCvW7LuUI0wLK6dbNmVEd91g"
"The skåne wanting dane","UC3k9b-AcI4KRiWeTgti6y4Q"
"The Sleep Atlas","UCvqEjaRvq4pWp1WeFhQDjRg"
"The Slow News","UC-IclcDfnPUE0JHI1sQPGQQ"
"The Social Lens","UC0YmjkBnYKE9pgYRHZJgBUQ"
"The sometimes curious","UCPhF6wO3trQxsd6-gONW2Yg"
"The Sonrisa","UCk5rtrjvf6vJty0P6arBKIg"
"The Source Reports","UC6fXENsboeC5ECDsNZKf-bQ"
"The Sparkling","UCL6BCJcuWwP_bnULHG2TOMg"
"The Speaker 2.0","UC4aXwoBJDDwZDeVG_ftksQQ"
"the spissfleinsopp society Fleinsopp norge","UC2xsmY9c2MhG3UIeR-8HI0w"
"The Squirrels","UCJgVDRW4YlZ7LwspYMwtJlg"
"The Staff Canteen","UC_9fQaxR7lCcfzcmQy7GjfQ"
"The Star","UCpWvshQVx1d7BqCsPnVuNIw"
"The Still Report","UChZRoC9bMegevAxFmee1oSA"
"The Story Files","UCfdPs-Szji7RCiJKuQjXYfA"
"The Story of Then","UC9ryUWA6Rw-Eafxzv3NuXVA"
"The Straits Times","UC4p_I9eiRewn2KoU-nawrDg"
"The Strategic Files","UCLMj-DUckKwc-noh7FrTAYw"
"The Strategic Map","UCB4gwNCNTnNJYO_d-gPU7Fg"
"The Strong","UCq2jC3KCpMCz5jfOT4ib82A"
"The Sun","UCIzXayRP7-P0ANpq-nD-h5g"
"The Sun is a Deadly Mars","UCXRlusRy-xnDGsaLdQpCqLQ"
"The Sun Showbiz","UCy4Kmbjk_M-eK2q44pGEAmw"
"The super Rehan","UCVkDlGtweX_1RLLGOiPT2ug"
"The Surprised","UCQFzqaJu3VqYxm9hCqSKTHA"
"The Sustainer350","UCbWtNOk9jsu5UWRvQLYnkiA"
"The Sweet Löwin Inc.","UCcq8mlA8Qko2aCTgQ9t-gfQ"
"The Syndicate","UCytTE-TgKfzlDA2gA9goa9Q"
"The System Variant","UC0E6DUDYbTuCYrwUHBcieYQ"
"The Table Of Greatness","UChUOQ4-5hSha_X8GnJBaRKg"
"The Tattler Archive ","UCKaLcg9cItQvc22x1T7oiZw"
"The TechTutor","UCWnmswTKECZqewNo_AC_JpQ"
"The Telegraph","UCPgLNge0xqQHWM5B5EFH9Cg"
"The Tenth Man","UCF2GNQcUpi0OwPQsxHtHKtw"
"The Think Tank","UCGlIJCsE727IQF-KYKoC1oA"
"the three eyed strawberry","UC7EeAsPDm4HdsYxbJWIjj1Q"
"The three little monkeys ","UCp6-AW0prP8fjwxC3mu9NKA"
"The Time Legacy","UCaz4xjbzEnA-4r02c2esYWg"
"The Timelines","UCjgvcjawKKrg6Of6w20-gGg"
"The Times","UCMbYdm-qmxu8bVZZWjl93VA"
"The Tipsy Tin Whistle Irish Pub Songs","UC7H9QlpmQxwAuQaQpEl24JQ"
"The ToisTaitoiset ","UCGNIjNhr9ySAtqee2k0pprw"
"The Tonight Show Starring Jimmy Fallon","UC8-Th83bH_thdKZDJCrn88g"
"The Top Geographer","UCVqPn9IsJOAh7TjESNY8SRg"
"The Top Secret Comedy Club","UCHqc3bGu5QP4L0JXDg1kLrQ"
"The Top Things","UCl_5wtKD7j09hSOx1-u9bsA"
"The Tourist Destination","UC-d3LY2gnHeAhPtn2LEt1-g"
"The Travel Reel","UCgPxoS7t-H5ODUBlXCLKwCw"
"The Travel Trails","UCmCTa-Zn4HiJLzOTMreW3RA"
"The Travel Tribune","UCQy7u-EWszaitf6jQc9ZPgA"
"The Travelclast","UC-72kTYgBAQDrW-Z--00olw"
"The Travelers World","UCjJPNeXCtz0yyItpLrIUg7A"
"The Travelling Bhuiyans","UCa4wHWiV8CXPOaaBz1LZ_Fw"
"The Trump Ai Project ","UCz53kOVkDnwEtYMFuL-Rg5w"
"The Trump Report","UCTjDhFuGXlhx9Us0gq0VK2w"
"The Trust Machine","UCOkQ52WHwcgACnw3rHRSbNw"
"The Truth - Karen Pettitt ","UCLIoNs_3uTZrHTnWf3Kbw7A"
"The Truth About Movies","UC8rNoVfHkU9t0o2iThYk9yQ"
"The Truth Brief ","UCrS8USlF1sDnWsq0FrTeCNg"
"The Truth Can Change Your Life","UC4IeHqz-9-SED5DJsn2Ldqw"
"The Truth Table","UCD-SPMhNYIoIAhVKi7knnqQ"
"The Turkish Odyssey","UCRpsnUK0-lqPM5R88vim9BQ"
"The Twist with Erika Grey","UCIoKtaY8fOyn5kcc1VBqvTQ"
"The Two Sicilies","UC7DeGtJCpKBa7Bqm5vRA4Rg"
"The U.S. Center","UCePTJCDJD0nf0COyFvxecew"
"The UG Edits ","UCzSv4f-5XHAdJzzqdG-NKbQ"
"The Ultimate HOOMAN Person","UCu5y_hMN8l4dy202e8ZQz-Q"
"The Ultimate Review Channel","UCg6IeAcMg2cyAUiKT0IL-UQ"
"The Uncharted History","UC00WwCzaFqNOm47z8Xqf6mg"
"The Uncooked ","UCq0TdQl2Ig7MBevO8sx_0Vg"
"The Uncut History","UC7N85fU_wN7VjClQcwOTJLA"
"The undefeated bot","UCJ5BiJz6BG5huyrqDvlpoyw"
"The Under Report by Eric Czuleger","UCp4ta9FP0oCmqFH_tuyD3eQ"
"The Undercurrent with Lainie & Warren","UC7TSQopTCAKt85u2XbSUzfA"
"The Unexplored World 🌎","UCY--OsAiXJy3yT10QavwhSA"
"The Unique Fact","UC8n1YZiNaS5_C0pGzbGnW3A"
"The Unique Updator","UCbjHN0rMip2sS0Q3P27wifg"
"The University of Maine","UC0wajJ67o5YTuxaRjZGX8eA"
"The Unknown Byte","UCLEP2rptl9zLBLIHQF4ibog"
"The Unknown girl ","UCNccosXb06sEHNNeXDAA1MQ"
"The Unknown Layer","UC4wrR68tkl1jrV6VEwwajWw"
"The Unscrambled Channel ","UC1HgIm32MSdTNHYdpCsyDYw"
"The Unseen World","UCw8GziwOoaMmgCTvqulvAxg"
"The Untold Facts","UCQr1Ws3K8lRCmlrHYu2gIGg"
"The Vaibhav Talk","UC3EyEgw_T8lbIrb04Cblg8g"
"The Vast Realm","UCfI8BJ9yRuNx_fVUbjKOQww"
"The Vault Untold","UCMGY8JHxrxX8TbKm9wMThYQ"
"The Venture Vistas","UCPpaYbPb7-kCoKUR_qv0Bpg"
"The Verdict Press","UCxj_Tac85CkWHgbk_7pq53A"
"The Vibe Talks","UC1oHenwRetG8pV7ge0-gxFA"
"The Victory Lab","UCNVX6ea53gY6W-oHEhyDYVw"
"The Viking","UC0AqPXa7IdGiS1bBrOlMw7A"
"The Violent history","UCIInvl9I_THuxOQYjw4bIeg"
"The viral brief","UCiiwszMwod9i6NcUwugGpEA"
"The Viral Order","UC9CZS2YXY9hHbERwoRod7UA"
"THE VIRGIN FROG","UCLfP6lzJRoW3aCrzS_yeUHQ"
"The vision","UCUhF8ucJZMxD1BAw0r679bg"
"The Voice of Success","UC6D1OLZKlQ-RZKfBCHkRDmA"
"The Walking Passport","UCdSNOmShUL_KnkfhOs0W37Q"
"The Wall Street Journal","UCK7tptUDHh-RYDsdxO1-5QQ"
"The Wanderer ","UCM-fVfISxJ9xGQUHYeblzJg"
"The Wandering Lens","UC7CKf_8IsGDRD36e_ZkeN3w"
"The War Area","UCHogZPZe_w1r5AYI4q1mvOw"
"The War Desk ","UCw23lPHIjrfZ7On2-ckJ7sw"
"The War Room Brief","UC44WhwTRU0QTy_M1bBgyJxQ"
"The Washington Examiner","UC8BxSGcBKriJvoeyKOnJ6tA"
"The Washington Times","UCsCE4IMMFuwPYbwDqaz7udQ"
"The Watch Floor","UCLKh_1gG3DV0ZJCIdRGKftQ"
"The Way I see the World","UCgEmyHDFvxplVCjwWLpfwKA"
"The Weather Network","UClQK9j4uUAnrZamq1_FhtcQ"
"The Week","UCj1_UARurliL8U1jMSGShow"
"The Weight Slayer","UCQZxJy-CE3o9lpIh9uTVfhw"
"The Weird And Wonderful","UCFVMHr75nGdpkoBgGR54blA"
"The Weird Scary and Horrible Parts of Humanity","UC_XBRq-ogrB4uKkkE59yh5g"
"The Whorely Virgin","UCzvyGucBo1XBwiEPwc36eHw"
"The Wide Side","UCTOwFQ6YWiOreQZ7fpkPJDA"
"The Wild Perspective","UCCgRpdC6twL3snNoiqb4yMA"
"The Wild Wander","UCLc26HkpUDgpb-229geNL_Q"
"The Window to World","UCuRtN0q6Qpc12pRb-r-KdBw"
"The Winter Tree - Topic","UClvoFUowPpdnSl5rIr1MR8w"
"The Wisdom World","UCWC8EWeqdo_07nYh4rlLxAg"
"The Wiseacre","UCh8Ul9VIbTAYQvvviaxq6gQ"
"The Wonders Of Planet Earth","UCiwbAvDU1A7Myf-jE1sUM0w"
"The World","UCuhA8hE8MZA7SyKIi9-iTuA"
"the world","UC7Ob8XBhfxTT3muR0LcT7Fg"
"The World","UCAzwTNWJqpbQACVB89gFQ8Q"
"The World _ العالم","UCwdLWS-pKfXcT2Twy11YVtg"
"The World Archive","UCKtImEl1osloba5NI5xlZ2Q"
"The World Brief News","UCgN3GejxlvL7Wv2tA25Wd3Q"
"The World Decoded","UCPwSu46Uso8YFx8L1kz6vSg"
"The World Explorer","UC_8Qtnd8vWywbr7yusL7gjA"
"The World Find","UCiXxAoBscS98FfcO4jseFFg"
"The World History Channel","UCpkcfCp362efwIYjFXQxSqA"
"The World in Balls","UCwIijv0uSZyogjkPIWzCWTg"
"The World In Mapss","UCMrke0gFJQPg-6l4uzGU1FA"
"THE WORLD IS BEAUTIFUL","UCws0T-HJwVb6p35-p0wIeMw"
"The World News Radio","UCrlOFb3_5cydDWHUZkg_bQg"
"The World Point","UCfxzbgOzu508ze0TJAx4AzA"
"The World Pulse","UCr1p5r-KwDwNFUQuFJqVfbA"
"The World Report | Science Act Publishing Act","UCJ9s_SAJ8GQXTLPMV-fQaeg"
"The world seeker","UCu2MLB3m5yoTAJVPEi2_ClQ"
"THE WORLD STORY ","UCHHfsc_UCLI82oamuaq4GiQ"
"The World Studio","UCGIXAFzBzl-yRczff4qg2CA"
"The World Today","UCz1z1GxT687mqrxfpR2M40g"
"The World’s Food","UC5FLc2_nTeKAGlnmkOvMs0Q"
"The World’s Portfolio","UCDJ5S9e0oS2z1frBFDh_3Pw"
"The Worldly Show with Jeff and Tim","UCLQDrZ_Fr2F3jemkF9mXn5w"
"The World's Most Fascinating Travel Destinations","UC6fiujgzcOwzI3snl_aFrfA"
"the yoga orchestra","UCvHM6JzsQpj3odE0HCK5Y8g"
"The Young Turks","UC1yBKRuGpC1tSM73A0ZjYjQ"
"The Z Theory","UCWlX7qCMPwRMnmvIAqwEj6A"
"THE ZOE PODCAST","UCCnMl0HMKL1_DpG5Lnhc7hg"
"the.indian.finance","UC2-dlyAMs6dfdS3_90uTlew"
"The_Armenian_Nona","UCddZeJ8d0U85POn5n54BXmQ"
"the_average_Chinese","UCG-PB25XwniUl2c-0pjcTng"
"THE_CLOUDCRUISE- Fantasy & Relaxing Music","UCs44Pap24mhv3rxSQGyZMGA"
"the_Knowledge_adda","UCTdElbgl3tnpxq-utkCBJQw"
"TheAIpopcorn","UCUQrWk4_1IkoF3lCkPCjt5Q"
"THEALIENCONTACTEE2","UC6OtC6FqpVXYpk5VyQ4pmIQ"
"TheAmazingWorld","UCfC7HS20sPtJMb11pp1Rleg"
"TheAmericanJurnal","UC9gb6t8KiIGZhGW6UU9V04Q"
"theAmrritaEdit","UCulBPkC11-IIuUbU3jGVE0w"
"theAncientstruth","UCu_DdHD2EWtlI6MSMBBntNA"
"theAnniverse ","UC11yg20DqzvQulYvZflw50g"
"TheArt creator","UCWPUTgaYB3cWYwDsOj4LL9g"
"TheAvGeeks","UCn-w1FS9ljqv5WZ5YvRcD7Q"
"TheBeefyCake","UCu7jRGifGCPpN4XmwqyN8DA"
"TheBestBitz","UC6aygGZITng5G0r33v_fmzA"
"TheBiggerPicture","UC4QmHXSJw10mjo7P4yLM3nA"
"TheBrazilianHattof","UCt2KzZLXiQw99ugP1ESlZdQ"
"TheCheckoRIA","UCaIHDsKm7L6Zbpg5bbOtQXw"
"TheCheeseGuy","UCEJOSQc0H9YnU5qjayBpIlQ"
"TheChoice","UCzo83OMYoVtc9RP5-DJEOwQ"
"theco1987","UCk5fqieJtMlocV3LEk7q-9w"
"thedailyconflict","UCxSAmHH9wWp0cr-TgISm35g"
"TheDailySparkNews","UCn30nhIgDjcD5gIWNfvDaKw"
"TheDC Shorts","UCfDdlNLRVb1h3_7Xh-WhL3w"
"TheDonutman","UCPTCLw_wUay7oDH3H4NdNDw"
"TheEarthMaster","UCbhkGOJf1qey32JMbKBpbjQ"
"TheEntertainmentCompany","UCgjzAwDKZ7QBrkjNZpAEHjg"
"TheEpicLoreTrek","UCwdD8Wk9vng2OEoxEIJwaLg"
"TheEurostate_Mapping","UCpD1m624HNlJN9UdLveZUHA"
"TheFactAnalyst","UCmvwj-NkZJX4zBYfo1MQPTQ"
"TheFactFactory","UCdLKvRte-ahYpgG-U_aRroQ"
"TheFactsOrbit","UC4Z9iboypP4e9OIs8lqdWDg"
"Thefactspin","UC9iVRE0iZu9l4YQcjnoPfaQ"
"TheFascinatingGlobe","UCt3LBkgQ6YARN1MCIQBJcOg"
"TheFrozenline. ","UCMSdi8XhciZF7b-s99VHZSw"
"theFun Fact","UCcfKtTv3SSaoXuBTyq6oFlQ"
"TheGameKendra","UCV1QYFVI4n4V68p78-AyMDQ"
"TheGeoExplorer","UC8GVfPdNKqM-6FKjd0hi7Vw"
"TheGeographyInAlbania","UCADIsEuFSQI89kJckwDLDBw"
"TheGeoSquirrel","UCKMQstkIZghh1j6StwKAhrA"
"theglobaltrip","UCSXMZXWIHCk6kCNwhkjzpow"
"TheGoodGuyTysAI","UCYev9_i7CfK4osbmPraGm4g"
"TheGreatestCat_","UCjbycr5Bb_uO1Yn9HLlTTUw"
"TheGroundingFanMapper2K9","UCuv7rkH-0vErdAMdUJHoQCA"
"TheHiddenReef","UCq-qbdJTg5rZHMEDlRO3wxQ"
"TheHindifactmine","UCfxw8b_VSSRjldr1SvlagDw"
"thejuicemedia","UCKRw8GAAtm27q4R3Q0kst_g"
"TheLast GreatFirst","UCyxbgIFmRRLrGusChUeTtMg"
"TheLastEuropean","UCJgRr_eHlUFltw1sYakoswg"
"TheLectureHall","UCnE4cZeoN4EoPV7h9o102ew"
"TheLexLearn","UC9n04Relz7KVHlvJCnq3MaQ"
"TheLight ","UCgTSSBrHoKZsrgwodiW9Q3w"
"TheMangoManiacs","UCmZdLApY-JSfFf6OnJ-2vgg"
"TheMegatonBomb","UCJZz-2EUwVWPONbqo-YUcoQ"
"TheMessenger144","UCr_gsgDcbh1Upa-w6ggZGdA"
"TheMightyExplorer","UCE4ixaQ49tVb15m9THLsg_A"
"TheMiniVerse","UCgQT98jcLbrLKHOBzUhCWfw"
"THE-MONEY-HISTORIAN","UCmHz1zqUrC2feQnVdoo8-RQ"
"themuskaansingh","UCzGF5tclx64GtJv-pXGr9ig"
"Then & There","UCY_mOia8HVrJvMQICGLVCmg"
"Then It Got Weird","UCLtx4lGSrP1ElGpqv3KW1Cg"
"Thenee Thagaval","UCqA81-1F8FsBRL354lDhhGA"
"TheNewJujuYT™️","UCC5QKEA7Grc9vzMyZ3bHbbw"
"TheNineCalories","UCGj6nGbuww8Eog71BYPIhMw"
"Theo Shakes","UCHPqPjYRrYmt9SxJqVVnvcw"
"theoryofeverythingtoday","UCWKkt0nnnTYJqUC0vquwwLw"
"TheoryX","UCtxHRCIRnNG_sAYAk00mTfg"
"ThePhotonShow","UCdyL164JBW0QmEfgnzVBKEQ"
"ThePinkbarrio","UCWiaTWiZlFLQg5Cb7PUK07w"
"ThePrint","UCuyRsHZILrU7ZDIAbGASHdA"
"TheQuizWire","UCrg5L4o5vTs4Rt_VeVdHpzQ"
"TheRaceist","UCVw1sef3qQk6pL7x-l1ekaQ"
"TheRaF","UC3_TDfi28Awvy7cl169uUZg"
"Therahulroundup","UClri_8asOZ9gLtCGRvoFt0g"
"There and Baksh ","UCJve2ZtCLhfW9kM2udDzIHw"
"TheRealGeoSnap","UCVIiyoYqnepD1wYGfvAbaSw"
"TheRealHistoryGuru","UC0hlPl7y2pM_SuSdH0J-aow"
"theshakemovie","UCs7IPK6-UvyG1NzcvIPb1Bg"
"Theshepherds2022","UCBnqJfSLnJ6LWE_R1P27wPg"
"TheShinySylveon","UCsjfPzH8C39uupnWJ2VvdbA"
"TheShortFactsChannel","UCTEL-7EXc_oaT7-yAPnA7GQ"
"TheSibbe91","UCgT4KbyDf7iBUslRRsLg32w"
"TheSkyIsMyRoof","UCyvFgTxGtePdZa59iJFJtUA"
"TheStealthPigeon","UCAvMJ5aFNpztGqcZvrqIYeg"
"TheStickNews","UC4EFd2TcG7eknsblO2undbw"
"TheStrangeRecords","UC_aYo7bb3OGS2vvtfepmB7g"
"TheStudent","UCjQtIWKkjlVT_sNg_BM6vJw"
"TheTarget Spirit","UCuL-5dxlzJoukvhx3_y1x0g"
"TheTimelessBridge","UCHo5R-j1R5bilntK1AaQirA"
"TheTonightShowClips","UC5vA4DP5SKIa6YdwMPsF5GA"
"TheTuckTuckTales","UCzDWkpBEKxZQryhNuxEV-wg"
"TheUniverseofMitko 2","UCl4vD-I2Ph2fYC1ZfA7TABw"
"TheUpdate","UCWEJP32GOk6otvwRCzMZkow"
"TheURLofEaling","UCz3OWKBQ-T-_gkeWooTFGJg"
"ThEuroPinpoints","UCa1TvIVwrApRgUkXCX28dvw"
"TheVertigoKid","UCuibIy1cgopRwNlkqwAkUfw"
"TheVoidFacts","UCOUqfpPridEo28x8-fDKJkg"
"Thewinner972","UCPbLX4Moa6IapODcWBlIF4g"
"TheWiseBulldog","UCCTg_CU5SBNbi8fS_rdASOg"
"TheWiseGuy","UCku-doBufRtIhOwLG4zhkSw"
"The-World-And-Life","UCTduY22CwPSEsZxpI__S1Pg"
"TheWorldCountries","UC_VW9JxbRUW1QV19jc_yWig"
"Thiên An Đồng","UCrELjyIJS65LBBPsqqWbBcA"
"Things Mapped","UCQqYqk1uLGKoQgkWFEHVe3g"
"Things ToDo","UCY3McARMgCVg07ZnjDyzx7A"
"Things You Should Probably Know","UCoA7CKo46jCyxjs2O5mG_Mw"
"Think & Grow","UC_ucUZ8bLEccGIZK5NozrWw"
"Think BRICS Chronicles","UC1HsozUdtMfHFzOoNxoEa-A"
"Think by Mayank","UCtBxbtysSaGRUVYRoMrBS5g"
"Think Of Depth","UCK5hs20RIcP_6zdcXJrPPOQ"
"Think Reel","UCD4sQd79kArMbHeJYKxzTnA"
"Think School","UCKZozRVHRYsYHGEyNKuhhdA"
"Think With Ashish","UClQKhDzI2JeT838C05LSKcg"
"Think, Laugh, Explore","UCS-EmhGGhiG4LgCqp-ZRR1Q"
"Think8 ","UCvN8tKOekQjtjBv-68B6OlA"
"ThinkBefore YouType","UC-OYdlMvgSQIzV9mhqVLnRg"
"ThinkBeyond Realms ","UChrDvTsdZYAx74m7Hk1zBZA"
"Thinker's Feed","UCh6Zwl64VbxyXawDqTHM0XQ"
"Thinker's Trail","UC1PZXy4keSYWr9Eb_X5rG3Q"
"ThinkFastUSA","UCm9xEZyS0Gl002IwlABazFw"
"ThinkFest Pakistan","UC9EvDqioM2k1iOtVwLtiitg"
"Thinkify","UCYCJyvOxMweIL3UOXtVGBkg"
"Thinks by Telugodu","UCLnVzwmyis8fqa5feQ_fcew"
"ThinkSpark","UC6LJTadJ1RfhYN0Q-ri_SaQ"
"ThinkWide","UC1OlDLZHRscjkbr0pMHvW_g"
"ThirdboiTheCatto🐾","UCBgJegiNkKuUsqfflguokKw"
"Thiri Winn Maung","UCiNNKXEDmrOFVr7uEzBHLYQ"
"Thirty Seconds Out","UCf5uJ3JHLkg2T1jUC0Q_D-Q"
"This Can’t Be History","UCJwPnYtg_2Pfch-oGD-FzsQ"
"this is jason 1023","UCljcg6RMuTQEGwUHhpfMuRQ"
"This is Wonder World","UC_aji6Xrwxyrc5phVVsFekQ"
"ThisAndThatMatters","UCoG6v7upLbDHz4ZtGBf9-Eg"
"thisisharrisfamilytv","UCbmNpyAr1uuGaIpHyzL11yQ"
"ThisWorld Official","UCbzK3HLi7s4TNnrMsGI1vsw"
"THIVI","UCF6h_4JHyOI5XAbYwZH4ZKg"
"Thom Hartmann Program","UCbjBOso0vpWgDht9dPIVwhQ"
"Thomas Below","UCSv1lQ0esgA_pTcrXYallFg"
"Thomas Cinar","UC8pC2SHA6BpBm33tGghs4OA"
"Thomas Fung","UCOHN-UBipZSAzSWbgDYLQMg"
"Thomas Koch Nielsen","UCnQRlVJxRs95L8YSGsFwgPQ"
"Thomas Kristensen","UCAHf1oD-aJIOWrOSxTySRZw"
"thomas lunt","UC7WasEf6yGfpvhNouEtYbJg"
"Thomas Rex Beverly","UC6l5Kz_YCJrK9tZE4p49Pzg"
"Thomas Schumann Capital","UCHj_04SScGQ_7HsKxPCgPbg"
"Thomas Stork","UCHm7p9ZcjR39-Py1mQ5DhyA"
"Thomson Reuters","UCwIde9oejR6WpaVEa5zZ37w"
"Thoovi Thoughts","UC6K1blxGdaOPb1k84pWksEQ"
"Thor gaming ff hacker","UCUiaXgwMin_YfejEpf8pJ6A"
"Thorfinn Forecasts","UCVtQYQRYccUi3XgiwiexBNw"
"Thorner","UCPP3VVinOQ_i9z0FRK3XvQg"
"THOTTY'S WORLD PRODUCTIONS","UCLxvRYw8lkcAKKQ1PuuYCIQ"
"Thoughty2","UCRlICXvO4XR4HMeEB9JjDlA"
"THREATHSgeograph","UCM6YXOF5Kcq_X9RNvWa-CJQ"
"Three Men Crew","UCjKNz3focmaPCtYS_syptwA"
"Three Virgins - Topic","UCe4dwrZgt1nwWe-CPeb2q0Q"
"Through Lixin’s Lens","UCa0Vl-XhLqA4EiclBL_kAsw"
"Through my eyes! by S Konstas","UCmE46miKA8DvyFtFLAXSdBQ"
"Through the eyes of","UCjOs9PW0HjD2bpzj3PEwYPw"
"Thugilan Arc Studio","UC_XkttGpCYjcxWLGqZLp6jA"
"THULUNG VLOG","UC67F-TzfNKT4wHcNeAtB0tQ"
"Thynk Zone","UCIe9P7qOfmsipsGXvRa69zg"
"Tiago Bilo","UCK2IDwW5zioBMuZFXFkj9fw"
"Tibor Berki","UCVCi05SiaT6-AT1Se5wkcFA"
"TIK TOK GOATS","UCk6U99haymr2twyvjOdhN5w"
"Tik Tok Virals","UCB7D6yVQ2bCv3WP0gBrCGXw"
"Tika  Rana","UCjNFY7vKtHIsg1_Uli4NuRQ"
"TikClips","UCZrXrDfO7oKyQo4BjMbSTQA"
"TikTok Hub","UCtOQKxwqwhqKzDdzfiPc0Sg"
"TiktokSniper","UC9Sa4OHP1Zad262kRbTPQ5w"
"TIL","UCzd3aMictLzn72BdaPB33Bg"
"Tilt-N-Chill","UCxIl0jpfj0Koo8eQP-88xMA"
"Tim Allman","UCWiz67m5vTiEnbx01R6cKHw"
"Tim Fullerton - Host of the Find Out Podcast","UC-GOAKPdwuwMb7GsT-WDL9Q"
"Tim Jensen","UC2uOJJy9OBxc1CmA5vyDuqQ"
"Tim Lally","UCdtZa3uhMPKGS7QAC2D3jOg"
"Tim The Travel Show","UCsrTHD1IjbUzqXpNZDhVLvg"
"Tim Vollmer","UC3KL3hGpI58xFt_aFmvcsSw"
"Timcast","UCe02lGcO-ahAURWuxAJnjdA"
"Timdog161","UC6ZpAsmBME6nAiNtx9k5o5Q"
"TIME","UC8Su5vZCXWRag13H53zWVwA"
"Time & Secrets","UCcpTHqFsb8opvumnX2vV7EQ"
"Time Capsule","UCHS3NwRrO0HiTf3EbJMcWow"
"Time Chronicles","UCZNMokr_F10h9PSQYn1ztLw"
"Time Hut","UC_rsvHwqIszVwdSc4oidXcQ"
"Time is Gold","UCgBUNDvDkSipnbwZvG7IsCQ"
"Time Lapses Junction","UCW7wls3SGSm49aKdO9G27Kg"
"Time of news india","UCUVgDruaxpzpscmbZ6FRxcw"
"time pass","UCKBA4uh6GMbewVRCIq3LqdA"
"Time pass","UCjP_1GqyAGjbbUiR5UZFeJg"
"Time Pass Go","UCz4qXFn6J67n8zUA68zztmg"
"Time Shock","UC6vU9NBvhGho87kSCtjTNuQ"
"Time Tales Talk Shorts","UCgdGwgYX3HRFYxqkH0n-USg"
"Time Teleport","UC3sQBUZGHDHzohxZg68p47g"
"Time to Time","UCNhD6Nse5CNgc-j4mw9iL_g"
"Time to Travel with Oleg Savvin","UCn-lMD3s9iUuBoTbu2jcuDQ"
"Time Travel World","UCuJ25GdO8bfkhHexqRRZnPw"
"Time Traveler Facts","UCPoQGL--Hbth0Hvew-SBULA"
"Time Traveler’s Handbook","UCX3ZMAswOCSzeLnkb2Ts5xw"
"Time Travels Exploring","UCVt7DV9yjLZSTvOt43JIZpw"
"Time Trending News (TTN)","UCvS3UkfcrXOVlJpQKrrqW_g"
"TimeFlow History","UCr1-nQVnOm7BRKeWfoIWKjw"
"Timelab Pro","UC6zl_U-HEajk9JSHkuTlaZQ"
"TimeLens","UCx-Gra3Xl4PCdkjeCSeX6NA"
"TimeLensOfficial1","UC1Cf1cmvxkBthSGNG6qEe9g"
"Timeless Bible🦊 ","UCh6EArhQceSVv18PTxG7zFQ"
"Timeless Histories","UCpI7EM8NmTm9R8O6bUHs_mg"
"Timeless History","UCEM468k8yPUEZXujXAOnTbg"
"Timeless history India","UCDApuinZJKPVb3bOQobZOMA"
"Timeless Knowledge 4A","UCiKKNOU0ufN53zvmfqgUkIQ"
"TIMELESS LANDMARK","UCWoHscRcjTzxmH34T1Dtzeg"
"TimeLess Narratives","UCE3lGvifo_DBnhtkk8IOBTw"
"Timeless Tales of Nature","UC04XUc6rnH6KzyDXKiPbScg"
"TimelessTae","UC5CfWqVxhHz-NTvcXtPSEHw"
"TIMELINE","UCI-nbsazUhpCqdhH-g9j_vQ"
"timeline byme","UCuEQbd1kHRXZnXtREV1A-9A"
"Timeline History","UCGV1IMCEKRK8enaxnBh8yxA"
"TIMER OF SCIENCE","UCKGtecZUEHkZeoJg2yyLpjw"
"Times News","UCF-VP3b3oH0XASqsLI5rnLw"
"Times Now","UC6RJ7-PaXg6TIH2BzZfTV7w"
"Times Now World","UCw8Fc5R0Q5yyS3KrDCPM3xg"
"Times Of India","UCckHqySbfy5FcPP6MD_S-Yg"
"Times Of UK","UCNkOMMEAL9gnrBDXZfP9j9w"
"Times Originals","UCmpTUknG47adVe5QSeufRBQ"
"Times Travel","UCBwGu6E7ijTVuC3oHubQbuQ"
"TimesXP","UCQgD6tV8_dHbR8KakmY6m5w"
"TimeTales","UCQlVaBNrQVqoTkOH9OHsNCg"
"Timeuw","UCfpYZkBIUJIOYNFvO_pClew"
"Timewarp","UCzcCMzxYHne25A9IZ5UjPtQ"
"Timity","UCFTo10m-sROpQtHDFzT3Ejw"
"Timjune","UCC7zmAXdYQflQnkgxCXpoxg"
"Timmy's Tips","UCyCZ9HY6VaSv2HL9t2hTxcQ"
"Timothy","UC4IxntyHyud3KrGW90mXWnQ"
"Timothy’s Vlog Official","UCTX6GwOKk6tH-xBZXUJzlhQ"
"Timur Gizatulline","UCHssCFZmtXbzVRxbmmNsP5Q"
"Tine Embrechts - Topic","UCh30ND3oNPivAGf9A0Hx7-Q"
"Tinker Trail Travel","UCRwHYElrqickR2bFwga_71A"
"Tinned Fish Reviews","UCnM8PMUe_Kmp4-Ohq4V7Vdw"
"Tinos_maps","UCLjbaiqRUqR2byCQB6-cqDA"
"Tintorio_1405_Edits","UCO9fyq1fa1J_b4bImMC0DqQ"
"Tiny Cat Shorts","UCqztYMSwozipWjSYXZvimnA"
"Tiny creatures","UC103LOUGQ3NbfSjogUbghFw"
"Tiny D Animation","UCGOGXLdSOnZOMGkSXmfNZhQ"
"TIP CHANNEL","UCTKhhfGpIGLMOUjEzsUWi0A"
"tiposh","UC8iqlLCGBaLAF2byzrxpyUQ"
"Tips For Travellers","UC_qE-Obs2ocdmPXY0TIU-cw"
"TipsyTriks","UCockA4TBSzG4RKCoy5RgPmA"
"Titbits","UCkLVEAnPXOR-wufSc55lRIQ"
"TJ Day2Day","UCjEHs6_tpJ1cNbYHA-wAY9Q"
"TK Journal","UCz3PbUTjyvbAPg4w30mfaZw"
"TL;DRHistory","UCVD-n2pyhexXczywXaMK2cw"
"TLDR News EU","UC-eegKVWEgBCa4OzjnK_PtA"
"TLK","UCYGNC-BmbumbJw1gA9wKiBw"
"TM  Sudip 500","UCtGNCpzLkR-LS95cmKJr3hA"
"TMAoreo","UCXpmnmVKwV1fdG5XeiY_RmQ"
"TMD Gaming Official","UCLEHmh5CbtyH-kqNh8K0w0A"
"TMKOCeditz_","UCPepv_Eon-BattlFeMmadVQ"
"TNC Tour","UCRf47BFdkuOWt1PAOZ0MX-g"
"tnwiednhfr","UCxqCied48ya2dIolhJXWtuQ"
"Tố Tâm Đỗ","UCuVwhF5ObTLWYmxjVg11Phg"
"Toan Van","UCOlXy0vMDpgG6GG389xqPZg"
"Tobias Baldauf","UCI01z88hdfoB7wODtUSDEJw"
"Tobias Gaming","UC18GMTzu8oLfdtbvNjaM1aA"
"Tobias Lindborg","UCmu0sgX65KqYgSQqV0tt1SA"
"Toby Stubbs","UCYsltmLzINnQX2nZyiRRpoQ"
"Todas Raças do Mundo","UCUQlaVFznhuaFFtFFYXwT7Q"
"TODAY","UChDKyKQ59fYz3JO2fl0Z6sg"
"Today  Globe","UCesy5NMlgW7we59xnSlGHyg"
"TODAY GAMING","UCYZ0sNWtepsiwAYLLxL2_9Q"
"Today Global Updates","UC1q4QFCnkk-CNipANiX1Wtg"
"Today in BC","UCzkW-fIDEkntyikpBrJbXaA"
"Today in Focus","UCM22zDl9hUpkLBtPsebTwsA"
"Today In Past","UCmbQrGWx-HGJKXWoSg4vaXQ"
"Today In World History","UC30E2HCkUB5W5AYDW8gsFMg"
"TODAY SOCIAL LIFE","UCNbfjRBCjbbqv27TmJC0U6Q"
"Today stance","UC97R_TC0fDkNSF0F3Abcyww"
"Today Tv Telugu","UCz26DxpcllpsTMY6e6m90Kw"
"Today Updates","UCgOUIdKxz7_30kbvwpf-ZNg"
"Today Was Pretty Good","UCIidIMLOGSXxllFsM_7veNA"
"TodayHistory","UC4oGGQX47jAQx6ZBkWLwj-g"
"TodayOnEarth","UCxZT9upSCWE8KgJD1QvWq1w"
"Today's Date by Showcast","UCdTWtAeG9syWO_rsYyU6YUA"
"Today's Sciencology","UC57xbqjTk1FOsujTrETTfUQ"
"Today's World.","UCEBe0Q9zg31CE_qjmhhVRtQ"
"Toderica Art","UCt7frPfEpeWbLlTzgsAYEaQ"
"Toe","UC1u7OGcR2GaGQiEF6Dghtjg"
"Toffer Columbus","UCg6Fbdq9QGbdgfseMeRQgrA"
"toffGen","UCnl7fYSLZ0ZA6bJm1aVC0lg"
"TogeZer","UC_0NQhFNOJ_ALKHnBlp0vow"
"Tokalo Gaming","UC2r6CU6DwJoH9D48C8WqqSA"
"Toke Brødsgaard","UCQNdaY-Gt9xgx7ZjwAUo9mA"
"Tokin Big","UCvyrgFz1CEMwVy3tlqZkSoA"
"Toknomics","UCn-4-AfHLhahxqOKUsw99kA"
"Tokyo","UCfHyaDn0TwWsYedbOu8FeCg"
"Tolour's Dot","UC0ed-RyYdS3av8dXk5MPGQg"
"TOM – Thara’s One Minute","UCENnTdBGG4QyZUopvayY0Vg"
"Tom “nubbix” Knudsen","UCLSY8fEiJSM13lLAS-EET8A"
"Tom Ai poltics ","UCaRqUMwFFFhJkpHZ9QzjDoA"
"Tom and Dom Travel","UCNVAq6-LJh1kPdz0UlOXVpQ"
"Tom Bilyeu","UCnYMOamNKLGVlJgRUbamveA"
"Tom Explores","UCpQvYBWCO1jsKphoALzKTpQ"
"Tom Kines Collection","UC15fweXFy8yyD5CfIfmwe2A"
"Tom M","UCam0VGanxaPDHMKvp2ngplA"
"Tom Vetterl","UCnStz8S6H5pptOUo6wMBj6g"
"Tom Warner","UCjSraaazRdxu83cdnuYwBZQ"
"Tom Yam Minecraft BE","UC_IZpf_4C2xLxiNkwCWptjQ"
"Tomasz Jaworski","UCqbLZzvMrIMQyyywHysXehg"
"tomi 1v1","UCM3BN292_vYf32PxFvLcSHA"
"Tommie Smith","UCZkhH4d-_ixkC0BYa5Wu49w"
"Tommy Robert Belcher","UCAUhqF0hw6XRjpx1qethQhA"
"Tommy_Editz🔥","UC8ILjmViAPAPMclpJPhCuMQ"
"tomoe","UCyIJfPA8mij3cxiOUsLn4wA"
"TomoNews US","UCt-WqkTyKK1_70U4bb4k4lQ"
"Tomorrow's World","UC4TSmP_PLbMQ-CVHhFSwH9w"
"Tomsen.dk - Topic","UCZVZqEhsrjl7fo15fab4nwA"
"TONAL ANGELICUS","UCHsrSt6J_ufo5tfYkpHD1fw"
"Tondria Media","UCQZUkF5sJaG2ZkzON6IcYqA"
"Tongtong Mandaragat","UCgoAwD0D87dK3mFzSg4x-YA"
"Toni Lix Sim","UC_ANdXK3a_to1HRHWGCN-EA"
"Tonny Vu","UCXsE-JCYVLg0gYJCrzS13mw"
"Tony Arruza","UCKJxTxgssQuuiIhlJF1r2Yg"
"Tony Dortie ","UCRPdcY4_Al8TrRtgkMzkrQQ"
"Tony Hansen","UCYU6xC2ZK83iGrYSzU1_Oww"
"Tony Heller","UCprclkVrNPls7PR-nHhf1Ow"
"Tony K M Fung","UCsb8fdyx13Bu8KsxTXZaJkA"
"Tony_GamerYT","UCHIaJF3ChlGxHteatqiAaMA"
"tonya toole","UCeT7MicU2WSri5-RY7rP7ow"
"Tonys Locker","UCOLblb8dONf99OSdMTZXqNg"
"TooGoodToKnow","UCJEedX1Ktvh45Zyncq2iZaQ"
"ToolSavvy","UCohoUAtxFJSlgQwUgQ_E4mA"
"Toomas Mitt","UCMAzIqc7L-UwJ1k61-tDSxg"
"ToorHuntr","UCRsjmivBmx5tCH9HOLK7oXw"
"Top 10 Best","UCROzG8XnV4SshUXKgqACl-w"
"TOP 10 Channel","UCREaPQqgMGhX44jHZzz13bA"
"TOP 10 in the world 🌍","UCgQWSx7mhgdSLr-MsbnU9fw"
"Top 10 Nerd","UCF5tN4DO3Eh-BBOddG09gHw"
"Top 10 Quest.","UCXnpZYvISsEC-g72zMJ1vAQ"
"Top 10 USA","UCqiSckdN9ScBb6DIr3fj5Jg"
"Top 10 World Videos","UCt-I_PS2RPdTesIL66GAnyg"
"Top 10's","UCFuXByPDgHsq1phluYnZbCQ"
"TOP 3","UCGb-PgpTa6fmy9tTw3cqy3A"
"TOP 36 DATA","UCPUQ-uXOvhOVoBXbojFsTSQ"
"TOP BOX TV","UCuLhRj43ZJzQV-5_im_BwQA"
"Top channel","UCa1O68zFnzLKkjixQz8PW0A"
"Top Documented Events","UCIYlienSmmF8O9Q1Visga2w"
"Top facts with bhanu ","UCUbk0zsqOm-DWLGzkCbB0wA"
"Top Facts With MrLeMON","UCtiTSvfgS5x7hgeq8PMze-g"
"Top Flags Stock Footage","UCSygVyMjA6JmcD7_TM5QwQg"
"Top Nature Wonders","UCMXjymWroemP5vVomnVODLg"
"top places","UCqWN2glhOT4PJ7sTorM7l4A"
"Top Places to Visit","UCd3uemoGFiCnXavwHbKCHiQ"
"Top Rekallz","UCiFJzSBVcbfbPE1D820tPng"
"Top Secrets","UCSQEwXPe2zmjnV0OSR7kfwQ"
"Top Thangs","UC3uY3-exZPn8iaAYSzOJAaA"
"Top Tier Trivia","UC_mqF9dmhKIlq0FkOA3jtzg"
"top tour ","UC8OJWA-XjJ1P175dxhg62Mw"
"Top Tourist Places","UCT4kmNDSppEVbNcPgnjShPA"
"TOP TV","UC8R0FILoQHztxNaFKIHKfGA"
"Top Unreal Planet","UCPz971psm3L7u-miU5RLV2Q"
"Top Unseen Ocean","UCy_vRoB6W2MN1dS_vsillmw"
"Top_facts","UCMHOYAyGRJzbscShQZPJJcw"
"TOP10 ","UCBNNf9O2NXkrjnUeM-cEmmg"
"Topas Explorer Group","UC7eMHtvNujR48ZZjxsLc88g"
"Topdavis ","UCL_kLbcuLuJdaG6PymI8hmg"
"TopGears","UCfS7L-NZZiCq5zsijbHD7NQ"
"Topic","UCF3FwGnwk6iBw5s7Y6WH5Ig"
"Topics","UC_qKpwktoRW7rKHjMJubzTQ"
"Tops and Curiosities.","UCR2mK0-lUC-htFJ-I3pRz-A"
"TopTopTop","UCn9N8EHSIC5HNg23XPS2OCg"
"TopTurn Kayaking","UCPniiAu9jIR-06sUGJ8QUzw"
"TopViewLife","UCEja011oALId6oDbqDpLvUA"
"Tor and Oli","UCCka1e_6de_vOFEvZyDaRew"
"Torangme","UCNXw-0LC8q2CRgq5dtkCJrQ"
"Torben Lyberth","UC8-DSxjO3PsN06mYzc_g4MA"
"torghen greenland","UC7f_gkt8dPhWKyj2EV9MR7Q"
"Toriar Digital Marketing","UCkb73-MUJDIFPdwdQE-d0Ng"
"TORIQUL  cr7","UCHhUNJ3SziK8Ek1bSlWjYUQ"
"Tornado alert robloxian","UC5NacN6P7p-ICic195fl1_g"
"Tornike Shakaradze","UCXofb-I_z0lPF1vv4RbgU1A"
"Toronto Post ","UCzFgjEFXo9FFHiIZgJtCN5Q"
"Torri","UCd2BfJyF5Eqd4jEgg5rA1Pw"
"TotableCookie","UCZWI7kdOJj6RCuw9JvGCKrQ"
"touch my map","UCH9VSe2URERe6BSEkTeea2A"
"Touch world-sh Mark","UCbqWwLZMZoM_WlGltzbxVRw"
"Touchline Tale","UCCBBGGHPbZpMNW-pTo5PQ-Q"
"TOUFIK BB","UCJ8L-KJ_F_C8lacNRysIRXg"
"TOUR GUIDE","UCj_lqe67qCZ2yAc5GaHOvyg"
"Tour Le Globe","UCrEdbPL_gsS7vdRYLx4rpZA"
"Tour Monk","UC0o93ndcKvm6tch4faOGiMA"
"Tour with Debu","UCcdf9Toooh_pt-DHMjlDTUw"
"Tourguide Alex","UCkKWsWnnW9dNFdsmDro_awg"
"Touring Treasure™","UCKphZhJY9nnrO_4aK3MT3Fg"
"TOURISM IS LIFE","UCyyNRWpq1is5VapWQUYpS0w"
"Tourism Tide","UCaBAWO5ym7uCUzAeqRnzcAQ"
"Tourism Wire by TripAvail","UCzxgB-vTK3tYZAGOPa20kBg"
"TourMagination Group Travel","UCTsnshp2SWd6G7d7abl34kA"
"Touroopi","UCpSzAEUrPfdxN0Zw4tUgAqQ"
"TourTales","UCBiE3zImuKEwIRKFb2uti7w"
"Tova Beck-Friedman","UCf5BFbG1TYLRm4y-LzFlSLg"
"Tower Travel","UCzu8zgbBQhZGrLKngIHH1Tg"
"Toxic Movies Info","UC9pmZjjxy4v2bwxB9V_hSSg"
"Toxic_gamer!","UCFtiO92IqjL9fJwMiv-VUHw"
"Toxicrant","UCfYvBFxmhFAfi8hjnwum61Q"
"Toy Super Kids","UCI89gMGyonG1xAdrzzGFjsQ"
"Tp Ram Sei23","UC9aycqHJGTYXNDAGmBs9A5A"
"TPH_BLUETZY (BLUEMAPPERS0721)","UCOOrlPzp_pkGnfVGvEjg0ow"
"TPosition Travelogue","UCBlAF-fUfDgj7e4Rgks1clQ"
"TPs Travels ","UCkKRn_oK-5xfLGYWJgfHPaQ"
"tpusa_clipzz","UCdJwHg2xI5Z9_MaOumPIS4Q"
"TR art and craft","UCnmqcJmsPgcgtpjyA1kViSA"
"Tr Fishing","UC8i9S6YwbaQymExzf6f6PvA"
"Trace Waldram","UCdQvpP7u9fkvgxqcdMd8khQ"
"Tracebⓘnz","UCS5DrUEeInNz3pkkKm6BfuQ"
"Tracey Samples","UCyhZBUBM4Zf2kVqccJpf2hQ"
"TrackerZ Central Member ","UCi_m2J6VM9XixmD-cn4mPJA"
"TRACKS - Travel Documentaries","UC6n_HeL8xgWIQsKsWs4KO4w"
"Tracks_Travel","UCjdLbp1duVxR_RwvxEelP5A"
"Tractus","UCP6OrkWvQ6sbpt57tT-Ipeg"
"Trade Intelligence","UCRZ3SOfRB33I64qMLC4S7cA"
"tradefnf alt","UCB_O58leXtj2Z4y-cQiegXg"
"TradeX","UCHF_xepy1d66wt_XDyB4ItQ"
"Tradex Foods ","UCl4BaI1Unfx0UO5TivOVk0g"
"Trading Era","UCo7W_Bbq3zpTlZ8UgmmQLFg"
"Trading Free Smiles","UC8yfLqk7rV9OdOpDcf1BNCg"
"Trading_clips_daily","UCaEFkP2YJJmk-N5bOOoOE1Q"
"Traffic Accident Files","UCT1nMUp3btQuhKKxcug5ajA"
"Trailer Park PhD","UCO-T7znqAkzwLvRMg2vV-DQ"
"Trailvia","UC2VxQ6-QMMkMiR0tCYpzzGQ"
"Train Time With Matthew","UCibGOcxseAFqEF24Dy5-w6w"
"train veed","UCENL7zg4RA5f5erPGKsR70g"
"Tramper Trump","UCai-6mSk237AFLoYalN13Fw"
"Trần Hoài An","UCMCHrzMKIrNX7aBRff75_0w"
"TRANDY FACT","UCzM4bFS_snHNqqJADwopKiQ"
"Tranquil Sleep Waves","UCz_BITKM-Cb-RWv6WVAa3Og"
"TranquilNature Vibes","UCq1eCWBrD-x-d5wGNKZsIwg"
"Transatlantic Flight with single engine plane","UC6DG4cFN-WF4bhCZH__raDw"
"TRAP DADA 129","UCp5yR45QQQ8xTY4skp5jGGQ"
"Trapp Tarell","UCTm7w20VT2ijd2KyP8klkmg"
"Trauma Cph","UC82oQYbaKfjKi3IuJj4hYqQ"
"Trave Vibes X","UCffHDH7_0eHDV7gf3qJlnFQ"
"Travel","UCgk_ypsTmRLSD3Ypmrq4SZQ"
"Travel & Beyond","UCVcjfsuvQCC5zgbMj5DIasg"
"Travel & Cruise Weekly","UCnPSYmulhvqSuio7zclibSA"
"Travel & Experience","UC2_9pCF_dtkbg4LNdLNWNwA"
"Travel & Flavours","UCB40xmjSj9w9bKWUmzRat7w"
"Travel & Fun Things","UCIqCRHwc95bG_TWbX1ppmQw"
"Travel & Leisure","UCruJq6o5e5BD_V6hoYmKi6A"
"Travel & Life with Yuan & King","UCjcIMfwZPFf6q3TQkzdQdgg"
"Travel & Living - Topic","UCmeXb8w4CY0gKfnaBuDQgyw"
"Travel Adventures","UCftZkxQ3XN7AdWwewGYyzXg"
"TRAVEL ALONG with AB","UC7S2PXv5bkzKF49NX5pTV7Q"
"TRAVEL AND FOOD VLOG","UC3Ga7HggPXWTwFd42LCAQzA"
"Travel and Tasty","UCGWliaDkQljqv_N9fB-OKTQ"
"Travel and Tourism Channel","UCV2U0Z2iQsLGnK5k_CrN-TQ"
"Travel and Wellness","UCs3vUwJtC5TEtDWdQP4fpbQ"
"Travel Around the Globe and Explore","UC2-QMcVU-X3XM2eYiRIaUQg"
"Travel Beyond Boundaries","UCf2wiUCybJcB0iXW_Kd34zQ"
"TRAVEL BEYOND REVEL","UC1vmGjqkr9yh5QYmk_7-XsA"
"Travel Bilash","UCEhuCJ17ZqpE3E7W2tUFetQ"
"Travel Bindas","UC-3UkUrVczUh9GUS3Ciiw0A"
"Travel Bliss: Your Ticket to Exploration","UCmT-oI5ebsbu6Jal3NaFPeQ"
"travel booklet","UCwKE2U8cigz9AaTqJu85jXA"
"Travel Boot","UCvvxP9d4_l-zU0gFHt7n5zw"
"Travel Buddies","UChOM3e2M_rciv9BClKr7JDg"
"Travel by countrys","UCnk0RCHLLBFDoWYdueLKmUQ"
"Travel By Masum","UCq5BrCVX_Sgh7ZiNwtujj0g"
"travel camp explore","UCvjJTIUVJHhHYgqX1_UZsLw"
"Travel Central ","UCMBrY1AyKVuCqEcR4elM_7A"
"Travel Club Elite","UC0DYvzk4E1yEZH5QQIctWqQ"
"Travel Council","UCe_MdoSKmpuGie4bHCWhtWA"
"Travel Cyclopedia","UCxXvK8z_ssuuKQeVbApB8Kw"
"Travel Daily","UCN_BqsOLrGM9QoiGxwSjpLg"
"Travel Destinations","UCMUI09f8M9bLem1_r6buNaw"
"Travel Destinations","UCKUxFceUyfXKiXNmHRTZfyA"
"Travel Destinations","UC2zysB8mpb59r57p3Onv0_w"
"Travel Diaries","UC6r6AcByNqGlmpPxJjNzzBw"
"Travel Dog","UCFBkxsE17BiNKAqWAFTPzaQ"
"Travel Earth","UCsyJcssbyKJgahC0C8P-RuQ"
"Travel Earth","UCucptZKx2KqIh89k9rGuVTw"
"Travel Expedited","UCMN9EGNia4jNEcrXCNGyEZQ"
"Travel Express Consultants","UCUKnBKOyUrMOm_LdhVGNrjQ"
"TRAVEL FOR WOLD ","UCcSn8wmHe7uXVZNJ5Z5nG3A"
"Travel Forever ON","UC1Y8F47BQ9QfNLqfo_cnlQw"
"Travel Gems","UC-BkP4OisesykBeBNx29Fdw"
"Travel Goals","UCBIrrIfpY9gkqV9_pxGJhqg"
"Travel Goals Shorts","UC9Ftoq2qiSCJE2Pir7veEBg"
"Travel Gong","UCKzgLNs5TTWd2ZCDP8keX1A"
"Travel Guide 18","UCvTwfk0KAwSUufRQnfQ1Hqw"
"Travel GuyLife","UCZ6PFv_ETNWYLwVfc076qSA"
"Travel Happy","UCtqiRs26ZHuvFxvJsNheG9Q"
"TRAVEL HIDDEN PORTALS","UCP77UNXxzT9uZndoz6s9M9A"
"Travel Iceland with Pi mai","UC4fba5zztoidqoS8jc9BQ3Q"
"Travel ideas & Guide","UCrCra4DxypVDbYXwoUd2Smw"
"Travel Internationally","UCOMsgdka3KAtYGD2pZW8crQ"
"Travel Kojo","UCrCqIHYB8gzXq2V1SrnUOPg"
"Travel Large with Marge","UCqS4_mhPGQLQeYdLjLJSDkQ"
"Travel Life Picks","UCLmR9IFNGjgVSUcRqSqCJWw"
"Travel Mood","UCzq0ZNwl3YWaymq3pvh7eJA"
"Travel Music Love","UCZbGI_PnMBsucCHgGYlY_qw"
"Travel Mysteries","UC7AGGt65gfDuzO3dR4jLv7A"
"Travel Mystry","UCs8G-3ljhx9A0OAEAVjaFzQ"
"TRAVEL N EXPLORE WITH ME","UCVPSDOCAuhMMY62XrGWUv5g"
"Travel Nature Maniac","UCTFtmv1At5yI5QkUPPVreOQ"
"Travel Obscurer","UC_mr7bghelcFoKrB0B2FxSw"
"travel Pakistan with hoor","UCiGI6on5yCmuqbjn3fOsWOg"
"Travel Perspectives","UCMmhmXtTPT5VznjhL-33_iw"
"TRAVEL PULS ","UC18RaPQbVNN7uzrrQKiKUsA"
"Travel Realities","UCI1CxB1w9NhdBgVm93_OYEA"
"Travel Robot","UCqN7g2FeyDZFcpCfChCPY0A"
"Travel Safe - Abroad","UCLSavBP6m3QLLEUPTUmDnmQ"
"Travel See Write","UCWug1IMndW2TX7943Wf7BYA"
"Travel Seekers","UC-NgnOrTxsu-BmyB2Msxrvw"
"Travel Series (The journey begins)","UCEL1FDL1IGsQIa9qQ_XboNw"
"Travel Shorts","UCc7Y_4aEMFILJSx035A0paQ"
"Travel Shorts","UC93GZbdECYLfFC5g7J119qA"
"Travel Snapshots","UCqBA0GWhejwNm36PYS60v8g"
"Travel Spot","UCPJ7TmP8SQE6zWp0RcJl_WQ"
"Travel Steps: Journey, Riddles & Worldly Wonders","UC3yfqSHBb1HwSzwcBfeydXg"
"Travel Tales","UCfLuWHPaQyj-6UBdFUHYmUw"
"Travel Tales","UCZz-CCMdZneQZGVNiR4kJjQ"
"Travel The Great","UCty_r9Je6n2hNwcnJhTwsEQ"
"TRAVEL THE PLANET","UCXwjCbiok8dEwK4Y6sWmPwQ"
"Travel The World","UC_680tf1jAwf74lwmSBoj9A"
"Travel the world","UCpDc-LPHjnittmD2tLT9sxA"
"Travel the World","UCwhntkkD8nq91n-1YyGV-SA"
"Travel the world","UCckFaONCnJw6BK45hcUhd2Q"
"Travel the world","UCSn9VUHWrLcqEWQssVBO1fw"
"Travel the World with Ali Bhai","UCDfTFmllbyJp0wWdDjFLBCw"
"Travel the World with Nilesh","UCAdgUuTS_PU9S_pfVwVX1fw"
"TRAVEL TIME","UC2uPFkASJj64HffEBp_xltw"
"Travel Time","UCxplTub8aiHWaTu6OV4XGzQ"
"Travel Tinku","UCUpI2_kMTTFqZMK789tZ15g"
"Travel Tips","UC6p3_AEcAQiRku0Ln39s2TQ"
"Travel to The Next Level","UCgforW5z-z6Z223Nb4zc7aw"
"Travel To WorldWide","UC9sxnagtd7XyoxH7lAoRUmw"
"Travel Topics","UCjRgvqF_P-NUk_QKzld8VIw"
"Travel Treats","UC5-IWYn2jDMNBXh-PIBLScA"
"Travel Trends","UC5sv7KTLeyRHsj7YPLZRbMA"
"Travel Tv","UClHOQszub5oIB5LOl8HEI1g"
"Travel Vlogs AI","UCak8WJLrmgVQV2Ph3GrkYeQ"
"Travel with Alex Wong","UCS4GcuWZe7i6hoQTwGomcTQ"
"Travel with Anna AB","UC_IZRwoAf4bNjdd-eRsOdaQ"
"Travel with Jaga","UCNEZZg6IQNn72k3NCtHCHqA"
"Travel With Kavi","UCF3ux340Aa0VdRD98GPXeww"
"Travel With Marcello","UCS-_5SItRTil98E8dueHFzA"
"Travel With Me","UCSDwXW5jBqLUT0D0flPWfKA"
"Travel With Me","UCREzanTzdu4SUDBibz_TaOg"
"Travel with me ","UCOVYkk9wf1x4IwrgV6RZxHQ"
"travel With Me khan","UCZfmesLFikMC2TDwETVD-uA"
"Travel with Richard and Judy!","UCifbiSPVHWXaqv7CsRfwJGQ"
"TRAVEL WITH SAM","UCUgcSvjpmomet-b4sy0Krgw"
"Travel With Sohail Shahzad","UCsII_cjMQj7H0otb3-bzUWQ"
"Travel With SR","UCZSVSvzsoG8MnIpVRS4FRfA"
"Travel With Syed Pakistani","UCt0-gNEJ222xynzWASQK9cw"
"travel with timi 🌎💕","UCqpxi8ekVxQn9uEKENh-0Mw"
"Travel with Tivo!","UCdhzCSQkVJYlim_azvF2G9A"
"Travel World Culture","UCctchrFIAVDH4gr4571-xhQ"
"Travel.Meditate.Inspire","UCgyySM81QP8-A2bNGbjojYQ"
"Travel.R","UC0sS1t5b59lR9PTYesUw35w"
"TRAVEL_TRENDZ_COM","UCjpwt1vo-DJUjKsrIQ1G8QA"
"Travel_with_My_Route","UCL-OmXdpOP-o1MaHPTrzgVA"
"travelappa","UC7a6k4UdVsWUTYyKxvayw2A"
"TRAVELAROUND","UCngv7A7MkiWEVFNIYyHiLKA"
"TravelAsk","UCJ1THPTiUqb11gwVy5sOWOw"
"TravelBox 4K 8K HDR","UCOFCpy4hqhIDmGl1fOGxH9g"
"TravelboyPruthviraj","UCvLsKDJDcl5IRzGTxnMf-vQ"
"TravelBuff & Foodie","UC3B-SsPXjLOVAlA7J5aaiRA"
"travelearth","UCezUGvPqbI9mEC_qAd0EpVA"
"Traveler 4.0 🧳 Nitin Bhosale","UCxQPKaTqFJGAlTBX_yeODCQ"
"TravelExplorerX","UCOoR39pO9wOl3i7Y4_ToJFw"
"Travelfika","UCyXriwS9Y_x41ZxevdTVSGw"
"TravelFlower 🌻","UCzvlbm-zp0W1et7Kmm55GJA"
"TravelForFun70","UCnjg7bG6IUCIkEhTIWNXzGg"
"Travelgo","UCiSrBurHXZflGh6bThHpLBg"
"TravelGoals & more","UCFtxHnWp60gqq21ruLUarCg"
"Travelin' Young","UCbUKQV-6l9eibUvJ5xrI-NQ"
"Traveling A to Z","UCGtFUvAYB2fg1FMGA9iHEaw"
"Traveling Around globe","UCW0YBo8aX6gQu9aBYjDLFrg"
"Traveling Faze","UCvthvAzVWIDMBKyF31IgtWA"
"Traveling Fella","UCTQnxVCmujFC2aAjQ4TWQFA"
"Traveling Fishes","UC-Bk63IoD_iDnkVH01P4JXQ"
"Traveling nature","UCVihksRY5VM3pgL3nlNhE3w"
"Traveling Root's ","UCfzGkVxFUngcr6C_TsUfJCQ"
"TRAVELING SOUL YR","UCDwvslu6qj7tJnPDW3F9nWw"
"TravelingDojo","UCN36l0SBzZssQSKVebuLVkg"
"Traveliology","UClJ0kbWWjkmE62lKv6_slRA"
"Travelity","UCMZAOcRKQ1PC9v3RUAWnhyg"
"TravelJournal","UC2FWced4SCpVuHKY5Sw-iDQ"
"TravelJoy Shorts","UCtPRmLRTuHUkWJWQ2-DtqTw"
"Traveller Beast","UC8dLIxl6L8jjsFkK8Vau7Dg"
"Travellers Inn","UCbcHmH44C_4bEfTTlWnDtIg"
"Travelling ","UC9swPFLkscHeMqcpUszM3Kw"
"Travelling Depot","UCHXK8cQqlnmFW7W0mz-mUpg"
"Travelling Pants","UCKDXvnUh7uhnjmd2iGjYm5A"
"Travelling Tranquility","UCR8NtQeUZfEolWGppSam72Q"
"Travelling Trixie","UCRMrnmhgy_n__xe-se3Qt7A"
"Travellive India","UCddbYOpZhtE5udMu_ymPq1g"
"TravelMania","UCWp-g335unQ47VMO5YQIgjw"
"Travelmaniac","UCoMxke0t6eEv3bGFjM7B5uQ"
"TravelMastersQLD","UCwr50I9wVv3xNXsHVVK4fhg"
"Traveloggs","UCex51ECzYxAX_repYfMWxZQ"
"Travelograph Partsunknown","UCYwz6-Z2Az77GLpIm_KZsyw"
"Travelopia Galaxy","UC3YMdzgekPpSEhZK6537iVA"
"Travelopia Prime ","UCuZrz3IZhLh-pGGYwpEmCiQ"
"Travelporium","UCVVQwbasHnmwHnXbgemSYSw"
"Travels of a Third Generation Cruiser","UCBnXwTGbQvYDTezlXqb0htA"
"Travels with Doctor Joe","UCsMVBYz36X8iOOaCWjs6Z6g"
"Travels779","UCDzsO4dHpb2TxW1f3O-ZRLg"
"Travelspot","UCHimPuWxxAN-y8sa7oh2qlg"
"TravelSpotter","UCcQ2_xIrN4ZHMP-aDVW6W1A"
"TravelStore","UC6zZLrcoaKlJZ8tdX8urL0Q"
"TravelswithSam","UC6gVNFDHpid0BA88-LMkX0g"
"TravelTriner🌍🗺️","UCtApYJ8uMq7qDBtfFEVfSAw"
"TraveLust in 4K HDR","UCvP4xtnlDDQcPu2Ct4j-hEA"
"TravelVibes","UCpDcbRg6iTXAoYa4WVtUmlw"
"Travelweek","UCQ_8hkhXppUmOT5M4PVX-OQ"
"travelWithMe","UCig_2vpASnAt_YoANxl9USw"
"TravelWithNature","UCwDB6sHDgn_Pk3VTUt_queA"
"traverse","UCJ3KY7BkKSjKjJ3GAkBawkg"
"Traverse in History","UChIeWAKAYaiBKAewtAeYEpA"
"Travis & Jonathan","UCLjGwELoFRXojiw8T2t2BDw"
"Travpedia","UCcyOI2xMEfK940Tgwzb2VHg"
"Travuno","UCDtfWYVKkALNpW71cYBlPfA"
"Trayansh Sekhar","UC09k25qslsDoQg46pwUVOrg"
"Treasure Of World 🌎","UClNigaxw9dd-j6aXN700zbQ"
"Treb TV 2.0","UCz_RJw-aeR4MtOvE_EEg_Ww"
"Trebbie","UCFtyglTlBmW9Y_2IJMsCTCw"
"Tree+","UCZ2aQJk5vQpCGZrRFon-0Nw"
"TreeNewBee Bot","UCqXNbdc24nvhv3poLynUkog"
"Trek Advisers","UCB0m_3qTP74pdX1oY1i-kRg"
"Trekitt","UCBxm9mV0TxVWVBwZut08WSw"
"TrekkingAndPhotography","UCjN_-gTkrQmaDietWbo9rFQ"
"Tremendous Jokes","UCpAr_HBU4oew6gWJB-l4sRQ"
"TREND CELEB","UC9kJRwugUpJDkbhNoee07dA"
"Trend Cipher","UCUqcYzkd6A8dQo7AMHZUenA"
"Trend Post","UC4x5Lv5CSeWHW96YcDCd0FA"
"TREND SCOPE","UCpV4WkItZg72hZtt8jafPBA"
"TrendBite Shorts","UC47VC6yP_rTta4ldJL1WnTg"
"TrendBrief Network(PAG)","UCgp2STWw9GZ-G8o2tfep6Pw"
"Trendiction","UCot0DxMiZCIT1ScPrtOaQCw"
"Trending LIVE","UCx3To1H6p0CmuIsNp56dQdA"
"Trending Memes 9.3","UCTZy-yl3n3EkmkioKKautLQ"
"Trending News 24","UCj25FRh9xpS3S-VOjIzPT0Q"
"Trending Now News Today","UCgTr0_YRACpQusztcaVisJw"
"Trending Pod Talks","UCRlVVuhBbfEZLTcIvaWDDFQ"
"Trending World","UCQ_us8bfj1mZ-mO_zvVyCBg"
"Trendovilla","UCczcWt6mor1DI9tN_iJWi4Q"
"TrendPiler","UCJsFA2Spp68iKaZ8TylTjYA"
"Trends Today","UCSOfO4pc31SZrhDDgy438QQ"
"Trendsfo","UCLB0GAgtcQjimYMOLbGKQwg"
"TrendSplice","UCNPzaGkFNdr0SIOyFe28VGw"
"TrendWatch","UCrdiIbkjXtqO8ouAhRHM3ng"
"TrendWaves Daily","UC-J_QteZN355qAzl83_Mwqg"
"Trendy","UCYqTwNpnsz_YtXLnOhAEOpA"
"Trendy Buzz","UCwDKtd8YFYkp0LisXfdVWOg"
"Trendy Factor","UCSeTUoXjmUlTQs5435XKA8Q"
"Trendy Talk","UCAFuVQK-qjWGsR8MKqUcIsQ"
"Trevor's History Reels","UCTcI-IQvhORR3XIitQcHvqQ"
"Trey Explains","UC8v-izPXHQFcr_mudRarL9w"
"Trggalt","UCZ6cYgTEt-54Jt5CjeKzIPw"
"Tri Creators","UCrhdRyZRjBKBdabmM1cU4jg"
"Triangapore's EAS Alarm Channel","UCsm860OCTrgILdpUkxB8tYA"
"TribeOfSamuel","UCdnxOIqKNeOY-djJSFv2-Cg"
"Tribes","UCxKNBfNUceyZk-sQvrM_RCg"
"TribeVibeNETWORK","UCpj3Zsawm1qyCOPg-s5AcpA"
"Tribun Jogja Official","UC1VBOObpFMoqduxFdzJrnvA"
"TribunAmbon News","UCcuE9SJmB2W9u8KCdBBA3Qg"
"Tribunnews","UCmxAIW7RDDC88EPk4ry16Kg"
"Tricia Cullen","UCjfOg_S7UPzVBthIzyBBwIA"
"Trida Media","UCiUTQAzzBkHeWVTHGnEMEqQ"
"Tridosh","UCeVqV-YQG8IQXtUCjzYlCpQ"
"Triệu Thái Lương","UC8XtPZrpQBQ1SppX8z5Seiw"
"TriggerComments ","UCrcffOsk2fmAt059FGaEXtw"
"Trillionaire Realtors TV","UCsVFZX7D8uCZL0bn_MG0P-w"
"Trini-British Mapping!","UCxCaDTOhF0aoUaz2cISQocQ"
"Trinity Memorial Episcopal Church","UCZG_91BbCgE5KYZkEoNs9sQ"
"TRIO Facts Telugu","UClEMpbIvnvxLuRcyXKG4coA"
"Trio kids ","UChVfO5ON0VOe0AZ2Xt-q5rw"
"Trio Science","UC5wuhE81uxLEMK-4yUo-wNQ"
"Trip Insight","UCEtkDdEZ0D8BiYnDRIHqYnQ"
"Trip Kingdom | Travel Hacks, Facts & More","UCTw9FrMyeznPS4jRbBnX3mA"
"Trip Life Explore","UCuM9x2GwvSPcTLDAZAmopJw"
"TRIP THRILLS CHANNEL","UCVpPN4htpT_0ShOCIGYWwPA"
"Tripcast","UCn_96Qw8L8KBzY6SDZIQmfw"
"TripGenZ","UC7TxqKgbJNvWhm6-ShlI2aw"
"Triple L Studios","UCLurFzlWs0oJHbDpT9PC7Zg"
"Triple The Gyan","UCQ6O32d6wybMwrmMdNh6oMg"
"TripleFacts","UCvuhmLNKg1FgNan96jTE0Ow"
"TripNavigator","UCafrY_JyUGfcUMeumJNXQVg"
"Trips Stories + Computers","UCHnzNzvp6-9H0TuoezrxsXw"
"TripsandFeasts","UCAAXM_lQ8ae8Hle4nGDiBKw"
"Tripster","UC-KUU96YowtNc70InwmjN9g"
"Trish Regan","UCBlMo25WDUKJNQ7G8sAk4Zw"
"Trisha's garden world and creativity ","UC8LPMkH1VLmiCZiaR8gBAFg"
"Tristan da Cunha","UC03zNvhowzZwfNQrsQAujww"
"Tritonia","UCcBIgK6l4IPQaccFLkgKzjg"
"Trivia Times","UCccyWUHW8FdZqpbkJOnA-rw"
"Trivia Zest","UCWZLBmmGZifz_VebWOhuuew"
"Trivia_100","UCB61AwXAuLoPu0QNJwUwYtA"
"triviarex","UCm0WbvPTyBfL8QYKCyUlHXA"
"Trivoxa Media","UCRukYU9JSzFRQT9p-x6hZZA"
"TrivTrek","UCCLcPUzVqPXGd98F8ERn4zg"
"Trivuj ত্রিভুজ","UCtbdvFgudANnbRuIKiK_hQQ"
"Trixus","UCInFfXD1-qm4Ek2d9g4TE2w"
"Trlface","UCoZ6CxeMCLZSWA9tuLXigIw"
"TRN fact","UCPF30rDtjTbXMxJSqjoUxOQ"
"TroHistory","UCr94UHtQvar2oXvdMy-NEBQ"
"TROIS TOURS PRODUCTION","UCWOiyU-adCF_WTHOfjbqWBQ"
"TrollClub","UCwsB1WxwfU9oBQOk6-CsbDQ"
"TrollingBro-AI","UC9u1-UvRpiHtj_g8d88Oa3Q"
"TROOL AI","UCYglOKx9f57bBOioIQmFsiQ"
"Tropic25","UCEt1eHyhkHWQswh9uPe6UlQ"
"Troy Santulli","UCCw0ZfQ-W1pahhNI38X3Cng"
"TROY T SCOTT  , ALWAYS LIVE & REAL","UCulddsDZRK37J9Ww7AWiqfg"
"trp msc","UC2NFrHZEL3LUQXMsgXGyQrQ"
"TRS Kanal","UCFke8gZEK-WlnFt51txehIg"
"TRT World","UC7fWeaHhqgM4Ry-RMpM2YYw"
"TRT World Now","UCnyCrv8b7bu0oWFXGyHaPzg"
"Trucks the best","UCZEoE-hZ9cRqSSEci9ZuWIA"
"True","UCZabSCOTEVCvbXtQc72mDCQ"
"True Crime with Brooks","UCGC4Z68Kk7WyLfg0wL3eXDQ"
"True Fair News","UCQwzyew9DXlWr43gF2NAoOQ"
"True Finance Historian","UCnt1EEm9pbtMAmtYWX1t4Ag"
"TRUE GLOBE","UCSoRPhBTtQ4ntgOj4RA_XqA"
"TRUE HORIZONS","UCSAI2JfoVmLi4cN2I9sFOmg"
"TRUE LIFE An Ultimate Travel Vlog","UCjIYlAQVImWyDVwaPNp2oNw"
"True Map ","UC5M9ABLF-sS51h83ATG3UrA"
"True size world map","UCZygldmZzJfEQPQ3-Cb08yA"
"True stories & Quotes","UCeb6fy4JF9exV8OBQJLSH0Q"
"True Story Docs","UCALxmR5lDHHjN25Fb0ODZdw"
"True Wind Healing Travel","UCigy-e6hRcjUDSEeYIcuwwg"
"True World Travels","UCWN3HhafOOJ4RT6vRwoCe9g"
"True X Factor ","UCWyb9XKEGWGZFku2TrvC-og"
"true_crimes_365","UCT9COPa-_Fnv0xwedBZxGsQ"
"True_era","UCGJZY0C7dkM8RtNVJbqxkDg"
"True_speech8828","UCSzp9dnmVnECAwLDLPxdwuw"
"TrueMapsGeography","UCX9GemdtgnuphEpfpRqn8KQ"
"Truenaturephoto","UCahZeUkz0NR3bC7EAns47KA"
"TrueOrFalse","UChEpqJt2QzNbh9xOLJ550Ag"
"Truescape Films","UCik14I1aiILE0Z3c4xkcjUA"
"Trump At Work","UCwD51hdOunF-fZl-LqjBiMQ"
"Trump Card Media Reviews ","UCmTTQX4bgbCP9f-0VhdnSdQ"
"Trump Now","UC2SCJfbE8mT7vi3yiahkJLA"
"Trump Velocity","UC1mxYaEH5W9mzewAFc3oDRw"
"Trump Watch","UCEaKFxW_-NLYxUZXRGvc1SQ"
"Trumpet of Truth 🇺🇸","UCA_YXga1EISLl17A6IvXSlA"
"Trumpolino","UCIVMZtsL24TSyi-ZUeVggHw"
"TrumpsSoothingVoice","UCFMXrxtqZssiDpQvr3AqPOA"
"Trumpster Fire","UCOH8QON8pFH9UQbCXNtuOHQ"
"TrumpUncut","UC7GkIfa3b0yjAsdG1zSc1bA"
"TrumpX","UCKegIx-opqvV21OU_QFAf-Q"
"TrumpyDonny","UCX16sFKa59Lqgsa0zx94YAQ"
"trust with Allah ","UCdR8Uv9_qDDdpCT2_8F7kog"
"Trusted Destiny","UCo_JMtxVIT1E3P4jIzWDoDw"
"Trustpip ","UCL-R9cTCbTNHX4-jMTzUwNA"
"TrustTruth","UCqpksb7KXcPGGajaBRkX73Q"
"Truth & Liberty","UCk756Cgy90NyoZs-qguRv0A"
"Truth & Trolls","UCRkYERLv8LBbi03NoK6D-Fg"
"truth 666","UCIDJGwnbY56585_PsbAZT7A"
"Truth as I See","UCpdUb_gjv09dpCKJCK-5k4Q"
"Truth Files ","UCw-oO_yPs6IZvBvdjKGNtgg"
"Truth Navigator","UCpm3WUDTct2RrBwbggjeBHg"
"Truth Unplugged Podcast","UCCw90DF8MSCyexLoKXYWIOw"
"Truth You Didn’t Know","UCvcKttgWOi7tiPKCb97d-2Q"
"TruthDrop","UC5QCqlOAVfKOHzNckc3Xqtg"
"Truthful Traveler","UCSyh98nhNq6_1gDc-uhxbjw"
"Try to Understand","UCtuJu40IQFZzcEM14rNvHQw"
"Try Vilog ","UCbEi5HbBJogFsTvXUZCflog"
"TryToWin Journey","UCdt2IogWeZQYdmGWMXAQsBQ"
"TS Quiz","UC0-HfvMskXDBh4YE8ruj9pQ"
"Tsamba Tsammy","UCe2t5PTTcQDpl467mnue9IQ"
"tsk facts telugu","UC8y_F2bfBiC3x8z8a0OIFlQ"
"TSP THUNDER","UC-Kr66SJYyFlHOx71wLWIyA"
"Tsuroerusu","UCDHdykTz-nwIqTIkHD9AB6w"
"TTVTopDanger","UCtKKS26Eq1p7f4BUfDa_Ncw"
"Tu_Rincon Viajero","UC51T9jiNNAEjBfXgy2auCpA"
"Tuber Adnan","UCJYkjquSfQcY-Ttgxc78FiQ"
"Tucker Krause Investing","UCLhTtMAh1jkg9HsjHhOlTSw"
"Tucson Folkdance","UC7sPsV9ezGm6VOSMNV9nB3A"
"TudorWatch","UCKbir32FH17L-yPJro_UmxQ"
"tuga._mapper","UC8SfSfd1mgRKX2j8FaQri9g"
"Tuiflyer","UC_GGXhg4PsNGCo8pIDtqQXQ"
"Tuko Pamoja Organization","UCzBEFlMyK2vwGEb-eu-sF9Q"
"Tulugaq Publishing","UCToh0s7re3GACy3lCOgdYPA"
"Tune & Tour ","UCS6RTKZVJszzRtAhKOZeyfw"
"tungutaq larsen","UCAg_SqN-DGn0nYsdLO1J3EA"
"TunisiaBall","UCF5FPkWku51UbRZuP8WnBWQ"
"Tunisian mapper","UCP8QNVEkmWtQ1E0jB5gENtQ"
"Tunnel Visioned","UC2IlTt4Zt-72s23Yf9_YFvw"
"Tunstead Moor","UCD2Ul1xskroQVBR3VSNcZNA"
"Tuomas Juntunen","UCNv47keIvtSwEYvMfjqG2gw"
"Tuperna Johansen","UC42ojAQE-2G_-3mgweRZxmw"
"Tupaarnaq Kopeck","UCpxIXDNALDX5Yf1EAWyrI5w"
"turagsoy kamotengkahoy","UC-Typ6gfkHrv2Go78adgmkw"
"TURBRO Store","UCquWU9t-PVrDWLzALLpjtQA"
"Tureguide","UCWqx66sDyvKaIn0ZSXAVONg"
"Turkic Mapping","UCTBfFZIG3lIGYXFNdLACVWQ"
"Turkish and Bulgarian mapper","UCo1QJsV8g8ihLUfgGz65XVQ"
"Turkish Mapper","UC4aO-cmmoR8RVq-h_lffc9g"
"Turkmin Mapper","UCSPh-2o46sNywScqr-w0Tmw"
"Turn Wild","UCddfdR5gKAoArVE_buWi5uw"
"Tusjus777j7","UCpIZHZziLia08CTErD_7_vg"
"Tution Classes","UCxjjfYT34y32IA5y3CLVxiA"
"TUTO - REAL","UC-4IlCtXe08-QIq4r8o0DEw"
"Tutorial channel ","UCQkxXePBhmHQU7TUk27WjAg"
"TV Trendline","UC9hB2JbGEFomiXJhqa6od5A"
"TV WASEEM DEAF ","UCJN4MuMIdDkRxEIHAzV79dQ"
"TV23 NEWS ","UCmV45KsKmVLeI6WTUE3wB7g"
"TV9 Telugu Digital","UCg6JyAGrskayg14qJP3598g"
"TV9 Telugu Live","UCPXTXMecYqnRKNdqdVOGSFg"
"TVC News Nigeria","UCgp4A6I8LCWrhUzn-5SbKvA"
"TVI GREENLAND GLOBAL","UC43MvlpJqgm5ULoxb3CFYMg"
"tvOnenewscom","UCYfblrhI1-tr6leVANholgQ"
"TVP WORLD","UCBjUPsHj7bXt24SUWNoZ0zA"
"TVS","UC8Sc4GfAK7sFe8EsHg2uT_g"
"Twin G","UCS1LnJKiD0HKKHfYoA3Zdbg"
"Twisted Younginz TV (Christian Podcast)","UCL_hNr7YHWf8ANCEosIiOzg"
"TwistLore","UCyiw5v41TEwXvwxSa_lffWg"
"TWN","UC41vTOP0E_ERtxMg9QI7INQ"
"Two AIs Discuss Podcast","UCnVSrwr-oI9ATdrhYtNGdcQ"
"Two Guys and A Few Good Men","UCkUZfePaRzo4L_KG6cXSIRQ"
"Two Ravens","UCf_Rr42Ij5wyk9qZ89LttBA"
"TWO RODS","UCYZRGA4mP_72ZNduvVcuyYg"
"Two Sides of the World","UCHDiIBYIuVlm5hpzhwqbpHw"
"Two Things Can Happen Daily","UCWczO5FJ9vh-Ok2YyRnURfA"
"Txcle","UChUw2MGoEnvIi-4ocA3WgOg"
"Ty.E.C","UCMVil_rTj44s-H0kNjLusIQ"
"Tyler Oliveira","UCY8SLLJjWpS4sx1dEqECaIw"
"Tyler Strauss","UCA9uoBL7MoAt2kr6vQ5hLXA"
"Tyler The Adventure ","UCdRbqGFyR3Bzk4al66DZrOQ"
"Tyrus brainbiodegradation","UCsykAeLR5_2ErjDMJ6K_YWQ"
"TYT Network","UC06JnFeyjkGQWivm8I0slRw"
"Taal Se Taal","UC0gpxo4EFH15J1llwrCdVmQ"
"U Facts","UCpOrcPMrs95Ln_rPJh4Zo4g"
"U.S News Watch","UCJi4KNN4k0d6590LASEfERw"
"U.S. Department of State","UC6ZhpmNnLxlOYipqh8wbM3A"
"U.S. Fame","UCz9bVq9fzB2jm-zTfpH6DIg"
"U.S. Fleet Forces Command","UCIxU6odc_tZDQQO7WshyQbw"
"Uaefeeds.e","UC5ifXeqtVlp5iTRBE66yg5A"
"UAP Files Podcast 🛸","UCOuk7OJifkj3mVzsWuVoiPA"
"UAP Global Network","UCA3IJeS-7P2CpGzrDkEuASg"
"UATV English","UCOmfcmDrWs7iJrXx7V5Cnwg"
"Ubaeid","UCaj8fkx_tkjJhpXUhcx08XQ"
"UBC Institute for the Oceans and Fisheries","UCtUmSCUDE3ahzOkl4ET_ofA"
"Ubliyca_Mapper","UC9pAbe2Z6OLdCayhufdgvzQ"
"UC Irvine School of Physical Sciences","UCwiG_Hja4ic5wQhs1ELv5Dg"
"UChan Channel","UCDV4nu0cWIVBhdToKOuk8Ng"
"UCLA CMRS Center for Early Global Studies","UCve2JJoT-7-N-Jqkw-FFsMA"
"Uday Patel","UCuLP3c27IV0MUNsxLuHiOlg"
"Udaytrix Gaming","UCHdSIpaC7PpDjRJknVS18TA"
"udaan","UCL_gMCVCq45VWjhftpvKqAQ"
"UEP Travelers","UC8EWdMCliLSGmPtFlSQ8aIQ"
"UEYE","UC4jHO79T0qYT1bpgjmJAOmw"
"UF Ultra Gaming 🔥","UCr1yqjF46kXGQ-oE9CMkcZw"
"ufiua","UCugRO9LGu1Tv-sNutJe2TsQ"
"UFO Sightings Daily","UCQhbp52zX0ySztdZ5Oi1rXQ"
"UGC NET Political Science ","UCxGib8ENcAyXF1XrafUGhkQ"
"UGC NET RWA","UCVO98T-mKv8WYakZC_pfHaQ"
"Uggo","UCwFg4CSXtof17CjosG1uQ3A"
"Uk fresh vlog ","UCvR1FiDp11IVQirgTmn_zgg"
"UK Gamers","UCdtMHysY-GvLsWbB-AxYYDg"
"UK Glider","UCQkbmXibw6BXYQS-1kK01Jw"
"UK global expeditions","UCzLjYXP0_qtN6Mp5sfrlMtQ"
"UK Globetrotter","UCv7F0fKjumN_V7mDiStUEsw"
"Uk Mapping","UCjYJHO1auJ8nG3OTwW9AFYw"
"UK Maps","UClUrGYUFBTqZZW6z9Yx2yOw"
"UK Parliament","UCMasyWuE1P2AaEKw_FkGq9g"
"UK Vlogs","UCiAvyGGP9aHlA9xSUAP5uUg"
"ukasha usmani","UCCHkxF8sTLqBaHyrqE8iOqg"
"UKDrillStation","UCJOSGtvSF7NwAUd-NNbHOBg"
"Ukraina Mapping","UC6Xun4EsqrVa1KTu-MJOXvw"
"Ukraine Breaking News","UC_q55Ow2RZ_vd0Q_Fa0ky3Q"
"UKRAINE Mapping ","UCxI5a9HX1QI9AEDuBsAmEXQ"
"Ukraine_ball edit","UCuTaVB9Dli3ohBGcS6Hfn8Q"
"Ukrainian_reasearcher_countryballs","UCCg9WYMGnHUX3PTudSOMQ0w"
"Ulannaq Ingemann","UC_m7CtJ0HXLc-L4a-Qo8FdQ"
"Ulinnnuha Widiatmoko","UCdAxguHMNmkktRWt1z7qxwg"
"Ulrik Motzfeldt-Skovgaard","UCGCvKSDhU4ObBvQStUrrC8A"
"Ulrik Petersen Greenland","UCyjHj561GGFfdOBG0ny_Fyg"
"Ultimate Adventures With Suhana","UC-oFg56MD77LRhRP3PsCYnA"
"Ultimate Goel","UCNs158CohCw_EQ5io2gsZJA"
"Ultimate Mega Builds","UCc9_vlTManxZlM_ea9jtCVw"
"Ultimate Travel Guide","UCxh6on_G4BKBUdDVNdLNUcA"
"UltimateBackgrounds","UCN19mbgDqFMxW1F-hs-6B4Q"
"UltimatMapping","UCvZeT_hPBGcgA5Si02UVZtg"
"UltiMulti Facts","UC_YTUPTqeetOC7071pMnGmw"
"Ultimus_Rex","UCgS7olEvnU_TgM2czWkf4Mg"
"ULTRA 4K ","UCW8eBzvyqq_LquNE8qd-VQg"
"Ultra News","UCTCyVlWZxGCP-tIuqLWsV1w"
"ULTRA SPACE","UCGZGEXdGsLD9vtHnUqjeoTg"
"Ultramarooned","UCqI3HhQEbcNeU12oMIU0KhA"
"UltraRanks","UCcTotwe9IXRKZLE-Cb6z4_w"
"Ultravania ","UCZN5NDdMNd3mty8_Af71Plg"
"Ulugbek123","UCslboYpnQ1cRioaPGNLRo8w"
"UM FRIENDS GAMING","UCgjINow7E-KUPTv4nMuU7lQ"
"Umadum Sailing","UC3Tdq3RLKWBmRk97zFG1mxw"
"Umair Attique","UCFMPVTQhd2msf0iIXLX9EzQ"
"Umar Khan","UCNwlsrIuXdEmV_HUuhZOmqw"
"Umayyad Statistician & Mapper","UCKPAdpsMWDzGD9pJ3FpWeaQ"
"Umblam Creanga","UCAApyjyecsT0Cc-17ActTIQ"
"Umer Javaid Official","UCxU_3PVFgIeNDQxQ0Qv_Ctg"
"Umesh Raut: Travel And Tourism Course","UC8xyFzB9B89nKK1XE6XCrtg"
"Unais Unu","UCT5GwEmWMnlyG-gWrR5HT4w"
"Unbelievable Daily","UCT_PqgxPnD90gkUyim8lw-A"
"Unbox Engineering","UCSQlROGMjtl7qVBMC30liKg"
"UnboxTheBrain ","UCp-GghWMV7Whr5Zs1QCopwQ"
"Unbroken Minutes ","UCG4nlUZWA301BZUhzaD32jg"
"Unburied Eras","UC9-9sUBa4so4lglTsltp-Ow"
"UNC FED 3GD 4LIFE","UC19g7469vHNDkJyZ3FiWdlg"
"Uncheckable Charlie","UCsMQGEo7lEs74Gpheq1JwnA"
"Unclaimed Info","UCwWcm2t_qWJzpj36HJRSNbQ"
"Uncle Birch","UCTiplQxfpbJSyaf0dQ6WyIg"
"Uncle Trevor","UCYI-wlZ6JQvh-GplKt4ITKA"
"Uncle Troll","UCZHV-0AQJUtlVar31gdDd3w"
"UncleSlow","UCtK7uqofq_QeKmuTQQ9mAXg"
"UN-common Sense AUS","UCCOlnCkILA9FADECh5mbjig"
"UnCommontary","UC7W7dAY32XQ7k75sh6i0jEA"
"Uncovered ","UCjB5dVCNYw67D1APB_Wd3gQ"
"Uncovered History ","UCw9HQHP_gSjSF636zmovVYA"
"UncoveringTheReality","UCcPm3mdGjNwOePx6ga9Fasw"
"Undead Cuts","UCyS5rder4gkx3zbJumPlifg"
"UNDERCOVER FACTS","UCHE8eJubPbX-nbSWtAYJ3Lw"
"UndercoverTrump","UC6tyQ5mh7rGW8pZh65DN6Pg"
"Underground Geocenter","UCaVK_j4xlX0FWtRBerOpF9A"
"Underriift","UCxBQPQNIHNZPbz5zvaeCnyQ"
"UnderScope","UC1-YIUMwPE8TYskoCdttrnQ"
"underwaterpat","UCM5q1XHkIgVm0rG5biqbGMQ"
"UNDERWORLD_RIDER","UCOfMBpM5tlh0hTzhZU1GJjA"
"Undisputed Champion","UCOh1-zF2M0iXYo-bFTT9_MQ"
"unemployed engineers","UCF_LhGVL4GK5nR99LM-zSYA"
"Unexplained Mysteries","UCIczOFxwgv27AlTkZZMj8yw"
"Unexplained Wild ","UCL2wDR6dMwKOP-xvadFWh9A"
"Unfiltered America","UC4gE4XoKGcc9MpIICsna77g"
"Unfiltered Clips","UCuDk_XUaDTo6sk3T7JMzZyg"
"Unfiltered History","UCZQyL_jOwqaQpnjcMlZttwg"
"Unfiltered Knowledge","UCH9hNKo2wfM8FIyZjggdRXg"
"Unfilteredopinion7","UCAtT12x1n2lZjEfOpSuQEkw"
"Unfinished Hope","UCruoZPPZLj1t_0uOr6YU1Ug"
"Unfold Pakistan","UCMf6EFX8ztckuPRoVz6t2KQ"
"Ungawen TV","UCHhCP-CZkCPiDuXcXwy_j0A"
"Unger the Radar","UCDOaCMfEWyCa93nw76efdjQ"
"Unheardwhipers11 ","UCmyG3_mlnGgQdpysgaVSPSA"
"UnHerd","UCMxiv15iK_MFayY_3fU9loQ"
"união cletinho-thmas26 e pernambuco","UCUCXhkqKkEKOw0i9lSecXMA"
"Unicaela Gabriela Monti","UCJ7WBaqWAMcxtXPwXFdWYug"
"UnicornHardOfHearing🦄","UCy9fgjZ61cJd00CAz4TnIEg"
"Union Daily News","UCn58ja-RUuBHnkq9WPRlvjA"
"Unique - 4K World","UCPfnBOGy27EeGtHiGEYJqww"
"unique facts shorts","UCVSmAYy8AjIGlt6lIu7lwDw"
"Unique Geography Notes","UClKXe5p-gxkeOWPeq22cayA"
"Unique Selfie 03","UCqYKUjMtklmX0B3hJwQX2bg"
"Unique.Fact.5","UCBGNQ-jX8AOXuQ4GdwF9ldw"
"Unique_Shorts","UCL1C5w7zEcjpsnsxudB-Nvw"
"UniqueFact","UCvV74BqmNjzxKlA76ygxm-g"
"United Australia Party","UCQHUEiqAO2k8otg8dZOTREg"
"United ball","UChg_TqN2NpRfMhqO2pd-YVg"
"United Million Miler","UCOg8tG1LlCISQ6JwkpzSxjQ"
"United Politics","UCZz-xMhNXJ_gsl2OsG9Grsw"
"UnitedStatesMockElections","UC3mLnlDrEwfhxVzAvOHEhtw"
"Universal Facts-You","UC89EMvlU2jA4ROVXApvUoxw"
"Universal insight ","UCCTQ5lt9vdcJe6xcZ93g-Jg"
"Universal Shorts","UCjiYNL0FVLR8s8Br-JkoSVQ"
"Universal Spectrum","UCq-ICzQFYOO5fOthyifksYw"
"Universal Tales Hub","UCFb0uxH2rDFoYT_VdDJCXiQ"
"Universal Travel","UCXv2j_npEkuH1lLja8-Ph7Q"
"UniversalPedia","UCMyLGJeb2i339FeTz_EVWEQ"
"Universe love Palestine ","UC4Ayr26dGTBlSkwDYVGv1Uw"
"Universe study","UC1QMFpzFuqpbMAryUuZ5J0Q"
"UniverseFactsStories","UCOrbKNuqIb7zLeZl92TadKQ"
"Universemapper ","UCWquzHppHeuUUFAgaYTjXtQ"
"Universitetet i Bergen","UCsZUur3SucrmTiECYZvuLlw"
"University at Buffalo","UCd2xhvdOxiErQqRLI_hcfWw"
"University of Alberta NEMO Ocean Modelling","UC-AKkAKzDHVC-GNw6kKsPNA"
"University of God -Allan Adlawan Obeso","UCK2BxRqCmSq_dMt-UF-JgJw"
"University of Leeds","UCCXPGCJ6IGcYC-bTOd9HZrw"
"University of Michigan","UC9JPJoeQo9ohpzZUzEsU6Og"
"University of Minnesota Law School","UC1jQARvY1O2ljC8dDex0Yzw"
"University of Montana","UCK1b3ZvES0z-SYjIYHzXhdQ"
"University of Vermont","UCSM5tnXrwqMWZtdBhXDMA1g"
"Uniworld ","UC786-EAO_qz1v6DwVmfkC2w"
"Unknown Beings","UCDEuiXWsGIcHWyexxNFlQgw"
"Unknown Boundary","UCIB5L6hjKrZc6DL-9oIEqtA"
"Unknown But True Series","UCBxRGSui3Zyr42ubzFutsCg"
"Unknown Civilizations","UCrrC7eC7gn11hhrT7DJkygw"
"UNKNOWN Earth","UChRlmRj_3FblsQNWhpw_VAA"
"Unknown Earth","UCkYQ_ZSRWrUjriYrMXaXPzw"
"Unknown Facts ","UCZgf_UUUN3hk0UwBt0ETj9Q"
"Unknown footballer indian","UC6oXk3IiI0GJXl4ERh3dOUQ"
"Unknown Geography","UCAsWVAJSY62C_GtWRpMDq2A"
"Unknown Guy","UC4ZmKee4oueV4zT8iwcmmww"
"Unknown Historian","UCgnYNaLfhua8XlJboh7a18Q"
"Unknown mapping","UC6QCfwJHlRqHf3ses9FCB8Q"
"Unknown Planet","UCFddveSLVfuUpW2EozlXO9g"
"Unknown rooms official","UCpl66ldxoWvtXwD73lKpuGA"
"Unknown traveler","UCwrEbQ9Fjbx_LBqoOFqWhfw"
"Unknown videos","UCRLuQ4M_XXWwGSq2QW5JJSA"
"Unknown_MEN","UCeG4nlS6MuL6hz-vroLRMXw"
"unknown3.1415-o","UCXhVe3z40XwVRkNn66_mC6w"
"Unlearn Class in Session","UCUy2HugtqQ1Z3gDjoyaQeOg"
"Unlearn16 Shorts","UCSPvUZ1S4hNXkbHrIpzwX4g"
"UNLEASH","UCHOTVF0Tu7qNGY0gwQ4iydg"
"UNLEASH WORLD","UCjFls9wowkkRPjs4qub-Iyg"
"Unlimited mindset","UCKeBwXQjL9pz-iSPoobrUHA"
"Unlucky vloger","UCHga4iSNrSMQAH3kNtLDgmQ"
"UNLV Anthropology","UCryVmFpGbHxTUlt08qHpjMw"
"UNN","UC5hRmbqkOmvTzr64_CM8suA"
"Unnuk Taanna","UCEkgfPGNUfBZdcF2RXSK-JA"
"Uno Elisasen","UC5BzadLlWi0GCl9LCt1Nufg"
"unofficial 8","UCszn7dpeEqvYNysT0gsk4fA"
"Unofficial Economics","UCEsqi_252woajTMR1S0clow"
"Unpopular Opinion","UCxiniUR0FpqiYhSBFyBQu5Q"
"Unpredictable World","UCXwxJyJPnkzOQUo2l_-BurA"
"Unreal Memories","UC3I4sjmuZW0wpHk1dxLiXSQ"
"UnrealSpots","UCCLRFvcbxYk9zO9lee1lw7Q"
"Unreported Narrator","UC7HlUAqI5uw2d4xQfa83upQ"
"UNRESERVED","UCaMGHNJBqs_qRJ1q8xfN53g"
"Unrushed Motion","UCl7s1SvBaXP-1hi8SmBQZ6A"
"Unscripted Nation  ","UCruOQnHfVSFsDUdcokSIsZw"
"Unseen Docs","UCx_0CeKbXniMwqLjJkvDe3g"
"Unseen Frontiers","UCaoTKYxz0k-NYfLRqzPh2fQ"
"Unseen Videos","UC-btiMJdKycvXcroZVUDjQg"
"Unsighted Sounds","UC8RT9pmtKk5_CZCs133-FxQ"
"Unsolved Archive","UCrwv_bDSOJKUQpoYgE4v20Q"
"Unsolved Archives","UCvgwxkjc4GnKYaBmjyCyY1A"
"Unsolved History","UC0bPu3FEMdjK-4boDMrknfA"
"Unsound Mind","UCB8s6W43lqQOm_Zc3v4Ol3w"
"Untaped History","UCpLF8Dbd2-7HxbOLSU39cVw"
"untie_clipsss","UC5bV569r621XCvw3MMH8JXQ"
"untitledshot","UC3r2fY4yZ7vNxxmwaIJS4jQ"
"Untold America Blog","UC0NO30NJgcCVQ92hNe4Zk2A"
"Untold Archive","UCFoB9uyZS6t982LNw8dgPlQ"
"Untold By Adarsh Pandey","UCgMDHluGq2yEIL0SupsJ7cw"
"Untold Discoveries","UCY3wSbJmCywzSvy-Di7ErkQ"
"Untold Discovery","UCbHQB243PvXVU8iw7j7CoSw"
"Untold History","UC-Soh91m2owgtCZUCKOPFVg"
"Untold Icons","UCGIRWazBJEt1nuumB8p908Q"
"Untold Legacy","UCtLb6uM8OiilKDkE_jE5C9w"
"Untold Money Secrets","UC8tRZYjRhcxt_ROJ0U8iO6A"
"Untold Realities","UCoSPYs_fTnQvWMypHviQXSg"
"Untold Shadows 🕵️‍♀️","UCa6iGoGkQfJ3KQyO8n1iq1Q"
"Untold Truth","UCv98zTtin_j9sHUsToF7TBA"
"Untoldly","UCGWYfSObgTS1609agAIK9BA"
"Untouchable Alishy Gamez","UCPEL_KzKfNqeWhAgdte0M4Q"
"Unusual Attitudes","UCDNCvCGf9DEuWntC5Pkq0wA"
"Unusual Geniuses","UCaFLQcK8AYYGEnC4q8ykCkg"
"UnusualFacts101","UCa92B49RntjB1CXpdAFuJ9Q"
"Unusualstuffs ","UC89U7lOkMviBSm8IuXz-XxQ"
"Unveiled","UCYJyrEdlwxUu7UwtFS6jA_Q"
"unveiledUS1776","UCZkmXegP_lAIIkhekaUkJjA"
"UNVEILING HISTORY ","UCGDsqSKpQeJjMBbd4bpONnw"
"Unwavering Faith ","UCf_324ln3T1bXGwzPiDTgLw"
"UnWild Planet","UCTA3ZGiAOMD_DaNS6cHtIng"
"UNX News","UCDK62eaijJh491AiW_eN_Dw"
"UnXplained","UCy5hTH8moYPkUhCuyiOMgIA"
"Unzipped Horizons","UCOc50zvD2NhEc9lUk7dXY1g"
"Up Up and Away","UCtQA7rIgPG1_cezfQOKZrrA"
"Upbright Minds!","UClkgW9nYDZZpOgLylgjw1Xg"
"Upcoming President","UCRao28VZfv4w3U5Aw4EYKaQ"
"Update Zone","UC-aPhi1yFOBclSoJWVf9hTg"
"Update360","UCkh4qw8V5xR4IJ35oWPaDWw"
"UPills","UC8raiZePM0lyrg7gVGusPtg"
"Upliftify with Yucee","UCiujJXDFYaeh7wN-0FeiJNw"
"UpNorthLive","UCrT4OR6R-THV3XUvfGPS9qQ"
"UPSC INNOVATION GURU IAS","UCLC_tOmpkGNulszCe-B8-Yw"
"UPSC life Aim","UC0uK-iZRZllGw8cUWf9K3zg"
"Upsc Nirvana ","UCp_uKBKkiUyHSSeMECgrbgA"
"UPSC Trivia","UC6f7FI3p0VGqZrxJiXxPM3g"
"UPSC with Nitya Pandey","UCvyeI0LZWAW2mVZ9wETiS_A"
"UPSC with Shubham","UCF8HJJpQUy9O-PbztADlnEA"
"upside","UCt0gmg9nEgvsKI-NQ2Y2F2Q"
"UpsMajhiyawan6602","UCRnyLweZekvkZgiCjWRhX3Q"
"UR HUB","UCM9G4sho4HgBgE3_Y_JuclQ"
"UR..Ronald","UCCRE8JevA5JwXOQn9lpoVrg"
"UR.Gaming","UCDs5a69FH-VeQP07NUhAZnQ"
"Uralic channel","UC5Grn2SNiJs5-rOf2wiUKhQ"
"Urban Birder","UChc05HWctzNL0XdN0pW7nkA"
"Urban Looks","UC26dEI4_g28DsRGU8hifr2A"
"Urban Vault TV","UC8IkPcuw6tmulrCMI0Xhcug"
"UrbanE.T","UCASqjBiijeOSq2ruiamz0DA"
"urbanqimmeq","UCyw_AcrhAlMxPVHWeOGS3rQ"
"Urdu For All","UCth8uH_n3aihKiBCSwKmULQ"
"Uri Melzer","UClGrQ8jLOyd9231qpY-GK0w"
"Ur's Karthik ","UCQqzc372-fHQop3KWODmUOQ"
"Urumaxi Anthems","UC2_ix_efzA2RISiNRDODnTw"
"UrurguayBall Mapping 🇺🇾 #save ukraine","UCpoSpvzoomp5NHv5ajvM0Tg"
"urwa","UCYlm9OC1m-Xk6xQoaIwlpHQ"
"URWorld","UCiR6QHXUAdDkz-P9YW7Nr6g"
"US - Canada Signal","UCbsqt1BMbzi0ZmzFUpDPo7Q"
"US Alter","UC3LqWwMSXm31eP9e67lZZTA"
"US Aviation","UC8tM5BU5DzChhayECOL5KnQ"
"US Aviation TV","UCkDq_3FFcE-kbEjuA6R_2NA"
"US Breaking Daily","UCShrurtmkwVGfy6cw5HANJQ"
"US Canada","UC5A-jpO0KfDJQ58JJcCeBpA"
"US CLIVAR","UCybCfsc0Cn0JWWrQ0TuGgeQ"
"US Defense News","UCcI_HSoXkOlxyXME6NMIIzA"
"US Explained Today","UCxHKitDNraSgFZq68KKzj-w"
"US Fanel News","UC8yZ7Na4078YUm7MepQVAxg"
"US News 24H","UCjkqh-S8_Kv_XPlv57ai_UA"
"US News Breakdown","UCwbpCX3VCNmBTbStd7aEaTQ"
"US News Fusion","UC3SJs_Ff8ehRngh4dJyQrVw"
"US News Reactions & Commentary","UCmHfBgoOIGe_a-NX79wFREw"
"US Political Reports","UCfCgveofdI2sgkIam6c2JVw"
"US POLITICS","UCl_Q4pVBT55XTWglrZ4siSg"
"US Secret","UCIX9uUQjV3BSVN8q4PRBaEg"
"US Sports Central","UCCvuHV6qVbv857J5oKb1fFA"
"US Strategic","UCTt9wsXrwYPtBG45TsD2KOg"
"US TV","UC-FJCDQW4Ev_3RaMXmuSVuA"
"US Updates and Events","UCX7mKFMYTUnOEzYP60coWng"
"US War Zone","UC37hIYLOsZzyXHSOHf98C9w"
"USA Breaking Clips","UC2sS4CSF4NS-cQGDkTSyJWA"
"USA CHANNEL","UCeSpeV1Eriw8GECtix0-gRA"
"USA Flash","UCdNhKtb0YoCcx_WWfrCDnqg"
"USA HEADLINES","UCpm77wShLBG3llQn6ydWzyA"
"USA MEMES DAILY","UCjyUdA4uGkRUSbb7jOV-9sg"
"USA News Updates","UCrt-2PR5klri8HMlM4OCppA"
"USA Politics News","UCqBKprgJiwNyLYu6_ct3Q4w"
"USA Science Festival","UCA0dE0yONBS2xL1_kB8rM3w"
"USA studio sprunki oc countries fan","UC5ER-PSUDzRN6GRbBo4WUiA"
"USA Team Handball","UCz9E0M12-nrq52zdAdCiBog"
"USA TODAY","UCP6HGa63sBC7-KHtkme-p-g"
"USA Unfiltered","UC0iNolf88NxDjgWKrzJKCYw"
"USA Untold","UCy7-OUKa1K2qzEhQrJHc6Jw"
"USA with CH","UCijaAiSYn1qs-lTSTWSLO8Q"
"USA World News","UC6uewe6tUmYSAJ3dNsqXmTg"
"USAEdits","UCD4llKBTtloO4VFr-DAgU9A"
"USbharti EXPLAINS","UCa6gXlsMP7NOiJV6YyuWT9A"
"US-China Global Pulse","UCOlDu60Zm3MGLrlcholj_0w"
"useless channele","UCSSS_Gywg_Qxv8jfAG7cvkA"
"Useless Facts","UCTVvSpUZmDAHMo_6TTqQzJg"
"USGS","UCeXH8GZyV3sVqAr45AvupOA"
"Usmanii","UCG1P3Rqs2HylP-AbKAgkl8Q"
"USMC","UCujsdu2_ERpYe9wBEUeO64w"
"USNewsX","UC1NsG2wIAusX3gP9wyPmCEA"
"USSR ","UCXiCST2fJp8cAObip6_ny-Q"
"USSR 500Million subscribers","UCyEwZoMh4o8LQv8fBy2ofiQ"
"USSR Mapper","UCRJiunBhxTIbtgZAR6cem_A"
"Ussr_mapping","UCtfxjCgzmJ46hFVrKoTNrtQ"
"Ustad G Online","UCBC4C0hkjXRavQCoqbnu8Aw"
"UTGrotto","UCyq7K9nSn0OtA6cBF1e5kCQ"
"Utopian Creations","UCryEgQeNoi8787vLvcaxBhw"
"UTTAM SAU","UC7dT3TlZNgqZ9LgGWxvZ6kw"
"UTV Ghana Online","UCA2f1lPcwYpBKA4JBMBHDSQ"
"Uummannaq - Official Channel","UCmNAYxTJe-aGb4qH1mHJqAA"
"uummannaq fjordtours","UCtSLpJMAsZcfeMBNs5pgEwQ"
"UV & Mineral","UCFDweUmoDbCTAvA1E0UdJZg"
"Uvagut TV News","UC_BXJ8aaI0zJo5xzEskOOUQ"
"UVN News","UCUBLcEdYx_jLs8PsNubkqWA"
"Uwagood1","UCvSCgPjpf21_Ctwiqh4JwZQ"
"UY Space","UCIa_XzkXzxdJ1k5dNQXF3Rw"
"Uyghurstan","UCMi3Ag4MJDuNVkoambJNXMA"
"Uzava","UCbxBSD753Tdeyrfnd5NAqpQ"
"Uziy ","UCxUx6QRXk_ONweZF863ZDDQ"
"Uzmar Shipyard","UCr23hFK2Jhvzvl0XhqMPjIw"
"V & PLANET","UCHP3dse3lE-5Ghr7ETUnN-g"
"V E E R A","UCJ7hg148uGq3YRJ1_LrZhBw"
"V Enrich","UC1gJLEbbh2ms7BPmtq50hnQ"
"V1 Rotate","UCOxNnXEy6o6SesdE3k4L_zQ"
"V7 Era Data ","UCAFsQ5ZViZEm2fdcz7susxQ"
"Va Voir Comme","UCi04ul2ozWwh7bqr5zl4sJA"
"Vabek","UC6xbw-fHsF57jkWQxKnpkiA"
"Vacation Idea","UCXzEjg1npLIBeYRNekrOdNw"
"Vacation Vibes","UCXpQ5iQWBDTqDfs0ZKqSsNg"
"Vadim Pozdeyev","UCuLc7MFgcdM0G_VAzrnOwIQ"
"VAF022 Riccardo","UC2F--OVyku5pPHgPn0RWYbg"
"Vah Gaming Vah","UC7rhUeELk1d0mtKKcCjf0Zw"
"Val Evans","UCQXbZMxp331JNXxOy2ElV5Q"
"Val Nielsen","UCX0iMtOUDNPYaFBbpcPfNAw"
"Val Troll's Volcano Channel","UCoIhK8XHA0xTd9Hej8wfl1g"
"Valentin “LPF”","UCA9ElV6gxbmV2QCUyrK8_0w"
"Valentina Volkova","UCtFopMaDsL8LYApwxrtET7A"
"Valentinolagrimas","UCPVKVIRyhxBKBp0faKyYISA"
"ValhallaBd ","UCCz7pMhBR_5DPNKPggGuw4g"
"Valhalla's Dawn - Topic","UChoDsIOcQ4h5BPMdHEyk67Q"
"Valid History","UCkXBGsR65Uo30zTuPfOEqDQ"
"Valkyrie","UCimd6aYkEI5TTUuNEEgV5Hg"
"Vallerret Photography Gloves","UCTjtV4m2oAEWhWvLyE53dgw"
"ValliVlogz","UCH4jdi8cF95ExIOOLyuJeCg"
"Valomeloja","UCKCudo82ZJsbKSLxrzSEO9w"
"Value of life by Puja Khushal","UCpHwj1ngx-oPRSHHpInyFNQ"
"Value ZONE","UCV05j1R1zGYbAhtaaEEStKQ"
"Valuetainment","UCIHdDJ0tjn_3j-FS7s_X1kQ"
"Van Ved","UCVmK6skFcZWZcmKLKtP0nag"
"Vance 4 President","UCf6XRs-7OyMBILYWwDSLH9A"
"Vance Stevens","UCccR8bjWfi5NvXjt9locVVw"
"Vane","UCRHORrylhKf7vdAMyiQSsqw"
"vanika_offical","UC8BjMrXxyMixvUdHLD4LD4w"
"Vanished Records","UCUZizsjOuESRYD0bbPFT-zA"
"VANSH_Gupta","UC1aYBgbQEaW40XdL-hkTlmQ"
"vanshi creation","UCH3552nmOzyRRVJ3QVhPEFA"
"Vantablack History","UCmwVs7y8a6LPRXcUK7qr1sw"
"Vantage","UCxIfP3eJjMp6sCcB7xhyjXw"
"Vantage Deluxe World Travel","UCqL6e2lSt0oeMiZsfLYv_hQ"
"Vantage Shorts","UCfUOU15HMVuXk30IWxH2DsQ"
"Vantage Voyages AI","UC6x4ge3t4FuVyahCudOSuiA"
"VAPPA VIEWS","UCfdPoHPlsSfytso518K_uaA"
"VAQQY Lifestyle","UC4lZdTix6Jdzl4b_kgceDEQ"
"Variety Daily Learning","UCxQRvIJPdcftPD-ZrbHy3Jg"
"Variety Foods","UCIdwjgkZm7Iow3C-SiXDSkQ"
"Variety Vibes","UCZ-99TCDJtxcgSZFsQpQ0zw"
"Variety Vista ","UCID8l9Jnlult1QcAcZmSDHg"
"Varshith Ale","UClrc-AmgSpHkW8AS66YwmqA"
"Varun Malhan","UCf1SSlYvL-KzRU4RO1HnSZQ"
"Varun Mandloi ","UCAjz2mrDbbI85KDN4lPSkhQ"
"Vasu Concept","UCf1piQC-S2zTqNkU_8qe_VQ"
"VATS EDUCATION ","UCm6ZByBFx1G3WHSm75GSh6A"
"Vault Facts ","UCbxHAZ4nPva21SULXPtN7NA"
"Vault of Tyme","UC-YuVgvmV5VowhmH8Lz49dQ"
"VaultBorn Discoveries","UC2M37VrAxxva2BMyjDfdhRg"
"VaultedVisions","UCYnQksgn4gWZdN1BucjlUXQ"
"VaultrexMedia","UCvBtRUjTnv-UmpwOlTfJS9A"
"VD Gaming Arena","UC76NuMknC3CDBSnMIt5B-Nw"
"vdmfam","UC8rEBZR-MqBG4rjwLW5Y_1Q"
"VEAD WW2 ","UCWJvIlWmXICtHW9PHVjsKqg"
"Vectory HQ","UCmzBFBfcCFg6JD8CLtJdWZQ"
"Ved patel","UCAzrNGE4JJ5aRjIlDt49ATw"
"VedranG","UCGqM-dJ-kmcBWUU8aTHxSRg"
"VeedGeo","UCIQEasRAwCwrxo4VrTIdZIg"
"VeeRa Travel Links","UCPcTavoQ5I193oR8dLpmONw"
"Veeratn42","UC7HaOzxCurkxs5s_pz5yCVA"
"Veerendra ","UCzyIBPYozBDpcQAuRoAf1dw"
"Veiled History","UC1nS1bHxtANps9O2a0_3fPQ"
"VELA FAJARDO","UCxntgRBwSgZTlHSl8AKv3dQ"
"Vela Quill","UCYyFE-uCmo7Epc_j4BrtFGg"
"Velion ","UCH2eQ63lQDq4T6OOpuQ2nnQ"
"Velora Nature","UCF388kCBBsI4EMk6BdgC3QQ"
"Velvet Verses ","UCfBFo0fFWDYPCznvsqWY32g"
"venkat prabhu","UCc_hdmBV8PvWRsQlKuJQE4w"
"Venture Travels","UCnSCU0ukR7yVg-qmkIXLBrA"
"Venuchaitanya","UCEjUxc1LZ9-9G93KH96OaYQ"
"Verbal Freedom","UC1RiObw2_ZTFTIDvLEx-_PQ"
"Verbal On Life","UCMb5J0827aGZ24nkcxa_gbA"
"Verdict USA","UCPQUhmSHA8tc5qZ0qzlUoig"
"Veridex Media","UCmiTV6qR2tZcvXGEjmDsCQw"
"Verifi Global ","UC0O00xg6tdmEw3xi2VMWdXw"
"VERITABLE VOX","UCvBUyR-yl3Zu64cDn4mMkFQ"
"Veritas Flux","UCkS9lvb4lP2sXLWWIj74KwA"
"Verity Of Universe","UCXFPfgvUbVO0mWuqdbZIhvQ"
"Vernadette Julian","UCgZ2JtoIYCYt7bnV3Fp7wrw"
"Versed","UCUwQmBOM-tpGP13zx-vNpbQ"
"VerseOut","UCMcKCwwMtGSbrIUcPRIT6Wg"
"VERTEX","UCgnJRGgHMZqqobC2Ftq88fQ"
"Vertical Plus","UCdl9VLQGv-WOT_7bHU8t3jw"
"Verum","UCs74TXRAkHHTv9diaLvMChQ"
"Vesa Tullumi","UC0XN8zOn53CDyeXc6l7X8OA"
"VETTED","UC1VfNwcNXSvCy8bNnFzqkpA"
"VexaTop","UCMR0TozlcgVRZXU8Rxx5dzw"
"VEXO","UCyDjjGdRryuRve58d-r-VQw"
"Vexora","UCi3mBLqzg2xwoENqvM2Gkiw"
"Vextales","UCC_IN_uSAJNb3-ZmkjrBAow"
"VGKFan37","UC-T2AG2sbrB_yt0DckLen9g"
"VGTKEBG_Mapping","UC2fZxdJ8abzbUg9moLQj1Lg"
"VH2 NETWORKS","UCetXnpTl-B3LIus5i6JPlZQ"
"Via Doctis","UCDAgJZIYVGFNJHi2DpitiRA"
"viajantes","UC1nXIF4P7JTlBUq0gMKNlBQ"
"Vibe w Guise","UCldE4KZxgU9J8eNPBYPzazg"
"Vibe2Media","UC0d9CcYgnVyMyeGoZzyK09Q"
"Vibes From Earth!","UCXLXLLWe2-tH05YNUpxX_WQ"
"Vibes of nature 17","UCDbsNw_XnptrMsiYZy6eKtw"
"Vibes2Entertain ","UCbBQnaNzgMqJ32ZaAS8mZEw"
"VibeVerse Daily ","UC9dJAgzy_henwyfVTfvweVg"
"VibeWire","UC_1wIbD-HSgVnhHaMiLWV8g"
"Vibonex","UC7krkcALazbOtPffLAMeo3A"
"Vibram","UCoqFP9DElb99uiE6ckzD6IA"
"VICE News","UCZaT_X_mc0BI-djXOlfhqWQ"
"Vichitraa Vismayaa","UCYPd19DFyp8VZDeaqDafH_A"
"Vicky Fitness","UCeF4V6PcTeeMmyKeYmjf2GA"
"Vicky scope","UC4YLhzd05PIHib5fuL2KcBQ"
"VickyNvrDiez","UCDPqErocURaYSL93tfRx0ig"
"Vico-Le Savais-tu","UCULxSzmnQ804z5M6DN4CsJg"
"Victor Alonso","UC2tT3syxK_uQZ5qoyuHPYfA"
"Victor Meinel","UCrqrZiPojuoiNdtJtuhjiWA"
"Victoria Hawthorne","UCoB6TZDCa1NddlDOnGiEZww"
"Victoria Mclean","UCELKlscEwUnVE48Jl2Cfy9g"
"Victoria M🌟","UC9uPvqpp7a-VSFggoxkyvGA"
"Victoria The Adventurer!","UCmvwjbATtsv-cEWBIhc1tfg"
"Victory Pathshala ","UCM896gOpVWTOoKHuX9CT_2Q"
"Video Creater","UCZXp-KTTmIw5qcD6RiAgWSg"
"VIDEO MASTER SOUND","UCxa9Me0e6gjjeKB6HDygdMA"
"Video Nation SG","UCPZsZ7DRDAmd6u2nUu9saAA"
"Video time only","UCfQjSR5dD-O6eO_ttsQa_gQ"
"Videos now","UC8MsG7zeX4bMXnJVFcNVpDA"
"VideosMoney","UCylioA0DsN9os6PAlR9iHUg"
"Viderent","UCcmmVZDpbgNnSXE3AIaMe2A"
"Vidhatri Patel","UCAlubXVJgRLdl88Mh6iwbtg"
"Vidhya's Diaries ","UCOvywQSW3Vd3_vaF2DUgOuw"
"Vidi Pedia Hub","UCQBUxFjbCUBL-IIKkLO58mA"
"VidiFuse","UC9EH2noB5NFOtPzzE__VySQ"
"Vidyapeeth IAS","UCFWEln7NzEEbJ5blIXjujPQ"
"Viet4nh","UCluGijQpGnMwar23gnf7hBA"
"Vietnam Today","UCCRSc5ARkjJxX6nvefsX7Cg"
"View around World","UCuK-vrN8AOZcF-EfoUK_YlA"
"VIEW CHAMPIONS","UC_rZL2x3mvzb2Q69ZMwHvIg"
"View World","UCMXUgspAK0Ac_EgBfJsUc_Q"
"viewoftop ","UCX5Qi4O06loChwOfkyyphxQ"
"VIGEA - Virtual Geographic Agency","UC9AtmxAKkO77RZC881969FA"
"VihuTrikotivlogs","UCU6sEyBjOidzhY96Va_ZKEA"
"Vijay INFO","UCzBQqjXAAC2mQMYDXuWtkrA"
"Vijjj","UCT55ecnc69N5zJpk2zEx2wQ"
"Vikas Singla blogs","UChdU15RCLhuu6aJnrQAcjxA"
"Vikas Yadav","UCyUZJYdg6vnBbCGT_8jxQ5g"
"Viking Comics by Yoav","UCE3RqF4cUIBZmXoGbGPMkPg"
"Viking Ice","UCAcLUXK98mA-JV2KPW4dVVw"
"Viking Lore","UC0hQFKDJpgWK4DrBZ5Yw3MA"
"Viking Mythology & Legends","UCs9KswQFvo3Wa2KghYo-BVw"
"Viking Rush","UCjuX4hrvyxdvbhGWW4l0BWQ"
"Vikings Code","UCGqYS6ZZOHnxAWegNeqTxsg"
"Vikings Mind","UCcRfRNp10f-Pd9Zp2JJ9l-A"
"VIKINGS RISE","UCcqrQylLufEr3D1NMXfgtbg"
"Vikings Sucks","UCfG1Jh5zikKmGmUrESucV1Q"
"Viktor Ólason","UCFMIrzPCRU7gCh914lR3huA"
"Viktor Posnov","UC1asrMezGSi1vx_ObJv6UEg"
"Viktoria Fesiuk ART","UCohHZpmE1ec8J-xm6ApoQtw"
"Vile Raven","UCmYbYZrvUKEhuSMhK2poE3A"
"Viliketa","UCv5SQRSD3O-083xUTICQgSw"
"VILLAGE","UCWs6goyS_DHeCq80zaMmEcw"
"Village boy art","UCBn6f0uvMaDsw8pLImEpUBw"
"village boys Gautam","UCZVx8LqBGufRlxFRNp0tgNg"
"Village Idiots Media","UC5MFDzvEQL9yD7geDADZ8BA"
"Village Viewer","UCDbMQbOY-FURdiwrMpgHHNw"
"Vimal Kumar","UCnVciEJFENQdKQMpkXPkLRg"
"Vima's Diaries","UCj3U29MJuMD8_eufMTK34fQ"
"Vinamra Koolwal","UCQqB8fjKogucAoOuJ4XoySg"
"Vinay kumar ","UCIJQo6kKMjUu1HSryIOWS5g"
"Vinay Malik","UCnpV6gqExoGZwUnu5p2UlOA"
"Vinay R","UCFVhufUqNWfpi0mC2fMYpQw"
"vincent tablizo","UC2KKg4kViG_-TDib7qSvElg"
"VincentVanJoan","UC-2_8w8gwVT2w9uzu3tFxCw"
"VINII OFFICIAL ","UCgWB1oFIhU7Bfo7ioEvc9gw"
"Vinod Shukla","UC8I9s83G8ZBS47xbLbdSwvA"
"VINTAGE","UC3mzPDg7p5D3BozT7j7UZAA"
"Vinyl & Legends","UCyFMFdIAE8-4mex7LN5e-Yg"
"Viola Kramer","UCgbzn7ym-D670-ayIfGsOUQ"
"Violin Veil","UC-zCSkJJ6kb-4zbepum4pVg"
"VIRA Broadcasting","UCcnKiZGsiOzFZXZFMYbHGRQ"
"VirAI FARM","UC6zxJSkvHqVcPT0fBgSOd2A"
"Viral Innovations ","UCu5X--PslM3fTAVxbM5pimw"
"Viral Nightmares","UC4Veqapc30AnzCvAfNMRi4Q"
"Viral Saint","UC_5rKp8mbZ7z9c2PSHIFzOg"
"Viral Shorts","UCMj9ENJaedDe-lCkJFk9ePw"
"Viral Shorts Forever","UCTqr_LRGYuwgTF8d7ekUNoA"
"Viral Streamer Clips","UCodTWrYCd_2xOKhgeaJ9ilw"
"Viral Video","UCmgixp072j9YPuxpVpCUVpg"
"viral____oooo","UCyhjPrUIF4KlCMDgjnV5Umw"
"Viral-AI-Facts","UCOiAAB_1iqD_8WI_CugmzKA"
"Virall Moment ","UC_1cIgKJcDeUB5EtEQyKdrA"
"ViralLemons","UCkWb3yc4OFU6W22kOlvvHMw"
"VIRALMEDIA","UCYyEKcyANbtwYPAsZ-yUKMA"
"ViralNews Daily","UCYrXKEizlFfca50kT-dv1uw"
"Viralpodsclip ","UCjLNPdFlqJuI8SyRyfbPY_A"
"Viralusa69 ","UCTrzvf1e_HKkGmafOP65EuQ"
"Virendra Shukla","UCUvtbgqZ7asv5R-NGAAEM8A"
"Virgil Hopper","UCYUGYWapAY6cv-aHaak7z2A"
"Virtual Atlas","UCgVY2pFu-S7SyqRzFS6zrZg"
"Virtual Conference eNergetics","UCdw7TBxiqxDBo7wa7Z5kn4A"
"Virtual Friends' Tutorials","UCooaNpRKPPoOcb0xMGlMZXA"
"Virtual Tour","UCt8iWMWU4D_QoQLnV1pcsLA"
"Virtual Traveling","UCSwFgfyKGHJGi8BIa-FXM4g"
"Virtual World Travel","UChfBkxkkujcR8S_q3N57LjA"
"virtualhistory360","UCIyzYE0LR-7HrbsqueGbFZA"
"VirtualYT","UCu0xM548cc_H6xqdLFZA8mQ"
"virus butch","UC67Gc9Ms-R7pz0p7wxq1YUg"
"Visa Bảo Ngọc","UC6JkRA59dVtJ_NKINIEF4fQ"
"VisAIon","UCfgEstuKVRYfMKUOKXC7vkg"
"Vishal Prajapati ","UCIQUIZ59M9ioPKHBxI_Bh4A"
"Vishisht Vivan Life","UCRxXO3fy1A_-5nDCDdPap5A"
"Vishnu ","UCacmJ0ldQuCYtaPOuGx5l7Q"
"VISHNU IAS ACADEMY","UC5biaqxeF_tbKhz3x5Wi3yA"
"Vishnu Ramkumar","UCYi96uDVUVb8hqJJNdIxTpQ"
"Vishu Choudary","UCKuO6XzOZTE8xuIATvXToSQ"
"Vishu Yaar beli 💝","UCY0RNGinNC5JGLd30zBOyzA"
"Visicom","UCALKC1eYg_nFTwViMEz259Q"
"Visión Animal","UCJINX0h8Dn7ghSYfQA2fCBA"
"Vision Films","UCum9i7xS1DBSOC_G13yxlBg"
"Vision Jet Travel","UC16AcNA0EQkttUUMeVJrY7g"
"Vision Theory Productions","UCzH4EGwpWJHB1yGxE5WxXuw"
"Visionary Finance - VF","UCFqU8m5qIrgenwBbIjMKBTg"
"Visionary Sim Pilot","UC9cZj90nGT3X1aqGBXvsSlg"
"VisionR Agency","UCOBVhztBVwpmi6Y9tSrG_gg"
"Visit Greenland","UCvdViQeqs8NwBZajYjxgpQg"
"Visit South Greenland","UCwGK3bwIvEgD2pYGyqU7lzg"
"Visit the World","UCEMnbomp1olt5N5ojULGF0Q"
"vissen","UCVUin5eFchjH1Har5HY2MzA"
"Visual Comparison","UC9cW9ZoZpWMZgdY4njOcWBA"
"Visual GK Hub","UCkU7eqY_1XCwvyEfpQhcaZw"
"VisuNomics","UCMZbMCr0hAoMetyxgK4QSTw"
"Vitaly Musienko","UCbk-WnhJrRPpxuBQQn5sESQ"
"Vittus Mathiassen","UC-xAmW_y6BbxLOU0cK_QDeg"
"Vivi Shinee","UC7ATIvF-FE-QNdE6OzVm8Ag"
"Vivian Torres","UCOaO64mzHPTW-DQGtYJT5mg"
"Viviannine C","UCkf0D-SGtycptKVkzp2tAuw"
"Vivid Earthscapes","UCnZ_4QqttIFuXyR5DJ5Bh7A"
"Vivid Facts","UCFOt9dCshLnbLUdnC5LDlKw"
"Vivid Tourism","UCDvqi52eMJGABHBo4zjOkLQ"
"Vivid Vision","UCnAsod1XSgU-3hH8V05fbaA"
"Vj Vlogs","UC4gCXKFlxOczJVCFrSj5YLA"
"VK Creation ","UCLhvpB3n6xOiC4Kq0SJneDw"
"VK Totally Fact","UC9U4Ov3HQpVCHRYLbLjKDcA"
"VK_NAGORIYA","UCyn8jcqSs6ACbF4scpZTR7g"
"VKB-Kunstfoyer","UCE-6vPyJiAtjDmYSAiH5Cqg"
"VKS","UCg_xO8Wy87yFwkMFfsLnFnA"
"vlad9vt","UCKOzVzkcGLbBvuCwOjXepmg"
"Vladimir Potapenko","UCsY8DxRSVNxitFSa9hNA4qg"
"Vladislav Sergeew","UCxtc_tL4hj27G6Ky1hNTgXw"
"Vlog Central","UCFSLaYcAnj0CCEkB0WxWz1Q"
"VLOG NI AJ","UCwVBFcIzgbYgQTnXeSEYIzg"
"Vlogger Lalit","UCDbxFCyTkeRHBEMhYg_1CRQ"
"VLOGGER VIBES","UCYO4seea8b77tp4eEQ1ojJg"
"vlogger1129","UCtkU5lHFU-r3E0JaS9sM70g"
"Vlogosphere","UCbF59H0hcZtoQT3kB22ZR9A"
"vlogzstar Jai","UCHTlP5LHS2bdcu_Y9tKSszw"
"VNBOXS","UCVLv6qPLu3CNBRU8qTOW14Q"
"VNM School","UC1plm4eqUIi7GlXzZA96-xw"
"VOA News","UCCfNOzXFwSz18gx-ct9JGIQ"
"VOA Special English Transcript","UCsV1oVfzPGtioXwj08cstsg"
"VOA60NEWS","UCzGYZyx43flyynvOLTSEIoQ"
"VOCES DEL TIEMPO","UCPdBFap2593SPYDFdIjjvnQ"
"Vogue Economics","UCX6aMA6vK8TQXDRFo3kSGJw"
"Voice News Live","UCa4H5xN_w9nvz5zKX27-Tqw"
"Voice of America","UCVSNOxehfALut52NbkfRBaA"
"Voice of Growth","UCdVXpVz_rjiYHSn064i01jQ"
"Voice of History","UCIeI34_y13kMlQh4UcvwoqA"
"Voice of Public ","UCWJnUkbFPZvK2TUHYBY2MRQ"
"VOICE OF QAZI","UCLbH0gQtEmmcS5RaIf19yWA"
"Voices","UCfTVd8GjnmHNeb0OZ8w4V7w"
"Voices Of Wisdom","UCIHZAkdmmM5ATA2PVnbECmA"
"Void","UC5xIy3PUPLq50SxtnhMkngQ"
"Voids Voyage","UCe_AOcQwQegzYFgUTtpI9mA"
"Vojtěch Müller","UCr8Jf5pX64ajL9CPkhqjiUg"
"Volcoholics - Wild Horizons","UCZGzBEPt4uJa903WP4zC-0Q"
"Volodymyr","UCwRxuQhejbhj1S_hAEnaZPA"
"Vologda Mapping","UCL55Isj2TNlr9ur5vK0oa-A"
"Volter Design","UCbKlONq16gRhD0mbhRklH4g"
"Von Iverture","UC9y45kccwBStHHXHRWu1Tug"
"VorpVip","UCTd9qY4xBsypKCOSVj96WYg"
"Vortex Digital AI","UCYgcYLsF1NhH_yUqCPzC6UA"
"Vortex924","UCPFQUpSCpSOZTyaF5vKCkng"
"VOSTOR","UCQv36YQAKiENjrR_3KIE3CA"
"vote jesse","UCbOedV0Nu_7QuF0kcOH1_Pw"
"Voyager","UCOQzgnZLeumpMvmDq6ai6Tg"
"Voyager 360","UCoeQBLg1Ha2GsGISyLqIIvg"
"VoyageVerdict","UCfTllPtWPG_vbps1Ecl4qLg"
"VoyageVibes360","UCeOznWjuYqLiVQuBV3sLG_A"
"VPNRanks","UCrhZxMtVsLn5bFV9kV9Litw"
"vpro documentary","UC9sXw4ZdPEIp6bYGvLW-_iA"
"Vr bros","UCa1mBsEiJhU5ZQV54p8qB2A"
"VRIC Media","UCGLDCnyMUXwKulTgnY8jFIg"
"Vroblo","UCUqre3SweqPLimcyTWxkSKQ"
"VSA Capital","UC16LSN08VQrzj1sh4Z9Pp4A"
"VSK-timepass","UCJScTqZQuRXIqLi_xeGZQsA"
"VSL (Valley Springs Live)","UCQphFAAwFr09B64EeL1Orpw"
"vt.physics","UCuO1xKv8PwUCdQ1b3eY1TrA"
"Vuichard Recovery Aviation Safety Foundation","UCJA3zCgD3MIF7rLP-w9Hz8Q"
"Vutomy","UCiArZ_iHkhby04WuKQxCq9A"
"Vuz News","UCyPoWuRlF9dSvHkz2d70nXg"
"VWTravelVideos","UCPYpnKIroyhB0YNSn8Ja-Mg"
"Vyas Official Corner","UC-F1yJC2ckt5hKqpDczRbpg"
"vyc edit","UCMiAMW-cTHyBCmYABaFOYzQ"
"VyroS.P","UCgbajxS1NCCCXwqZdtPOsSw"
"VyRuz","UCT_Kg2xM3t189t34CRiX-Dw"
"VAA Shorts","UCARLJ0gO9-zfiWBjJUsb96g"
"vaaikoluppu","UCH5fqAcuHgT6wUwQJ5ks1iw"
"Vaasu Goyal","UCxtKny9RzFJNwXLecqti_bw"
"W Sam Tv Show ","UCB-MQv7NQWe2tT6krH1vYyQ"
"W.B.E._UA","UCzcutULHDLbVx1Ou4p89auQ"
"W1 RADIO","UC4BQYI0VAmpbPLd4DDoywqQ"
"WAEDITS","UCMqgasIGHdO479hM1IyAZBw"
"Wafa Jani","UCJWwcqs3cpIOGNEv9SgLoLw"
"WAFB","UCRM06-JFEqr5Q_a-oQBVlrg"
"Waffle Mapping","UCtFyGBVDIArmx7tvrQjPmzA"
"Waffles Mcgrawl","UCVVarJqPQRgbOZqjAaEfcYA"
"wafflesareamazing","UCCU-iH3cQUMvgw9_j65IQhw"
"Wagerbazz Shorts","UC0aLc-pKtSjkJ4k5ExuvH4w"
"wagh 1991","UCmDF_i9z_VUkKvhzftRTNxQ"
"Waheed panezai","UCX9tiwLzOfBNGCTQoTCpbpQ"
"Wahyu adi Surya","UCg2ef0T0YFcsYgz3EyVbyyg"
"WaiJY Aviation","UCLLVdGjmfblcE2KSJ1-P2ng"
"Wajid (News) 🌍","UCddf5EeVomn1dT3OuO6ifdQ"
"Wake Up And Smell the Coffee","UCoIVwdX4cimWo2KqfIP4gOw"
"Wake Up with Miya","UC_7YfGtkNrV4A9WBUcd0RUA"
"Wales Ball Flag Nerd","UCbNrMrp7uAxzPz_6j5aIGxg"
"Walk with Raz","UCdw8r8dBGr4zLylXrUvZhaA"
"Walkabouts in Revolutionary Times","UCTEv0mFyAh6p9XEIM8xl0cg"
"walking daily","UCv7w7j4QMHJrar5vN2gNjGA"
"Walking Serenity","UCBSpar9OXbLJuzO_Vm0DmZQ"
"Walking The Line","UCrkmzA7jXD8hqBYsK_2hzpQ"
"Walking to Airports","UCztRZNdC49OinMVlHuXn5tw"
"Walktrough Hub","UC87dNUv58TnGAm_CLAq1hcg"
"Wall Street Documentary","UCW4JM3UW54eQhKsMJ__5zeg"
"Walter Jahn","UC349sMjOUYTjIDKrLGkieqQ"
"WAM","UCY2KXbyF7G3NJmQjXMBEvoQ"
"Wammmu YT ","UC9himpN5RBm0GjX23GytZXA"
"WandaYYT","UCjWnjCr4tSWGH9_YF4ty7Ew"
"Wander & Wonder","UCpY9REyD26VHNr_Ky2mOT7A"
"Wander & Wonder","UC56VjeGzqoIKwYw1HDnJwmA"
"Wander Alwayz","UCB8C4UhpYREQyzC3u4b8oBQ"
"Wander Bhranthu","UCbjsJ9Y9nfvnIAsgcMvhp6w"
"Wander Earth","UCLb0SUo48aV_8aBJyBzdHcw"
"Wander Land","UCD1PE_hUvMgiNw0jpArn0Jw"
"Wander Wave","UCRsNuPcxtwRHiNbWGqF6Wgg"
"Wanderast","UC_5rvtmRHwjjYEXhKdqX6BQ"
"Wanderer","UCsDaJFWU04T1KRWpVniIwzA"
"Wanderer","UC9HHH5oLrb9rSCtcG6sZTiw"
"Wanderers","UCBLMyhM0Pajr-EBOSZewdOw"
"Wanderers Around The Globe","UC_-9DJq1mDzEttLptwvDODg"
"Wandering Beyond Borders","UCBDlAI2HY69DbXAzrhlnS7Q"
"Wandering Wonders","UCZKm8kDVEf3MqriZaA3RmdA"
"wanderlonger","UCPe5MsmhoF2PU7uIZpXNiXQ"
"Wanderlust Chronicles7","UCMP90877uh4Se_6K2GecZCQ"
"Wanderlust Journey","UCQfJWSD4W37rELGO9KunPdA"
"Wanderlust Piyali","UCnc4kijD7Rjl12wt5e91Rbg"
"Wanderlust Way","UCJtL_zsTtB0EiLzq3KB7ArA"
"Wanderlust Wonders","UC9TeruTXZkakwunb0QURDuQ"
"WanderlustKE","UCWCJLEfQ_kIP9KUwT7P-l4Q"
"Wanderlustscenery_","UC5_PcnoGO_jCnG7BlY7-yig"
"WanderSphere","UC7dsHWn9LULzHSKu1AtOOPA"
"Wandora","UC0Cc7GgcR5mzAHnTj9VThTg"
"Wannabe Adventurer","UCnuZzlg4gaygL40tmvJNRDg"
"Want to know?","UCu-dk3afiVsGJns-i_8iKBg"
"WantSee","UCObOEHqbpPthn6IotCMgILg"
"waptek2","UCo6GhRKKsBuZmzOewMZgghg"
"Waqar smaak Shorts","UCXpYqy6LW4qvZSx75xcP0BQ"
"Waqas Sher","UCjr49zNjXF_WPLOZv-D4xXA"
"War Game Theory","UCtTK8gS4HJbLd_FJz8nHFgw"
"War of Hidden","UCR47uaqY1AUzUQEu2b6z6Ig"
"War On The Edge","UCE50wwfeQUqqLdW0-78xWwg"
"War path","UCCn5bL5ZS3bK_ukY4T5YvQg"
"War Records X","UCvFFGWgGHmmDIIvAJaEaQHg"
"War unfold","UCc-yLhMPjjc4ZM8mH5ew8yw"
"WAR!","UCU3qOr4-i7OkSBnRdH8u3wA"
"WARBORN","UC-lqfRiqDetjVNmm0EclC_w"
"ward lang","UCwDBwcvCseKHZ9vLCCOgcIg"
"Warfare Update","UC4e91Vhmg5kj_xy4GFLFFpA"
"WarFigureSun","UCN20X_xgMEZP44b5J4ukklg"
"Warfront Harbor","UCDjhqASWw76E9x_dckHihtA"
"Warfront Stories","UCOPSEWQ3F3cUDTCYaw5Mb_Q"
"WarFronts","UC9h8BDcXwkhZtnqoQJ7PggA"
"WarLens Legacy","UCEY5CmLyr0JpO7OiS3a_Xpw"
"WarLordMapper","UCP-5JVpBFJWupvx_jlEHD9g"
"Warplane Resolve","UC-lbqLwh---wC_gmbG_6lrg"
"WarpSaga","UChwGHZyPza9MVrCskuS8xhw"
"WarPulse","UC2durOZE9toetiuGDmrW_5Q"
"WarScholar Music, Songs, and Stories","UClEvIGqSpdbhEb-vPeXqIrQ"
"WarScope","UCH0bEPBkdZBeXCaDjp_L3Yg"
"Wartech","UCWNs8GeRdldGZEudbwSwSlw"
"Wartime Stores ","UCdv7x-cXXA9Ekxpi8jW4iug"
"WarTrace","UCHWC1xz_9FPR9jJ8UuHQzTg"
"WARVERSE CINEMATICS","UCsWQcF__pcECJFYkZ4fbYow"
"Wascemal","UCmUh-SansRZMzxSMlfORHIA"
"Washington Brief","UCSUvaeR1I1WolyGzD6VqtMA"
"Washington DC tornado_editz ","UC-XYghkxtxGFhlAk6euwbew"
"Washington Post","UCHd62-u_v4DvJ8TCFtpi4GA"
"Washington Post Universe","UCYBARVyitZWkFKovnC2jf2g"
"Wasooq Tv","UCO8SXUkU6irKC2exHMgf9ZA"
"Waspie_Dwarf's Astronomy & Space Channel","UCL9bf2tIt5AJe9uTDxBW2JA"
"Watan News Network","UCVuSa808yBcGi2y4mgWdliw"
"Watch Facts","UCarjxZQFyJ4USkwyhvprTSQ"
"Watch Fine","UC8MLnmjL3Y4S7hQsVzYuDfQ"
"Watch the World 4k","UCDqe-zh6mzpgTaYdJmsTQ3g"
"Watch This ","UCsDNc0a2KsU3NQ2r9lDlngA"
"Watching My Stories Podcast","UCOtLfVW7dhh7tqpT--O2tdw"
"WATCHIT by Aqua Marina Technology ","UCodPk9IcKl0zz-_QWAh_xkQ"
"WatchlistTYT","UCdUdP5BeOsua_j3u-0ZbL5w"
"Watchmen of the Night","UCosEcVeRT52NFCpcYsOqpxw"
"Water Wizard UK","UC1i_Zkce-sqcaVe_ORqGosg"
"Water_editor","UCU89JPJq3lXl-CRKb-A-9gA"
"Waterdrinkergamer ","UCL22X9tlcy712I6BOLnCVZQ"
"Waterproof Expeditions","UC0vKglqaC7CTN0w_QbUXHXg"
"Watsvideo","UCRLPNPXsQJTR9h9kcNhosMw"
"Wattoofun","UCtbIconXsIN9TDg35YG6zqw"
"Waves and Wandering","UC6g68D4Oh5gs5mQbvScg_Ow"
"Waves vs Giants","UCO9CJ76XyabDL6y7T1R8mRA"
"Wayback Explorers","UCjKcpxxRyjnuJTES3vOTq1A"
"Wayback History","UCd5KNTGljqv42XFH3sm9itA"
"Wayfarer Insights ","UC7aecUiFWGT5fuwWyuwdSZA"
"Wayfinders","UCxf5Lb_olgUlQLmChsKUkFA"
"Waylan Musson","UCs67SE6USEJ5tDv4PXkcE9A"
"WAZY-NATURE","UCTPGVr2W_xbun_HZIpCiw6A"
"wbpstarscom","UCb-Op1bRPUH6Q4eH751_OSw"
"WC Daily","UCArW26nttfT3IBTgs-5MfUA"
"WCNC","UC-RxXi2Xws6Uk22vp-sLbGA"
"WCTI News 12","UCOxwsAbz3PZuWK5OyFKnNLg"
"WDAT Vlawgs","UCcSqM75LzjAdsycBHt8vyVw"
"WDT Channel","UCukpo9HPLRim0Kl8pnArGZQ"
"We Are Iowa Local 5 News","UCvoiXGD8UhXXKzbI-tYo_Ig"
"We Are The Truth","UCoPN53y_dDhZ5D5ypBFg5vw"
"We Be Tripping","UCBurl7BVShqnNIDp8m8xw_Q"
"We Don't Have Time","UC8Dx8uCHYormjKjjHW7vg5w"
"We Get Outdoors","UCRXEhM-zi_WwyIWsFYKj_oA"
"We Knowledgeable || Relaxing and Meditation Music","UCTM7cOdfDRIjsidQu195D0g"
"We seek We find","UCUGgO_xWAIhARfKDtPR0btA"
"We Will Wake up","UCVfIi4dmHB85lOsN3fzYWvw"
"Wealth 2.7","UCuNRW29uPw2gDIVNKgUdPMQ"
"wealth aesthetic lifestyle","UCZ2t4MVEaKkQJ5pJANQOe9w"
"Wealth Navigator","UCl22WrwAELIdVT5YCQ_utBQ"
"Wealth Philosophy","UCrefXXAT8SzgFbcfbQFd2gg"
"Wealth Wrath","UCy6BWKx17P-vN7IvepIWQ2A"
"Wealth_Inequality","UC2rzku6qzHJtHTp7UDmpfvQ"
"Wealthion","UCKMeK-HGHfUFFArZ91rzv5A"
"WealthMinute","UCpA3RgmJJf_VY4ZdK7Uk_kA"
"Wealthy Business","UCC8OwmfhuMQbpopmDf2os4g"
"Weary Panda","UC1uGWuJYIIZ8lFbYHWFengw"
"Weather Euphoria","UCq83wwRYxydRjTIItArQGXQ"
"Weathington ","UCM078ezDNEnpBY2c7bZfK7g"
"Web Monkey","UCCtT05zhVJEhGnFLLv3FBkw"
"Weber Arctic Expeditions","UCf7jMOfTI79JTn7H0zTN64w"
"Weberz Way News","UCHBYm1teg0xXwW2Utq0lAlg"
"Webpreneurships","UCPowqqkQ9NogjeN5Xf5qNJw"
"wedontknowwhatwedontknow","UC1t2cTPNb4mfEhqQYwkiC4w"
"Wee Science","UCPoETxwKbia8gI0k7Gp69VQ"
"Weekly Paper","UCalLz_IqhVfNy-YR19-93Wg"
"Weekly Weather Updates","UCMRTkO6LltDSj2asSns8dDw"
"Weigh Hard","UC2IwASFTuxrBUBiKxn5xbtw"
"Weird AI_ - Topic","UCe92IyqrPY8a5aVAi5Ej50A"
"Weird Edits","UCvJJGQmJ_Z7_aiXuTsx20KA"
"Weird Facts","UCYBEsHhURSWS5fL41Mp6AyQ"
"Weird geography","UCa2nKbIN_xWfACFSTvFeMxw"
"Weird History past","UCAoQIEprBYd_2zALEert1pw"
"Weird videos","UCjEvtsRNI815m4KvGSl_JTQ"
"Weird Wonders Hub","UCxyvLiHXtYiKJft57VbcV5A"
"Weird World Facts","UCtciEvIqEX3aC8YsVdv1edQ"
"Weird World Laws","UCWLPiAHzGNOIIisAfSszHPA"
"Weird World Stories","UCmXQlUZg6PFhft0MN88oSlA"
"Weirdly True History","UCSkD1nmeAzJRvsl8pCBQHSw"
"WeirdWittyWisdom","UC8HPRX6tZ4Tsb4ueaBaDsww"
"Weired Mystery","UCNco0j6_WeYhgCtPL5RYAJQ"
"Wel","UCix-HUVN2LTTI4W_XWoLu9A"
"welcome edits","UCX5balX--F2NpsZjK1SWdRA"
"Welcome Gamers 0007","UCTzZSzoIMpp3T6L0BM1EKUg"
"Welcome Starts with We","UCz5owjBgQc8A3qfisYQmtrg"
"WELL WELL","UC2joNhMtubJDDhRdgrDXeQw"
"Wellness for Life","UC3U7Ct9j2eRYkxk7EmrBURQ"
"Wellson son","UCnlKsmKc7Mi2kP674hRSRoQ"
"WELLWISHER ANANTHAN","UC45rU9kFJ1okV_ov9fw_xEA"
"Welshie All Over The Place","UCk9HvttSEuU7gNhX3Gr4f4g"
"Welyn Spalding889","UCQCTgam8nxTX-ITsYRyEZug"
"Wemovie ","UCrbBH_16NN4cEkD6RcuM4tw"
"Wendover Productions","UC9RM-iSvTu1uPJb8X5yp3EQ"
"Wendy Morrison","UCqLdanZOAVdGX1ibDiYpkaw"
"WengsDay","UC4NYx2KOLeXH5R3Qgaek3Jg"
"Werner Goetz","UCiyV6f4S6hUVn8gN3W1CK6g"
"Wes O'Donnell","UCnRmC8k3qzn0Qxq-nQOWmOA"
"WEST","UCM6GBsvUlN_2KW-pilm0uZA"
"westerhaw","UClm2UYf1MPDtI3oNtHk83kA"
"Western Washington University","UCT845gB1xx0wrqfCIhUYeAg"
"Weston Pillar","UCsnX5rRfju3oko2x2cnHEAw"
"Wey Farm Outdoors","UCU9gcJG8UZcBp7qyKPkX79w"
"WFRV Local 5","UCvRw8OyWw09DA1ndw-PWGFA"
"Whale Mapper ","UCfyediuPjHjwamSdCcvFMmg"
"Whaling Museum","UCIxLGrtHe9GOjNI5Qc-ZA-Q"
"WHAS11","UCTvZcgH_rsvaGuZ8mU5jpnA"
"What a Joke","UC9XebtTm42UHjuJykCxyj1A"
"What are we learning today","UC6ZC0Avpk5WfZ9iLSg1DX1g"
"What Doesn't Suck?","UCBAjqbkJQCkFrKuMK7GQ89Q"
"What Duh Fact?!","UCBCl_MZYg04elhAyKr5JD-w"
"What Happened","UCyJDydcLbZ4X-G7WUd5tm4g"
"WHAT HAPPENED??","UCXY0A65_A596ws19Dw0X8vw"
"WHAT HISTORY","UCWH2WpVq5D2ndgesDM0GvmQ"
"What IF AFRICA","UCa_O35x7NMIHQSf4i2vyb7A"
"What If America","UCnHzPXP2zyCuUUPVF-_fveg"
"What If Cosmos Facts!","UCxyCOAk0XM-Kw8xcuZzTh2g"
"What If Series","UCsmn8t_9zAtwzlqqZDPrrhg"
"What If: Parallel Realities","UCB84AG2U3SgtN43JrKgTWsg"
"What If? Show","UCRw85vnC_rUlhjJJP_s4U4w"
"What in the world","UCKGS6xPFJnLwBu9YFJd1Brg"
"What Is Under The Rock","UC4huPrngn5i8_E5AvX0Su6A"
"What Lurks Beneath","UCvwo7Z0eSMpbyMSBE4Iryrg"
"What the Earth Hid","UCEHpvaFJRV6RX8ViRSCq-Sw"
"What The Fact","UCZ7rd3qftb81J8LS2oy91cA"
"What The World","UCgUAIVXz2kbBbznP0W1nJNg"
"What They Buried","UCmEp8Yq_Di9Tzo56UFn2DOA"
"What Up World","UCziaXOxYOWa0i5GAgZZwU-g"
"What we know","UCdeTVzNxSTtDau5-9eSV9xw"
"What would happen if ?","UCr3YYFBqwmrJSvO_aZUyHLg"
"What! Why? Facts","UCuwyhDshDJ33IQ1vnpkIdwg"
"What-If","UCWONJ5uxr4Dv44xIn7bv72Q"
"WhatIf Universe","UC5wJuGZrt-bgCCmRx09ssdg"
"Whatİf?","UC0xEoxxD66R7ZKhuyDPfsVQ"
"WhatIfAnimal","UCjFQ5c5KpycuM3RHeb4_5VQ"
"whatisthebestcountryintheworld","UCX-lVRy23CgF1RG8A4oNIiw"
"Whats Buzzing","UCk2oLgxzqnZc_GYnYNXe_2g"
"What's Going on With Shipping?","UCT_yBgKSiwb3WP4ACPnF5nA"
"What's The Why?","UCnAU8F-355EV_dA9uaXh_BA"
"WhatsHotWhatsNow","UCAS4RV1Y8Y-UGLxi5GUejmg"
"WhatsThisViral","UC1LaisOu04_ozKmGDKNBL9w"
"WhatWeWant2Know","UCdbtTm26kAj9gljDM6qG_lw"
"Wheeley boys","UCjkuT1QXs7CDQqIPXiL4nTQ"
"Wheels Up!","UCA-Q_YN-4NHwJ1bnqX4icpQ"
"When Opportunity Comes","UCF6wOGYuTCGW4G1-giFrGUw"
"When Sachin Explains","UCzeVD2I1aofHGr7aqkRRxPg"
"WhenItGoesWrongHQ","UC52hPWllv8CFXSqedkkfK9A"
"Where Are We ?","UCv9n4wv_Nq33HLskS7EiQMQ"
"Where is Heidi","UCC8rI7akLuAxzV_mUG4I4HQ"
"Whereabouts","UC1vEnbsDpUM9WY0XScBJxEw"
"Where's Wiseman","UCHkP_71zCBe_b2dpdfLEVVg"
"WhereToRelax","UCdBIgtmT1B8VELwRW1OTq0g"
"WHI Podcast","UCyOu0iEmCqPnZIaTGs7Cn3w"
"WHISPERED ART","UCS17Ra3eJsIzqTDzHJ_205w"
"Whispered Empires","UCNCMe2s8hF7SxT4FlitCagg"
"Whispering Nature","UCaP5SPYLb9MhWRSqDv6gnYA"
"Whispers After","UCeHhEnlP_VPGbYZbM0OoPTw"
"Whispers After Dark","UC6T2tmqGXYh3OhM4jGWMTUg"
"Whispers of Literature","UCsgtbc-5WzhfoGHRbj7lx5A"
"Whispers of the Ghost 👻-","UCYgImmxYoFv92UVYTogUniQ"
"Whispers of the Weird","UCFV8vcfdbELW2plontoEO9A"
"Whispers of the Wise","UCJ2Y2HCsz7h-ehzq-RjED0w"
"whistle info tv","UCA6ZVV8d796izbi-N-EmbJw"
"Whistle Occurrence Fan","UC0wCTvg5Bdlht6KGcCwAWmQ"
"White boy gaming ","UCh7SEar1bQ7OiNvAKRjgjbQ"
"White Brick Forum","UCxKJfFf25I8eVTS50xNj50w"
"White Cipher","UC2krJjX6ugu9VelZvdyIiSQ"
"WHITE DEVIL","UCNUmoQRYcvqbDDYv7Wwimxg"
"White facts In hindi","UClu9JXq7LX7I7gQngXKSBBw"
"White Guy be Buggin","UCfkkchuhNkZJSlohaE1Jyxw"
"White House Weekly","UCCKv2Svivc8Vnu0IJoA91Rg"
"White Knowledge ","UCY1YuXuTDsm-eci0LcNnkfw"
"WHITE PAPER STUDY","UC_uG73XsWMspC3v07c8Wsvw"
"White Russia Ball","UCISR70_8TjP9o6q9GyxVfQQ"
"White tiger rangers","UC54jDDR5gRvfJaSIh4xoZPQ"
"WhittyTheProGamer1244","UCnQzCKArKtNXNFSxRXa0FHg"
"Whizord Network","UCVe3petow_ziwXqrMA4ebxA"
"Who is","UCNmceRYlxSxebDVLuEBAmTw"
"Who Wants To Learn Greenlandic?","UCXgopCFg9V6VQj-CoWFigcA"
"whoa!","UChdjhiM8WkkLO5ZK6uOftHA"
"Wholesome Gramps","UCqf0Vm-QjAhH6boPTssANpQ"
"whupff7","UCdN4XezkIfo6k6lYuAF9A-A"
"Why Do Countries Exist","UC-cpiU73OHcF0akB0yl6eQA"
"Why Is","UCCywQ7ZpXcFFpgpt86Wtk1w"
"Why It's Trending Daily","UCnXetS_8Wv07UWh1GJlJfNA"
"why -r- we? — factually fun!","UCJVQSCdUHOS83lWEdbg0iTA"
"WHY?","UCeVkXmngtIFZjRu40G7t20w"
"Why-How-When?","UCExYnJ_T62A83dIEj9C7SBA"
"WhyThis","UCos9-vd38G8EwQP3CZYicgQ"
"WhyVerse","UC5hzxECiG992vZIB5GFx1wQ"
"WhyWhyandWhy","UC21fr_9IbX_XEkxUXCbjAvQ"
"WhAaaat !!!","UC2SBoL6lnnRgwrur8UIy3ng"
"wiccoplays","UC0Da_3zgzALOO4gkShQOh_w"
"Wicked Weather Watch","UC3lwGTZCeg-jNkctozKD-Yw"
"Wicknews 8100","UC_rJS_-ZFJx3YiVUIkhY4-g"
"WICS ABC NewsChannel 20","UCXaI1Qy4DJ2lTlTKWEoXFlg"
"Wide Lenz","UCnUKI88OYCiunmMCeAmr0qg"
"Wide Nature","UCBOubfqlbCkLrqZYFc5ancA"
"Wide World Of Wunders","UChT-GXqulqGg7__-XRA1_yg"
"WIDOWONPLAYSTATION","UCgSnUlFdYrdGX4YJ3KIsm6Q"
"widya Astuti_03","UCr5m-ostRU8oBZWGsu7MT-g"
"Wiedza Fakty Nauka","UCwQsoJ-PRVO5G4YctA3mdxw"
"WIF","UCEtzsxNvv3pB2Ze2hw0OO0A"
"Wight24","UCzScOlS5MJhBVB0XR13Ouog"
"Wiki4All","UC9m0TI-Yt1TxXWZCezegv8w"
"Wikipedia Fan","UClqS6IYGeofUnMEBJmSzf2g"
"Wikipedia Fan","UCqsTEykZZCMfAA5wK3mEjyQ"
"Wikipedia Fan","UCrpY3RRy905oE3SERqJTmBw"
"Wikipedia Fan","UCMeSYAu27EY1aslaUSaL6VA"
"wikipedia tts","UCqKZqRCjBaE6TBfi_JQc8ag"
"wikipedia tts","UCGajAfZZjyDnyA7YQU0xpOg"
"wikipedia tts","UCa7A71byaczz6dAQM4FZngg"
"wikipedia tts","UCzarwQFaTMe7t6SoGgLHBwA"
"wikipedia tts","UCYsYRb62nVuCJ8-FojrZRVw"
"wikipedia tts","UCAPfXm-c3VR47NQiHh7MM-Q"
"wikipedia tts","UCSXyUYsSKnOACkkI2mF1F1g"
"wikipedia tts","UCmp1SkLvf1pYMPK7PE2mYXA"
"wikipedia tts","UCmmkBTh8HaiycBZjOc8cVgw"
"wikipedia tts","UCe9qlV5GQtAsYCTdRwgeHjA"
"wikipedia tts","UCGoNozP_2TZV5hVciGW1y6Q"
"wikipedia tts","UCq_18cPisSCz-cV00IhZ07w"
"wikipedia tts","UCV5cie6grszX4UTDJzpFOyA"
"wikipedia tts","UCuKfABj2eGyjH3ntPxp4YeQ"
"wikipedia tts","UCsPs4JQVxo2-IjKMs4NkZPg"
"WikiReader","UCIP-xiJX9HjNgzASuoUtPOA"
"Wikt Or Roblox","UCqZRuN2Yn0GQgMLUmF1yAQw"
"Wiktor Rozmus","UC-TVNYDTjvDTTDUhHHyIrcg"
"wilbozz","UCrdEMSrs1mJOOfLKMnC8QNw"
"Wilbur Sargunaraj","UC5EGDYNWY93RTbg1jM4AqrQ"
"Wild & Wanderlust","UC44gEtRmKGkHFrcqOg_CM1Q"
"Wild Bond","UCkYKcHdIbM2KIn1oqF9aL9w"
"Wild Ideas","UCtN3i44AlMDEXrQCso1hyJg"
"Wild Instincts","UCauee8XpMOC3elNsnF9Hfng"
"Wild laughs","UCZgwrHsQGDARTOlwlpEOW3w"
"Wild Life","UCWxknPyVnTh6A3tUyWArovQ"
"Wild Life Documentary","UCG_5iG_cGqAZzsqvWq0y1EA"
"Wild Nature - English","UCFaboiWx-LeQiyHM96Eh6DQ"
"WILD POV","UC2JU11J9qIT6xa8gTeqNvZA"
"Wild Shrimp48","UCrR2NtK1k5sNDWVpEG86yVA"
"Wild Television Network","UCKYYAFiZcuzCmqzOQlo5YZQ"
"Wild Weather","UCg82Mk_bTfGbFqxFY_CENVA"
"Wild Women Expeditions","UCbQE4-5YF9zgkmXnQEO7HQw"
"WildCraft Lab","UCV4oEDCLIX3mrgSQNL_ztzg"
"Wildfoot Travel","UCA9rXy-UvKD_HGmTR2nq1WQ"
"WildFrame","UCZcDocJXTJ4DWW5fdtilIXg"
"WildLens Chronicles 0.2","UC4scDEaS_731OkjduR_wJVw"
"Wildlife Animals Videos","UCWFbetMt0c7WsbGEsS_ha9A"
"Wildlife Facts","UCktThTWVtHFMqIv4wq2hdug"
"Wildlife Tube","UCkYZ7u4lty7YNfAc1RHav2Q"
"WildMy","UCREaJx49bwMfkvMkiSmYU2A"
"Wildness Flateyri","UCTIO3TPmKTw707-bIi4G_CA"
"Wildpawadventures","UC8GRkeHRTLEuYBmAxLLU7Dg"
"Wildtrail Bushcraft","UC5JkoOdRz3Pt4tgMAO4PSsA"
"WildVibes ","UCF4A3PzKfFntXxOX1QJ98xA"
"WildWatcher","UCsnFSOAYnk5anD_lIYcZUrw"
"Wilfor Mesa","UCxVReU5ayEln93UwqaFzcrQ"
"Wili the Explorer","UCW1Ilc7-Qg2HGfsRg48H3lg"
"Will & Lorenzo","UCmO0UnS7eu3KpmAbwC78WXg"
"Will Dryden The Pilot","UCivMAw8bYjfAKiKbp3pa5Kw"
"Will Loving","UC-X3z_FfBhJumJI5bBOp8KQ"
"Will Steal Your Heart","UCAN0NMFt99E8dPLmsosBWYA"
"William C. Fox","UCyuAKnN3g2fZ7_R9irgEUZQ"
"William entertainment ","UCbLpovjDYGlAhrT8m2R-7aw"
"William H.","UCIXOP4CoLYP25PWlHq_d_ug"
"William Spaniel","UCJDIGW0ywWw9Kh9_vtwqxXA"
"William Stickevers","UCFvTNmfXMRunYSNCitOTr1g"
"William Whelan","UCTbg2p5aCewyLyAqDkTAbKw"
"William Wu","UCyvGwBM8lv1KBKKnOgXlf-w"
"Willie Explore","UCc7Em6yZCL-tcyKolowdGQg"
"Willow’s Wildlife Wonders","UCvB5upaTFlb_2rBtCy3NLGg"
"Will's RANT!","UCozYBertM0EkTxXQpNzvbEg"
"Willy Willy","UCJaRcHsx7iDpQ9mqrHjlzhA"
"Wilmer Valerio","UCKUZOPq0xU7DsP47jWp_JgQ"
"Wilson Chiu","UCh7-O5yS0GvVAU6ffF9_VNA"
"Wilson Leung","UCDcVv4cOq-Imjj-1QskEwpQ"
"Wilson Museum","UCKneSs9F7ajn4JX88CdmXwA"
"Win Africa","UC8ZpqtmkOcYl2Wq4nvgykDg"
"Win Geo","UCmgK7yzaurtqP0gZJmtoFqw"
"Windows 3.0","UCwF_kNssL18OavWoZ9C3Viw"
"Windows XP 2024","UCrod9lz2XPlG3Iz20T5rApg"
"WindSurfer","UCsn3iJPfcu9vB9SapLIWNYQ"
"Windy City Sports","UCcADpfyDa-WwPuOLlyItuCg"
"windy gamer","UCpsEBk8MWFY-M74c6mTqZ9A"
"Wingera Street ","UCPB9K1GxhcLQ-cP3LkypuaA"
"Winging It - Flying & Travel","UCmgEOf6-nLChQoRk9ntgX1w"
"Wings of War Stories","UCPeWhKRnHsqFT9CVxwGzgRQ"
"Wingview Aviation Videos","UC1_GPHVEwYqF1lVyvmEI2xQ"
"Winkwing","UCjMSOcinueHV4ZUrJQRCAUg"
"Winnipeg Voyagers","UCx12PdN1o2ZL5bA2Ck_WhvA"
"Winsley","UCtNkExz9EIUTtL39tRctpkQ"
"winson ze","UCqk4_y2-9MzV4sDbeCunWnw"
"Winston Marshall","UC1B4F0eOVEq_NK7k5dNLlFg"
"Wintergreen Dogsled Lodge (Wintergreen Dogsled Lodge)","UCc81nz7Cp5AlpKt9tpo6ZeQ"
"Winto★","UC5dZKqHS4RNHLjVf97cFghg"
"Wintz Studios ","UCIMnIJQohgun0Aa_SpRokCA"
"winvorax","UCKMx4cOyDbtPAFkSnAo_V5w"
"WION","UC_gUM8rL-Lrg6O3adPW9K1g"
"Wiqi Creator","UCB0am3v4wqA9lzjjTzp1GNw"
"WiscMarq","UCDdpSNF7rUg5UNc-_zg6Jtw"
"WISDOM","UC3DGXzx0Ji2yrcIHQhpUgTg"
"Wisdom Educational System","UCLMzYA5Bc0ow833IptYY8yw"
"Wisdom Friday","UCzgRI9mcOseLD389E5eHlIw"
"Wisdom Is Wealth","UCX6y13blh1tf3ld559wNx_A"
"Wisdom Vibes ","UCYHYzYURpKcOyDKzeHDXO_w"
"Wisdom Wallet","UCdhyJ879NC_Pj4onGF7cfvA"
"Wisdom1217","UCAQWnZ5iHZlvLvT3K5zSWvw"
"Wise Mind","UCriJYoQBHGhnF6WXrnp-hnA"
"Wise Teller","UCZejKkiyMWuGN9iIcCfzrgw"
"WisePol","UClZXQw_4jRrGlObPl_aZdcw"
"Wiser Bits ","UCr_IgqfefFtcWrUy1XkzFxA"
"Wishma Lowa - විශ්ම  ලොව","UCY3-fwO9ePCL7d8N3cYAJXg"
"Wishnu Satya Mahardika","UCzd8NBukXk_4Z2l-L4ZFaeg"
"WISH-TV","UCKe4Fry0MyvT_SRrmn0_MiQ"
"Wisioner","UC2w5-aN18XIDsDY_Xp2XVsw"
"Wisnu Wardana","UCohNRdZWmsaMGFByILfUpzA"
"wissem nehdi","UCLxlcuS7cWHQfMYpDOe9-wg"
"WitBraining","UCvtCDZSnRIhKzpdLlrGDhFA"
"with amritava","UCSBbwAAg8kLmMdrvkvSWK7w"
"With Love","UC9GJywEE0XjfAycJOLHpx3g"
"Witness","UCtgzOmdSA1HXu01PZg3Kkwg"
"Witty Professor","UCx_FMYRihA5wng4aMoEhyyw"
"Wizard of Duke ","UCwyi9eoIbTiIN3n9WZ32M3Q"
"Wizard's Satire Lounge","UCzAGf9gjDQzRM6Hp8J5OzrA"
"Wizie","UCIgvF7LzfEkEG2w3HNUJjrw"
"WJZ","UClYiny8IhDsIk5SivucNl7g"
"WKYC Channel 3","UCNBmxc6FvKyxtCpUygcdINA"
"WLRN Public Television and Radio","UCRsIGRkKx6kUF03jo9eHO_A"
"WLUK-TV FOX 11","UC72xzKVi3b_2oed6zQ8KKQg"
"WM fact video","UC8MEZId4kpsdGHTnpFQB0gA"
"wmgeomovies","UCcHOYjHpSPYgGcwU4aXyxsA"
"WMTW-TV","UCqvtjfI2zzRl_2W_KpEnuMg"
"WMUR-TV","UCwuZjWoiT30kDTz0G41Y8gQ"
"WNEP","UCRntP8_e9ZPvlO0oru63cbQ"
"Wniebowzięci by Paweł Kozak","UC9qNRaX78tilCfpqcY5sfAw"
"WNS","UCnO4WC2jWJ0Su-tJxwftiEw"
"Woa Doodland","UCi6oQyrtZDMZdRHIXpQU3eA"
"Woetmann","UCn6Ct30qp0-8Cikz9400MxA"
"Wojciech Bierowski","UCV1kiLCRVwOi3ibL3b7n2NA"
"wold_facts","UC54c9roQKGqR4HPgxcT4LQg"
"WolfBlade-YT","UCOZ0K2M6nWytKsM0TZKUh8g"
"Wolff Explained","UCXv1dFu9VGpfkekUH0ht5mg"
"Wolfgang Hoffmann","UC2aXvuQ86zy5VUP42DaNLfA"
"Wolftaenzerin Healing","UCPha0kE0HHmobTzHA_inAng"
"Wombat Vibes","UC8iiY1gK7-y1g-RyXrXsUCw"
"Wonceptual","UCF3Uau-iszhJa0qvrW8_Wlg"
"Wonder Atlas","UCc2zXdLmF58HqWYmUKv2wBw"
"Wonder Facts","UCyfu0oFXgOKWaePHNiMyLYA"
"Wonder Light Kids","UC3x12UuP1wXAEyGOFlVROlw"
"Wonder Path","UCKlVMXfXaFPYkNwdiHT4Scw"
"Wonder Videos","UCH51jAlvhQGjsRgAU1ps1ig"
"WONDER WORLD","UC8mx4kL3NIo4SZCuKVhxxUA"
"wonder_world","UCOSRKGbunxla0YE7lDGzo0A"
"Wonderbot Discovery","UCfPwSKGQ9fBj7XW-uj_r_Ag"
"Wonderdet History","UCx_WTpcuuf7OW2RRLJdtV-A"
"Wonderful Life","UCHL5zWC8e84zbEDGf0dF9Vw"
"wonderful sight 3","UCT4TXrBG4dvKKJP8NEbX_YQ"
"WonderHub","UC1NUlvq_DPb7gzGgg7PT_9g"
"wondering_world","UCb7GPTNZZ6wIoO5OwVZZp9w"
"Wonderland","UCfbUIDNu41bqenRyDnBP_XQ"
"Wonders Beyond","UCoWAA2VG1SsFr7A70wNqnIg"
"WONDERS OF EARTH ","UCrHJeR6zizRdN5rn-P3kiHw"
"wonders_with_ traveldude","UCga8kfcRxtewmVry2tVXHCg"
"WonderScape","UC65b5vyn_nKLyecXrKI2VxA"
"Wonderstudio246","UCTWfD2vZmbn2uNDjTu9mBGg"
"WonderVibe","UCWZJJYGZlgxyyKOiqesV77w"
"Wonderworld Mega","UCOkWMGzFKR7ExAk7hy_54bA"
"WONPLACES","UCV42vIpI1giVj9lBejuG7wQ"
"Wood Worker","UC3p_WrgpOD-7HZQp3ZF0Sdw"
"Woodme | Copenhagen","UC2vqxAP8o9DlRhRj9MJLHoQ"
"WoodrowWilsonCenter","UCckWkzE1dVhYCtAVrs3sC0g"
"Woods Hole Oceanographic Institution","UCfxsF5U3pXBZFuXc9vY9nPw"
"Words Power","UCrZm6p68IvtF5ji800vMnRA"
"WORK TO ACHIEVE","UCjCuR_r7K5nnY7jJXhTPSHQ"
"Work Visa Consultancy","UC4Odc6doo4j6kSoxGQgRizA"
"Workers International Network","UCJRMwEehhXXL88ioE0rtiDA"
"world","UCmFzNSvSmNxPM3LDCI0qlUA"
"World ","UCiUqTWpCEXuJ2PF9awZ3GgA"
"World & Future Documentary","UCWiiLTmHN4sJ-nf3k3BV0nQ"
"World advance ","UCzpCtzHiO6HcngNNpk28TRw"
"World Affairs Analysis","UCtzKwgUu1kcK02GxnBfVDbQ"
"World Affairs Brief","UCi4xsv2vAiegppHCFElMHwA"
"World Affairs by Rithul","UCx4lAzwvcoN_YZ9VV5s9TxQ"
"World Affairs In Context","UCrbT82fJGrSRXkNaxE7aYPQ"
"World Analysis Bangla","UCk-9mvvo20NjVTvniwBrCKQ"
"World and Geography","UCxGYtS-VoR1vOzrzggw7D9A"
"World At War Unfolded","UCYTeZqm0_RjsecxPO0SVEHQ"
"World Brief","UCx1TbZvfEx09T8jzpppsDoQ"
"World Brief Network","UCoW6zQXCJfaPBFb-wL1nvoA"
"World Capital","UCpDRCuRk5czD1MS2EW6HOHw"
"world City safari ","UCbP39rzmvjB-HcvuYpQkkFg"
"World Clash Reports","UCd2K6xvpTYbcnTzp4WtshZg"
"World Coin History","UCZ5rqNqs44ycUNEZh7AA7UQ"
"World Contexts","UCjQduRcXqmuBqleD4hvg97w"
"World Decoded","UCfX-RvjQOuhOgcmRGGkQbzQ"
"World Deta","UCqLXgCTaARn8uEmDY1i3tCQ"
"World Disaster Archives","UCTCmEkZvnQ2QoBzf1tRecSA"
"World Discovery","UCcBRpUQgciZjZCxS2r93mJg"
"World Discovery","UCRZevrH57d7b_KLzgp6IZOA"
"World Ecology","UCySFPVR_yC3idlPh10-v8JQ"
"world empires","UCchyA7iYyWrQCV69pvWdM1w"
"World Explained Without Shouting","UC_VdXW7WwRwRbAaok2P4Zxg"
"World Explorer","UCu2s9BDAAJwryzPPL2hFi7g"
"WORLD EXPLORER","UCPJY3lLCWieaAyyzOlkh7yA"
"World Facts Files","UC5os5RhcrGQw41rHQBjp0ZA"
"World Facts in","UCb0n78kbR_xupNe84btoHkg"
"World Favour","UCHBc3hRRe_8Hk7HPnPJDP9Q"
"World full of Beautiful","UCQHHj7BENDirrvb9RopjqAQ"
"World Funny Moment","UCDmj6mTwYrLUQ73TsLvNfnQ"
"world gaming mapper","UCJuKsTU9TwRqBGAjJGgw-Kw"
"World Geography","UCTyew3P0GXTbP7AVbhmE9Qw"
"World Geopolitics","UC1ffT8CnB6dhFvwJOWiOLkw"
"World History","UCtWVi-0FPPy6htWecybFnZA"
"world history","UCtbbJjk5AXeITNSEuFziyzA"
"World History","UC57wzeYGWQbQ8q1tdSKYaTw"
"world horses","UCYOC_o7a6iargGM6w3xiprw"
"wOrLd In  4k","UC1vVq31DN6BGuE079rwAsuw"
"World in 60 seconds","UCKsqMeRRuEWJSRUAzXoOUfw"
"world in facts","UC1sCTfwGceHWWZvls6dLZow"
"World In Hindi 4u","UC1GMGBHJoBIjccN6BHWBNpw"
"World in Maps","UCnf75FSn2l-vQjH4mgqPFFg"
"World In Maps","UCNBIqKxARPnpL6J_21jZT2w"
"World Information Tv","UC-b1PDirh10CH-0ngamyFcA"
"World Insight Global","UCXN35aDs1LgC5dUS7RYoCBw"
"World Insight News","UCJ57KkVXa5mbH7sGS2tUD1w"
"world interesting data","UC2qiiJ_e6v-QwAtpfgWJTMA"
"WORLD KNOWLEDGE","UCLrmzz0e3LY0DMF4zEoq0uA"
"World largest Oldest Historic Items ","UCj9zgwfhHyaG5uHo3n2XddA"
"WORLD LOVER","UC1_QkM-O9SOhaoM5rHKaXMQ"
"World map and size","UCbu3a9DeLZLegYsCwGXXxgA"
"World Map Comparison","UC8znAlI-0fWLjiR6zAZ-Wzw"
"World mapper ","UCVMCcJYJJBbjtRoiapzuMWw"
"World Mapper 🌏","UClFIGCMKqcDMXEzGYry13yw"
"World Maps and more...","UCr9qvynuxhCQeq3jQSuAopQ"
"World Maps Online","UCsXDLjtf6R_vgADsHqCzoDg"
"World Military Focus","UCkLTmXIbyaN5KXQC8G0ZiSg"
"World Mirror ","UCcR6jID9EfIMwck_kSh8TNg"
"World Moments","UClPQ5ltFemNk4pd1sHEDODQ"
"World music Industry","UClqrWStYQgsQy5nQ9Lh8EKg"
"World Nature View","UC6VzUJj0MbG4DgnGkLqgIDA"
"World News","UC_xjx2hGdHDyMVu1f5q72dg"
"World News Briefing","UCFs0epk-gOR1bbSLE29lrSQ"
"World News Live TV","UCyp4f8Gs0SLO6JoCfNALgog"
"World News Shorts","UCu1lMDV5Mgrlk9_tS6rx4vQ"
"World News Synopsis","UC2vdC9dxrluLQUk07GdORUQ"
"World News Today","UCVSEOhwuNato0SzCs8ZspNg"
"World News Today ","UCU8ouzHQliF82KI1RsGuUJg"
"world newshub","UC28LLp9leG95hr6G9E4p8WA"
"World No1 TV","UCylb19e5FiE1rutNx-34EUA"
"World Nomads","UC878xUcydsLecuMFgczk9Bw"
"WORLD of ANTHEMS","UCryp8p_K7poDVkDTTVJk6GQ"
"World of Aviation","UC9E-OnMMsi3tRnNoQU_-QFQ"
"World of fact's ","UC_EXvHrCmCd4K9r2dDFVJZg"
"World of Freesports","UCea6fJW253aTGTx0i0p5qig"
"World of information gk","UCXlhevEJJS4884eiki7Q6Rw"
"World of microscope","UCg1tkFESa6XYZCmptXsA7mw"
"World of Watches - Video Catalog","UC8OlMySj99dCUVqNp44JGDg"
"World Order Explained","UCFOPPDovjSR5LHGFMnOhYIg"
"World Order Hindi","UCHvdjZxWURd5NmLfdOW7UQA"
"WORLD ORDER INSIGHTS ","UCHIGAZzRfe_6FSfF0noddqg"
"World Pro","UCIaKIt2zUO6MEn8qnhQ5ZYQ"
"World Provinces Country Balls","UCWt1OO1VCvEJtd1EuEAAfxg"
"World Pyrrhus","UCzw_zph0X5Plt4mRprwGNoA"
"World Rewritten","UCM49LBNyg22fYHWh59wVIUg"
"World Secrets","UCm7qEfy9E6wSr5zTUV8Dgaw"
"WORLD SHORT DAILY","UCho44Vd7aZW6Y-GDAT1yTrw"
"World Space Observatory","UCSzgDDN-3WLKAWWV_JvbmbQ"
"World Statics 10M","UCZ1eCrCHm7IGNMPx2g_Wo2Q"
"World Strategy Lab","UCpsUahjO2Dpk56GHlUnnrJg"
"World Talent Organization","UC6XyNyhE9O2MG67xm-HXXuA"
"World Talk Recap ","UCux5m11KhxR8GG5U4zuBqKw"
"World Teach","UCg6g_5aCpi3lzMfbyxFsKKQ"
"World to Discover","UCQn_GK4aCAKXpbZMyA3kl2w"
"World Top10","UCiDUhynuIz8a_1UnK5mG7Kw"
"WORLD TOUR ","UCl7mIt3I9JwctRXq3yY4DWA"
"World Tour English ","UC-9_ND49X3bZRpdlijqUHxg"
"World Tour with Sudhanshu","UCPzVCQmk5OKMEdTvQL0TrdA"
"World Travel","UCLRgZNKtw-wIQb1mb8jSsWA"
"World Travel & Tour guide","UCeezdb0ueSV1sa5Oc5yRyAw"
"World Travel 8K","UC9X1wYuvBgMvCm5qE-kI39Q"
"World Travel Doc","UCAOrz1jxEcQVbqY-eOu3ykQ"
"World Travel FIN","UCee5aE-caIe6ke-lNMrra-A"
"World Travel Guides","UCZA8CQtDTrwHnvZrbpZkkiw"
"WORLD TRAVELER","UC4I4KsrjcHbsMaUvV-WVg6g"
"World traveler प्रशान्त","UCQX2zEbshMxzYzoD0TRGPdw"
"World Traveler's Notebook","UCq85409NS5s3o3c_898_ZGg"
"World Travels","UCxjH8RFFj72cbLUle6nDkWQ"
"WORLD TREASURES","UC2EiNK0lvnGsJeaHzEHAlmA"
"World Trends English","UCcPdRofLS9t4kAeImCvQRVw"
"World Truth Review ","UCptEv3vT2vvAVgWo30P2_ow"
"World Uncovered","UCdG2OAQ-WAf-Z_fArA8vVQw"
"World Uncovered Global","UCbtTMw9NzrWbnY8a1oyGukQ"
"World Unmasked","UCRp9KvYO_8av5YlAtkw3jHw"
"World Unseen","UCmXf53os6eJ34hLEwpFTRFA"
"World unveiled ","UCkcvqV6uz3krYnjZAyF01QA"
"World Unwrapped","UCPJ1G-ANhZVsetcTQlOFIMA"
"World Vibe","UCETcWRSm0C473O_Sn_ikZyw"
"World View - Frontline","UCle0oioBPS6h5Rotr0iSLSQ"
"World Voice History","UCnToPDF7YaYxts8rEdVaP3A"
"World Wanderers","UCrNBfxHJ5B9ysrit3uBTFcQ"
"World War 3 Guide","UCZZSuRxIaIFprTg-qCUVjQA"
"World War News","UCV_ob7cfHLTlCZCHKkuFIgw"
"world war news","UC8IOT1C1sl5Jbwga5FqW-sA"
"World War Two","UCP1AejCL4DA7jYkZAELRhHQ"
"World Watch News","UCkSUNzCf4A7TcMvGwVJemog"
"World Wide Dave","UC-AjSU0wOIfb6WdppWLa6QA"
"WORLD WIDE FACTS","UCnIPkcVjKzLw5R4fr2xl_iw"
"WORLD WIDE NEWS","UCG7z95_ae61RwQfO8yVqarg"
"World Wide Trekking","UCBlK1XW4FSfeRd45brFHyxg"
"World Wide Trendzzz","UCHnwFL6DW8juEkrJKUkxypg"
"World Wide Wallace","UC-4-LXEH1hMCHhiX44uyZEQ"
"WORLD WILD WALA","UCFjoVRZhOs4dd_mgH4dD95g"
"World Without Borders","UCVpYYO2apeTz1Nn-EVAQeEA"
"World Wonderful 8K","UC7rD6eZenmygF8Xtqn7jOhg"
"World Wonders","UCJyeGKk56rkzma3Tk4ABZfQ"
"World Wonders","UC81n62Jxwbq6IIqcqf26-BQ"
"World Wonders","UCvNymTZscz1CXwGs5VCqkaw"
"World Zee","UCXN94w9_P3Oqkiu78sB8r2g"
"world 🌎 facts ","UCthnG-Fv9Dt0asIq3gotoPg"
"World.Aperture","UCkOty7DlmINPGoCcBKCgpYA"
"world.y","UCnDCBIilEz4PMlPAA65WOwQ"
"world_data_ppt_english","UCWCcQ8KIbLTvKlw5vUHhhYw"
"World’s Extremes","UC0trE-tIIfpmE8-ykwLZ7dA"
"World’s Most hard Roads","UCcpOBHYpd9bFYOAVBeCIYRg"
"world360","UCzUMHV-vaJI9qLc-vOel3yQ"
"world360in","UCHh9oH1ZUVK3RF15GLmg_NA"
"worldatlas","UCHUMBvrFshHGTJazfRIDLWg"
"WorldCam","UCNrGOnduIS9BXIRmDcHasZA"
"worldcue","UC9YOR0FDnuEn_Mx7IT_LcGw"
"Worlder Destinations","UCnLgLoaVBbxc1kynHOSiqrw"
"WorldExplorerVacations","UCmdqZwTCQJyS3g5rutg2c3g"
"Worldfact","UCyky1N583-r3jILXzh2lKeQ"
"worldfactsreal","UC7Z6apeped82vrmM9UwLkkw"
"Worldfactx","UCtgRQDp4lxMnmRHbIqXlyJw"
"WorldGeo","UCBhiyUjONDLAKf519KS4KyA"
"WorldHub","UCVyyDfGRcSkFk_Oq24Sko3A"
"WorldIn30Sec","UCaDm0XlE0DFLa1jF7U3gtKw"
"WorldInfo","UCsyLtA3xU6Pof1vHV8KjtMw"
"WORLDIO","UCrAbkUZtElmZHjaYiTDZOEQ"
"WORLDISGOINGCRAZY","UCRpuZafhlNsBJD5UFJiXEnw"
"WorldKnowledge","UCxqgiJPzd_OLzXNmON9aoOw"
"WorldLeadersFun","UCnLxCyzYTlq4EwgK_1TlFMQ"
"Worldledge","UCJqECrqptgR5EC6Tc3PMV7g"
"Worldly","UCkel-a6-SSKwcl1qkPET82w"
"Worldly News | Geopolitical Analysis","UCDbY00cy7xME8amT15Mc87Q"
"Worldly Wanderlust","UCh68aaMe0Jj32Sau0cWYhAg"
"WOrldly WisdOM","UCBl5aSQyVDQE8XbdK2mHsDg"
"WorldMapHD","UC0wQiFHa8uChzX4iFABbpGA"
"WorldMapper","UC5Z6KydvB9cda5h5R9PjNjw"
"WorldMapping67","UCu0kTPtF2Dv7HQO-9J6vw9g"
"Worldmatters_","UCMI5W5iBg4yKEef35LCOrBw"
"WorldNewsPolit","UCMEDtZU6Io0XDbLY1Loa24Q"
"WORLD-OF-AIRLINE.","UCYje2B0ATwHXnfiw0jfBwNg"
"Worldofgreenland Greenland","UCSfBcN3F34AdZRfxHoukFng"
"WorldoPedia 1.1M","UCTYS9CrkCXgLnlY-7N7odeQ"
"WorldPulse","UCx75hFXdKX3mTTWlkIUpevg"
"WorldPulse","UCSPpX_xMRZ5ArSQGRjWl0Aw"
"WORLD'S 1ST","UCvJR0cFHBcVyOUrZD1LpmpA"
"Worlds Apart","UC9I8L8r5Bpw_AThkZxsYbLw"
"Worlds Before Us","UCWY35aLyhYAs0RtJ7dDSPjw"
"World's Fact","UCGxrEdbUV_gLfVkRXUSuLng"
"World's History in English","UCfZmrDjC-2Nh0M05ucD2N1g"
"World's History in Hindi","UCHua8rpW5itoys-ZfqXlX4A"
"Worlds in Stone","UCcT52-w42hKy_aXM91Z3yqw"
"WorldsTop5","UCs8Wo_ay8YnMmSaXDr67_nQ"
"Worldtastic","UCBL6lsMaUu4ondeupEQhutg"
"WorldThing","UCTqKCYSsVGs2VQI-B96Ytog"
"Worldtube","UCCB8GT5wG8Cfl0dGi_FR2Nw"
"WorldVerse ","UCpC_qngsx7VSWeyEOq3PH_w"
"WorldWanderTales","UCStKbn71iB5HDNxaoW7diDw"
"worldwar3","UCpz35Qbq__oscAsV1IBPQKQ"
"WorldWarBot 2020","UCO3X0NyzTY60uD464rKsDjQ"
"WorldWatch News Hub","UCgb6BhmoycKzWT0y8Pb45lA"
"WorldWayde","UCDWa7VmHUWSRgudE_64QKaw"
"WorldWide","UCFzYeaKTiOpCV-F3tGojChw"
"WorldWide Dom","UC2Td19juU55BkzaQQ4hhToA"
"Worldwide golf facts","UCjYtCgDXEJLFd8RlRXs2-dA"
"Worldwide Life Discovery","UC7CslciYnas8i9dieTWqeBQ"
"WorldWide News","UCCQxeVodgZKMyehPhcXn3bA"
"World-wide shots","UC8tMqxYCufp4EZoXivekrSw"
"Worldwide Trivia","UCw2CQHiN0ULVQxcy5L_5xxQ"
"Worldwide Trophy Adventures","UCQzDgB3sEmPbW9jfkOykEzg"
"WorldWideVocabulary","UCDtF6A6JT1QTVKkTrURMO3w"
"WorldWideWez","UClPV0bJfo541j3eJqjRsvcQ"
"worldwisedaily","UC7lLOLtGiZcZqeIgluOXf9w"
"Worldynex News","UCmSzZVgkWQTtYALVZQfNHaA"
"Worm dose Geography","UCr8-n6Senwn-CUq2nsvPujQ"
"Worse Every Day","UCbqEuRrh4BXFPJL-d4dYZPA"
"Worth Avenue Yachts","UCiTVQuRr49lzGUWxH1AiFpw"
"Worth knowing","UChwagb_ai8x5WWQx8qY-eqA"
"Worthmore Weekly","UChBjPLDp-yaieUURaHMp_rw"
"would Explore ","UC-f6-JDPP6E_5dMwOKLhlvg"
"WOW Nature","UCtA4SHTSWjiCDGtlLFl-0xQ"
"Wow News","UCWSC1NHH-wIFmF2kC917fRQ"
"Wow StudyFinds!","UCuo0ikC6qmXrXPvqWUNzY7w"
"Wow Travel ","UCyslaxKdH7WwLo-hlRrxpPA"
"Wow universe ","UCxWctiq6v0TbsEH3b1uFeaA"
"WoW Videos","UCUfgVzaT1lc-UxzQQVPhZxg"
"WRAL","UCfmkz6A3aTJwJzox2xhAuRw"
"WRD NEWS","UCKqw3usFxxtZQAcaWea-IMA"
"WreckRBX1234","UCGNiWnlWD-67DBrbqOdfVbA"
"wreckw","UClNzVFb5jF-woN0UDSoLyTg"
"write2santoshb","UC2pXL-PR-NBMdAl-dhfxzag"
"WRLD DATA FACT","UCKSU8JJOIWlrz_NKVIkCR7w"
"Wrongforced","UCl8uaJTNLcMhj1YP1RBJPRw"
"WRSP/WCCU FOX 55/27 Illinois","UCJe0E4Sa2aLu6z6rt20y5Zg"
"WSJ News","UCMliswJ7oukCeW35GSayhRA"
"wsp Gaming","UCsxm9QdHPa9_BcLTqX4750Q"
"WTAJ News","UCHbUdBYY4Eww8AxA9VCbqOw"
"WTF (What The Fact?!) 🤯","UCl4LRiqr8aRlnz5mSXsAZhQ"
"WTF Knowledge ","UCaAD47hhXdFQhNJyOzuWlHQ"
"WTF Videos ","UC0k03DwbW-QTFAqrlhRJ__g"
"WTHR","UCSFLs1nwzqSC3Tq6cXhJkLg"
"WTOL11","UCrLGxsBRktzKo-KNWC-nfEw"
"WTW(WHAT IN THE WORLD)","UC_T_vghC0HhjQk1-HayP6yA"
"WUSA9","UCcT6w3xUyVshyR2_2vrMp1w"
"wush76","UCycoLLC5JOdqcqak9YrYziA"
"WVUE FOX 8 New Orleans","UC3ijTadOgOLbGWGC1rRy9lA"
"WW View","UC5JvDhlkvntbvAEP6qgpXbw"
"WW Wizard","UC5JxRvVkyUhHDN3xbrqug8A"
"WW2  Recoil","UCVWU1OCIq1ObyNfhXI9uCpA"
"WW2 Air Command","UCAOdMSUS0GHMkesZBAcdvBQ"
"WW2 Rebuilder History","UCjdxUYSSNpYqWPKDUySfWPQ"
"WW2 Rewind","UCxal2NDDODtSZWIAuLgxNiA"
"WW2 WarZone","UCemFfE34QEDbkJuoTr_5_ug"
"WWDN","UClb1cMhd4D8huD3SWsprn3g"
"WWF Global Arctic Programme","UCCTu-1PtByS4WaN69czpkWw"
"WWF Greenland","UC104w4V2BEZkSbnedKOoeoA"
"WWJNewsradio950","UCB1M3gcifbmfh8wQr-DaeGg"
"WWLTV","UCJCreS7pODbA6XYRsI5fdLg"
"WWMT-TV","UCAYwomlsmN0DsPeeumEKFXg"
"WWZ AUDIBLE","UC0ph2KusUN0-68J99xkJXCg"
"WyCo Resiliency ","UCEq9OBrq3k9TqQDCgltKW_A"
"Wæcce","UCDeHOedwxLGIDqYTac6cq4g"
"x knowledge","UCt-wuTNWqzudnNg9yX4dx5g"
"X men gamerz","UCgV5jS2fJid4sAxOK2LnW5g"
"X Pulse News","UCA93xUY86tS_ikRZQCm1mOQ"
"x0a1","UCHzaFaKpbFSk23WosGlvMKw"
"X30N_5K sub airlines","UCcrlNpiLDnocFF-uQGPfcxg"
"Xaiqu","UCMgTPaVxVemszPN8GNdsIhA"
"Xander","UCpPPpPaZ1xwYcSrngubjvSQ"
"XBOX TUBE","UCrwk3OIBnWAf_rd7-ZS43sQ"
"XboxBG","UCZwXiTwjI8Oteg10sBGVnRw"
"XemTv","UCHsmeMZsafICCE_rxs71Xsg"
"xenderag","UCETtRt5unIINxxmaMbxUwpQ"
"XennialZ","UCQXkEbhjBwj4j2MAQIFjKdg"
"Xfinty Evolution","UCyngFi9o-HO9giNLub6TRDw"
"Xhk Basharat","UC8bMmazPhMxUpOCIyNujt2A"
"Xian fred","UC1yZl6iP2vj7oCEjzX70Mtw"
"Ximena Cruz","UCqA1L3fEREDGwrAQUloI35g"
"Xl pilot","UCf9dZs4rLwW_PyDpVRWaPjw"
"XmxksimX","UCd_g1W23d3ABPXhrChY1sTg"
"Xogfaafiye","UCAj9SKeNcHX0R6BBYkzc5Gw"
"XP  XPLOSION","UC3KqIUA9AEv3ZBIOljixPOQ"
"Xpedition Films","UC6RGz6Vh2xEYSbhFJGpk7aw"
"xplainedsky","UCcQm1u9YRBCG293vynCyuoQ"
"X-PLANE MOBILE","UCpgFQiZDsDvfeRTaMmxxkzg"
"Xplore 2000","UCO3YeDSn3_uButfm4cvdQQA"
"Xplore The World","UC4-P_SYeWUu76ZsHm0Y5aYg"
"XploreNow","UCv9ze-kNFGSBqiS-6z24Dyg"
"XploreX","UCrVRG37AiIjE_mxKT6XsWMw"
"Xpooze TV","UCEe8YYeYTQXKZWasff6-Hdg"
"XPS-Editz","UCt3z3gMrp1RhyxFUzcTCq9g"
"xr sachin 302","UCeN9VmJXcIVidpQ4kjkLXjQ"
"X-Shoty","UCtqxgI2IO7NAUoYmeBisv-A"
"Xstream","UCiuYW3gciOLAAFV_OawpNoQ"
"Xstream News ","UChksEF5xHPG17t6so7G39ig"
"Xtreme_Playz","UC4ZTNDkba_KOMKxuiqgbikQ"
"XX20K","UCK1ZcHiHoSmp-UrAF1Wg0qQ"
"XxBear_Channelxx","UCOd9qsw9vKhlFlUhECbJ_Ow"
"XXGamerX 90","UCeKHXLhBiQrIUNSjfgRs20w"
"xXl. NuukianGod. lXx","UCrKKK5B-bzNYMK4QvgLP-5A"
"Xylem IAS","UCuR7-dI4yZiq1Q4cCIi2y9g"
"Xylo-A-Day","UCIVW--4-3Y4kS_0GbroWssQ"
"XYZ BLOGGER","UCaNfpIFDwgv20ONPpsgIX2Q"
"XYZ Facts","UCn6bCDYnyqI2VVC50fPI8pg"
"Y","UCw3Z_gjJACEIb6GJXVdf01A"
"Y.OD.A","UCU0_4zWWbkWOmyuX_mOmdhQ"
"Y.S.STARS ACADEMY","UCkL9SgFf_ZQXtm1ninmNVWQ"
"Ya Lookyee","UCONHAGXWQY1ADpVURE1GYCw"
"Yachts For Sale","UCfytmQqrYjlu5FZ7nnYBpYg"
"Yacutv0 ","UCeEcZ71RiWxmOnGAtLAxsOw"
"yadnyu___4913","UCvM8wAtDnx7BTGhgWYt0vqw"
"Yahoo Finance","UCEAZeUIeJs0IjQiqTCdVSIg"
"Yahoo News","UCKY1msUI1iVtnKHPaLOsiQg"
"Yamngh","UCLXSDN284tTbeISjyEN_9tw"
"Yanaku tharinja Information","UC85VbNA_8iX219q8QICETng"
"Yann Antchandiet","UCPTMUzfhI6Y1HElAiN3rW1g"
"YANNICK_EMERY","UCXWz6yys2_UeMcMHdzLPizg"
"Yannis Pavlis Photography","UCr6JvEfhLz4aq2X8mo93k_w"
"Yappy joe","UCtrEq32gim-VYM4UwfJQ-3Q"
"Yaşar Kurt","UCfnUsB99pnJcdURZhAOL6Vg"
"Yash malve ","UC_lJxMQtM6xrfm3e-NEX0IQ"
"Yash Mittra - YMGrad","UCUeocvBLLnLEcd9ibFH18dw"
"YASHWIN SACHAN ","UChyzb4fLi0LvI83mnnYVBlQ"
"Yasmeen Aftab Ali","UCTAROFXCIho3e1l6BWzTipw"
"YasminTV","UCswJG5XxtkgsU5aYp62bH4g"
"Yasser uk of America balls ","UCYpNLQKjdr8JKNQoClHVEvQ"
"yatri doctor","UCoxPghkIDTPxtgZV4Zx8tMw"
"Yatri Soul","UCFykiwA8ajL6BOPDsIUAtmA"
"Yatt Economy","UCHG2XnFSNpR3BKWvCjxM1IA"
"Ye Prayas","UCr_BE4Cy4BR5lA9q-f9wEEQ"
"YE_EDITZ","UCDmsNqUeHjHKQqEStZ7Z_xQ"
"Year Million","UCaRTXWm5WolbAck49t24SdA"
"Yee-hope","UCSJcIFleuOfQKDFAyX-n-gA"
"Yeh Hai America","UCGIyBxvyQOeG_HpiMH_TumQ"
"YekenV2","UCdNqW9qg-UuSPA1dWRxO0qA"
"Yellow Dog Flyfishing","UCw_PWfw3uJXH-FUzS4-DdYA"
"YellowOrange","UCh3-q3j8IRW0ZS4ZOyBILFA"
"Yeneko ","UCDblNCnubL9j9n8FDXyw1Uw"
"YeoHype","UCwvHswF7auXKILqQGlUhpZg"
"yep","UCSS4jvauNUU8Mdfv8F1lEXw"
"yepcallmecosplay","UCU3FEDgdXSDruJuxTyqQOWw"
"Yery Fan Studio ","UCGmR4xKUpHMuHM7anX5jFAw"
"Yes It Isn't","UCgR2lYOptYZSVFyriGgNFLA"
"YES ONLY PLANES","UClnepr-NF-uBcj4NgSJsl2w"
"Yesak Legese የዝኗ ልጅ 2","UCC55KG8WFaCxY5u4TF_4e7g"
"YesilMandalina<🌻>","UCGBSkYQoLY_fdOVN7VrTEig"
"Yesterday Explained","UCp5M5RJt4SKjE7QNP2iZRow"
"YG  Ranger","UCJmCLBRR6QAO_xu5sI653Ew"
"YG Travelgram - Yogita & Gitanshu","UCkA3aEoh3YyuqjTzwK9zpxw"
"Yilia ","UCNo8OHqEdM0b2Ib26Cc_aGg"
"YingYing Travels, nature, birds 🦢, and beach 🏖️ ","UCvBu4q7OlsIi--L95LRqlnA"
"Yizu16","UCW0ziI0L0CDl5DxE_ufbCeg"
"YK Outdoor Channel ","UC5VwdpnIoKKNMVvaX_b3CNA"
"Yleians_CB","UCjPKe1UMRJJa6nT4KHtz_uQ"
"Ymsetjenesta","UC4B1jqf3y8Vuysx5zGpkgwQ"
"Ynar plane aviation and Roblox games","UChjgYrKeflUkr0bK-rlZp0Q"
"Yo 0ne。™","UCtBNbqO0nM8g-mgT2TeeQcA"
"Yo That's Larry Network ","UCGKiMbaWEtXhm0C5bGD01Sw"
"Yo Yo 47 Vlogs","UCwQ54rh-g06MMI090xD1tYg"
"YodaCR","UCQ_r7rNmiGI5BsK0qoCmB3g"
"Yogen","UC0GRZ8sCVZBZ8jc55QmNwRw"
"Yogesh Bhintade","UCg8DoyStd7WI5vASIErHsaQ"
"Yojana help","UClCFsDfnuUd2OLYrCqrbhtQ"
"Yoko","UCO9IpaK4GqrH8aWDB6qA7nw"
"Yolk","UCOOojqjlvaLsGTIzLGxesVg"
"Yolo Travel Inspiration","UCR99BrtTKRDznl7tDERP-Hw"
"YOLO Traveller ","UCShTIBxlWuLhUdLoka3bkVg"
"YOLOMan World Travels","UCZKJIY-Gl5zxZVDdK3Z0fQQ"
"Yolo-Nolo","UCj2d_3ur6XNoj4ehDItz7gA"
"YongWangEditz935","UCgvv2VwB82NF_OrKRKox5ng"
"Yoolooo15","UCET024TiNzEr2v-0Ek5kUnQ"
"YorkshireBall","UCXUgTxrS9Z3_UZKYNzKLLrQ"
"Yosfacts","UC9TmxJUsmoGQIbnazlKGL8A"
"YoshiFan115","UC9d-GTZo5njJYGmFhnai5pg"
"you are cool","UC6c1mpCwirCXwlr5bfyRIgA"
"You Know Everything","UCPm_pCgx7fP3IetaEImaHZg"
"You May Wish To Know","UCCqlB_j7X08j0I4yn0UnkQg"
"You Must Know!","UC2K1whKp7brm5MmrDyxuAaQ"
"You Only Live Once","UCo__1h_15nKtq5Ti5xhnIJA"
"You Smile 😄","UCTKpayTFb-D1ECv3uRm4jzA"
"You talk","UCLJEItpdTGH6mvobHhQPbWQ"
"YOUDHA EDITZ ","UCOJjWyA7uY4flwJ8qNa7SwA"
"youhou...","UCFsO-cldolrbBuGhdVUiAvA"
"YouKnowFacts","UCMJaHLLsBB5jk8N4yFquSiA"
"Younes Taiybi","UCsB-MvdyICBLAdDpXwB86HQ"
"Young Global Leaders","UCW-4EyXm4gjDiMLn-Ck1YSg"
"Young Indian Scientists","UCq-97o4tC86BYcPSwikWp6A"
"YoungBro15","UCrZAqcgz-XUP-zO-Ozom9pQ"
"YoungMin Skies","UC19EQSQWOZCy4Sn0W4BfZgA"
"Younique Matters","UC29PvF9LcRaIl6TUbbBDW_A"
"Your Buddy Steve","UC6KmoX9s2wy2iiy0OUrkFzw"
"Your dose of brain rot","UCAIPxXuAxrmYwFLX5_-L7mQ"
"Your Dream Paradise","UCwhFdfF0K0dW-Cl8LOCurlg"
"Your Earth","UC6E5J_cBa0GyPjDzn1WbMoA"
"Your Friend Ashwin","UC4jDaQgGCtEWaD9CRjlgTOQ"
"Your Holiday","UCsEe1JT48dQrkP3xhACuiKQ"
"Your House Our Rules","UCGH2R_53ykoeeqkhj8P62Mw"
"Your Lovable Lawyer","UCMhPt5aLgYDE705ceSKPb6Q"
"Your StatuZ","UCQBKySXOuXp4l6wlSSjBfSA"
"Your Travels","UCaVuEap8kvvhdKiIJezb9aQ"
"Your Video Source","UC1o3zxYPqLr4tpt9usZ6HYg"
"Your World One ","UCmVkQcahYYtEkxxAM_HbLww"
"YourCoolKnowledge","UCu5r0u-UBKmw2dhSQi20GOQ"
"YourFavElite","UCiX4BgLdoUhgeL7Q53FT8wQ"
"YourFinanceTV","UCe86YckbwL1tN5Xhsh3c4JA"
"YourgirlEve","UCVcRJuxdEMg9nUD6IIxyVyQ"
"YourLocalCrazyDude","UCVArLBlbbT32KvALhLMlojg"
"YourLocalOhioDoomer","UCA1Zq20IiNMXD-LyI2DGLkQ"
"yourneighborhoodfriendlyscottsman","UCyqfjBCjFRx0eKI_kFoaQwg"
"YouStorm","UCskaaBSoATiSn3lXB0aDdMg"
"Youth_reality_check","UCIyCsW3DbtapNf5Gc4Yd_mg"
"Youth's Journey Pakistan","UC4YkWsqwVFoS0PcUJIrE33A"
"YouTube Movies","UCO-OF5YvXM31Gb76Kc_pN2g"
"YouTube Studies","UChEmkBO5T4lBFoMYTVQuxSQ"
"YoutubeGems","UCSZK68SNhWFnjyRGIwV_pPQ"
"youtubenewbie","UCb05rezbk1GZzVVsW65-iBg"
"YouTuber","UCy_8TKQrZ3KeHGc-KQtkg-Q"
"Youtuber","UCqFchWnS-AvoG4p269_DELQ"
"YouTuber ji ","UCf2lq08-S6AHIBvXQjyeRuA"
"Youtuber Times","UCc6VLWEzJTumtvhPR3NDbCw"
"Youtuber-Nuuk","UC-pWWL0D6SUxAY3Eu6wxSzA"
"YOWorld 3.0","UCaUiqf9j6OyAGIVBaUN8QAg"
"YST24","UC8KSdM2dxr63-WppvUbGUPw"
"yt assets 49","UCgOtGqLcn8TfjKW6DboI6Yw"
"YT FunFact Videos","UCJ5cKXMWTXihWBF-j8PEqgA"
"Yt Short Creator ","UCr7mWSRsZUaWzw-PRqW1NSg"
"Ytilariv","UCKJL2iyC76dWqxZ4bY9rz4w"
"ytvibe","UCs4IxvFy-ymVzRWkvPCYG6g"
"YTW Mapping","UC7rVG_740dL1cib0Qxzuzhg"
"Yu (Eddie) Wang","UCVa1ihDXIcBXL1sDdMHcsdA"
"YugGenius Official","UCN6PRcO13DAbcPvX43rSqxA"
"Yug's Activity","UC0ZA-xVCCcjPXH0Qj_zqRnw"
"YUL Aviation","UCIAr1U8nGn4HV0lFiLHwcyw"
"Yulia @Peak Life Travel","UCAzkHC7fsVUwYLzrz_RKqSQ"
"yun hi, aise hi","UC3Wr0v9ux5xfEZ_TtgH5IQQ"
"Yunlong Xiang","UCxLkQuNCY0JUBDM6wJBWMFg"
"Yuno","UCsYcP1Zz8iPav5mSuty7Kug"
"Yuvaraj Roban","UC1BzA8nTvTGK4gP3diN4pZA"
"Yuvraj Singh","UCs92gdJtMYAC5MSKbqD1LVA"
"yves janssen","UCbOw9e6MoPo0XM5ZFkZ8f4Q"
"Yves Vroemen - Topic","UC0NF31v0OMe0tTzuGaOXv4w"
"Yves_Videos","UC_MERwZB8knDMJpsctSzXpg"
"Yvette Rodriguez","UCNILac-plk9i2wqcm_ByoOA"
"Ywam News Show Podcast","UCTfy1p6d-9lycqTHkE9lkNw"
"Z & S Gaming","UCvHz08rVySGXU-YA6CX3Eiw"
"Z Maps","UCAVYcZaCnX00fUkpgvRwS3w"
"Z zarm","UCVjUjzkmeOW2FRVhGteVNYQ"
"Z/Yen Group","UCIm5eodB2auHNrxeX4Ivesg"
"ZA livestock Farm Faisalabad","UCU8e6mNF8taT9iioWTYqr0A"
"ZableNews","UCDvJFH2qBiB4uAuKMn2pFGg"
"Zach Buursma","UCNV4wjtzd1_yIwLvDZZXgBQ"
"zachgowen","UCtWioK1mqP9c4sVzXsHtBBQ"
"Zach'sCombat","UCLZayA9ceWujLvPN3F6hcPQ"
"Zafar Ali Indher","UCppsTcMZnUrexjpMC_-u9fQ"
"Zahirah Property","UCQHoBos-mll58QFw2QqxSig"
"Zahra Jani","UCJHfz_qu1OyF_aSnfgFBH0A"
"ZaibGB","UCOw8K0ogE2Jp9mWJxuR9ETg"
"Zainab drawings19","UCXub9BlWG-pKDo9DHKhXz-A"
"Zak helpful","UCBSs0LlQ0DHLdZLOFuGRuZQ"
"zakorocks1258","UC-KtQUDkoFmROf-O0WsAbJg"
"ZaldoniosMaps","UCsphhanKbnB_KYCLoHWQ1Lg"
"Zam Zam goat valley (Mitha Tiwana)","UCKg3vDmOyI017kyLlxj7SuA"
"ZAMEEL FOUNDATION ","UCeCS7gPAjl3ii0c3mhto4ig"
"Zane5710","UC80Sma64zagKXQmNWzy15yA"
"Zap Theory ","UC2QY5c28w1A48CMFaqi2h8A"
"Zarif Safi","UCSRFWXKt8NfZvbnQBqVvrPA"
"Zariga Tongy","UCJsnuwFc_w1pqJHthe-ftTA"
"Zaruption 8","UCYs3T2RUJqVmey2sMWClwVg"
"zav_gaming","UC-ESaXbWDnx9YLLjoLWKwhA"
"Zavero","UClO5W8bTJ1WWSjA80AcHQ8g"
"zaviorfluff","UCh988EBvHF2QuthLOc4QouQ"
"ZAY NEWS","UCYD4fyyOfvgqc9SNRRqsZFQ"
"Zazumeki Media","UCr2qqx8t6fmGkXSdSr4oGaA"
"ZCOVA SDN. BHD.","UCV1sZAxr7d6V9PC_8VTuExA"
"ZDcountryball","UC9AXyMfmpBR-dKC58F3ZY3A"
"ZDOH 2048IC HOW DARE YOU NOT TURN INTO ZDOH 16KD!!","UC9I2_J6N447HD-cAypHdYsw"
"Zdvxn","UCzcvh5mUrom6CH9IBh65wmw"
"Zee Business","UCkXopQ3ubd-rnXnStZqCl2w"
"zeen_ gamer","UCEkPYvcnjO8v1I57dfLYANw"
"Zeeshan Boss","UCOyTCa5hOq-2kbSMB7Zel2w"
"Zeeshan Mahmood","UCUxLsO1nziajLdHeakwGF4g"
"ZelEdits","UCqr3lwBriZowa6FE4sbC-lw"
"Zem TV","UCs_ineLBnNTGjrArNzjSLZg"
"ZemYT","UCaOiM7viUVxYMsRQSPj-REg"
"Zenith History","UCg0ob7wjtR4BkJQSPDcukfA"
"Zenith Holidays India","UCDMpGfPzQBCD7Z2RwlTrtHQ"
"Zenith Space","UCYhzZ6ifrSNC_Dr542zITeA"
"Zennyfer GL ","UC_e1PES_Ist8yQERWmgUnfw"
"Zenova4k ","UCkOZ3kbrzVH2QuO9J0Unf6Q"
"Zenox Creation","UCKO8qLfpCjyjxusHRmXBDdQ"
"Zenrita life coaching","UCc8IeDwIa5pSn61dPP8vxNQ"
"Zenti_Production","UCLm-ODZNCmIsE_YTfQcJWsA"
"ZenTox","UC32jBSjWwDzJRO_lti9LZBA"
"ZeographEditz","UC7aE3x6TKbWLjngju6KdGnQ"
"zero 2 hero level ","UCWHK06DQ-L_YkBRZaTgTgIQ"
"Zero Dollar Furniture","UCvj2JsWNWhq8j0Fw3vB3nHQ"
"Zero Effort Streams","UCoX7L0zMHTa5kCj3lzPCi6w"
"Zero Hour Global","UCLDlnDken4LeFWYfv7MFzkQ"
"Zero Vision","UCaznOH_Jtq5i39d74Tlo-SA"
"Zero Walls","UCYT-VYGGuA_J-7MTYTkk1eA"
"Zero Zentral","UC0KIswEP4VS2DxLnsH4nm8A"
"ZeroHour-Archives","UCiFu864-gsrhoowv_9VHC0A"
"Zerox_88_","UCg9QRrrxxubnO1B3XzfdIvg"
"Zest Music - Topic","UCLvQbI7O-5wyYO0ueuHEylQ"
"ZestCarbo","UCPJY6nc0-3Oc_qtJL-2_aQw"
"Zestory","UCPU2XLT0e-lBbgTZ_EkF6eg"
"Zeus 10","UCDEcz2BC_pK_rKOVh6s8gOw"
"Zev Fishing Rants","UCvTDIClYukpB30WcY9qDHIw"
"zexo-50m","UCkPwAg9X7E3-AxSfqbaZM0Q"
"Zgheib Alaa","UCClp0OgxgPEBdd4993HfE4A"
"Zhaii in Greenland ","UCErUe7vjXcQOEqjtPEz7tIw"
"zhi zhou (zznewclear13)","UCknnSNhZUsgk05cWIojcNBQ"
"Zhou","UCyfFTbGPDKJ9a_-qG81ngbA"
"Zia ( The Explorer) 🇳🇴","UCOVgJCLuRN9B5Qb5hFqee5Q"
"Zic Build","UCj4KaeO6NV7QMSTuixGSyAA"
"Zidan Aditya Nugraha","UCQStH0ia_BK0XH1ANLyc8sA"
"ziemnioczk1","UCBrDAreh9AX0Z9xzgU3p00w"
"Zigo_edits","UCMifBIokEf3iijrH8FY8bYg"
"Zig-Zak B. Zachrau","UCRl-kW4MwrRw8FT1OFrJE8g"
"Zihad z fire","UCK4EWbT7_fsjVi0FoNr6Ngg"
"Zilantii&Ko music","UCka9savAMN64SEY4cEN8DhA"
"Zildjianplays","UCfeAOYLh9QF6lZuAG_dAebg"
"Zimbax","UCz4tqgP5N5Wgd4PE7Hq_xyw"
"ZINVIL - Topic","UCXYkaglqyhHtIK_OlMlUZHw"
"Zipop Mir","UC5zAr_6GeKo58ZPvIxt6ghA"
"Zippity","UCFayRDrcT2jcwiu5wC8cp8Q"
"ZirafaMedia","UCypWLOUi7o5Qp4L7hkBhkMg"
"Ziv Ziglaub","UCRei1PhHZvcWW7YLhOkJXhQ"
"ZJ gaming","UCr3M4xlOYydUfNsywITyDVQ"
"Zoltan A Ambrus","UCZx4K_dzYElVPNYh8XenGOQ"
"zombiejuju27","UC2PKrx2wOoy8i5NJHj3PaCA"
"Zona Penasaran","UCKKT691rGSgDSDdgFStGb_Q"
"Zoom In, Chill Out","UCKaQf8Ll3LvnDsYdTxe9deg"
"Zoompool","UCcZxOv3FEgFID_Ile6BT2CQ"
"ZooZone","UCIz_eJuC3WVJ9U_mr9w7Ung"
"Zorgy Countryball","UCxgkv_cfmX5qfsl_l-udgWw"
"Zouhir Brahimi","UCbcdcSHNT6C2-BS4g5n4s8w"
"Zoxo","UCXa86iANjnAP2UV10z_sGTg"
"Zoya ka jahan","UC5-2tY0WasSDtTuzIeKDHBg"
"ZPS","UCa6B8gI5VEcMkkkzBkAZ6Sg"
"Zrk","UCM1pMBFd9s3ydk-n7DpJjmQ"
"ZS Music Relaxing","UCHYz-ozr6DBsHNVMHpQ_Ykg"
"ZSL Science and Conservation","UCavtOVEY99YQS5L30j3hcoQ"
"ZStormGLD","UCN-N7BJtUAXGvUA3WLvbdpA"
"zsuzsanapaha","UCVdWjcPQqzaE0cKk-HrqpcA"
"ZTVLIVESTREAM","UCM1Y6DqREI9OuTNNolt6dwQ"
"Zugvogel007","UCKpvN5uagHHYUbTPghWlZ0g"
"Zulfiqar Mohammadi English","UC6IUXh32-dpBSx4wq_dimRA"
"Zuma Saha USA Life","UCMogMjA0xUgsPHVnQHo_HKw"
"Zunaira Azhar Official","UC3p39YiT7x-nJBHIhmciV6Q"
"ZunairFarooq","UC7JkqWg_nq0s1MQ-uLFHO0g"
"Zwischen den Brücken","UCFDCNe4LsNIiZ-MCl0-INrw"
"zxblossomxx","UCA7xMJTPnbAnY45lmXf133A"
"ZyntraShorts","UCSlglcaXJo4KmkXqf9dBd9Q"
"Zypherium","UCKs7NdDUC4wEADb-z050Ukw"
"Zyro Aim","UCEiXc34REHqEU_Jvs6Kk31Q"
"ZYX  videos ","UC2ssstc_YYTVUd6L-BX06IQ"
"Örnólfur Lárusson","UCPlvxG4EpT0dfCcc_mIZr9w"
"österreich Magyarország hrvatska","UC7QlXEjeG6m9w4Lmlgbod0g"
"Öystein Jynge","UCxPojm8ojl6gfvVX3AoFLqw"
"AA DEVIL GAMER","UC3mTHr7-h8owrZ5qDyCxvHw"
"AAA FANCY ","UCLJgfBTf9WgOhVFPjv_qbMQ"
"Aaarav vlog","UCTaaAopM7rXdGj6DZ7mim6A"
"Aadarsh Gamer","UCOajLV5gJSzP06yzOeC7KHg"
"Aaden Lama","UCSVGCiwyMvexUPz5B6cXWxw"
"aadhya_3413","UC9-_RcMyqR155MDTuNfsjlg"
"Aadya Creations","UCVB439Px6pWwkbhcNIyQ0hQ"
"Aaj Ka Sachh","UCk5E75PJf1LmbLUvJap2pLA"
"Aakash Niti","UCmGwt0v86Mhmg3PUqDdqHxA"
"AAMI AND ME VLOG","UCdPu0TgZc1xVElp0Uao_jcw"
"Aamir Islam vlogs","UCoQGejBwdd_bl4Shhag9Xfg"
"Aannguaq Reimer-Johansen","UCnIa_NzVqYZ9qL-U2kUIW_Q"
"Aarav The SpaceGazer 🚀","UCKNnlaYygW5fOGHGJr8KobA"
"AaravTestingBlox","UCOX8xGZdEHFF9ban92r26pw"
"Aardcast","UCilYsP3ZhlqMkOzmq46CnbQ"
"Aarisha Javid","UC8I193RvPR0I_x02y3e9-tA"
"AAROH_FF🥀","UCp4_SJmitzLiGV9amMQaM4Q"
"Aaron ","UCvqpX70avylXR9oO0jPxpPQ"
"Aaron Parnas","UCyxcZgX1wNU-nk1yB9CvzSw"
"Aaronymous","UCCC3x25IlK21vEqj5FEfjZg"
"Aaryavart Updates","UCKSDFtJu60V7eH7jayJGaLg"
"AAS NEWS","UC6SSnllXB0YkCsn1LuWdI7g"
"Aasai Aasai ABD Girls 🫅🫅","UCEJEjRm9X4aB4pQGbRRRBuw"
"Aasha Bhardwaj","UC6XRYbYu2JFFK6tYVmEZCVA"
"Aasivissuit - Nipisat World Heritage","UCzjlTjk7_JFfy5av_jm_tBg"
"Aastha Jain","UCGVbwwRNlaNI_2heY5EBW3Q"
"Aastha Mishra","UCWi1FDQwvRwUwj4LKKKv-lg"
"AAthinkrypt ","UCIRq-RYU8KMx1V73fJyxtQg"
"Aayush 247","UC75Z1HA5egGzUE7kUDL_rHg"
"Aayush bhatu ........sansi..🕉","UCOGFcFqDof_4ks0rm0QhuRA"
"AayushVerse","UC1k55wRkMU9_g8Wb1wR6jTg"
"Αννέτα Αεκ","UC77bqNkiLlwjfTBxIcbPdxg"
"βeta","UC2ZmBzToz2JuLWFQ43IdhKw"
"Δημήτρης Μπούκλης","UC6yNRXM_7pN6eGEkbU9x-JQ"
"Λɭνιηβαɭνιη","UCrG-g2CyRKOKKkI46xEctFg"
"Аенаsаи","UCyOkhl1bIiTZxUCXmiO1u6g"
"Александр Белименко","UCq81XJo8y7Fj96ncFo5KuCQ"
"Андрей Домаев Забрумович","UCGLILKcFr63IoU0eWVKSJBQ"
"Библиотека Фильмов","UCukZZPeDW50uFqnKuowe-oA"
"Великолепие природы","UCfTBUXULG4nmNa8PLZGMcCQ"
"ВЕЛИЧАЙШАЯ ЭПОХА","UCfDajqFAPL0bVZviK3i82Pg"
"Глеб Кратий","UChilepbv7qBUDLNv8YLl7_Q"
"Дуле","UCa0VVysSD88c2asSGX74smA"
"Иван «PhotoReMark Media» Маркин","UCMHeTrWvw8Ydsw9DHLHrBZg"
"Крутой Снеговик","UCVokL4MxIittoCNKTCYrMqg"
"Михаил","UCAUt5n5U4EcrhrcFMvO7sRQ"
"Ованес Петросян","UC8BCzPC4Evv45FXz55Adgew"
"ПЕСНИ В ТЕМУ","UCs_VB1MkwNj5K8-0pFVQbwA"
"русский татарин ","UCQmT3Fxsg0sO5LX3jGtrafQ"
"Симона Луканова","UC-8OUxmK_ijQLDSL4c0VIRA"
"Собиратели чудес","UCnxzNJYHVr8DjI1lpieWLYA"
"События 365","UCYqsr04ipzSRGdcBgKv5nEQ"
"Українські прикраси від Lavrova tat","UCxSBPpS9HHZxXzy2kapeEJw"
"Человек Мира","UCiEQUxr9K58l8xf0SSNnLRQ"
"Чернелявський Мапер (Ярослав)","UC4tVJciUMOSBCLJQ_AEzmtA"
"Шут","UCVrGImP2xRI6vHAhocqkD4w"
"Я я суп","UChaG8b6YsZmhsDk20JqOSbg"
"ღSmoothBlue ღ","UC3i-mfxpDdIxOs7HpXCMlDg"
"ウィンチャン","UCG7VtMlBPO6-Gbb2SrLQ3Kw"
"エニカツ","UCp8n8ftN4gLgNhCo7T2x7tw"
"そら-SORA","UC4sOWcDrteLmDfKMEHGCUuQ"
"ムダなし_Calvin","UC5WxU_2Z8EIio6iH9WXx5xg"
"ערן אלטשולר","UCyy-VirKqTyQKtuM4CCLQFw"
"اجلال حسين الجيلي","UC8FGVYeQK_fQkpoc2U9R-cw"
"الإلهام والطيران Inspiration and Aviation","UCC9akxPbhnFaMGjuXIAf-4w"
"الحياة","UC3D8cGBAal0y0o1fAgBOIxQ"
"ألماني رايح جاي DeutschArab","UCdrGmDyjuPFuaiwg1TeC68A"
"المختصرالمفيد_Calvin","UCu-af3lSxGnGP3EZR3WraSw"
"بھید BHAID","UCkK5e2IHR9UAxzvX6At9Fzg"
"تفاصيل","UC4xP6we0dke4yzXYhtBjyrQ"
"دول عربية و بخير","UCMkQKlm2v0mfgNtWGdvlziA"
"صاحب الفخامه غياهيب  F.B.M ","UCIvKxTMX5agyFC8vEk4mXtQ"
"فرقة الزوارق - Alzoarqband ","UCl0A1Teg7gBZr5e4BaZVl1Q"
"من حكايات الزمن","UCkyS1uE2DchVCMtMa7RqgkQ"
"अंतरिक्ष TV by Kaushik Bhattacharjee","UCZ1OsbnPa1RX6rl9NWlRTOg"
"अजय पाण्डेय ","UC7eDsy0plvgOjhVg3fyVN5g"
"खुशियों की पुड़िया 😇 ","UC8I0WAz689K8VK6dOeLUdGg"
"तथ्य channel","UCIBTM80hoHe4xo4PeF8Frug"
"वेदानंद सिंह l छोटी सीझत, बांका, बिहार, भारत l","UCdhqR-NQEGiboDMeByTH1hA"
"सत्य सनातन धर्म 🚩🕉️","UC2nxqbv_vJg1pE8lgNneWiw"
"सीधीबात_Calvin","UCWwlOy50NMrMY9_ofvZB5LQ"
"हमारा  facts","UCpfmP6Pw0DCnCsKTiRW0oNA"
"हिंदुस्तानी Ladki","UCtI19xq9qYe_iWP_afL-TwA"
"আলু ভাই","UCn_k723nKGZqbRGBWYEnthg"
"ইদীত্রী","UCiu4cjS0w6_yFvYuw1szuHQ"
"কী?","UCgK-BGJrQPnlXfLUNopeAcA"
"জটিল ছায়া","UCGBKU6D3_3QFC6ds3Ygo-Fg"
"জালমায়া","UCMcBGPB9SAC4rCe0aM-bX_w"
"মহা উত্তরণ","UCxTpYD3Ejaz02P-4fI9mk4g"
"রোহিণী","UCYBc1ATIRd0wfNJaAhJo21g"
"সারাক্ষণ ব্লগ Sarakkhon vlog","UCMCJlL8YdKE0PsietKxljhg"
"அரசியல் உலகம்","UC9sOaA-WfwLOmdZqzrnFelQ"
"ஆயுதம் செய்வோம் (Aayudham Seivom)","UCA8aJOJhE9ynMGs6XtMs-vA"
"மதியும் நானும்","UCl6-Gf3X9KruQIHlMbvRVJg"
"மறைக்கப்பட்ட வரலாறு"" (Hidden History)","UC-kqLY4JMGzFkLbdGjFIotg"
"ಅಪೂರ್ವ ಚಿಂತನೆಗಳು","UC34Xz8OTT5ePvLgkzMuSaMg"
"ಸುಳ್ಳು ನಮ್ಮಲ್ಲಿಲ್ಲಾವಯ್ಯ, ಸುಳ್ಳೇ ನಮ್ಮನೆದೇವರು.","UC8RaBPUN5X2_cbWLVBKxo1w"
"เชฟธารา พาเที่ยวขั้วโลกเหนือ(Greenland)","UCPhWRPWgFMcLWlPpkzbhqHg"
"แวน ไซยราษ","UCg1DnsvKSgXWBopQGTN33Vg"
"โก ทู เที่ยว","UCpa6mVR9EsqMzkTfXYdrxoQ"
"จอมศาสดา Dhamma Networks :: วัดดอยเทพนิมิต ภูเก็ต","UC3p1xJB56h4I0CsZRvfec1g"
"ตรงประเด็น_Calvin","UCmwV_t2rrrY_KDSNcEBESvQ"
"บ่าวต๋อม คนอุบลฯ","UCdoyegsOjBbOEadW_jlWAsQ"
"รักที่ดีมีอยู่จริง ","UCduLvOtxEGCRzZ-2z8gkabw"
"ลูกเล่น | LookLen","UCPIHcg0-NqLUG8zpQa7c28A"
"วันชัย หอยหล่ํา","UCyusMo5C6fksAmMsX4BMLTg"
"วีเจนมสดxนางงาม-VJnomsodxNangngam","UCuVrfpttd1A2dYXcDVSBLUw"
"หนุ่มวง nirvana ","UCuDgSkk2lsigMnxCI7EA2JQ"
"ᎯᏦᏕ","UC-Ra0cyhVl2EIlzkQW18isg"
"ᎷᏒ Ayush","UCq10-DmZSCvyrl-y44uqcjw"
"𝐅𝐀𝐂𝐓𝐒𝐌𝐀𝐒𝐇","UCNhS9AW-3RaU2_BBb2YCy1g"
"𝐅𝐚𝐜𝐭𝐬 𝐁𝐨𝐲 𝐓𝐕","UCV96pZeEE9Il3OJ5_vEnP_Q"
"𝐆𝐡𝐢𝐭𝐚愛","UCpoLyq2vYe46HC6R_60Nm3A"
"𝐇𝐚𝐧𝐚𝐤𝐨","UCJAf2nemKJVKgRLoNDWP3Yg"
"𝑱𝒌 𝑷𝑹𝑰𝑴𝑬 𝑮𝑨𝑴𝑰𝑵𝑮 ","UC4cVZ0xMPy4gfjAky47MZDw"
"𝑹𝑰𝑬𝑳 𝑷𝑳𝑨𝒀𝑬𝑹𝑺 ","UClt4WJLs1g8p72oIImJ1Jsw"
"𝑺𝒀𝑹","UCWB0WA5fktKRw5ATFh9U1WA"
"𝑽𝒊𝒄𝒕𝒐𝒓 𝒂𝒏𝒅 𝑨𝒖𝒔𝒕𝒓𝒂𝒍𝒊𝒂 𝑷𝒍𝒐𝒕𝒂𝒈𝒐𝒏 2026","UCvPZklGHjHKWEXWi1EnSKIA"
"𝒜𝓃𝑜𝓇","UCgWZMc2IjqX_yExjgC2_bmw"
"𝓐𝓪𝓻𝓪𝓿","UCyhWTmq5SihlEy84kR43Vzg"
"𝓒𝓡𝓨𝓢𝓣𝓐𝓛𝓔𝓓𝓘𝓣𝓩","UCMgma2O2yB3CYuqPUSFo7OQ"
"𝓞𝐧 𝐋𝐞𝐚𝐩","UCpftgwv4DYH5Ou1CRkam-9Q"
"𝓞𝕯𝓐ⅈ 🌹","UCzaT5AqLIBJtQyE_WNliEsg"
"𝓡𝓐𝓢𝓗𝓔𝓔𝓓","UCtxojE_IPghTufuJC02VYyw"
"𝔓𝔏𝔄𝔑𝔈𝔗 ℭ𝔒𝔘𝔑𝔗ℜ𝔜 𝔐𝔄𝔓𝔓𝔈ℜ(Quitted)","UCAwGT60GQGA74ClhjPC53Ag"
"-𝔘-𝔠-SynoPsis-","UC-XyRdqmkrFf9nR5C_B_Blw"
"𝕊𝕙𝕠𝔾𝕦𝕟","UCaFkSskHlZut-jgu_PYtO9g"
"𝕓𝕣𝕠𝕥𝕙𝕖𝕣 𝕕𝕣𝕒𝕘𝕠𝕟 𝕕𝕦𝕕𝕖","UCB0RmAxWmBFXnA6Ha6Z1N8w"
"𝕵𝖚𝖘𝖕𝖊𝖆𝖗𝖔𝖘 𝕲𝖊𝖔𝖌𝖗𝖆𝖕𝖍𝖞","UCzePnTpYhp-RXWCnkcP0HJA"
"𝕸𝖔𝖗𝖌𝖗𝖆𝖎𝖓 | 𝕹𝖊𝖜𝖘 𝖆𝖓𝖉 𝕲𝖆𝖒𝖎𝖓𝖌","UCmckvkkoxNTq3fFCYW0PbDg"
"𝕻𝖚𝖓𝖏𝖆𝖇𝖎.𝕸𝖆𝖕𝖕𝖊𝖗","UCjdkRoEx0Goa7ZWZxvcWejw"
"𝕿𝖍𝖊 𝕯𝖆𝖐𝖆𝖗𝖎𝖘𝖙 🏴‍☠️","UCsgyGA2zuYtfXEm2LuUioEg"
"𝖀𝖗 𝕬𝖛𝖊𝖗𝖆𝖌𝖊 𝕾𝖔𝖛𝖎𝖊𝖙 𝕲𝖊𝖔𝖌𝖗𝖆𝖕𝖍𝖞 𝕮𝖆𝖙 ","UCszeCjfnSdf57-FudzvScVg"
"𝖒𝖚𝖘𝖑𝖎𝖒 𝖊𝖉𝖎𝖙𝖟","UCxLOLedznffCdOA5h0omJ8A"
"𝗔𝗡𝗚𝗢𝗟𝗔 🅥","UCoNijkdXSADxbCG6whScC_w"
"𝗗𝗖𝗟𝗙𝗥 𝗣𝗶𝗴𝗲𝗼𝗻𝘁𝗮𝗿𝗮𝘂𝗴𝘂𝘀 🅥","UCjc0tg50ejbsaZd9MYMuyZw"
"𝗚 𝗔𝗟𝗢𝗡𝗘 ","UCRk9ZktCoxeVG6qApVZlKhg"
"𝗢𝗙𝗙𝗜𝗖𝗜𝗔𝗟 𝗖𝗢𝗢𝗟-𝗭𝗬","UCBt2NeYV4HRes-3HCpWRr0w"
"𝗥𝗮𝗷 𝗧𝗿𝗮𝗱𝗲𝗿","UC2c7ZhcPjty90cTAauhKwZw"
"𝙀.𝙑.𝙕.","UCL--TZRBvbqixa3t9EY_5Tw"
"𝙁𝙞𝙣𝙤𝙫𝙚𝙭","UCA4yo5KJoqA5eQc-O1YOJYg"
"𝙂𝙡𝙤𝙗𝙝𝙪𝙗","UC3rRdW8WQ-kMs9qqZ-FVXiA"
"𝙄𝙣𝙙𝙞𝙖𝙬𝙞𝙩𝙝𝘽𝙟𝙥","UC_oUxcphgiMFxgGlOdGFNWw"
"𝙄𝙣𝙙𝙤 𝘾𝙖𝙧 𝙀𝙙𝙞𝙩𝙨","UCPi9fu5o9zA8-IQqxx3nLew"
"𝙋𝙍𝙄𝙈𝙀 𝙅𝘼𝙂𝙐𝘼𝙍 ᴡɪʟᴅ ᴇᴀʀᴛʜ","UCuYvw3-VUwu3q4YNQuq4yoQ"
"𝙍𝙚𝙝𝙖𝙣 𝙈𝙤𝙝𝙙.","UCQnzxDJOdlfxzRaLOoV_gIw"
"𝙭𝙓𝘾𝙖𝙢𝙥𝙞𝙤𝙣𝙚_𝙀𝙙𝙞𝙩𝙯","UCbyXsb08pRCyHjRqgAQJbtg"
"𝙸𝚝𝚣𝚜 𝚔𝚒𝚝𝚝𝚢𝚕𝚒𝚗𝙸! ","UCdaovG9yo_0eiM9nkHb0cWA"
"𝙼𝚎𝚒𝚛𝚊 ℂ𝚑𝚊𝚗𝚗𝕖𝚕 🦋💖","UCd84sEdxFh39klD0_AotL5g"
"𝙽𝚊𝚝𝚞𝚛𝚎.","UCac5JVRoEqfhvxMCiTDXrNg"
"𝙿𝚑𝚒𝚕𝚕𝚢_𝚜𝚣𝚗","UCk8UNue7_lqGlCKHEl9fxPg"
"𝚂𝙷𝙴𝙺𝙰 𝙼𝚄𝚂𝙸𝙲 ","UCfeIi1SrOpZ1rIY9eu3s2IA"
"🇫🇷ThomasGuilmin🇫🇷","UCwxpMJxaASf0FV_eRZ17YDQ"
"🇷🇴@𝕽𝖔𝖒𝖆𝖓𝖎𝖆𝖓.𝕹𝖆𝖙𝖎𝖔𝖓𝖆𝖑𝖎𝖘𝖙","UCl6xaEGZzT-3qpYJZuwFG3A"
"🌌Galaxy Facts","UC00rYsOSBIMikMRBy7I6UEw"
"🌍EARTH🌍","UCe4owc6Yw6xRylx9zEhWGKA"
"🌎 Amazing Riya","UCYuUXhEE1PBavSoCQxER6ig"
"🌏EXPLORE CREATIVE","UCzElv6zDOKSdoCDUT1q3gpA"
"🎮 ShortGame Mania 🎮","UCdRzQW3XvJVP5ovKRI_b88A"
"🎯Greenland","UCZMZF9s-c4d_hb9PqgYe_FA"
"🏟 • ummanoaleatorioquetem_vff","UCf1uQTFm0bYM4oOXRZTeKoQ"
"👑 king 😏","UCtzoawqaB4dnkcjsDfkqdxQ"
"👑fathi happy","UCkFsbat-NzlX3vlRYGymWyw"
"👶 Babyverse & Wisdom AI 🤖","UCBaet7QvEwPt5cTyMgdyaqw"
"💎Diamond💎","UCbrI3xdDIIewamxog1_czfg"
"💖 KIERAN GAMERZ 💖","UCEMqWjb53cJP1bPVpnuN_BQ"
"💜XY10N_CH4N.ɞ🖤","UCti6uWVnP4t2dHreN3TthUw"
"🔥 hot","UCcadiD2_HzL_YpvWrRlEh8g"
"🔥 POV Hidden Stories","UCi6N-bXY6T7_Tb1XBbaMAFQ"
"🔥SIT_ARAM🔥","UC83V_aQ7alDF677FEq4opYA"
"🔵𝗧𝗝𝗔𝗹𝗲𝘅𝟭𝟬🔴","UCDduPJcd4W6M-CzqpCuFHhQ"
"🥟 MS GYOZA 🥟","UCfWVvIC7DXRBmhBbBCl2rIQ"
"🥧 Neutral face (TBFTM) 🥧  (HAPPY THANKSGIVING)","UCStuVPtueyfOVrCnMaxaaDg"
"🦋Alice🦋","UCjoifJs9Ijpjl433iUv64aw"
"🧡연띠타임🧡[Yeontti Time]","UC54bstMi4O-0MiLlC-4u80A"
"🧭Tevol life.⚖️ .","UCoNL1iDbAnCrUr5K8obP9Kw"
"🪐New🦅Land","UCfd2bDA0BkOB6WIEckV3mWg"
"🪓valach.geo🐑","UCi6ksmSw555pefX4vDSzzSQ"
"기글TV","UCv9FA5HRAcAWw2wyg-Bu_Aw"
"렌토랜드 Lentoland","UCimRRY7E8pco_0cnOBfa4kQ"
"미래인프라연구소","UCyqO2RyPJ-tNIVBZ5Jibr5g"
"바카라교수 규칙의순서","UCoNnFenu-tfDGOnaY5cw8ow"
"박흥길 (영현압쥐)","UCo1GdLggXhaUkX4LerEHxuA"
"불로불사 프로젝트","UCvinISxj8nO-_uxZe-r-ZDA"
"사랑SKZ","UCrUGtfKTWUVekT1JP2Sk49Q"
"시카고교차로","UCAR0p2SeAyWEwWa_0Qhggng"
"유고슬라비아 연방Југославија","UCT336PJ5QREuyafmJDq2-RQ"
"이루","UCYM6hQSx3Kv6Z2tot1r2G3Q"
"이보캐","UCH28wxhh0jmXhVUNMBtvy7Q"
"제이영어 옥길","UCQAQOQgkYyarC_a68AFAeag"
"필리핀 한알의 밀알교회 AGOWCM Phil.","UC72zOGcdFz7YXaJ-VN95RIg"
"핵심만_Calvin","UCnnHG31UuIvA0RNiarwZbDA"
"二嫂说探索","UCv7U4SecpFKYXf_xq3cEpQw"
"公子襄","UCTGtTnhO9GPlS_oHs_gLDYQ"
"史帝奋的故事Xteven - XQX Studio","UCQeaEeAyDOr1sAK3MWwi0pA"
"吕梢青","UCWVH5-SX8ge8j1lBaG11PkQ"
"國立臺灣海洋大學_影音專區","UCLkGGYMVFLVJ7MO56MOSzDA"
"大脚印 // Bigfoottraveller","UCDDnwk9sS22GPIL4P-muglw"
"宇宙のすべての知識 プリンシピア","UC9iESz1KFaENfDvDcs6YpsA"
"德云之光","UCzGe6jtgqa4vwyP2L9FxYOQ"
"思享者 Dialogues with Thinkers","UCPE2iCWhDQ27VMDOrBPyzKw"
"恐竜ミステリー研究所","UC5ioFDE0nI_-n1nR3r-8LWw"
"步步成熊","UC8GrojRLZcNRQ_t3F1ywDlQ"
"涵瞰世界 Devil's Advocate","UCJy0l4vXat0ROfY2u9Z10GQ"
"潇晓","UCS_UTvNl_ICcW0VXumtaXkQ"
"碎片时间学英语 l Fragmentary time to learn English","UCCgdTVkEyEC1hu4mIYXz9yg"
"網開三面","UCz8IJ1itU8yuYke06jx3J8w"
"罗霄","UCL4jihZ6ePdC4NGp0nVMMeA"
"解凍格陵蘭Melting Greenland","UCZ78z9yOh2pC5sTnL7uUmzg"
"车路海员回忆录SeawomanCheLu","UCYksUEhry3hw3zfK6DZBHXA"
"阿诚丫","UCysT5HqGzXw1eEJRZUQlZaQ"
"飛隼科技","UCwQRPgqsEWsnqWfHnKrMPUg"
"香港中國旅行社","UCjcWFuAnQUKoKxhGXlIKvhA"
"駕世遊","UCe6EQ4XjLgKiBqhv8UtYz3w"
