video_id,video_title,video_description,published_at,duration,view_count,video_like_count,comment_count,channel_id,channel_title,channel_subscriber_count,channel_video_count,channel_country,greenland_only_reason
RfuIknxUZMY,Greenland,"Bestdiscovery

#Greenland
#Instagram
#Instagram_Official

Subscribe Channel Instagram Official
Like and Share",2019-01-02T18:20:07Z,28,3,,0,UC38oOtfdXS0J4F35KXmE1sw,Yumna bocil,1,,,title_only_greenland_generic_or_numbers
YVX7ChP-nQQ,Greenland,"Provided to YouTube by The Orchard Enterprises

Greenland · Halfdan E

Borgen (Ost)

℗ 2016 Sounds

Released on: 2013-12-03

Auto-generated by YouTube.",2019-01-13T11:52:25Z,78,3502,,0,UCD5svnkbAxoVTEub-KJOzWw,Halfdan E - Topic,391,,,title_only_greenland_generic_or_numbers
KnWxcVi0e2Y,Greenland,"Provided to YouTube by The Orchard Enterprises

Greenland · Jakob Bro

Balladeering

℗ 2016 Loveland Records

Released on: 2009-11-24

Auto-generated by YouTube.",2019-01-13T11:54:33Z,438,3155,,1,UCXgtvaD9SxJpAg_7G5xpN3Q,Jakob Bro - Topic,1640,,,title_only_greenland_generic_or_numbers
WrvkzOcKIR4,greenland,,2019-01-25T07:16:38Z,397,317,,0,UC4d_MVJEre14RUDF8yEFlWw,Greenland School,48,,,title_only_greenland_generic_or_numbers
Frveo5YYdRY,Greenland,"The view from an Icelandair 757 during my trip home from Reykjavik about a year and a half ago. It seems a bit ironic that I was simultaneously contributing to and witnessing the effects of global warming, but the view is spectacular.",2019-01-26T22:03:19Z,114,9,,0,UChrfPGJM8NLmZFf07djnoyw,Jeremy Forrest,1,,,title_only_greenland_generic_or_numbers
eEOh0YW2Zdk,GreenLand,Amazing. You can enjoy fully ur fun day.,2019-01-29T12:06:51Z,4,11,,0,UCgvHXNqv1NQCf8xXFMPLkAA,Anil Tek,3,,,title_only_greenland_generic_or_numbers
etxaKxtCHCw,Greenland,MukulkumarM9,2019-02-08T18:45:04Z,16,3,,0,UC1yXMqZ2prMjqMEW4z6wTQQ,Mukul Kumar,4,4,,title_only_greenland_generic_or_numbers
ouuD4J0OFlA,Greenland!!!!!!!!!,Created by VideoShow:http://videoshowapp.com/free,2019-02-11T00:09:52Z,62,256,,17,UCvh6mK9Lo987NyB5Hzy8MfA,KOOL Kingston,44,163,,title_only_greenland_generic_or_numbers
umt9DRhnoeQ,1 Greenland,,2019-02-16T21:46:15Z,170,0,,0,UCL4Ou-328Ev7opXtj02wzGQ,Lara Girdwood,1,5,,title_only_greenland_generic_or_numbers
3NHIF6iFMBw,2 Greenland,,2019-02-16T21:46:18Z,340,3,,0,UCL4Ou-328Ev7opXtj02wzGQ,Lara Girdwood,1,5,,title_only_greenland_generic_or_numbers
gEQfYqFQuIU,3 Greenland,,2019-02-16T21:46:20Z,227,18,,0,UCL4Ou-328Ev7opXtj02wzGQ,Lara Girdwood,1,5,,title_only_greenland_generic_or_numbers
a5ZlR_MOfFs,Greenland,,2019-02-18T11:25:31Z,731,598,,0,UCCQP0Dg6po8qopSDqZn17TQ,Victor Ortiz,2400,2582,US,title_only_greenland_generic_or_numbers
ZbYnZq2Blq8,Greenland,,2019-02-19T06:24:30Z,57,41,,0,UC7QR9E7Qjn8jxS23xeI9y0A,Pro Group,34,73,KG,title_only_greenland_generic_or_numbers
xOSsTJPNGFU,Greenland,SUBSCRIBE NOW PLEASE,2019-02-25T02:28:50Z,4,20,,1,UCA0iWp6mLWbG9bcJFaTJVKg,Gene Reeves,2,51,,title_only_greenland_generic_or_numbers
gAUvczS8XxI,Greenland,"Provided to YouTube by The Orchard Enterprises

Greenland · Narrows

Painted

℗ 2012 Deathwish Inc.

Released on: 2012-02-28

Auto-generated by YouTube.",2019-02-25T10:18:59Z,487,1510,,1,UCw9BM3TQvnKKEUXOjKRQQiw,Narrows - Topic,159,24,,title_only_greenland_generic_or_numbers
bc7KWgK11bo,Greenland,oh no,2019-03-03T23:51:18Z,37,17,,0,UCzeH456y2bCB1xdUAlyVtDw,Joseph Joyner,2,3,,title_only_greenland_generic_or_numbers
JZZEJB6fDE0,Greenland,,2019-03-06T00:06:00Z,60,38,,,UCjHorFj0XdiOSk8qe-8YD8g,Joan abelló English,113,420,,title_only_greenland_generic_or_numbers
rrEuJTrF-aw,Greenland 2019,Video from an expedition to remote frozen fjords in Greenland. Icebergs are frozen in place in frozen fjords creating a surreal and unspoiled landscape in the Arctic.,2019-03-07T00:33:09Z,198,389,,5,UCnl8Vxz3IFUmqzw9NZx3Pcw,Matt McGee,100,17,US,title_only_greenland_generic_or_numbers
MD1-XXltnls,Greenland,,2019-03-18T14:54:13Z,12,2,,0,UCdY8glyXahrPwI3LcKQCihg,Jimmy Max,0,9,,title_only_greenland_generic_or_numbers
bM1sPel1Vj4,Greenland,Wow,2019-03-18T19:03:56Z,181,22,,,UCYIlBwJXTf0obXKBqUyQ4yA,Rahman Gull,1,4,,title_only_greenland_generic_or_numbers
3VehpbPAaRY,Greenland,,2019-03-25T14:40:19Z,153,84,,39,UC6xYVI58wGwen3TRb2Er95g,Остра Гремада,801,226,RS,title_only_greenland_generic_or_numbers
B-GzhGNnAok,greenland,,2019-03-27T19:08:27Z,116,2,,0,UCC5vitQ0Nkf563wDNBWocUw,BlackVomitPalutena,56,469,,title_only_greenland_generic_or_numbers
7La6bAhZmZg,Greenland,,2019-04-08T13:49:05Z,282,13,,0,UCGonh-OgEBRvI5yzkTXfVCA,mario karabulea,234,40,RO,title_only_greenland_generic_or_numbers
N6c5wsCXj-I,324 Greenland,"For more details:
http://view.paradym.com/4333290/prt/30541

324 Greenland
Ontonagon, MI 49953
$32,900, 4 bed, 2.00 bath, 1,920 SF, MLS# 1113682

A HOME TO SATISFY YOUR NEED FOR SPACE, A BIT OF HISTORY AND A GREAT LOCATION.....easy walking distance to the downtown shops and restaurants in The Village.....the historic Ontonagon Theater for the Performing Arts......and the beach and recreation area on Lake Superior as well.....nicely remodeled kitchen, appealing open floor plan, nice room sizes, the main floor family room could also be a master bedroom, large upstairs bedrooms...the upstairs needs a little work..........a corner jetted tub is a highlight in the upstairs bathroom...this room also needs some finishing work....... the home can be a great value ......the basement is high and dry...


Presented By:
Karen Lahti, RE/MAX Douglass Real Estate
906-482-1000 x 27
View My Inventory:
http://my.paradym.com/inventory.asp?u=89421",2019-04-20T09:06:03Z,57,3,,0,UC_WYbRXrT6eRGW4uQgoohHg,RE/MAX Douglass Real Estate,10,440,,title_only_greenland_generic_or_numbers
FkIf561Q2f4,Greenland,"Provided to YouTube by Daredo

Greenland · Bondaleira

New Life

℗ TRAUM TECHNO GERMANY

Released on: 2019-04-22

Composer: János András Márton
Music  Publisher: Copyright Control

Auto-generated by YouTube.",2019-04-21T11:15:46Z,362,426,,0,UCMJ1522T6tGnVdwrGR6mTLw,Bondaleira - Topic,142,31,,title_only_greenland_generic_or_numbers
1bg6NuTsf5g,Greenland,,2019-04-22T05:19:18Z,61,61,,0,UCf4AaCSYnX748ZBHmqFrzpg,LearningToDive Official,33,15,,title_only_greenland_generic_or_numbers
t-6lEE03BA4,Greenland,"Provided to YouTube by Virgin Music Group

Greenland · Liljaysoicy

Icyworld, Vol. 1

℗ 2019 Rap-A-Lot New Wave/SoSouth

Released on: 2019-04-20

Composer, Writer: Jalen Smith

Auto-generated by YouTube.",2019-04-24T00:40:51Z,101,395,,0,UCvz6EurWJMOhTFc-ymQ6EHQ,Liljaysoicy - Topic,121,66,,title_only_greenland_generic_or_numbers
AKDjf0SZfO4,Greenland Video,,2019-05-01T11:56:02Z,46,6,,0,UCZLVYQhf6f7rpYEEZk6LuWg,Kaknes Landscape Designs,1,73,,title_only_greenland_generic_or_numbers
pS9ulheyi8s,Greenland 2018,Trek au Groenland en fin Septembre 2018. Si vous préférez les photos de paysages à moi qui raconte n'importe quoi à ma gopro: https://flic.kr/s/aHsmtMtbVn,2019-05-08T08:46:29Z,855,106,,0,UCCJVGVBVUUzRvz9fy3L9-rQ,Joseph,6,10,,title_only_greenland_generic_or_numbers
8jwdZ8FIZmA,Greenland,"Provided to YouTube by Kontor New Media GmbH

Greenland · Ice Blue Orchestra

Between Destinations

℗ Larks Tongues Music

Released on: 2012-01-10

Artist: Ice Blue Orchestra
Music  Publisher: Copyright Control
Composer: Winters

Auto-generated by YouTube.",2019-05-13T16:40:13Z,241,60,,0,UCQG9EXV2WHKClA9749vwTew,Ice Blue Orchestra - Topic,1,35,,title_only_greenland_generic_or_numbers
OQP4SFvGfjg,Greenland,Proximamente La serie de esta ciudad...,2019-05-14T14:01:43Z,70,20,,6,UCnOHHzPb6101xq644O7mTgw,MT GAMES,15,15,,title_only_greenland_generic_or_numbers
3u5Q_V4Bj1M,Greenland,"Provided to YouTube by Fallen Swine Records

Greenland · Mount Forel

Greenland

℗ Fallen Swine Records

Released on: 2019-05-17

Composer: Ross Thompson
Composer: Peter Garner
Composer: Andrew Wakatsuki-Robinson
Composer: Takako Iida
Lyricist: Ross Thompson
Lyricist: Peter Garner
Lyricist: Andrew Wakatsuki-Robinson
Lyricist: Takako Iida

Auto-generated by YouTube.",2019-05-16T10:07:07Z,194,134,,0,UCwp4kN2Xf_KFybg6YAQesKg,Mount Forel - Topic,9,25,,title_only_greenland_generic_or_numbers
swjRiEseARM,Greenland,"Provided to YouTube by Routenote

Greenland · Eila Kany

Armour Lead

℗ Eila Kany

Released on: 2019-04-23

Auto-generated by YouTube.",2019-05-16T10:45:38Z,81,66,,0,UC2hu7VX5KspQCEPXlMrC3_Q,Eila Kany - Topic,0,30,,title_only_greenland_generic_or_numbers
aLGsM1MkuXM,Greenland,"Greenland from the sky - it comes on the way, when you choose a flight from Istanbul, Turkey to Washington DC, USA.",2019-05-16T17:11:33Z,44,2,,0,UCPJGdsYS0THkFy6g3nV6S5w,naitik shah,96,112,IN,title_only_greenland_generic_or_numbers
FgkGEg2i_ME,GreenLand,"If you are looking for Southwest multi Collection by GREENLAND please visit..

https://www.latestbedding.com/collections/new-arrivals/products/greenland-home-fashions-southwest-multi-5-piece-bonus-quilt-set?variant=20350140645474",2019-05-17T06:55:20Z,34,42,,0,UCdUjo0OdKdU06JmG3bQRp4A,Latest Bedding,1200,649,US,title_only_greenland_generic_or_numbers
hYVnadHxn68,B GREENLAND,,2019-05-18T10:58:59Z,161,37,,,UCICmfTQK5UV_mxvRjRrkAuA,AIKO TV,48,21,,title_only_greenland_generic_or_numbers
bI845Pkf7Lc,Greenland 2017,Discover south of Greenland,2019-05-20T23:24:34Z,1378,7,,0,UCyhEd5y7LubvECGeQmCVW2Q,Stephane R,2,6,,title_only_greenland_generic_or_numbers
C-lKysKmG7s,Greenland 2018,Working in Greenland as a tour guide the summer of 2018,2019-05-24T07:06:44Z,150,877,,0,UCEVMdF-61iRbdj7BBA1LCuw,TorikRouah,558,56,,title_only_greenland_generic_or_numbers
iTyop1BegvA,GreenLand,"If you are looking for Denmark multi Collection by GREENLAND please visit..

https://www.latestbedding.com/products/greenland-home-fashions-denmark-multi-3-piece-quilt-set?variant=20350138450018",2019-05-24T09:42:21Z,41,36,,0,UCdUjo0OdKdU06JmG3bQRp4A,Latest Bedding,1200,649,US,title_only_greenland_generic_or_numbers
1XFWwCuyDds,Greenland,"Provided to YouTube by CDBaby

Greenland · Remnose

Greenland

℗ 2019 Remnose

Released on: 2019-05-31

Auto-generated by YouTube.",2019-05-30T20:33:25Z,263,355,,0,UCcA-RwdvUC4v3W5YkLxQqkg,Remnose - Topic,45,31,,title_only_greenland_generic_or_numbers
jjocB8wseQs,greenland,climate change deniers are a pox on society,2019-06-01T01:47:25Z,117,10,,1,UCiMfFnshBhROELOxLvzi6Tw,LeoThePeo,468,3224,US,title_only_greenland_generic_or_numbers
AgSxLDTr2co,Greenland,,2019-06-04T18:17:03Z,180,67,,0,UCw9062-91sDR092TOgKm4vQ,runetek2,1730,64,,title_only_greenland_generic_or_numbers
9LFX72jUrEk,Greenland,Heathrow to Greenland,2019-06-09T23:54:18Z,2964,1,,0,UC3xBAGh_LaytU_-aNmFIVDQ,Neutral Newt,1,18,GB,title_only_greenland_generic_or_numbers
c0K2zVeFOOA,Greenland,Kumbakonam to Mayiladurai Agri Lands...,2019-06-10T08:29:44Z,63,13,,1,UCOFeLOQ7ZhCK2wtXM5w1_7w,OCEAN QUEEN,8,9,,title_only_greenland_generic_or_numbers
5j9AFntGMV8,Greenland 2019-06-16,+ Google Earth,2019-06-17T21:28:48Z,26,86,,1,UC1rJ0v1pBJGsRfUnBShRHSQ,Iban Ameztoy,610,653,,title_only_greenland_date
9jcLMzI-gAo,Greenland,"Provided to YouTube by demajorsTV

Greenland · Indro Hardjodikoro

Feels Free

℗ 2013 demajors

Released on: 2013-05-06

Auto-generated by YouTube.",2019-06-19T12:39:02Z,271,1103,,0,UCtMpIG4vfilQZfhqpDfXTag,Indro Hardjodikoro - Topic,13,68,,title_only_greenland_generic_or_numbers
8TvAMo9VN6Y,GREENLAND,,2019-06-19T20:25:15Z,165,10,,0,UCGBiEasWu1phpVygjCDJkhg,discord Loverp,0,1,,title_only_greenland_generic_or_numbers
ip4qIdZqL4s,Greenland,"Provided to YouTube by CDBaby

Greenland · Remnose

Waiting on the Wind

℗ 2019 Remnose

Released on: 2019-06-14

Auto-generated by YouTube.",2019-06-21T15:56:01Z,263,108,,0,UCcA-RwdvUC4v3W5YkLxQqkg,Remnose - Topic,45,31,,title_only_greenland_generic_or_numbers
-quaL4mpOVs,GreenLand,,2019-06-24T07:07:45Z,7,0,,0,UC6T-z8T7C3cAZo3DN4XU_fw,Christine Joy Dyosa,0,3,,title_only_greenland_generic_or_numbers
S5ITKqDMaK8,Greenland,,2019-06-29T08:15:14Z,52,8,,0,UCf142prkATIpaS63GOE8eFQ,European Pinoy Drivers,78,239,,title_only_greenland_generic_or_numbers
KrWa6OcKimk,Greenland 2018,Just testing openshot. Greenland from last year.,2019-07-05T15:29:30Z,12,23,,0,UCOxw8d_caTOFpbFwKWwVKrw,Louisa Guise,12,85,GB,title_only_greenland_generic_or_numbers
UWKvdlBTn2I,Greenland,Ilulissat Greenland,2019-07-06T23:35:45Z,391,215,,0,UCH98EHIpBYyP9FMyUglvClw,wdoerr95,43,38,,title_only_greenland_generic_or_numbers
bbTSx6Wv5yI,Greenland,"Yamaha AN1X , zdjęcia MaSki.",2019-07-22T09:52:33Z,1717,472,,9,UCDo_38WCLWKJput33FxyiaA,Janusz Kosmowski,119,39,,title_only_greenland_generic_or_numbers
JgnASCdCNyI,Greenland,"Greenland @ TurdaTurism.RO (un test)
www.turdaturism.ro",2019-07-22T10:27:24Z,102,52,,0,UCKf628y-E9411wk9w1Dmv4Q,Alin ROSCA,58,215,RO,title_only_greenland_generic_or_numbers
OciZshpD-aI,GREENLAND,Greenland from Flight AI101 (New Delhi to New York)... Its an amazing experience.,2019-07-25T17:52:41Z,50,91,,3,UCgqWzAd0ffMhsr3G3so9l-g,TravelzBliss,15,8,,title_only_greenland_generic_or_numbers
gJdF8TrDPCo,Greenland,,2019-07-28T10:29:51Z,260,28,,2,UCzN20HpB2GSRv3f4d5ir5UQ,skc tuturu,4,15,,title_only_greenland_generic_or_numbers
H0X-X52VzZk,Greenland 2019,5 Days in Greenland with Chris Bray Photography.,2019-08-01T15:37:43Z,164,5639,,3,UCubmdf0iobyQpIcEn8EmGxQ,Randy Ubillos,116,45,,title_only_greenland_generic_or_numbers
n3wl6GKu67I,Greenland,,2019-08-02T04:30:36Z,34,7,,0,UC70cQoh-kWge0pQq2CEDbdQ,Fərid Əhmədov,2,2,,title_only_greenland_generic_or_numbers
1oNmbCwkLXI,Greenland,"Course: Environmental Engineering
Video # 11
Water management",2019-08-09T01:01:11Z,115,23,,0,UC1UUfycPLsP1OpU2iV5yTsw,AL Ramos-Jacques,14,29,,title_only_greenland_generic_or_numbers
z2xfSSWNkyg,Greenland,"Shot with the Mavic Pro in the Ice Fjord and Disko Bay, Ilulissat, Greenland.",2019-08-11T02:45:14Z,121,74,,0,UCGf-_eENiPkgxkt_jzgBaLg,Brad Girard,817,56,,title_only_greenland_generic_or_numbers
WgGb76Uq7Ew,Greenland,,2019-08-12T13:01:20Z,143,112,,1,UCnoVGF3fENJ_eDPmfaNxDUw,amyoswalt18,2,13,,title_only_greenland_generic_or_numbers
5s8Vj_bcxG8,Greenland,,2019-08-13T08:22:06Z,95,3,,0,UCTR6zDOTNG7E95Q1mQzqJlA,ZISAKUDUTSE TV,24,323,,title_only_greenland_generic_or_numbers
Y3lQwtqlaDg,Greenland,,2019-08-13T08:32:52Z,2,5,,0,UCTR6zDOTNG7E95Q1mQzqJlA,ZISAKUDUTSE TV,24,323,,title_only_greenland_generic_or_numbers
ZKGIYrGnmlc,Greenland,"Awesome Greenland it's nature,sceneries etc
#Greenland #Greenlandnature #Greenlandsceneries #Greenlandfacts #aboutGreenland 
Watch my last video https://youtu.be/1QQhxeGIqPw",2019-08-13T11:33:31Z,174,48,,0,UCfxGbxjKD_GhoWjgvBx5mkg,MS MEDIA,43,17,,title_only_greenland_generic_or_numbers
tWw5HMetc7M,Greenland,07 2019,2019-08-15T19:13:48Z,433,273,,0,UCj-Mo5qwVJrM469k6jwmOHg,Cesar Arias,4,1,,title_only_greenland_generic_or_numbers
v8SAR-1VJ4Y,Greenland July 21 2019,"Flying home from Europe (yes, I bought Carbon Credits) we passed over southern Greenland, and I was lucky enough to be able to video the landscape. About 2/3 of the way through the video I show the airline map with our current position. Lots of bare ground. Holding comments for review due to the nature of this video and the types of comments I have seen on similar videos. Don't waste your time on silly comments.",2019-08-17T01:49:39Z,627,35,,0,UCzSHrNbR3XsyETBCarG6u3g,David Butcher,179,78,,title_only_greenland_date
VD6gdunFKMk,Greenland,,2019-08-18T15:56:28Z,22,9,,0,UCDlTLoqHUmixOd3nFPwnGYg,Becky Bunzy,191,102,,title_only_greenland_generic_or_numbers
Ur6B3cIcx9s,Greenland 2019,Kayaking Trip East Greenland August 2019,2019-08-21T18:18:50Z,48,103,,0,UC4THEo2Sx4Q0Vi0wAebmPdg,Andreas Schmalhofer,0,2,,title_only_greenland_generic_or_numbers
P3B6deVqE_U,Greenland,Just stunning today. Time lapse of our flight over the southern tip.,2019-08-26T22:16:30Z,37,39,,0,UCN72QdB9kLi7dFc_GyfwTcg,Unitedflyier,3,11,,title_only_greenland_generic_or_numbers
4SBdrLXWuk4,Greenland,"This week we discuss Little Norway, Arctic diplomacy, and Project Iceworm.

We also discuss Thule Air Base, Henrick Kauffman, and Operation Chrome Dome.

Become a patron on Patreon: https://patreon.com/letsknowthings

Patrons receive a bonus episode of the show each month!

For more information about this podcast and to view the show notes and transcript, visit https://letsknowthings.com

And if you're enjoying the show, please consider leaving a review wherever you get your podcasts—they help more than you might think :)",2019-09-03T16:34:38Z,1980,189,,0,UCULPJAwH3s2F3ULsY0gL3nw,Colin Wright,10100,1561,US,title_only_greenland_generic_or_numbers
0MvhiPmeiFY,Greenland,"kota dimana saat ini musim 24jam tidak ada malam...
24 jam matahari menyelimutinya kota ini..
gunung es mulai mencair. ..",2019-09-05T18:28:36Z,8,27,,0,UCDl7S8VyvbnsWNt8M5N-Ygw,Felicia official ,724,376,,title_only_greenland_generic_or_numbers
rrINCd9ESas,Greenland 1 Greenland,"Symphony Orchestra and Synthesizers.
Pieces inspired in landscapes and medieval battles.
Composer: Miguel Jaubert

Orquesta sinfónica y sintetizadores.
Piezas inspiradas en paisajes y batallas medievales.
Compositor:Miguel Jaubert",2019-09-08T21:11:34Z,295,37,,3,UC2z7cLtu1pb-2R7h7zO-EuA,Miguel Jaubert,675,39,,title_only_greenland_generic_or_numbers
EN4z0B756WI,Greenland,"Байдарочный поход в Гренландии
авг 2019",2019-09-10T12:15:54Z,197,651,,0,UCuC93TShj8dG3wkvjrlM8Mw,Alexander Patsenker,72,13,,title_only_greenland_generic_or_numbers
YdyhHEwQxfQ,Greenland,"Stefany taking in Glacier views in Greenland.

www.dmctraveltailor.com
You can contact us at: info@dmctraveltailor.com and or stefany@largaytravel.com.",2019-09-14T00:11:37Z,121,9,,0,UCQ25hy7SYgFKS_IdoC3lKuA,DMC Travel Tailor,80,130,,title_only_greenland_generic_or_numbers
AjjWZDVdzEs,Greenland 1972,"Trip I did with Sea Services Shipping on the Lady of Essex. Contracted by Total oil company. purpose was how to do deal with icebergs if you did offshore drilling. great trip, lots of fun.",2019-09-21T13:41:23Z,288,114,,0,UCmWwLrcq0riD0jS9d4o61-g,Geoff Delivett Boomer Wanderer,185,229,GB,title_only_greenland_generic_or_numbers
KWkv6ib0rDU,Greenland,"Provided to YouTube by DistroKid

Greenland · Jennifer Athena Galatis

Gaia (Original Motion Picture Soundtrack)

℗ Immersion

Released on: 2019-09-26

Auto-generated by YouTube.",2019-09-28T17:26:12Z,539,56,,0,UCLCZwwq5sk2sKZnZqr7PrEw,Jennifer Athena Galatis - Topic,639,842,,title_only_greenland_generic_or_numbers
hulx64NrTmY,Greenland 2019,,2019-09-29T09:23:56Z,816,153,,0,UC7ELX9dg5FyD5i8L7v54kiA,Haim Granot,9,9,,title_only_greenland_generic_or_numbers
3kWrS-uqm5Q,Greenland,,2019-10-05T23:10:58Z,295,3,,0,UCHIcbhyX1pwJzPLC6xRyKfQ,Ej Gamo,0,1,,title_only_greenland_generic_or_numbers
dgjOCTRaEg0,Greenland,,2019-10-07T03:40:08Z,29,3,,0,UCjZPuXrVGmUpOCJtUt-Pwvw,Maurice Sciveres,0,12,,title_only_greenland_generic_or_numbers
cb-wIaQsqiw,Greenland 2018,"June 2018 Steven and I hiked the Arctic Circle Trail, Greenland's most popular backpacking trail, around 100 miles of spectacular scenery including tons of lakes and fjords, waterfalls, towering snow-covered mountains, and sweeping views!  

Difficulties encountered: 
Arranging for trailhead transportation (if you wish to skip the 10-mile pre-trail road portion between Kangerlussuaq and Kellyville), being prepared for severe weather conditions (including heavy rain, intense cold, strong winds, white-out fog, and snowstorms even in the summer), dealing with the nonstop assault of mosquitoes, avoiding unsafe encounters with wildlife, hiking through challenging bogs and wetlands (wet feet for days), and safely carrying out river crossings (which also means not crossing when river levels are too high). 

More info about the hike can be found here:
http://www.panamintcity.com/greenland/arcticcircletrail.html


Song: Cyrus Reynolds - Oh Brother",2019-10-08T02:18:55Z,263,388,,4,UCncXYCSR1BAShTPWB_weQdA,Josh Leard,45,17,,title_only_greenland_generic_or_numbers
xTI8RTkyafc,The Greenland,,2019-10-08T17:37:46Z,68,4,,0,UCqwKO0JpD2DoDQ6svWtnZzg,Ladoo Kids tv sandeep,2,4,,title_only_greenland_generic_or_numbers
YpsK7OJU7Mg,Greenland,Newland,2019-10-10T22:06:30Z,12,17,,1,UCTKsYpP9HrTScGNfVbL5hXw,Carmie Ancheta,2,1,,title_only_greenland_generic_or_numbers
VckWZgnWnlk,Greenland,Iceberg tour Ilulissat 2019,2019-10-15T10:00:25Z,51,19,,0,UCDNk-E3aSNbPJtHIaC4gCPg,LynLarsen,4,4,,title_only_greenland_generic_or_numbers
CahfcdxTb3Q,THE GREENLAND,,2019-10-19T04:41:00Z,108,10,,0,UCsWBY9S5h8KvWl8bFMW_sBQ,RAZ ,3,6,,title_only_greenland_generic_or_numbers
-g6WeHoUhXw,Greenland,sailing around Greenland,2019-10-20T10:59:25Z,468,676,,2,UC8Fe7fZx1L99-A9yl5wGpLA,snehurkayacht,837,65,CZ,title_only_greenland_generic_or_numbers
VFUP3hqGqtw,@GREENLAND 🤤🤤😍,,2019-10-21T23:57:36Z,37,20,,1,UCztKqbIOUuI2MS4MWJF6hxQ,Jasmine Zamora,112,20,,title_only_greenland_generic_or_numbers
hjpGScghmLQ,Greenland,"Mrkneme pod víko hry
Greenland
Více obsahu hledej na FB a Instagramu stránce POD VÍKEM https://www.facebook.com/pod.vikem
https://www.instagram.com/pod.vikem/",2019-10-28T06:55:02Z,735,626,,0,UC1LjpsZzxqowLNwX1kUW11g,POD VÍKEM,3670,1569,CZ,title_only_greenland_generic_or_numbers
dMeG5XHuxY0,Greenland,,2019-10-30T20:00:20Z,170,19,,0,UC7zMPSxJNi8pUPn6RRSVgPw,Anton Tetzi 89,29,56,IS,title_only_greenland_generic_or_numbers
tw7AiBHmjGs,GREENLAND!,,2019-11-01T01:13:32Z,757,6,,0,UC4aBnnaefA4eLqZbDyLd3fQ,Reapster Guy09,96,98,,title_only_greenland_generic_or_numbers
88C19_WPSHw,Greenland's,My phone photography,2019-11-01T12:26:00Z,70,26,,0,UCEVG_ewotuGeCULuaXjIz5w,Svphotographykmm,34,27,,title_only_greenland_generic_or_numbers
Raf0BarPUeM,Greenland!!,Greenland!!!,2019-11-02T23:37:38Z,11,8,,0,UCRYhbugdyYJfZTSJfuEr9DA,Laura LaPlante,11,163,,title_only_greenland_generic_or_numbers
GOrRgjYb0qM,7 Greenland,,2019-11-05T17:57:21Z,398,3,,0,UCpaHbqQXZUb0GDRCDtXNhFQ,Mich95 (BigRatsLabel),46,653,PL,title_only_greenland_generic_or_numbers
eB5HXjDJB6M,Greenland,Like share and subscribe,2019-11-12T14:56:51Z,18,127,,1,UCChcKjo7Fm_EId7bOx4VpiQ,Usman Vlogs,552,9,US,title_only_greenland_generic_or_numbers
Dpo7epcINls,Greenland,,2019-11-14T18:53:42Z,61,34,,0,UCqhsiwKT8E3dkrPcohEZunQ,Melih Yaren oto garaj ,479,633,,title_only_greenland_generic_or_numbers
5GpkT0gs_5k,Greenland,DIRECTED BY SIDY DIALLO,2019-11-24T02:56:56Z,211,43,,0,UCuzu6_EG9v9dm2cVThGrkBQ,Sidy Diallo,144,28,,title_only_greenland_generic_or_numbers
5G78VVMF1mo,Greenland,The video was taken in East Greenland in September 2018.,2019-12-02T01:08:31Z,264,77,,0,UCwemaRmSHk1TXCHVHxvHUPA,DG,15,10,,title_only_greenland_generic_or_numbers
IqmH7bBTOEc,Greenland,,2019-12-04T00:34:18Z,12,19,,,UCnQnXW2RFRijJdFnQoo4qnQ,Big4 “Yuri” Chungus,8,15,,title_only_greenland_generic_or_numbers
_0GhnwEAlhk,Greenland August 2019,"Nuuk, Qaqortoq, Nanortalik
Princess Cruise, Canada, Greenland, 
No-fly, Brooklyn to Brooklyn",2019-12-05T15:56:42Z,225,73,,0,UCS0W8UY7bPllot0MsoabLKQ,Kathleen Mariposa,1,52,,title_only_greenland_month_year
M_y0cSzYx84,Greenland 🏔,,2019-12-11T04:07:32Z,19,12,,0,UC7V2lsNwaE0lixsKT53DSrA,Beerjung Nona,0,7,,title_only_greenland_generic_or_numbers
p1zabC1lWfo,Greenland🌱,,2019-12-14T19:43:31Z,775,7,,,UC2HywpnnFGiyctteymcSOhQ,Lilly _Rodz,2,3,,title_only_greenland_generic_or_numbers
g9Pv0SmWdno,Greenland 2019,,2020-01-07T20:34:19Z,275,26,,0,UCSw1G9uQHqZxBak6ZchogfA,Jan Kubálek,21,2,,title_only_greenland_generic_or_numbers
9h7UDIYsnLM,Greenland,"Provided to YouTube by Redeye Worldwide

Greenland · The Kingsbury Manx

The Fast Rise and Fall of the South

℗ 2005 Yep Roc Records

Released on: 2005-09-20

Main  Artist: The Kingsbury Manx
Music  Publisher: Oro-Roja/Dr. Shambles Music/Flayleejay/Conover Beacon ASCAP
Composer: The Kingsbury Manx

Auto-generated by YouTube.",2020-01-10T01:24:37Z,178,1299,,0,UCTQ_MHNJHzMjNIH0wUDpoOg,The Kingsbury Manx - Topic,134,97,,title_only_greenland_generic_or_numbers
PEDUOyQLaI8,Greenland,"Видеообзор искусственного покрытия ""Greenland"", от интернет-магазина Kovroff.by

Ссылка на данный товар, в нашем интернет-магазине:
https://kovroff.by/catalog/iskusstvennaya_trava_i_mokh/nizkovorsnaya/iskusstvennaya_trava_greenland/

Kovroff.by - Самый большой выбор ковровых покрытий в РБ.",2020-01-10T12:59:08Z,85,363,,0,UC2tzmtPFbhxzyN-ANavc5VQ,Kovroff by Онлайн гипермаркет напольных покрытий,85,201,BY,title_only_greenland_generic_or_numbers
45WSSnK7qys,Greenland,"Provided to YouTube by DistroKid

Greenland · Riccardo Sandri

Dividi Et Impera

℗ 1188949 Records DK

Released on: 2020-01-13

Auto-generated by YouTube.",2020-01-16T04:12:39Z,349,25,,0,UCaNpsj7fhh3ib3BaaO-04aQ,Riccardo Sandri - Topic,9,36,,title_only_greenland_generic_or_numbers
IOfy79Oq-t0,Greenland,"Provided to YouTube by CDBaby

Greenland · John Hovorka and the Dawn of Mechanized Farming

Runs + Drives

℗ 2020 John Hovorka and the Dawn of Mechanized Farming

Released on: 2020-01-02

Auto-generated by YouTube.",2020-01-19T00:08:01Z,163,66,,0,UCaQGUw_kqBfkAfwLM-X341w,John Hovorka and the Dawn of Mechanized Farming - Topic,4,12,,title_only_greenland_generic_or_numbers
OTOJDO0GwL8,Greenland 1991[4,"Kelsey Cataract, Leverett Glacier & Sandflugtdalen",2020-01-30T13:58:35Z,66,6,,0,UC_KC78kl1CZdw-zHSGA4tkQ,Andy Russell,25,82,,title_only_greenland_date
8cAYQQtTTvc,Greenland 1991[11,Kelsey Cataract bedrock Gorge,2020-01-30T14:31:56Z,51,4,,0,UC_KC78kl1CZdw-zHSGA4tkQ,Andy Russell,25,82,,title_only_greenland_date
rkhrd25u_k8,Greenland 1991,Transport from SFJ to the Russell Glacier,2020-01-30T14:37:54Z,82,21,,0,UC_KC78kl1CZdw-zHSGA4tkQ,Andy Russell,25,82,,title_only_greenland_generic_or_numbers
eR9S4mPs7sk,Greenland 1991[17,Geomorphology near Keglen,2020-01-30T15:43:05Z,78,7,,0,UC_KC78kl1CZdw-zHSGA4tkQ,Andy Russell,25,82,,title_only_greenland_date
onmO5IKLXzI,Greenland,"Provided to YouTube by TuneCore

Greenland · Julia Greenberg

Greenland

℗ 2018 Umnitsa Records

Released on: 2018-09-21

Auto-generated by YouTube.",2020-02-08T13:01:05Z,250,63,,0,UCDai2-5xpZq5P21q9WkSk5g,Julia Greenberg - Topic,8,22,,title_only_greenland_generic_or_numbers
Pn5w92mT_A0,Greenland,,2020-02-10T15:52:54Z,17,8,,0,UCrkHzisNhKBkgjBW-asM4Ow,Aleš Mucha,0,1,,title_only_greenland_generic_or_numbers
BAAYp66oAA0,Greenland,,2020-02-18T19:46:25Z,37,3,,0,UC8Hb8sW_u9qXsMtKD2eij8Q,Video Di Droni Mirko,70,84,IT,title_only_greenland_generic_or_numbers
CfjPr7ch5Ok,Greenland,"Provided to YouTube by Symphonic Distribution

Greenland · Double Energy · Double Energy

Greenland

℗ 2017 Karavan Records

Released on: 2017-11-03

Auto-generated by YouTube.",2020-02-20T09:01:26Z,280,7,,0,UC4FMe6fGV58E2P_960GOQJg,Double Energy - Topic,18,473,,title_only_greenland_generic_or_numbers
0SlURKpR5gw,Greenland,"Provided to YouTube by Symphonic Distribution

Greenland · Double Energy · Double Energy

Piracy Style, Vol. 4

℗ 2016 Slowmore Russia

Released on: 2016-10-13

Auto-generated by YouTube.",2020-02-21T03:27:46Z,280,3,,0,UC4FMe6fGV58E2P_960GOQJg,Double Energy - Topic,18,473,,title_only_greenland_generic_or_numbers
Dk1tiNOm2mc,GREENLAND,MAKE GOOD THINGS HAPPEN,2020-02-21T13:11:11Z,565,3,,0,UCskTHhy0bc5AVnsG2YmsHaQ,N E W D Λ Y,3,14,,title_only_greenland_generic_or_numbers
4RbzZLXNEpw,Greenland,"Provided to YouTube by Symphonic Distribution

Greenland · Double Energy · Double Energy

Greenland

℗ 2018 Karavan Records

Released on: 2018-03-14

Auto-generated by YouTube.",2020-02-22T04:46:42Z,280,6,,0,UC4FMe6fGV58E2P_960GOQJg,Double Energy - Topic,18,473,,title_only_greenland_generic_or_numbers
egCv6Ir5XSs,"Greenland, 2019",Maniitsoq - lake Inugsuit taserssuat - Eric the Red pass - Manitsup sermilia fjord - Horizon of event pass - lake Iluliagdlup - Eternity fjord - lake Tasersiaq - Robinson river - lake Taserssuaq - Tatsip ata bay - Kangerlussuaq. July - August 2019.,2020-02-24T16:46:33Z,304,357,,2,UCOe4EgZW1ATixSEogynqwmQ,Vasily Kulik,33,4,,title_only_greenland_generic_or_numbers
laUE5RpcowQ,Greenland 20 20,Video from Green Is The Always Best,2020-02-25T17:00:10Z,71,1382,,,UCHuHTatLWUpBUCVF2pl9SEw,Greenland school pudupet SCHOOL,914,748,,title_only_greenland_generic_or_numbers
in-hMjpe7Ak,Greenland,,2020-03-01T22:27:57Z,1159,17,,0,UCIULr3jW5K3IGbsR7uX79gg,408daytona675,0,3,,title_only_greenland_generic_or_numbers
UktOK9ShBI4,greenland,,2020-03-02T23:00:10Z,604,12,,0,UCcJADan0pll4vUmIxVXHk8A,bleila moustapha,3,5,,title_only_greenland_generic_or_numbers
7lxFDt2aQXQ,Greenland,"संपर्क करें
यादव श्री मशीनरी स्टोर Address: 1""बड़वानी-बड़ौदा हाइवे, मनावर फाटा गणपुर चौकड़ी, ""गणपुर"" (जिला धार)
Address:2 17/4 प्रेरणा द्वार श्रमिक कॉलोनी AB राऊ (जिला इंदौर)
मो. 9109862272
9827318291",2020-03-04T13:49:43Z,34,494,,0,UCk-qamMc6eryfeowHZey7FA,Yadavshree Machinery Stores Official,2550,178,IN,title_only_greenland_generic_or_numbers
3ZxcLtmiCjk,Greenland,,2020-03-21T16:46:52Z,727,13,,0,UCCP7kPW5XJBNfTwXSDf5Vuw,Phexo,216,123,CA,title_only_greenland_generic_or_numbers
Xg8vylFkmO8,Greenland,"Provided to YouTube by Rebeat Digital GmbH

Greenland · Dani W. Schmid's Tearing Heart

Nature Healer

℗ 2011 DANI RECORDS

Released on: 2011-10-28

Composer: Dani W. Schmid

Auto-generated by YouTube.",2020-03-28T05:28:13Z,161,13,,0,UCoWUHeod70d8B0vGFJlMT9A,Dani W. Schmid's Tearing Heart - Topic,2,67,,title_only_greenland_generic_or_numbers
jY_1ioDeDH8,"Greenland 2019, August",,2020-03-29T11:55:45Z,229,44,,0,UCpr5_pammyTTUP4amlQ-H0w,Roman Zhuk,7,9,,title_only_greenland_date
uSsa-SkCiIc,Greenland,"Provided to YouTube by SonoSuite

Greenland · Back Is Beautifull

Undercover - Greenland

℗ Channel Six Music Company

Released on: 2019-11-11

Composer: Alejandro Francos Gómez

Auto-generated by YouTube.",2020-04-03T19:14:42Z,393,28,,0,UCFM4bunbNgEC27qN4y9opvw,Back Is Beautifull - Topic,6,71,,title_only_greenland_generic_or_numbers
eaPQvVk98Fo,Greenland,Summer time in greenland,2020-04-05T05:57:04Z,11,8,,0,UC5yWmk9ZcjF7oZwls8Ovi2w,Sheryl Mcleod,7,7,,title_only_greenland_generic_or_numbers
0MsiYttmEB0,Greenland,"Provided to YouTube by IIP-DDS

Greenland · Kiash Arjun

Fire & Ice

℗ Kiash Arjun

Released on: 2020-04-08

Producer: Kiash Arjun
Music  Publisher: Kiash Arjun
Composer  Lyricist: Kiash Arjun
Composer: Kiash Arjun
Lyricist: Kiash Arjun

Auto-generated by YouTube.",2020-04-07T11:15:55Z,221,110,,0,UCv4dFyfRgitAFgahzwwOwTg,Kiash Arjun - Topic,88,30,,title_only_greenland_generic_or_numbers
I14zDL6_1cI,Greenland,"Greenland  is the world's largest island, located between the Arctic and Atlantic oceans, east of the Canadian Arctic Archipelago. It is an autonomous territory within the Kingdom of Denmark. Though physiographically a part of the continent of North America, Greenland has been politically and culturally associated with Europe  for more than a millennium. The majority of its residents are Inuit, whose ancestors migrated from Alaska through Northern Canada, gradually settling across the island by the 13th century.",2020-04-10T18:14:01Z,71,14,,0,UC9m0TI-Yt1TxXWZCezegv8w,Wiki4All,61500,50728,US,title_only_greenland_generic_or_numbers
S3lz0eoGkdE,GREENLAND,,2020-04-13T12:45:47Z,130,11,,0,UCZ0f_RtDwmHfQH5DXFANKjQ,Gordon Nieslen,9,49,,title_only_greenland_generic_or_numbers
SH2ovOTWFqU,Greenland 2020,Triler,2020-04-14T19:57:51Z,157,411,,2,UCvr7D7tczzObCGGpJJxfuwA,Mati de las sierras,35,77,,title_only_greenland_generic_or_numbers
dp-XER72CEI,Greenland,"Provided to YouTube by Believe SAS

Greenland · Detlev Schmidtchen · Detlev Schmidtchen

Vanthasia

℗ Detlev Schmidtchen

Released on: 2013-07-23

Auto-generated by YouTube.",2020-04-17T14:54:45Z,193,140,,0,UCUuuOsQe_vNMFWlm7erFbyQ,Detlev Schmidtchen - Topic,81,89,,title_only_greenland_generic_or_numbers
pAjVQC0DkZM,Greenland 2019,,2020-04-19T00:56:14Z,389,22,,0,UCdoyliVs_EKl94nhOLF9Lyw,georgeabarth,32,133,,title_only_greenland_generic_or_numbers
qN_zGsHkxyk,Greenland☘️🌱🥀✨,Video from PujaAkashsingh,2020-04-21T13:06:41Z,196,35,,2,UCcayPbGBuSEpDlT6YaWRkAQ,Baby shree short,98,49,,title_only_greenland_generic_or_numbers
aAAN2uZjPso,Greenland,Greenland,2020-04-28T02:06:33Z,58,1,,0,UC4GWok9R1hJhTJInGxBd3OQ,P CA,2,20,US,title_only_greenland_generic_or_numbers
ZyA0llZK5qM,Greenland part 1,"Social science class-V 
Chapter-7",2020-04-28T19:45:57Z,340,125,,0,UCwLGJSXMz1dnFJzt8iGjHUg,bijaya das,59,27,,title_only_greenland_generic_or_numbers
2kl-ovogMTc,Greenland,"Provided to YouTube by CDBaby

Greenland · Greyson Bos

Greenland

℗ 2020 Greyson Bos

Released on: 2020-04-24

Auto-generated by YouTube.",2020-04-28T21:30:37Z,270,53,,0,UCltYCqU0NwsQBQF97spF9ZQ,Greyson Bos - Topic,9,15,,title_only_greenland_generic_or_numbers
M5lRNxc5g1s,Greenland Part 1,,2020-04-30T05:21:15Z,640,4,,0,UCs8P0-_5mcj7bvFS6qId0Zg,Teri Chaney,1,2,,title_only_greenland_generic_or_numbers
kHLjkvH_3iM,Greenland,"Provided to YouTube by Emubands Ltd

Greenland · Fraser Purdie

Wild Way of the Vikings (Original Television Soundtrack)

℗ 2019 Beaten Track Records

Released on: 2019-02-06

Composer: Fraser Purdie

Auto-generated by YouTube.",2020-05-05T20:43:08Z,81,175,,0,UC2m_06gR-ZQAnwKyL89nOjA,Fraser Purdie - Topic,69,184,,title_only_greenland_generic_or_numbers
FOWBMAYuz30,Greenland part 2,Social science class-V,2020-05-05T21:34:09Z,285,48,,0,UCwLGJSXMz1dnFJzt8iGjHUg,bijaya das,59,27,,title_only_greenland_generic_or_numbers
c0xBgl39dN0,"Greenland May 6, 2020",Ganja,2020-05-06T14:33:49Z,116,118,,3,UCJaxxK9bisfzmsyqDUBqDaw,Joel Mungal,2,1,,title_only_greenland_date
B905MlWZgxA,Greenland,"Greenland from the flightdeck
It's a short video that is slowed down, which is why it is jerky",2020-05-11T11:47:44Z,27,43,,2,UCaA0jPT7kqr4yFESxbGynwQ,Hasmal Dawn,13,3,,title_only_greenland_generic_or_numbers
H3Z9A3ApTYQ,Greenland,"Greenland from the flightdeck
It's a short video that is slowed down, which is why it is jerky",2020-05-11T12:08:48Z,27,87,,41,UCkM3D6W15C1u6_pedfHHfmA,Hashmal Dawn,21,16,,title_only_greenland_generic_or_numbers
HZw3m8TThfA,Greenland,"Provided to YouTube by Bandlab/REVERBNATION

Greenland · Eder Twins

The Best of the Eder Twins Vol. I & Vol. II

℗ Eder Twins

Released on: 2020-05-11

Music Publisher: edertwins

Auto-generated by YouTube.",2020-05-19T17:30:21Z,207,2,,0,UCEyWcaeIshAFvHhBjbFjRTQ,Eder Twins - Topic,1,142,,title_only_greenland_generic_or_numbers
5Pt3tj5xqbg,Greenland,,2020-05-21T02:08:40Z,30,18,,0,UCDDn2ggqYmAEMdrNGrzx1HA,OldSnagz,13,5,,title_only_greenland_generic_or_numbers
Wjn0UEKjRNY,Greenland,"Provided to YouTube by Kontor New Media GmbH

Greenland · HONU

Stories of Life

℗ MORE Music & Media GmbH & Co. KG

Released on: 2020-06-05

Artist: HONU
Composer: Thorsten Eckardt
Composer: Mathias Fiedler
Music  Publisher: Edition Slippy Beats c/o ROBA Music Verlag GmbH

Auto-generated by YouTube.",2020-06-04T10:09:28Z,291,9,,0,UCxx8LQJwMZ7-5ArAnZ_CkCg,HONU - Topic,2,21,,title_only_greenland_generic_or_numbers
CR1jRsH4W0A,Greenland,"Provided to YouTube by Agora Digital Music

Greenland · Tropical Soldiers in Paradise

II

℗ 2020 Coastline Northern Cuts

Released on: 2020-06-05

Auto-generated by YouTube.",2020-06-04T10:38:28Z,277,689,,0,UC6jrYGX2CqT0Gx-XqNsDbWw,Tropical Soldiers in Paradise - Topic,75,27,,title_only_greenland_generic_or_numbers
0KZpxSyUj44,Greenland,Greenland nature,2020-06-11T13:34:39Z,35,2,,0,UC29McTbKi7_0JMJGCVw-1pQ,Prabu Shamli,16,34,,title_only_greenland_generic_or_numbers
qE_PIxeLVwY,GREENLAND,"Greenland is one of the most unique countries in the world, and as the world's largest island, it also offers an array of landscapes, experiences, and lifestyles for those brave enough to embrace them. This is our compilation video celebrating the best of Greenland.

Special thanks to the following for supplying us with the footage to edit this video: 
Visit Greenland | https://bit.ly/2UHiPLD
Aningaaq Rosing Carlsen - Visit Greenland & Arctic Nomad
Elia Locardi - Visit Greenland
Bilal Photography | https://bit.ly/37tUD4H
Ralph Baetschmann, Humbi Entress, Mads Pihl, and MMPFilms 

Music:
Free Radicals by Stanley Gurvich | https://bit.ly/2x4sgfy

Thumbnail Image credit:
Magnus Elander - Visit Greenland | https://bit.ly/2UHiPLD

Make sure to check out the rest of our 
WEEKLY COLLECTIONS FOR THE ADVENTUROUS & CURIOUS:

YouTube | https://bit.ly/2Xaj57B
Instagram | https://bit.ly/36Dj4MD
Blog | https://bit.ly/2X6R5l7
TikTok: https://bit.ly/2yIwKcA",2020-06-14T09:34:17Z,80,3715,,7,UC1hlHoHwQrq1NxfyvPB1a3A,How Far From Home,6470,217,,title_only_greenland_generic_or_numbers
Bun-K25_IQo,Greenland,"in this video we will talk abut greenland, 
link to  join the telegram channel - 
https://t.me/joinchat/AAAAAFcRDi9-1s-4-cm-sw",2020-06-22T06:56:38Z,110,52,,6,UC9ky1onnFCfBoZc_SPgmsXA,Kartavya Vg,125,80,IN,title_only_greenland_generic_or_numbers
6C5I4fZLyRM,Greenland,"Gerard Butler va devoir sauver sa famille  d'une pluie de météorites dans #Greenland, au cinéma dès le 12 août ! Bande-annonce vf",2020-06-25T15:20:33Z,149,74,,0,UC97VqUr1viXkm-do1wu25YQ,love movie mania,1440,2322,,title_only_greenland_generic_or_numbers
gu9ybwJ4Rp0,Greenland,"¿Listos para una película apocalíptica? Aquí está el trailer de “Greenland”, protagonizada por Gerard Butler y Morena Baccarin. La película sigue a una familia que lucha por sobrevivir después de que fragmentos de un cometa comienzan a caer en la Tierra. En cines próximamente.",2020-06-25T19:28:35Z,159,5,,0,UCpA3fRz3s2IwjEvIK2LAbuw,Palomita de maíz,92,589,MX,title_only_greenland_generic_or_numbers
7r9WeU8f_10,Greenland,"#Cinentojo
#Greenland
#Groelandia
#GeraldButler",2020-06-26T14:52:04Z,149,21,,1,UCeVPf_It96fcYRlpxSYaKBA,Edgar Montoya,16,104,,title_only_greenland_generic_or_numbers
neoxf-abZxk,Greenland,"Explosive movie, good watch",2020-06-26T22:14:50Z,163,2,,0,UCAa68D_qfhGOWi1n8BlzS8w,Lincoln Movies,0,2,,title_only_greenland_generic_or_numbers
U2br_HEZhRQ,Greenland,#GREENLAND #NEWMOVIE2020,2020-06-28T15:06:54Z,128,95,,10,UCL5_Kxr54YNtDpRI7lakvrg,Lakwatcherong Pinoy,3150,483,OM,title_only_greenland_generic_or_numbers
wgCDzceqHvk,Greenland (Greenland,,2020-07-01T08:37:09Z,138,5818,,0,UCt2nEsr1b7mpMPKQKwHMWig,MariBox,1530,1072,SI,title_only_greenland_generic_or_numbers
UM0DWmnN9m0,Greenland,,2020-07-05T11:39:02Z,39,7,,0,UCQXXE6bcNXmpOJUWCvtZFdw,Happy world,5,6,,title_only_greenland_generic_or_numbers
Dd8gJfisPdk,Greenland,Jalan jalan tidak sekedar jalan jalan,2020-07-05T17:12:24Z,125,53,,0,UCRjpFsFeau8h_b987V4I_Bg,belzz musik,170,168,,title_only_greenland_generic_or_numbers
fA1BfOjMoUE,Greenland,,2020-07-10T03:27:17Z,13,0,,0,UCHVQ7GDDUhp8gLhQQS0gFkQ,rakib rajib,0,8,,title_only_greenland_generic_or_numbers
V_Ey25rAzGw,Greenland 2,,2020-07-10T03:27:38Z,22,7,,0,UCHVQ7GDDUhp8gLhQQS0gFkQ,rakib rajib,0,8,,title_only_greenland_generic_or_numbers
lWMf3Z1Badg,Greenland 3,,2020-07-10T03:27:51Z,22,22,,0,UCHVQ7GDDUhp8gLhQQS0gFkQ,rakib rajib,0,8,,title_only_greenland_generic_or_numbers
JjGxbldFUp0,Greenland 4,,2020-07-10T03:28:09Z,40,1,,0,UCHVQ7GDDUhp8gLhQQS0gFkQ,rakib rajib,0,8,,title_only_greenland_generic_or_numbers
fEQDn7xMiNg,Greenland (2020,A family struggles for survival in the face of a cataclysmic natural disaster.,2020-07-10T07:04:40Z,148,8,,0,UCm5wjIrqK7_zh_xzDpgHmCQ,BOSS MovieClips (NEXT),2,2,ID,title_only_greenland_generic_or_numbers
_0AUmFXMnd0,Greenland 🇬🇱 😘,Credit: Dennis Schmelz,2020-07-16T14:40:55Z,182,9,,0,UCDkye-v32gyodeOa14CXNBA,hasna husain,36,204,,title_only_greenland_generic_or_numbers
oTloE6k1XUw,Greenland 2,f,2020-07-17T04:27:24Z,60,24,,0,UCi-k35fGtfj9ATyV6MeNAvg,Antonio Oyarce Toro,15,20,,title_only_greenland_generic_or_numbers
JHPNLsUqSR0,Greenland 🇬🇱 (part-01,Class-05,2020-07-17T16:03:18Z,223,8,,0,UCq8S2bmWaHUe2RIA2hUHeDw,SIS World,106,278,,title_only_greenland_generic_or_numbers
IOKqDdwtHUQ,Greenland 🇬🇱 (part-02,Class-05,2020-07-17T16:04:29Z,235,3,,0,UCq8S2bmWaHUe2RIA2hUHeDw,SIS World,106,278,,title_only_greenland_generic_or_numbers
JrNr5YofMFM,GREENLAND,,2020-07-22T01:13:06Z,26,1,,0,UC03EUDb7C4A2Z_y2MXw76Yw,Ebro Webs,0,1,,title_only_greenland_generic_or_numbers
8w0q9MCcinI,GREENLAND,Learn about Greenland and many more topics with tabs classes.#TABS classes,2020-07-28T05:05:37Z,379,107,,0,UCb5thcWvBTuKKItc_A4bEkg,TABS Classes,541,85,IN,title_only_greenland_generic_or_numbers
Qa_ZrIFFSIU,Greenland Part 2,,2020-08-01T19:29:00Z,1011,9,,0,UCwvlBa_WUpvLLrGBZBe9RsA,Sangeeta Razdan,17,9,,title_only_greenland_generic_or_numbers
uVekmQq5fC4,Greenland Part 1,,2020-08-01T19:29:39Z,1256,31,,0,UCwvlBa_WUpvLLrGBZBe9RsA,Sangeeta Razdan,17,9,,title_only_greenland_generic_or_numbers
YuJe7mwvi4U,Greenland,"Wanneer een naderende wereldwijde catastrofe de mensheid dreigt te vernietigen heeft John Garty (Gerard Butler) slechts vier dagen tijd om zijn gezin in veiligheid te brengen. Terwijl de klok genadeloos tikt en de maatschappij wanhopig vervalt in chaos moet hij alles uit de kast halen om zijn familie van New York naar een geheime militaire bunker in Groenland te brengen.

Opkomend regisseur Ric Roman Waugh (Angel has fallen) en producent Basil Iwanyk (John Wick) werken samen met Gerard Butler in deze rampenfilm.",2020-08-04T14:49:23Z,145,10,,,UCld9FoLTI1mgkUfOwCCn6Fw,Tibo Vertessen,12,175,,title_only_greenland_generic_or_numbers
hDvdwhmCp6E,GREENLAND,"A family struggles for survival in the face of a cataclysmic natural disaster.
Director: Ric Roman Waugh
Writer: Chris Sparling
Stars: Gerard Butler, Morena Baccarin, David Denman | See full cast & crew »",2020-08-04T21:56:46Z,136,70,,2,UC_0MVXBc5P7oX65o_b5rU7g,jnino_84,20,12,MA,title_only_greenland_generic_or_numbers
mJI0iNFSMUQ,GREENLAND,LAND OF ICE,2020-08-05T09:29:48Z,11,4,,0,UCFTlOmr2k0i2GjxcoSgIA1Q,Professional Copyright Music,0,1,IN,title_only_greenland_generic_or_numbers
8GCJv3nKCj0,Greenland Part 2,Class 5 Social Science,2020-08-05T12:07:00Z,176,4,,0,UCQmKNw7n5ZcXhqz1Cc1Fdig,Priyanka B,0,8,,title_only_greenland_generic_or_numbers
7T-813hWZwA,Greenland Part -1,"Greenland ,The land of ice.",2020-08-05T13:06:13Z,185,135,,7,UCjyyij6zfIqefwAnIt5yhxg,MR. SANJEEV INSAN,118,211,,title_only_greenland_generic_or_numbers
UUqejGcAvBU,Greenland,Nature is a place to relax our body no matter where we are just enjoy the day..............,2020-08-05T16:38:27Z,52,29,,0,UChSqMuwtispijKyM2cKh5qg,MKNs M,13,5,,title_only_greenland_generic_or_numbers
j7WnrAIe03c,Greenland Part 2,,2020-08-05T19:38:14Z,1011,138,,,UCCLnatS5L6_dx7pTPqaldnA,URSULINE CONVENT GREATER NOIDA,5010,1244,IN,title_only_greenland_generic_or_numbers
0Bwi5wUIP9E,GreenLand 2,,2020-08-08T16:46:03Z,302,8,,0,UCGDDnqTVcWQ1yZg_C3XsKgA,Sunita Utarid,41,84,,title_only_greenland_generic_or_numbers
y4WmYsAKDSs,Greenland,"https://ibispaint.com/art/982829547/
this is Greenland from countryhumans :D :3",2020-08-14T01:08:26Z,27,38,,0,UCQIk4KNS3lqYLXgq5Tnx-kg,CatDaFurry OwO,90,30,,title_only_greenland_generic_or_numbers
KGwcBTpkpXU,Greenland,"39,000 feet heading home from Munich, Germany",2020-08-16T15:24:07Z,31,0,,0,UCWjV_ZNknYN2FMqb2_mGV4w,Daniel Smith,5,19,,title_only_greenland_generic_or_numbers
fSf73-d4qmA,GREENLAND 2020,GREENLAND  2020,2020-08-18T16:43:13Z,154,29,,0,UCi05nSkqesbcIDGIkTHu6ag,UNOFFICIAL,2,6,,title_only_greenland_generic_or_numbers
qZiN39OO3lk,Greenland (2,Class-5,2020-08-21T06:04:28Z,37,23,,0,UCPtgWK5UsxyfNdrww-q7VKw,The Knowledge Academy By Shalini Deshwal,133,91,,title_only_greenland_generic_or_numbers
_1Sfd7agluE,Greenland(4&5,Video from Shalini Deshwal,2020-08-21T06:06:28Z,37,63,,1,UCPtgWK5UsxyfNdrww-q7VKw,The Knowledge Academy By Shalini Deshwal,133,91,,title_only_greenland_generic_or_numbers
1vrhAGLMX7w,Greenland(3,Video from Shalini Deshwal,2020-08-21T06:07:56Z,102,9,,1,UCPtgWK5UsxyfNdrww-q7VKw,The Knowledge Academy By Shalini Deshwal,133,91,,title_only_greenland_generic_or_numbers
tGn6hAXENqg,Greenland(1,Video from Shalini Deshwal,2020-08-21T06:09:40Z,20,77,,2,UCPtgWK5UsxyfNdrww-q7VKw,The Knowledge Academy By Shalini Deshwal,133,91,,title_only_greenland_generic_or_numbers
MbyAJqTIxjM,Greenland,Survival Thrill,2020-08-21T22:46:52Z,143,2,,0,UCZ2SOEeuSl6o0KhvFHolUXw,Muhammad Shumail,18,18,,title_only_greenland_generic_or_numbers
_NVWrrn7bDI,Greenland 2019,,2020-08-23T08:42:07Z,167,126,,0,UCa1kFpGNEnUo53yhNedJOeA,Dennis Coustry,118,3,,title_only_greenland_generic_or_numbers
Jg9RPwHUiB8,Greenland 2020,,2020-08-27T05:52:43Z,91,36,,0,UCDUa_Tp1k9_LLjoS9WcV9Sw,Andrew Reid,8,2,,title_only_greenland_generic_or_numbers
6B8iT6DCGPk,Greenland Part 3,Greenland Part (3),2020-08-30T15:23:56Z,316,4,,0,UCGDDnqTVcWQ1yZg_C3XsKgA,Sunita Utarid,41,84,,title_only_greenland_generic_or_numbers
XNihCG-Pc0c,Greenland Part (4,Greenland Part (4),2020-08-30T15:26:34Z,374,2,,0,UCGDDnqTVcWQ1yZg_C3XsKgA,Sunita Utarid,41,84,,title_only_greenland_generic_or_numbers
gA4QZpb2SMg,Greenland,,2020-09-03T05:45:01Z,253,54,,0,UCE6L6tiPGIMi08piVKzudlw,SMITA BISWAL,64,19,,title_only_greenland_generic_or_numbers
FBL1QRJ6quY,greenland,,2020-09-04T06:41:18Z,165,9,,0,UCQB9NM9uTXKW4MOam8x60TQ,richard libunao,2,4,,title_only_greenland_generic_or_numbers
vyQwLgbIin4,greenland,,2020-09-04T19:27:01Z,92,143,,0,UCd722LJZZVyaSkmNZR__dHg,Bk Uselesss,12,151,,title_only_greenland_generic_or_numbers
ERZWizzyimg,Greenland 2,,2020-09-07T05:45:11Z,343,64,,0,UCE6L6tiPGIMi08piVKzudlw,SMITA BISWAL,64,19,,title_only_greenland_generic_or_numbers
1WbdZFRGWrM,Greenland,"2020 | Un film de Ric Roman Waugh

À l'affiche dans les cinémas Le Clap en septembre 2020",2020-09-08T14:44:21Z,142,13,,0,UCfrp1PU7O8yNFVXOmm8xQwA,Les cinémas Le Clap,4430,3911,,title_only_greenland_generic_or_numbers
G7VzCxm-R7g,GREENLAND 1,"Come and Join to gain more, new and organic friends with WH
Join this channel to get access to perks:
https://www.youtube.com/channel/UCSju7P59vlKokIzRS3A6tIw/join
JOIN MEMBERSHIP and Be Part of JOSH ARTS AND TRAVEL FAMILY 
We will support your Channel to GROW and HELP you with your WH",2020-09-08T16:37:49Z,19,42,,10,UCSju7P59vlKokIzRS3A6tIw,Josh Arts and Travel,2310,154,PH,title_only_greenland_generic_or_numbers
vmf9a2pegNk,GREENLAND 3,Greenland,2020-09-09T05:45:14Z,396,52,,0,UCE6L6tiPGIMi08piVKzudlw,SMITA BISWAL,64,19,,title_only_greenland_generic_or_numbers
G0WrREXICeA,Greenland,For school,2020-09-12T15:14:44Z,265,63,,0,UCdNTn6EDCkUt8D9VhfTW1mA,DieEneKaylie,27,8,,title_only_greenland_generic_or_numbers
XMx68I-nGy0,Greenland,"Slang flashcards:
           https://amzn.to/3uwkcfN
           
           Disclaimer: 
           The information contained in the multimedia content (“Video Content”) posted doesn't represents the views and opinions of the creator of such Video Content. The Video Content has been made available for informational and educational purposes only. The creator does not make any representation or warranties with respect to the accuracy, applicability, fitness, or completeness of the Video Content.",2020-09-13T12:12:00Z,25,2,,0,UCfJrWBiTnQW90yI5MLfP7QA,Urban Dictionary,20800,41494,HU,title_only_greenland_generic_or_numbers
0pgP61OmcsA,Greenland,Class 5,2020-09-14T13:53:23Z,1719,160,,0,UCzQgbncOuxmdv_xZKpjcoMw,Social Box with Nisha,135,50,,title_only_greenland_generic_or_numbers
BqsdCyHWkqE,Greenland,"New video up!!!

Like share and subscribe and let me know your views in the comment section !!!",2020-09-15T13:18:58Z,54,27,,2,UC9U4-fugbmr7l0SZ30NlSgQ,Mukul Kaushikk,8,6,,title_only_greenland_generic_or_numbers
6oP3v5qxT7o,Greenland,"Provided to YouTube by Wagram

Greenland · Emancipator

Trip-Hop Vibes Vol. 2

℗ Wagram Music

Released on: 2020-09-18

Composer: Douglas Appling

Auto-generated by YouTube.",2020-09-17T10:01:33Z,189,20871,,0,UChNB35QmqX81vSbDXDR3i4w,Emancipator - Topic,14100,296,,title_only_greenland_generic_or_numbers
Xq2_QwVgfoE,Greenland,"‘We will be blamed in history for starting ice cap melting’ 
Scientist Ingo Sasgen from the Alfred Wegener Institute says that our society will be forever remembered for “triggering” polar ice melting. A huge 44 square mile piece of ice broke off the Arctic’s largest remaining ice shelf in north east Greenland.

Read more:

🔴 Subscribe to CGTN Europe Youtube channel for all the latest on Business, Technology, Environment and Current Affairs 

🔴 Follow CGTN Europe on social media 👇🏼

Facebook: https://www.facebook.com/cgtneuropeof...

Instagram: https://www.instagram.com/cgtneurope/

Twitter: https://twitter.com/CGTNEurope",2020-09-17T11:49:13Z,96,12739,,,UCj0TppyxzQWm9JbMg3CP8Rg,CGTN Europe,2650000,29283,GB,title_only_greenland_generic_or_numbers
noBoFkAImbU,Greenland,"Provided to YouTube by Bez Labelu

Greenland · OC

Greenland

℗ 2020 OC

Released on: 2020-09-23

Auto-generated by YouTube.",2020-09-22T10:02:04Z,220,57,,0,UCUNDKO3lzi5yJZqNhQTifPg,Release - Topic,0,1,,title_only_greenland_generic_or_numbers
WDQuVT4gkbI,Greenland,"Our first vidio please like , share, subscribe and click the bell icon 
        

          Thank you ..",2020-09-24T07:56:28Z,641,231,,45,UCbihsdzSLoAGPKcs0ZbtQKg,Karthika Prasanna,58,5,,title_only_greenland_generic_or_numbers
XQ9My-aIbBc,Greenland,Document from Anushii,2020-09-28T15:27:33Z,21,146,,2,UCT-qfKUTUyzzN_kltNT5NfA,Indian Fellow Traveller,3750,328,IN,title_only_greenland_generic_or_numbers
T_B0Vk34zhU,GREENLAND 4K,,2020-10-04T05:18:36Z,565,60,,4,UCDxgvz7R1W2jCL4NyxplsMQ,N A T U R E,7,2,US,title_only_greenland_generic_or_numbers
PiDEToToNns,GREENLAND,,2020-10-07T20:29:01Z,175,2,,0,UCJPCD5DLhWS8Va_eF7ApAuw,PAPOUCHE GAMING,635,4709,FR,title_only_greenland_generic_or_numbers
bFDvD3WvGJw,Greenland,,2020-10-09T11:21:43Z,103,5,,0,UC3RIt1hiPFBTRGgLFF7FbcQ,Αρμαγεδων Ελευσις,1040,175,GR,title_only_greenland_generic_or_numbers
y06wVBeDSlY,Greenland,"Se shpejtiii.
like and Subscribe  .
@Greenland",2020-10-11T16:51:18Z,133,64,,0,UC7Q6KKYntfzC5x1afb338uA,Kristo Cehu,61,22,IT,title_only_greenland_generic_or_numbers
Dg9YkXwy2cQ,Greenland,"Greenland, groenland, emirates, a380, 380, ice, flight, flight to greenland, emirates a380",2020-10-13T16:11:20Z,27,1,,0,UCFykiwA8ajL6BOPDsIUAtmA,Yatri Soul,0,9,,title_only_greenland_generic_or_numbers
kiipXJ23pqo,Greenland part 1,Class 5,2020-10-18T14:04:39Z,425,0,,0,UCQmKNw7n5ZcXhqz1Cc1Fdig,Priyanka B,0,8,,title_only_greenland_generic_or_numbers
6Bh8TrFdDxk,Greenland 9-2015,,2020-10-18T17:28:25Z,236,11,,0,UCMWB28YRnEtFA7zR-jzzVcA,v bnordkapp,17,20,GR,title_only_greenland_date
e1OXypG1Hk0,greenland 1,"welcome to my new channel  don't forget to like and subscribe so we have made a video on Greenland
Stay safe 
Stay healthy",2020-10-22T09:55:50Z,361,1,,0,UCiGkMPo6cnP1f603JS44gZw,AAARAV GUPTAA,1,1,,title_only_greenland_generic_or_numbers
kFTXhuChXPA,Greenland,Grover Underwood,2020-10-23T23:25:31Z,585,0,,0,UCy_yo6gTy_6aq7oLKamBvGw,May 16 2009,8,352,,title_only_greenland_generic_or_numbers
kytGsfG-8nQ,My Greenland,"Greenland?
Ya, saya memberi nama kebun ini dengan greenland berupa (hamparan hijau) beraneka ragam vegetasi tanaman-tanaman...
Saya yakin semua mengetahui jika penghijauan, bercocok tanam, dan berkebun itu akan menyelamatkan bumi kita dari rusaknya bentuk muka bumi akibat beberapa ulah manusia...
Maka dari itu, yuk sama-sama kita ""action"" melakukan penghijauan
Tentu saja aktivitas ini akan merelaksasi tubuh, menyehatkan, dan menyenangkan :)
#GOGREEN #SAVEOUREARTH",2020-10-28T08:48:48Z,205,129,,0,UC38K97bHWyoxK_kEGFyYdfg,edgar pratama,1070,40,ID,title_only_greenland_generic_or_numbers
7SEKGPYbu4Y,Greenland 2019,,2020-10-29T01:11:16Z,19,6,,0,UCV2pubMtjCZpLKsPBWnj6NQ,Deborah P,37,18,,title_only_greenland_generic_or_numbers
V8vSX0mjaxE,Greenland 2019,,2020-10-29T01:13:15Z,11,9,,0,UCV2pubMtjCZpLKsPBWnj6NQ,Deborah P,37,18,,title_only_greenland_generic_or_numbers
y14DupHnuAg,My Greenland | Part 2,"Greenland?
Ya, saya memberi nama kebun ini dengan greenland berupa (hamparan hijau) beraneka ragam vegetasi tanaman-tanaman...
Saya yakin semua mengetahui jika penghijauan, bercocok tanam, dan berkebun itu akan menyelamatkan bumi kita dari rusaknya bentuk muka bumi akibat beberapa ulah manusia...
Maka dari itu, yuk sama-sama kita ""action"" melakukan penghijauan
Tentu saja aktivitas ini akan merelaksasi tubuh, menyehatkan, dan menyenangkan :)
#GOGREEN #SAVEOUREARTH",2020-10-29T12:02:48Z,170,29,,0,UC38K97bHWyoxK_kEGFyYdfg,edgar pratama,1070,40,ID,title_only_greenland_generic_or_numbers
Upc0HapEHbQ,Greenland,,2020-10-29T17:34:27Z,248,7,,0,UCfVGv6akvb_d1koT1HjNM3Q,Andres Pineda,0,4,,title_only_greenland_generic_or_numbers
8qz-xYCAlrE,My Greenland | Part 3,"Greenland?
Ya, saya memberi nama kebun ini dengan greenland berupa (hamparan hijau) beraneka ragam vegetasi tanaman-tanaman...
Saya yakin semua mengetahui jika penghijauan, bercocok tanam, dan berkebun itu akan menyelamatkan bumi kita dari rusaknya bentuk muka bumi akibat beberapa ulah manusia...
Maka dari itu, yuk sama-sama kita ""action"" melakukan penghijauan
Tentu saja aktivitas ini akan merelaksasi tubuh, menyehatkan, dan menyenangkan :)
#GOGREEN #SAVEOUREARTH",2020-10-30T09:57:17Z,282,142,,0,UC38K97bHWyoxK_kEGFyYdfg,edgar pratama,1070,40,ID,title_only_greenland_generic_or_numbers
jy-J5v8LRHY,greenland #1,,2020-10-30T15:29:03Z,367,5,,0,UCeVT8kN1EiRGJNhY9X0yB5w,Elcopias xdR,13,15,,title_only_greenland_generic_or_numbers
GeD0Y0p4y4Q,Greenland 1,,2020-10-30T17:57:59Z,494,13,,0,UCoMTc_BcRdXmBYDC7M1ueOQ,Arpit Garg,50,78,,title_only_greenland_generic_or_numbers
K59uKTAk5gI,Greenland 2,,2020-10-30T19:09:31Z,480,12,,0,UCoMTc_BcRdXmBYDC7M1ueOQ,Arpit Garg,50,78,,title_only_greenland_generic_or_numbers
3xTEkWBjQJA,Greenland 4,,2020-11-01T17:42:34Z,321,11,,0,UCoMTc_BcRdXmBYDC7M1ueOQ,Arpit Garg,50,78,,title_only_greenland_generic_or_numbers
0ZoV4-v5ZSU,Greenland,Subject: Social Studies  Class: V   By Swapna di ( VKV TSK),2020-11-02T19:06:46Z,238,18,,0,UCHHXhyz-hSNxBYz15rM-bOQ,Jayanta Sutradhar,173,124,,title_only_greenland_generic_or_numbers
FFJ0eP-m9uY,GREENLAND,#GREENLAND // #ICE BERG #CUBE ICE #AMAZING VIEWS #WONDERFULL IN EYES #FREEZING,2020-11-09T06:51:49Z,219,41,,0,UCAkwbQyCEdwdae9XVucQ75g,Miman Tv,16,14,,title_only_greenland_generic_or_numbers
rU0jFPhtjPs,10 Greenland,Video from Brunel / Forgotten Corner,2020-11-11T11:46:00Z,202,27,,0,UCV4TP1tLzq30HURN4ayobjA,Brunel Estate Agents,7,43,,title_only_greenland_generic_or_numbers
lc85n5GG1aQ,Greenland,"#Action    | 192 min    |   Thriller 
A family struggles for survival in the face of a cataclysmic natural disaster.",2020-11-14T17:14:53Z,153,4,,0,UCot5z4GOG2u8fsM2bRjV_sA,Crecent movies,0,2,,title_only_greenland_generic_or_numbers
3x2KIBFmT3c,Greenland,"نهاية العالم / الفلم Greenland

قصة شبه حقيقية",2020-11-16T20:15:56Z,144,17,,0,UC63ePhKKQMZo785dHs7id_g,جوكر شو Joker Show,334,22,JO,title_only_greenland_generic_or_numbers
viuF3ZtWcAU,Greenland,"Familjen Garrity kämpar för att överleva samtidigt som en dödlig komet är på väg mot jorden. John, hans fru Allison och deras lilla son Nathan gör en riskfylld resa för att ta sig till en säker plats. När världen nås av skrämmande nyheter om kometens dödliga framfart upplever familjen Garrity både det bästa och värsta hos mänskligheten samtidigt som de kämpar mot den ökade paniken och laglösheten runt omkring dem. Nedräkningen till den globala apokalypsen närmar sig och familjens desperata flykt kulminerar i ett sista-minuten-flyg till en möjlig fristad.",2020-11-19T23:02:01Z,7168,,,6,UCs5P6r3LAZW52whcilTN85A,YouTube Movies,1,1,,title_only_greenland_generic_or_numbers
oPulOEWf9FU,Greenland,"俺はダライ·ラマとGreenlandの王との混血です
Greenlandの王はGreenland人を率いてウルトラマンへと進化します

http://sl.x0000.net",2020-11-20T23:43:12Z,21,42,,0,UCcST2-hDwXS0qnzyKNSDdfg,たかくたかく,14,87,,title_only_greenland_generic_or_numbers
e21XPXtpzhc,GREENLAND 2020,"Greenland is a 2020 American disaster film directed by Ric Roman Waugh and written by Chris Sparling. The film stars Gerard Butler (who also co-produced), Morena Baccarin, Roger Dale Floyd, Scott Glenn, David Denman, and Hope Davis. The film follows a family who must fight for survival as a planet-destroying comet races to Earth.",2020-11-21T15:12:14Z,138,14,,0,UCYfeesv-Iok-uX_JC1zJQSA,Kenzi 3M,8,47,,title_only_greenland_generic_or_numbers
HZ4HJcuo8eo,Greenland,,2020-11-26T01:25:27Z,60,1,,0,UC-foRTInM9upNNGTslPxD_g,Mario G.,279,39,,title_only_greenland_generic_or_numbers
NFOebeO3RXg,Greenland,"Best Voyage Pvt Ltd, Was Established In 2000, With Head Office At Ahmedabad, Now In 2020 we have  12 Branch Offices Across Major Cities In Gujarat. We Carry Almost Two Decades Of Experience In All Aspects Of Highly ‘Personalized Travel’ For Inbound & Outbound Holidays To Our Passenger. We Are One Of The Few Organizations That Can Offer Worldwide Tour Packages With Flexible And Efficient Solutions. 

Follow us on..!! 
Instagram:► https://www.instagram.com/bestvoyagepvtltd/
Facebook:► https://www.facebook.com/bestvoyage.in/
Telegram:►https://t.me/bestvoyagegujarat
Website : https://bestvoyage.in/
#BestVoyage #BestTour",2020-11-28T05:30:01Z,637,3266,,0,UCiugWtFI1Grz7mg6ZpaqFFA,Best Voyage Pvt. Ltd.,629,207,,title_only_greenland_generic_or_numbers
z5j_UOig2bs,Greenland 2012,,2020-12-01T09:15:00Z,63,12,,0,UCy6rRAhc26BBXaiXPEI83pg,MrQuai20,3,6,,title_only_greenland_generic_or_numbers
JG7JMCLUG3w,GREENLAND,,2020-12-01T12:41:49Z,155,6,,3,UCGt1yBxJoD1mEjqHwdqu5KQ,SERJAN BRATAN,14,17,,title_only_greenland_generic_or_numbers
YkGHFBwNua4,03/12/2020 Greenland,,2020-12-03T07:08:51Z,2089,1,,0,UCvT8sTyldaCVK04Q2Fi6p5g,be better,1,580,,title_only_greenland_date
KUyE-3IJTVQ,Greenland,,2020-12-08T04:55:05Z,715,23,,0,UCkmIZuSk8ak5pWIsVZGhsxw,Sneha Kushwaha,1,2,,title_only_greenland_generic_or_numbers
SW5GdYfZvZI,Greenland,"Futurepreviews LLC
Frankie Lane🎟
Brand Influencers 
Latest movie previews🎬
Celebrity Interviews 🎙
Behind the Scenes 📽
futurepreviews.com

#Greenland

https://futurepreviews.com",2020-12-10T04:45:13Z,92,18,,0,UC2IN1p9X5dGi3DnO2cPV8bQ,FUTUREPREVIEWSLLC,15200,4795,,title_only_greenland_generic_or_numbers
68L1dekdY60,Greenland 2020,,2020-12-15T15:17:03Z,92,6,,0,UCY3nQIAC9AOGxRhvGRMv5Ug,HB Trailer,0,14,,title_only_greenland_generic_or_numbers
n-GOZHPmKro,Greenland 2020,"Trailer
2020
Greenland",2020-12-15T23:28:59Z,149,103,,0,UC_Rf8F4U-eUIJ-ly4X_QYTw,funny,3,13,DE,title_only_greenland_generic_or_numbers
b28Z56MBots,Greenland,,2020-12-17T21:59:13Z,950,6,,0,UCoOJmyXwlY5CWsUdfLYLvkQ,Marinong Tahalog,152,96,PH,title_only_greenland_generic_or_numbers
TKlNfxhMFh8,Greenland,"Flying over Greenland, en route: Helsinki - New York JFK",2020-12-21T14:29:13Z,20,14,,0,UC7P8w-mQ_x0wK_2CSLCGqzQ,Mikael Westman,1,7,FI,title_only_greenland_generic_or_numbers
l0mGTr4gACE,Greenland,Greenland,2020-12-23T05:09:29Z,124,20,,1,UCejQQl7MwApwmZUiKfmsDcQ,Francen Max,34,26,,title_only_greenland_generic_or_numbers
92nimP3E4uU,greenland stream,This stream is created with #PRISMLiveStudio,2020-12-24T05:28:50Z,5074,285,,1,UCSFtPLHGzLNwRCxmorgI-TQ,GreenLand DnB,188,22,SK,title_only_greenland_generic_or_numbers
RKrO-9oSOZg,Greenland,"Provided to YouTube by RAM FIGHTER

Greenland · RAM FIGHTER

last will

℗ 2020 RAM FIGHTER

Released on: 2020-12-27

Lyricist: RAM FIGHTER
Composer: RAM FIGHTER

Auto-generated by YouTube.",2020-12-26T10:02:21Z,179,424,,0,UC4-uz1I_qpYBGhi0cSo0QPQ,RAM FIGHTER - Topic,57,60,,title_only_greenland_generic_or_numbers
FbfiNRODCn0,greenland,,2020-12-26T20:07:16Z,105,8,,0,UCifdUmgF0t7OalA1RSd88Xw,Vionnalis vlog,4,22,,title_only_greenland_generic_or_numbers
utf-g8DrA3w,Greenland,,2020-12-28T09:56:00Z,58,9,,0,UCXEW-3blA8HtIuCjbxydZcA,Vasanth lazhfarms,82,88,,title_only_greenland_generic_or_numbers
-S3GFkzl13k,GREENLAND 2020,"Sebuah keluarga berjuang untuk bertahan hidup saat komet mulai menghujam ke bumi. John Garrity (Gerard Butler) beserta istrinya Allison (Morena Baccarin), dan putranya Nathan melakukan perjalanan yang berbahaya menuju satu-satunya harapan mereka untuk tempat perlindungan.


Producer:

Gerard Butler, Basil Iwanyk, Sebastien Raybaud, Alan Siegel


Director:

Ric Roman Waugh


Writer:

Chris Sparling


Cast:

Gerard Butler, Morena Baccarin, Scott Glenn, David Denman, Brandon Quinn, Andrew Bachelor, Joshua Mikel, Gary Weeks, Claire Bronson, Roger Dale Floyd.",2020-12-29T02:41:06Z,144,30,,0,UC-zXEshhHqK9hNjaCm8iT-g,Acces Film,627,39,ID,title_only_greenland_generic_or_numbers
8ObfDn4W-9c,GreenLand pt 4,https://store.playstation.com/#!/tid=CUSA00572_00,2020-12-31T20:35:58Z,197,16,,2,UChA-urDYN-X7q8a9H8WHJOw,Andresplay kids,3270,1317,US,title_only_greenland_generic_or_numbers
KZOnm5u3rQ4,Greenland (2020,"Greenland (2020)

 

Trailer

Views: 18988

Genre: Action, Thriller

Director: Ric Roman Waugh

Actors: Gerard Butler, Morena Baccarin, Roger Dale Floyd, Scott Glenn

Country: UK, USA

Duration: 119 min

Quality: BLURAY

Release: 2020

IMDb: 6.5

Resolusi: 1080p

John Garrity, his estranged wife and their young son embark on a perilous journey to find sanctuary as a planet-killing comet hurtles toward Earth. Amid terrifying accounts of cities getting levelled, the Garrity’s experience the best and worst in humanity. As the countdown to the global apocalypse approaches zero, their incredible trek culminates in a desperate and last-minute flight to a possible safe haven.",2021-01-03T05:30:57Z,159,22,,0,UC5oMb3FJ5q1I24je_ICCI6Q,Trailer Movie,11,4,,title_only_greenland_generic_or_numbers
wqtUJUWb7fo,greenland,,2021-01-05T06:18:05Z,19,8,,0,UCtMm7lI1XQleoIQFZiCiaLA,Adi Java,64,108,,title_only_greenland_generic_or_numbers
VEHNgsDkRdo,greenland,,2021-01-08T12:20:48Z,102,2,,0,UCv3guBei4fI9gKDlDrAE5dw,trailer video,4,5,,title_only_greenland_generic_or_numbers
L7DwiwP-I1s,Greenland,"Provided to YouTube by Ultra Sound Records

Greenland · Saddex

Saddex

℗ Cobert Edizioni

Released on: 2021-01-18

Instrumentalist: Francesco Chebat
Instrumentalist: Maxx Furian
Instrumentalist: Alessandro Bottacchiari
Composer: Francesco Chebat

Auto-generated by YouTube.",2021-01-17T10:29:59Z,348,32,,0,UCNDHUFGShjkqOfl-Xzf6ZHg,Saddex - Topic,6,10,,title_only_greenland_generic_or_numbers
WECV8_YQDoY,Greenland,,2021-01-17T16:17:54Z,512,32,,0,UCAVg_z_CiFy0cXRYYWljFgg,KidsCorner,36,44,RO,title_only_greenland_generic_or_numbers
dXOMCi5jU8Y,Greenland 2020,Dagen før dagen,2021-01-18T18:09:34Z,21,10,,0,UCni0Cr5q3c1qIRT1V3t3lhw,Nikolai Nimus Henriksen,0,2,,title_only_greenland_generic_or_numbers
rx6Yoi50BVE,Greenland,"John Garrity, his estranged wife and their young son embark on a perilous journey to find sanctuary as a planet-killing comet hurtles toward Earth. Amid terrifying accounts of cities getting levelled, the Garrity's experience the best and worst in humanity. As the countdown to the global apocalypse approaches zero, their incredible trek culminates in a desperate and last-minute flight to a possible safe haven.",2021-01-20T10:24:29Z,145,3,,0,UC2xJ7ntKIW54RWjV01sCy_w,FreshMoviesZA,3,18,,title_only_greenland_generic_or_numbers
Sdm61bN_FxM,GREENLAND,Official Trailer Movies,2021-01-24T02:29:59Z,232,269,,4,UCGu3ulvMtcR8EglFQprenZA,Bengadro Entertainment (Bengadro),1150,21,,title_only_greenland_generic_or_numbers
aZEczyjrIEc,GreenLand,"Cinematic view of Liozeland
#sunset",2021-01-25T08:30:09Z,145,102,,2,UC16_tKNQhuxznwu-9fvBYAA,Tj Forlife Vlog,1500,176,PH,title_only_greenland_generic_or_numbers
A3DeD-cCKXQ,Greenland,"Welcome to My Wide Variety of Video Channel

If You Want to Watch Photo Videos with Music

Please Subscribe to My Channel and Open Notifications

Welcome to PişaP TV",2021-01-27T19:31:09Z,287,7,,0,UCsanJkV8FgiS8YspWE0mK1Q,PişaP TV,36,268,TR,title_only_greenland_generic_or_numbers
MxnfEDo6jVg,Greenland,"Provided to YouTube by Cherry Red Records

Greenland · Disco Zombies

South London Stinks

℗ 1979 Cherry Red Records Ltd Disco Zombies

Composer: Andy Ross
Composer: Dave Henderson

Auto-generated by YouTube.",2021-01-28T10:01:37Z,228,407,,0,UC9VkKpenfz7jdniylj1KikA,Disco Zombies - Topic,73,35,,title_only_greenland_generic_or_numbers
wqwLW7bfbg0,GREENLAND,Movie review,2021-01-31T03:28:34Z,16,9,,0,UCTiBFZ5zJ7WWRyLTxBi5IGg,chen __elle,244,158,,title_only_greenland_generic_or_numbers
rjy3djKPT-I,Greenland 2021,,2021-02-02T00:42:03Z,81,8,,0,UC2TtF3pvvvUypQjCAF4MRtQ,OOO,4,32,,title_only_greenland_generic_or_numbers
RmC1mvAD6_s,greenland🌿🌴🌴🍀,,2021-02-04T13:18:45Z,7,30,,0,UCzkqe1hizXtABfWOzeeAO8w,Nitya,47,24,,title_only_greenland_generic_or_numbers
l_saHvd8MFY,Greenland,,2021-02-04T13:35:01Z,67,23,,0,UCMda8wxJpmd_ILaa3toH9kQ,Sonny,3,7,RU,title_only_greenland_generic_or_numbers
3V8ZGpL-O2k,Greenland,Greenland. Gerard Butler. Hablemos de Cine Febrero 2021,2021-02-05T03:07:00Z,350,11,,0,UCts4P9FhtVbX81DnF_zbmYQ,Jorge Elias,44,64,,title_only_greenland_generic_or_numbers
3Du8rJgCc00,Greenland,Greenland country about bangla,2021-02-06T07:43:03Z,171,11,,2,UCBxuMF0eRW2K4pwWV8fPKXg,Joni Hasan,108,64,BD,title_only_greenland_generic_or_numbers
1ffrnleRBYE,Greenland,Greenland,2021-02-06T19:00:02Z,15,8,,1,UCYbAeFseDAKXXlojB5j9KgA,sinkiller,22,86,US,title_only_greenland_generic_or_numbers
QaaRda9xxlI,Greenland,"Greenland
그린랜드
Kalaallit Nunaat (그린란드 어) 
Grønland (덴마크어) 
The autonomous territory within the Kingdom of Denmark
덴마크 자치령

#Greenland #그린랜드",2021-02-07T06:13:55Z,614,128,,0,UCZs3NiLBGVCxrGt8C8lOpZA,GEO-CINEMA-DNA,3290,921,US,title_only_greenland_generic_or_numbers
yrpzS8Cf3Ts,GREENLAND 2021,,2021-02-08T08:14:22Z,153,1,,0,UC50-v5UsgPRFIA305nv0lTQ,Bindaas Movies Trailer,5,31,PK,title_only_greenland_generic_or_numbers
shzYgn7KahE,Greenland,"Lol is speed




P


Lol",2021-02-11T01:10:24Z,1,75,,3,UCpdvibbo5bEtNA6YdPfQlRQ,Socialist Republic of Umarriahsia,2500,364,ID,title_only_greenland_generic_or_numbers
70JFjiGL4wM,GreenLand UHD,Torment test,2021-02-12T05:11:50Z,180,74,,0,UCZaRG8zDlFVYzjbyOUpLQ-Q,Prime,8,7,,title_only_greenland_generic_or_numbers
-TocKN6CsMo,Greenland,,2021-02-17T16:56:40Z,8,0,,0,UCBhgKLvgneosSgTUFlJsKnQ,MOTIVATE UR WORLD de ENGLISH  SD,5860,21839,,title_only_greenland_generic_or_numbers
Dv900b02ix4,Greenland,https://store.playstation.com/#!/tid=CUSA00572_00,2021-02-18T21:08:35Z,176,41,,0,UChA-urDYN-X7q8a9H8WHJOw,Andresplay kids,3270,1317,US,title_only_greenland_generic_or_numbers
pyrZQAOR098,Greenland #Shorts,"https://linktr.ee/MartinPitt


Cuando el mundo es consciente de que el asteroide más grande de la historia va a impactar en la Tierra y aniquilar todo rastro de vida, los gobiernos de todo el mundo realizan un sorteo en el cual los afortunados podrán sobrevivir en refugios secretos. Esta decisión desata un caos a nivel mundial. Muchos tendrán que emprender un peligroso viaje donde se enfrentarán a los más imponentes peligros de la naturaleza, lo que les obligará a encontrar la manera de mantenerse unidos mientras encuentran la forma de sobrevivir.",2021-02-21T17:42:27Z,60,14,,0,UCNYlgqazPtsx_cpM__aS5Fg,Martin_bcn_,15600,6611,AR,title_only_greenland_generic_or_numbers
ieK7hkkj2FE,Greenland,"We Are providing all types of landscaping 
Maintenance in gardening services includeing
Hard soft andartificial grass and natural grass and tiles and barbecue  and much more with good quality work and with reasonable price for any enquiry feel free to contact Bast wishes all 
Thanks  you  0528743212",2021-02-23T06:43:10Z,60,19,,0,UCfttxRIBO7DWU0L3X4OFMOQ,Rashid Bakhsh,0,2,,title_only_greenland_generic_or_numbers
3PV_PKjBULo,Greenland 🌳🌳🌲🌲🍀☘️🌿🌱🌄,,2021-02-23T16:55:59Z,23,16,,0,UCoABVanjKipyjoMuYx-lQeA,Thakur dax singh bisht,3,6,,title_only_greenland_generic_or_numbers
ztYgnazoGx8,Greenland,"Flight over Greenland
Frankfurt to Chicago",2021-02-24T03:09:46Z,17,7,,0,UCrmdK-aiAkqsURiT8DnQaHA,FunTunBoy,10,8,DE,title_only_greenland_generic_or_numbers
ABS9gCPUpJA,greenland,,2021-03-06T02:25:51Z,345,4,,0,UC-m9NE125dadDp3f6aFIe0w,Smit Patel,6,15,,title_only_greenland_generic_or_numbers
OgT3SYzB7e8,Greenland,,2021-03-06T21:05:23Z,59,12,,2,UCYYYxmxP7Iaa6If-uGhzQ0Q,Leslie Idahosa,5,4,,title_only_greenland_generic_or_numbers
070ZxdLIRLI,Greenland,,2021-03-07T00:07:25Z,24,10,,0,UCVweAC5VSb2zYUWQ0NSsl6w,Rasik,0,2,NP,title_only_greenland_generic_or_numbers
_nBv_SXCmMw,Greenland,"Intromusik am Anfang:
https://m.youtube.com/watch?v=JcBPeEBat7c

Titel:Heart of Courage
Interpret:London Music Works
Album:Epic Themes
Lizenziert: an YouTube durchThe Orchard Music, Entertainment One U.S., LP (im Auftrag von Silva Screen Records); Sony ATV Publishing, LatinAutor - SonyATV, ASCAP, LatinAutorPerf, UNIAO BRASILEIRA DE EDITORAS DE MUSICA - UBEM, Epic Elite (Music Publishing) und 8 musikalische Verwertungsgesellschaften

Introtrailer am Ende:
https://m.youtube.com/watch?v=tNJH2xFtSa0

#greenland#corona#gerardbutler",2021-03-07T03:52:03Z,380,88,,5,UC9deJ9bNDFQlTwcoEZB0dtA,Superwoman1992,104,53,DE,title_only_greenland_generic_or_numbers
2m7pcmMZNWE,Greenland,,2021-03-12T16:25:47Z,161,212,,37,UCok2_03TjQfTTuX7kI-VJdg,Jeaniels vlog,220,43,,title_only_greenland_generic_or_numbers
6ZJYJF5FVig,GREENLAND 2012,"Greenland visit in 2012 stopping at Kangerlussuaq, Sisimuit, Coastal ship to Ilulissat, back to Sisimuit, and then Nukk. Next stop Iceland",2021-03-17T08:00:01Z,1425,35,,0,UC1917OhiRdk7tSAIQx5a5lg,David Gould,49,66,,title_only_greenland_generic_or_numbers
By_9vZCtnmk,Greenland,"Provided to YouTube by MyMusicGroup

Greenland · zbrocky · mvcjn · Wavyzien · dkm

Prodigy

℗ 2021 zbrocky

Released on: 2021-03-23

Auto-generated by YouTube.",2021-03-23T06:31:52Z,194,2367,33,0,UCkqAnoTmKFTL0Qko5_HQLEw,zbrocky - Topic,78,14,,title_only_greenland_generic_or_numbers
oKrjzmzYLAY,613 greenland,,2021-03-26T17:26:40Z,252,7,0,0,UCVNzMswyqOZC7ZuMlwwS81w,I AM YOUR REALTOR,6,34,,title_only_greenland_generic_or_numbers
ZirXIpd1RrU,Greenland,,2021-03-27T01:47:07Z,175,5,0,0,UCZqFVqilN01Ztela4Sh7WKQ,Filippo Traversa,63,34,,title_only_greenland_generic_or_numbers
qM62XbuGMrU,greenland,,2021-03-28T07:10:28Z,10,1,1,1,UCopXGj2vHP2hcdS1XKnuebQ,SIMO IN WONDERLAND,7,24,,title_only_greenland_generic_or_numbers
TU9IyeD4424,The Greenland,,2021-04-04T07:32:41Z,207,8,0,0,UCq7ceZLcr1GTpQBAk1fzWDQ,Lisa Mazur,18,2,,title_only_greenland_generic_or_numbers
-ew7eNrjlgE,greenland,,2021-04-08T18:14:20Z,502,15,0,0,UCl2yAagEed2IdslHljdRnDw,oscar figueredo,0,6,,title_only_greenland_generic_or_numbers
yx91EUo0NTY,greenland 4k,like share and subscribe,2021-04-10T12:21:11Z,35,6,0,0,UC3DhLiQkBhE0rxkXL0BChiQ,Beautiful earth earth,3,6,,title_only_greenland_generic_or_numbers
ZXWsAl4tggg,Greenland 😳😳😳,,2021-04-14T12:43:56Z,587,3,0,0,UCk_FSX1m6uQiYve5IVGuUAA,spy movies,7,6,,title_only_greenland_generic_or_numbers
MYDi9LGAluw,greenland #shorts,#shots,2021-04-22T15:42:43Z,33,7,0,0,UC7pTS91ipBi1TrLS-YGyUhg,master,1,4,,title_only_greenland_generic_or_numbers
YxlL7qgGSTQ,Greenland (2020,"Greenland (2020) • Movie
​​1h59min ⭐️6.4 IMDB
  
Director: Ric Roman Waugh
Actors: Gerard Butler, Morena Baccarin, Roger Dale Floyd, Scott Glenn

Genres: Action, 🎭 Drama, Thriller
Greenland is a movie starring Gerard Butler, Morena Baccarin, and Roger Dale Floyd. A family struggles for survival in the face of a cataclysmic natural disaster.",2021-04-23T12:33:50Z,153,25,0,0,UCBajf5xkyk5pWISruYv1_-A,TAG,6,40,,title_only_greenland_generic_or_numbers
R83Dsdsr_NE,Greenland,Short video borrowed from Apple TV Aerial Screensavers featuring 8Dio’s Studio Quartet Series. Music composed and orchestrated by Ben Pit.,2021-04-27T15:30:14Z,193,104,7,2,UCqqO82bxr7puFDlYCQWRDGQ,Benjamin Pitot,75,14,SG,title_only_greenland_generic_or_numbers
AsdNua632p0,Greenland,"Provided to YouTube by TuneCore

Greenland · Emancipator

Safe in the Steep Cliffs

℗ 2010 Loci Records

Released on: 2010-06-29

Auto-generated by YouTube.",2021-05-02T11:01:24Z,192,1196691,11428,101,UChNB35QmqX81vSbDXDR3i4w,Emancipator - Topic,14100,296,,title_only_greenland_generic_or_numbers
fM4LDzV5wm8,360 Greenland 2,,2021-05-04T16:16:43Z,490,6,1,0,UCpHcdk7E4K9qBnAmZySLh1Q,babis giritziotis,6,11,,title_only_greenland_generic_or_numbers
4Yq_FvFnKqU,Greenland,,2021-05-09T08:54:53Z,144,127,0,0,UCnzAOINhmpI8Lxio9hehqlQ,O B,29,7,JO,title_only_greenland_generic_or_numbers
L_itTgwwqT8,Greenland 👍,,2021-05-12T11:06:37Z,16,28,4,0,UCmKuDXVnDHrgKoqkXGN-Lnw,l,6,6,,title_only_greenland_generic_or_numbers
ncW5TWTMCKk,GREENLAND,,2021-05-12T17:15:38Z,61,29,1,0,UCAMzZwA3p5S2UYY40_FLjQQ,BEHCET OZKARAKAYA,22,16,,title_only_greenland_generic_or_numbers
ZFxwCgFDaPk,Greenland,"Provided to YouTube by TuneCore

Greenland · Bryan Huddy

The Sum Total

℗ 1999 self published

Released on: 1999-01-01

Auto-generated by YouTube.",2021-05-14T10:02:57Z,211,51,2,0,UCzruI6jweBFHOTzOy-3JW9w,Bryan Huddy - Topic,5,24,,title_only_greenland_generic_or_numbers
g29FLtU4Ty0,✖️GREENLAND✖️#shorts,"Let's Travel 

#travelwithme
#travelworld",2021-05-15T07:14:50Z,9,9,0,0,UCa-VAi7IvLiyOBv5ymXPAtA,Travel With Me,616,1330,,title_only_greenland_generic_or_numbers
m2Bn34EEoVw,Greenland,,2021-05-17T09:32:24Z,61,36,1,0,UCm692HzuEgxbeg_yOWqlW1g,Monika Kalyankar,4,15,,title_only_greenland_generic_or_numbers
4_6TKGejwZQ,Greenland,Recorded with DJI Mavic air and Go-pro hero8 black,2021-05-17T20:45:30Z,248,93,0,0,UC9G2X5O_GRwL8DDEQ_ZiHkA,Benny Christiansen,49,40,,title_only_greenland_generic_or_numbers
l5wz9d8UEf4,Greenland,"الاردن , عمان , ناعور 
Amman, Jordan , Naur
https://www.greenland.jo",2021-05-18T06:56:21Z,144,5506,16,0,UCnzAOINhmpI8Lxio9hehqlQ,O B,29,7,JO,title_only_greenland_generic_or_numbers
9FPfvlyM0RE,Greenland,,2021-05-19T19:23:08Z,361,1,0,0,UCXIsJdmNp_271h1XHdjfzHQ,The Whatever Show,11,80,,title_only_greenland_generic_or_numbers
tttR2_6CXlY,Greenland,composer and sound designer.,2021-05-20T16:23:24Z,147,0,0,0,UC2SWU42_G3hjuz7EgqGESeA,DIAA previews,0,3,,title_only_greenland_generic_or_numbers
Y90e65J4xxY,Greenland Video,,2021-05-21T12:09:20Z,466,7,1,0,UCcjuWFzsnfTG9jujBBjcBEQ,h,333,111,,title_only_greenland_generic_or_numbers
vQD27RrTaNQ,Greenland #Shorts,,2021-05-21T19:23:34Z,16,22,0,0,UC309HT4Fm5uu3g8J-HgDFOg,D Kundu,142,271,,title_only_greenland_generic_or_numbers
9d6opUSf4UA,GREENLAND🇳🇫 #shorts,"#Nature#Amazingnature#landscape#travel#scenery#sky#clouds#storm#relax#sunlight#vintage#youtubeshorts#ytshorts
Greenland
Green
Land
sky
vintage
Shorts

   PLSS SUBSCRIBE.👇👇 https://youtube.com/channel/UC8inlgdQGF6moJec2hZyPLw 
   
   THANKS FOR WATCHING 🥰🥰
   PLSS LIKE, COMMENT, SHARE
   DON'T FORGET TO SUBSCRIBE 🥺😇❣️
            🌍4K WORLD🌍",2021-05-23T08:20:55Z,13,34,4,0,UC8inlgdQGF6moJec2hZyPLw,4K WORLD,10,22,IN,title_only_greenland_generic_or_numbers
Op6eQMJtzDU,Greenland,Film promotion for Greenland.,2021-05-28T12:18:15Z,887,11,0,0,UCuV9dcPE30ZbaJq9PSRArrw,John Charnley - account 2,3,23,,title_only_greenland_generic_or_numbers
AhsOgMxgV_g,Greenland#short,daily kuch neya sikhne ke liye hamare channel ko subscribe kare aur video ko like kare plz 🙏#short,2021-06-01T01:28:16Z,16,26,4,0,UCReZ-6490Dz0ZyNVrO6WFwg,AB Gk study,301,128,,title_only_greenland_generic_or_numbers
GS4a-pQ9soI,Greenland,"http://stores.clothes2order.com/cheap-shot-nation/
https://clic.ly/cheapshotnation
Blogspot: cheapshotentertainment.blogspot.co.uk

Music ""Toe_Jam"" and ""Retro"" As found on YouTube Free Music :)

All copyrighted materials belong to the copyright owners. We do these videos as fans and for Fans to interact with. No infringement of copyright is intended on our part! What I upload is completely fair use and does not violate any of YouTube's Polices or Terms of service. This means I use this gameplay footage (Sometimes) as long as Commentary is provided, that is somewhat educational or instructional without the copyright owners consent. I will also use my own photos as well as those provided by the companies show being reviewed.",2021-06-01T08:00:10Z,543,1,0,0,UCLzAxDARn5UAVGSAaNNjfyQ,Quick Shot Reviews,3290,487,GB,title_only_greenland_generic_or_numbers
z4O1R9HL2Jc,Greenland,,2021-06-02T17:36:24Z,287,61,12,,UCrV0KMInFJ3bD9dyxj94gwA,Shlok,72,39,IN,title_only_greenland_generic_or_numbers
MjQzhCC2qO8,Greenland,have faith in Jesus Christ,2021-06-05T18:55:17Z,148,330,52,16,UCq2RhadBDhrTPjzxsZ-s5Iw,josh sparrow,8750,7827,CA,title_only_greenland_generic_or_numbers
22EXnZd-BGo,Greenland#shorts,,2021-06-08T02:19:58Z,32,35,18,0,UCjiqZBo9HwXMOVfwYcXrzBg,NMG KNOWLEDGE,1920,467,IN,title_only_greenland_generic_or_numbers
b7_VvJkIG4c,Greenland,,2021-06-12T11:51:55Z,507,95,4,1,UCJRGfGtLHfY88sLSugFsL7Q,Rijas Hameed kandal,55,11,,title_only_greenland_generic_or_numbers
YIauWtAjw_Y,greenland,,2021-06-13T09:06:15Z,15,8,1,0,UCVc1vpoA9xeJw4H3sgfrw-w,Razvi channel,6,6,,title_only_greenland_generic_or_numbers
xNdFQJeb6Zc,Greenland,,2021-06-17T00:06:37Z,15,33,0,0,UCGy2GIhATr9BECGTv1r8b1Q,Thunderstorm Smith,62,58,,title_only_greenland_generic_or_numbers
6rnFjsU9-_0,Greenland,Update on Greenland - Post Covid,2021-06-17T13:54:15Z,3088,20,0,0,UCBB-VUfSA1v73v-l1kc6QmQ,DMCFINDER,17,34,GB,title_only_greenland_generic_or_numbers
bUbzonr2IZ0,Greenland,Find out why Greenland is the suicide capitol of the world on the Reloaded504 Podcast.,2021-06-21T17:00:27Z,60,4,0,0,UCK6kKRlmsBAO74nsROaAFng,RELOADED504 - NEW ORLEANS’ #1 PODCAST,48,309,US,title_only_greenland_generic_or_numbers
gApDktfEQBk,Greenland video,green video,2021-06-23T10:08:05Z,41,13,3,0,UCWE2RXz5YYwXhqtP6mAUfYw,Angaryboy,1750,383,IN,title_only_greenland_generic_or_numbers
_7K6R-yu1-8,my greenland,,2021-06-25T12:55:13Z,12,4,1,0,UC72H2LQOHbPODcDeColVNIw,Manoj Kumar,0,2,,title_only_greenland_generic_or_numbers
_XbmH-j59l0,Greenland,,2021-06-30T13:43:00Z,9,22,7,0,UCRMfuizQ9WiXL7UBUDpp_Bw,S R B official Blog,39,44,,title_only_greenland_generic_or_numbers
vR0NNQA9FdM,GREENLAND,"our kitchen garden
#Pauri",2021-07-10T16:29:19Z,154,301,14,0,UCXv1QBt8isN_QBbNUJpyMiA,Mahendra Digicraft,3980,1018,IN,title_only_greenland_generic_or_numbers
spPvlqdKLX0,Greenland,Greenland,2021-07-14T18:13:34Z,77,102,4,,UCQ6IHzQYFEZBMnT8PtpkHBg,Student Priyansh,1200,363,,title_only_greenland_generic_or_numbers
5p-9roHuBRE,Greenland,Bogamati,2021-07-15T07:42:33Z,21,25,1,0,UC5wT4Co-Hmn9nWdFPtDa26g,Naba Debnath,5,8,,title_only_greenland_generic_or_numbers
dq3R692GRsY,Greenland,Beauty Of Greenland,2021-07-15T15:24:47Z,13,46,1,0,UCZEgoGDI2jcj-5ixEOeT5kQ,Cosmic World,15,54,PK,title_only_greenland_generic_or_numbers
m272dRFn0bk,Greenland,subscribe for more videos,2021-07-16T05:13:47Z,147,12,2,0,UC9z0_WhnIGhM3ZEfQiR15Tg,"Nature,s Beauty",50,12,PK,title_only_greenland_generic_or_numbers
6nYUIFQh-M8,Greenland,,2021-07-22T06:23:22Z,10,32,0,0,UCejlJkbDLVt0kJRemD_Lq3w,shorts blog with aman,1,18,,title_only_greenland_generic_or_numbers
6665AkYtw3I,GreenLand,,2021-07-24T14:54:12Z,7,19,0,0,UCiljZ_dfnyAB_zhjQyxe_vw,AzibaqTV,27,5,,title_only_greenland_generic_or_numbers
I4ydjUIeExo,Greenland,,2021-07-24T20:59:06Z,10,340,2,0,UC0NPrnBlEgiwIlnbfCMIQHQ,JM,253,986,,title_only_greenland_generic_or_numbers
WZhsj3KzGcM,🤣🤣🤣 | greenland,"#greenland
greenland",2021-07-26T15:43:54Z,14,13,2,0,UCZMZF9s-c4d_hb9PqgYe_FA,🎯Greenland,28,17,,title_only_greenland_generic_or_numbers
aosa-mmwtc0,greenland,agri farm,2021-07-28T02:19:55Z,40,44,7,1,UCbD1t8Jpr1dZ8ewvN6FD1AQ,saini cropland 🌱🌾,369,209,IN,title_only_greenland_generic_or_numbers
U5oh3JcM2K8,❤️❤️|Greenland,"#tranding
#Greenland",2021-07-29T09:49:12Z,16,44,1,0,UCZMZF9s-c4d_hb9PqgYe_FA,🎯Greenland,28,17,,title_only_greenland_generic_or_numbers
EV4j8JGC7Aw,🎶.........|Greenland,"#tranding
#shorts
#Greenland",2021-07-30T02:50:30Z,12,23,3,0,UCZMZF9s-c4d_hb9PqgYe_FA,🎯Greenland,28,17,,title_only_greenland_generic_or_numbers
5p9_nuHyGC8,GREENLAND - 4K#shorts,GREENLAND - 4K.   #shorts                           #nofeenocontent.                                   Details                                                     cinematography: Stefan Forster.       cut and  editing: Stefan Forster.         Music: Adi Goldstein/Augusta Wilhelmsson.,2021-08-01T02:47:49Z,42,90,6,1,UCyVBFTMeev06zNrWg7WD2Ew,pretty videos,57,39,,title_only_greenland_generic_or_numbers
EzDAGHTJlOY,Greenland,,2021-08-02T09:42:42Z,122,5,0,0,UCXyseQbjSu5c6GfL2uYTTJA,Blaye Langues,24,74,FR,title_only_greenland_generic_or_numbers
aqwsjFLQdrA,GREENLAND PART 2,,2021-08-06T10:40:00Z,435,66,5,3,UCJRGfGtLHfY88sLSugFsL7Q,Rijas Hameed kandal,55,11,,title_only_greenland_generic_or_numbers
7v5DjZBxN2w,greenland,Music Video Editor Add Audio,2021-08-07T01:47:09Z,15,21,5,0,UCbD1t8Jpr1dZ8ewvN6FD1AQ,saini cropland 🌱🌾,369,209,IN,title_only_greenland_generic_or_numbers
1NyxBSkZ8oY,Greenland,,2021-08-07T23:32:25Z,115,2,0,0,UCenqOVWxCYAXHZinY196PVw,Hoasi Tonga,746,351,,title_only_greenland_generic_or_numbers
ewM-9zLOn2M,Greenland,Narsaq,2021-08-09T03:29:43Z,8,16,0,0,UCSPb4STQXWcrYs_lqgXaUcA,Miki-lars Rosing,0,5,,title_only_greenland_generic_or_numbers
EGw_bFdTWrI,greenland,,2021-08-11T05:48:22Z,26,2,1,0,UC6amRh6chjQzsdwnjDzVAig,funny cats shorts,2,67,UG,title_only_greenland_generic_or_numbers
95FlkWGP14w,Greenland,,2021-08-11T14:04:32Z,242,5,0,0,UC6rh7gr-ZpQ3y_Tc8rxOCwg,Ratkarn,0,1,,title_only_greenland_generic_or_numbers
sjogRSFA6QA,Greenland,,2021-08-14T22:11:42Z,11,59,3,0,UCtZT66GldM0jnvMFP-sTmDA,SK VISION,1720,743,,title_only_greenland_generic_or_numbers
SLPeSBcM2nE,Greenland 1,,2021-08-16T23:00:41Z,3349,436,14,0,UCoU6EU36zedxtVVkTnNxjtQ,calandale,8990,5426,,title_only_greenland_generic_or_numbers
dxAJ7DV53bw,Greenland 2016,,2021-08-18T10:33:59Z,1038,41,0,0,UCSF7gR7XIXF5Xy4oZaNJBkg,Par Lofvenius,13,61,,title_only_greenland_generic_or_numbers
Z3-4Age-zAk,Greenland,,2021-08-19T10:41:12Z,19,12,1,0,UCtZT66GldM0jnvMFP-sTmDA,SK VISION,1720,743,,title_only_greenland_generic_or_numbers
ZYtePoIM1vk,Greenland,,2021-08-19T10:41:56Z,13,87,1,0,UCtZT66GldM0jnvMFP-sTmDA,SK VISION,1720,743,,title_only_greenland_generic_or_numbers
hQLJy_v8Wd8,Greenland,,2021-08-19T11:38:59Z,33,14,1,0,UCtZT66GldM0jnvMFP-sTmDA,SK VISION,1720,743,,title_only_greenland_generic_or_numbers
GPFUuoiYcs4,Greenland,,2021-08-19T12:34:13Z,14,51,1,0,UCHSiqfpaeY3_mA3DpZ_Bl4Q,Rio Rider,635,389,,title_only_greenland_generic_or_numbers
a90da62uiDY,Greenland,,2021-08-19T12:34:21Z,33,12,1,0,UCHSiqfpaeY3_mA3DpZ_Bl4Q,Rio Rider,635,389,,title_only_greenland_generic_or_numbers
6DwpnEOQRG4,Greenland,,2021-08-19T12:34:48Z,19,19,1,0,UCHSiqfpaeY3_mA3DpZ_Bl4Q,Rio Rider,635,389,,title_only_greenland_generic_or_numbers
ZbMtaDRv82I,GREENLAND,GREENLAND,2021-08-24T07:50:05Z,119,30,3,0,UCFVQeIUYXMS89XSmnmfX7kw,archil gulishvili,78,365,,title_only_greenland_generic_or_numbers
l3zqSGiQ4_Q,greenland,,2021-08-25T03:23:20Z,16,282,12,0,UCZVvSZRLjA6vaNvf5sps19g,Akash Maurya,0,1,,title_only_greenland_generic_or_numbers
2jEFu1I9afY,Greenland,,2021-08-26T16:11:30Z,15,7,0,0,UCKa0u9SJuj2lVCxncaPENtg,Agnesus Bandusai,0,2,,title_only_greenland_generic_or_numbers
UA7KhIRay04,Greenland.😍,"china in focus,
chinatown,
china song,
china mac,
china anne mcclain,
china flood,
china mcclain,
china movie,
china news,
china anuel aa,
china afghanistan,
china anne mcclain tiktok,
china anne mcclain songs,
china anthem,
china action movie,
china and taliban,
a china song,
a chinatown ghost story,
a china movie,
a china man from montego bay,
a chinese odyssey,
a chinatown there a chinatown there,
a china é comunista,
a china é socialista,
china beach,
china bird flu,
china basketball,
china beach theme song,
china bridge,
china boy,
china bitcoin,
china bangla movie,
b china rmf,
cardi b china,
jon b china,
cardi b china news,
queen b china,
r&b china,
raz b china,
cardi b china virus,
china cat sunflower,
china cartoon,
china china,
china city,
china concentration camps,
china cooking,
china crisis,
china celebrates 100 years,
c channel,
china doll,
china drama,
china documentary,
china dance,
china dj,
china diving,
china doll grateful dead,
china delta variant,
chandni chauk d china,
china chauk d china,
3d china,
supa d china man,
ribut pasir di china,
winky d china,
taufan di china,
ribut di china,
china en foco,
china eas alarm,
china earthquake,
china explosion,
china economy,
china eating food,
china elephant,
china eating,
china flood 2021,
china food,
china food eating,
china flood dam collapse,
china film,
china flood live,
china fireworks,
jia y i china,
south park f china,
f 117 in china,
f35 china,
f(x) in china,
f35 china copy,
f-22 china,
china get the f out,
china girl,
china grove,
china girl david bowie,
china gymnast olympics 2021,
china gan,
china gaan,
china gate,
china gold medal olympics 2021,
polo g chinatown,
polo g chinatown instrumental,
d&g china,
mr g china man,
polo g chinatown lyrics,
polo g chinatown clean,
polo g chinatown reaction,
kenny g china,
china history,
china hindi movie,
china high speed train,
china hell march,
china house,
china hong kong,
china high speed rail,
china hustle,
china invade taiwan,
china il,
china india,
china insights,
china in afghanistan,
china illinois,
china india border,
is china,
is china safe,
is china going to war with us,
in china song,
is china a superpower,
is china going to invade taiwan,
is china going to overtake the us,
is china going to war,
china japan,
china j balvin,
china japan thoughts interlude,
china japan war,
china john cena,
china juice wrld,
china joe,
china japan table tennis,
jessie j china,
jessie j china competition,
domino jessie j china,
arnez j chinatown,
jessie j china winner,
jessie j china flashlight,
justin j china,
jessie j china reflection,
china khabar,
china kung fu,
china karol g,
china kung fu movie,
china king,
china karate,
china klay,
china kiss drama,
k china 17,
k china finnomena,
k china a d,
k china cymbal,
k china sabai cha,
k china กองทุน,
k china rmf,
k china aa),
china love,
china lake,
china love story song,
china live,
china language,
china lyrics,
china love song,
china launch,
la china,
la china la adictiva,
la china karaoke,
la china javier rosas,
la chinatown,
la china antrax,
la china lyrics,
la china boricua,
china military,
china music,
china mac eats,
china military parade,
china mcclain tiktok,
m china box,
h&m china,
china 100m,
codm china,
h&m china boycott,
exo m china,
laplace m china server,
dragon nest m china,
china national anthem,
china nuclear,
china news today,
china nuclear leak,
china news live,
china new song,
china navy,
in china,
in chinatown song,
in china remix,
in china they eat dogs trailer,
in chinatown,
in china the future of shopping,
in china vlog,
china olympics,
china olympics 2021,
china ozuna,
china old song,
china olympics opening ceremony,
china on afghanistan,
china olympic training,
china olympic diving,
o chinadana movie songs,
o chinadana telugu full movie,
o chinadana comedy scenes,
o china prem,
o china prem natok,
o chinadana songs jukebox,
o canada,
o china pm,
china president,
china parade,
china preparing for war,
china population,
china philippines,
china power,
china pollution,
china people eating,
p chinamasa,
dub p china mac,
marina p chinatown,
swaggy p china,
zach p china,
p s y china song,
china mac p thrizzle,
china p remix,
china quarantine,
china quantum computer,
china queen,
china qualifier dota 2,
china quarantine hotel,
china quantum,
china quad,
china qr code,
q china drama,
q chinatown detective,
royal q china,
ruchi in china q and a,
china q for birds,
detective chinatown q members,
china q come mucho,
q&a australia china,
china remix,
china russia,
china roses,
china rocket live,
china rain,
china rocket,
china reggaeton,
china remix 2021,
r/china funny,
wagon r china,
china r&b song,
china r&d,
china r&b,
r visa china,
r city china love,
r j naved china,
china space station,
china song remix,
china song tik tok,
china social credit system,
china syndrome
china street food
china sea
s china sea
us china
s china sea latest news
us china war
us china relations
us china tension
us china news
us china volleyball
china taiwan",2021-08-28T17:36:41Z,11,42,2,0,UC2k8clGTyBDV1DCiTfKYF_w,旅行癖,1090,841,,title_only_greenland_generic_or_numbers
_BO8yMgmgeg,Greenland #Shorts,"Greenland
#otonom Denmark
#antara samudra artkik dan Atlantic
#nuuk
#amerika utara
Greenland adalah negara otonom Kerajaan Denmark yang terletak di antara Samudra Arktik dan Atlantik, sebelah timur Kepulauan Arktik Kanada. Meski secara fisiogeografis merupakan bagian dari benua Amerika Utara, Greenland sangat erat secara politik dan budaya dengan Eropa selama lebih dari seribu tahun. 

Pemukiman suku Nordik

Erik menamainya pulau Greenland (Grœnland di Old Nordik, Grænland di Islandia modern, Grønland di denmark modern dan norwegia",2021-09-02T08:09:05Z,47,48,1,0,UCvSxYYb13LwWNtJ-tg7qqvw,MyDayBless,761,459,ID,title_only_greenland_generic_or_numbers
yPLEX5Jf_7g,#Greenland,,2021-09-05T14:45:12Z,10,34,2,0,UC4X0GG0yLek57uLm7Q7QTtA,Zarajadoon,1270,458,,title_only_greenland_generic_or_numbers
ZMVS9194JcM,|| Greenland 🥰 || Short || 🤙😉,"Welcome back to my youtube channel


If you like this video then subscribe my channal and press the bell icon


Second channel :- 
যিসকলে online game ক লৈ‌‌ আগ্ৰহী সেই সকলে channel টো চাব এবাৰ🙏

                      👇
https://www.youtube.com/channel/UCckrDarCxbcF_97tMFeXmhQ


Follow me on -

Facebook :- https://www.facebook.com/babakamal.deka

Instagram :- https://www.instagram.com/kamal_deka55?r=nametag


#support #Greenland #grassland #greenlove #peace #peacefullplace #clip #KD #KamalDeka #kml55 


Don't forget to like , comment , share & subscribe


Thanks for watching........Kamal Deka🙏",2021-09-07T12:29:46Z,22,233,49,6,UCQG-Tn4DzfOonor3QdnjMUg,Deka's Vlogs,1910,245,IN,title_only_greenland_generic_or_numbers
k5e8GlRrXvM,Greenland,,2021-09-08T00:20:31Z,219,74,0,0,UCwhefetUM_9nXAqj5FU2dLw,AspieOperator ,1180,779,US,title_only_greenland_generic_or_numbers
entqM2dXBs0,Greenland,,2021-09-09T08:30:18Z,16,489,13,0,UCrDPxIqRguGhZKYbeIjygTA,Feel the Freedom,237,212,LK,title_only_greenland_generic_or_numbers
2T0lLHgf7wE,greenland,,2021-09-15T18:42:57Z,17,170,7,1,UC9xIVxQv7tlhw8Uc11_0jCg,Inspactor no. 1 gaming,372,123,,title_only_greenland_generic_or_numbers
X7Offa4sVqc,GREENLAND 2021🇬🇱,Kangerlussuaq Greenland,2021-09-16T18:42:14Z,177,212,7,2,UCynKgg_3dS3nHb3ZgD0fg1Q,Silas Schytte Olsen,29,27,,title_only_greenland_generic_or_numbers
YUO-FxPngUI,#greenland#shorts,#greenland#birdsounds#shorts,2021-09-17T06:28:33Z,15,468,18,0,UCRSPABHwmCHP4uBl2XYs8rQ,Lali GT 650 🏍️,139,33,,title_only_greenland_generic_or_numbers
70_m3KH6O_4,Greenland,,2021-09-17T12:31:07Z,16,336,8,0,UCqAW1RT0uWRHKpF1aCHiFcg,Village 2 Village,79,56,IN,title_only_greenland_generic_or_numbers
-YawNRe-S7g,Greenland,,2021-09-19T15:02:44Z,22,23,0,0,UCdTG-zUXIl7oVhTrwr9TW7g,Natural sawan in world 🌎  (NSW),603,1592,,title_only_greenland_generic_or_numbers
PxsTSo-uFPc,Greenland,,2021-09-19T15:26:42Z,22,1010,38,2,UCdTG-zUXIl7oVhTrwr9TW7g,Natural sawan in world 🌎  (NSW),603,1592,,title_only_greenland_generic_or_numbers
-_AayrOt7fk,Greenland,,2021-09-20T01:43:56Z,34,6,0,0,UCnu7G9apUJ-UDU_NUS-WJtw,Lyngs verden,11,24,,title_only_greenland_generic_or_numbers
R_VqqXcq3yM,Greenland 2008,"Short video of Greenland filmed July, 2008.",2021-09-20T23:58:59Z,451,295,14,0,UC3_LygDpH5MLJ2MZQN8SpKQ,Hough's Stough,380,8,,title_only_greenland_generic_or_numbers
idX2uSBuJY4,Greenland,,2021-09-24T07:51:15Z,15,1004,10,2,UCR1F0AX13VC31UgAaflq_3A,Paradise,35,28,,title_only_greenland_generic_or_numbers
3nz70qB9WF0,Greenland,"Beatifull, world. sight",2021-09-26T20:29:01Z,24,9,0,0,UCjTQtK-a89RStENBkHhVbnA,asepuushandayana,92,306,,title_only_greenland_generic_or_numbers
e0K9-4wXQ64,greenland🇬🇱,,2021-09-29T09:48:53Z,102,10,0,0,UCibHAqsnSYdLanYN0H4025Q,Alveena show,176,326,,title_only_greenland_generic_or_numbers
61paYdyMRb4,Greenland,,2021-09-29T11:47:46Z,437,35,2,1,UCiYf7T-Ym440L-EUne5PhQg,NordicEnergyResearch,284,114,NO,title_only_greenland_generic_or_numbers
2wOXT9ZGyv8,Greenland,,2021-09-29T12:14:53Z,27,151,7,0,UCxJ1gJK89OrLWPEpWfTDTtQ,Delve Trip(King Of All Travel Destinations),1570,3395,,title_only_greenland_generic_or_numbers
7I-RRMppNiY,GREENLAND 3 GREENLAND 3 GREENLAND 3,"https://travel.mthai.com/world-travel/63619.html?fbclid=IwAR1xBWnsiQIMLgvKnsNX3sKgSaRgs74jZtuz29RL7KQyxPmN36LwEmXe83M-ข้อมูล

https://www.youtube.com/watch?v=iZYGBNM375w -วิดีโอนำเข้า

https://www.youtube.com/watch?v=IStnlAAAI5c-วิดีโอนำเข้า

https://th.wikipedia.org/wiki/%E0%B8%81%E0%B8%A3%E0%B8%B5%E0%B8%99%E0%B9%81%E0%B8%A5%E0%B8%99%E0%B8%94%E0%B9%8C -ข้อมูล",2021-09-29T17:10:23Z,534,19,0,0,UCQu1nheJwmi7xww1atddFjw,"K,niN",0,3,,title_only_greenland_generic_or_numbers
aw1ktmaf4Ak,GREENLAND,Created by InShot:https://inshotapp.page.link/YTShare,2021-09-30T06:15:43Z,41,2,1,0,UCgXCpCO1DymyZrAKJ2nZ79A,DPD SHORTS,34,87,,title_only_greenland_generic_or_numbers
YpBnoZ3Aw4c,Greenland,,2021-10-09T13:24:13Z,46,1925,99,6,UCg2gjSB4m2qPkEjOA4u8zzQ,It's me 2.0,2060,1055,,title_only_greenland_generic_or_numbers
IlnZJtBwy0o,Greenland,,2021-10-09T15:45:40Z,105,45,5,1,UCpZdZblkPoAfrnAQFM-1d-A,Mikhail Podgainy,292,351,,title_only_greenland_generic_or_numbers
_UBflEkJM2Q,Greenland,#colourkuruvi,2021-10-10T18:11:43Z,41,3,0,0,UC5lGHtxOL-xajWgqHry1cTA,Colour Kuruvi,129,166,IN,title_only_greenland_generic_or_numbers
GePqBiinhjo,🇬🇱 Greenland 9-2015 ✈️,,2021-10-10T22:22:39Z,1425,13,0,0,UC9yHndeUP3SuQRuvo3BA28Q,vb nordkapp moto traveller,48,34,,title_only_greenland_date
8w60lcegMAU,GREENLAND,,2021-10-11T08:08:55Z,16,555,13,1,UCA7L-DRndIJPAEJqxfrKkKQ,UPSC JOURNEY,22,11,,title_only_greenland_generic_or_numbers
b4qxR2bUF_w,greenLand,,2021-10-13T21:04:55Z,66,6,0,0,UCWXAWmi7V3kW8bTp64GTH5Q,Бека Арон,11,20,,title_only_greenland_generic_or_numbers
JbMYGyM6ZZ0,23 Greenland,,2021-10-14T05:12:50Z,54,58,1,0,UCkLxqvD7Bdesde3CucpR6rw,Go Future,5720,1274,,title_only_greenland_generic_or_numbers
ZPZkonXNoZ0,Greenland,,2021-10-15T15:49:23Z,326,20,4,,UC3FaUkUbYkg3JylDR7BLlgA,SS.T for juniors,19,4,,title_only_greenland_generic_or_numbers
la_95fh13Fg,14 October greenland,,2021-10-16T14:06:44Z,13,29,7,0,UC13BqMUeLiEHR1qdjMbBsNQ,AB VLOG,90,37,IN,title_only_greenland_date
avMbRHOpxiQ,Greenland,,2021-10-18T02:00:01Z,25,2,1,0,UChVXUw7CI0GqTqOcVAMxKLg,Around The Asia,4,36,GB,title_only_greenland_generic_or_numbers
9C_iVzI79vg,Greenland,Islande Groenland juin 2021,2021-10-18T09:24:51Z,57,18,2,0,UCLZBqQ79_sBzpU4xI2CE0Vg,Dominique Bleichner,13,20,,title_only_greenland_generic_or_numbers
52t8ABguT6A,#greenland,,2021-10-19T02:52:20Z,20,10,0,0,UC9kC1FqzdTG7AUxvi-cnyRg,Sp8 World AP,5,7,,title_only_greenland_generic_or_numbers
FEFyvFKZpEE,GreenLand,"Provided to YouTube by MUSIC&NEW

GreenLand · Beyond The Secret

GreenLand

℗ MUSIC&NEW

Released on: 2009-07-23

Auto-generated by YouTube.",2021-10-19T15:08:34Z,263,121,2,0,UClgVC5BL1GpAp59qFyfueqw,Beyond The Secret - Topic,3,3,,title_only_greenland_generic_or_numbers
ZfxJF7qBgeU,Greenland,Created by InShot:https://inshotapp.page.link/YTShare,2021-10-23T06:18:28Z,124,5,0,0,UCR9uDbr5Bvsj-UTBrbh_KcQ,N K One,101,219,IN,title_only_greenland_generic_or_numbers
sKNoKzpoZbg,Greenland,,2021-10-29T12:15:15Z,138,24,1,0,UCMobhdTLdmBkZrBqgXSol1w,The Logical World,34,49,,title_only_greenland_generic_or_numbers
UOAg4MQMR0I,Greenland 🇬🇱,,2021-10-31T04:18:25Z,36,58,8,0,UCLKMR9i2gZ5ks2UoP5VXQqg,Shenga gab,40,52,,title_only_greenland_generic_or_numbers
wqsMz1PLC5Y,Greenland #shorts,short video,2021-11-03T06:25:10Z,31,5,4,0,UCnXgSbaeLdTyAG2JP6dJm2A,Slaves of Allah(அல்லாஹ்வின் அடிமைகள்),72,80,IN,title_only_greenland_generic_or_numbers
LzdC2gw6QZQ,greenland ❤️,,2021-11-06T11:12:46Z,15,196,9,2,UCvaAiF23wF_m8b4ZDimwfWw,thamilselvanThamayanthi,8,13,,title_only_greenland_generic_or_numbers
ng8MLxk8fmg,Greenland,,2021-11-06T14:47:01Z,31,54,5,0,UCLKMR9i2gZ5ks2UoP5VXQqg,Shenga gab,40,52,,title_only_greenland_generic_or_numbers
6K4LV2MJgOU,Greenland,,2021-11-06T19:48:41Z,19,7,0,0,UCJ72fQI7ZGmZxIKog3TyHJA,Amin Shakya,9,10,NP,title_only_greenland_generic_or_numbers
VETvnhpDNrU,Greenland,,2021-11-07T10:29:52Z,19,46,0,0,UCJ72fQI7ZGmZxIKog3TyHJA,Amin Shakya,9,10,NP,title_only_greenland_generic_or_numbers
gQOrGjQT8Bk,greenland,,2021-11-12T04:42:38Z,16,63,1,1,UClzVnBccTsUNrC1j_F0G0dw,harvey ช่องรอง,5,21,,title_only_greenland_generic_or_numbers
9KOKFMcZI6c,Greenland,"green land trees over all green every where 

Links: 
Mamaearth: https://bit.ly/3GECL8h
Amazon: https://amzn.to/3jVgSb0
Nykaa: https://bit.ly/31jYlie
Flipkart: https://bit.ly/2ZKDNip

but if you buy from their website, they will link your order to a tree. 

Get the Mamaearth App here : https://bit.ly/3e6GMGe​​​​


--------------------------------------------------------------------------------
Follow me on links -
Facebook:-https://www.facebook.com/profile.php?id=100025003540305

Instagram:-https://www.instagram.com/invites/contact/?i=1181kx4syush&utm_content=l2cey6g

YouTube:-https://www.youtube.com/c/JugiThe

Gmail:-www.handiquejugi@gmail.com",2021-11-16T01:07:29Z,61,54,,0,UCFWjdDkNXCWCLo1zcYmUklw,Jugi Vlogs,924,428,IN,title_only_greenland_generic_or_numbers
JJ0e87tKdcU,Greenland,,2021-11-22T16:44:21Z,46,2,0,0,UCaCUZtaL628u0PicCS-t-Bw,onomujex,1,2,ID,title_only_greenland_generic_or_numbers
CepZSpT9XTM,Greenland,,2021-11-23T09:27:06Z,75,779,5,0,UCvMDTU4EDHHJWyQik_aDqZQ,POR Calabria 2014/2020,166,138,,title_only_greenland_generic_or_numbers
6OzScbAQD98,Greenland 2021,,2021-11-23T16:41:57Z,235,42,0,0,UC9G2X5O_GRwL8DDEQ_ZiHkA,Benny Christiansen,49,40,,title_only_greenland_generic_or_numbers
8TMhfPqxUpc,Greenland,"Groenlandia, il paese degli Inuit, del ghiaccio, degli iceberg. Un paese in cui le persone sono più libere di muoversi in inverno grazie alle slitte, rispetto all'estate. Lo sapete che non ci sono strade che collegano i diversi villaggi? Così in inverno grazie alla neve è facile muoversi sul territorio mentre in estate si può solo volare o navigare... ☺️

#greenland #iceberg #ghiacciaio #inuit #travelvlog #mylife #me#lifeisatravel #ioviaggiosola #ilmondodentro #nomadedigital",2021-11-29T21:57:12Z,35,552,14,0,UClh2kGYEXhoa3YlXw0D3knw,#ioviaggiosola69,71,224,,title_only_greenland_generic_or_numbers
4ErI6uC9pro,Greenland,"pemandangan, indah, slam, west Java, Jawa Barat, rekreasi, tourism, budaya, culture, sightseeing",2021-12-02T00:38:18Z,8,2756,16,0,UCjTQtK-a89RStENBkHhVbnA,asepuushandayana,92,306,,title_only_greenland_generic_or_numbers
CEkuX0IBzHE,Greenland,"west java, sightseeing, indah, sweet, Beatifull, slam, jalan culture, budaya, kuliner",2021-12-02T00:41:34Z,6,8,0,0,UCjTQtK-a89RStENBkHhVbnA,asepuushandayana,92,306,,title_only_greenland_generic_or_numbers
KEes77EoJQA,Greenland,,2021-12-02T11:59:11Z,13,81,5,2,UCYkppAV-3KMwJhZIhvm4ZrQ,Mr King,157,79,IN,title_only_greenland_generic_or_numbers
5hclc6dndg0,Greenland,,2021-12-03T07:09:49Z,51,6,0,0,UCrSlDz1_0ky85arxGBO-Shw,SJMR,5,36,,title_only_greenland_generic_or_numbers
bJoY-YRNtZA,Greenland,"sungai,  indah, Beatifull, sightseeing, child, pemandangan, alam",2021-12-05T10:33:18Z,29,502,4,1,UCjTQtK-a89RStENBkHhVbnA,asepuushandayana,92,306,,title_only_greenland_generic_or_numbers
BtHjvYGsoKo,Greenland,,2021-12-05T12:17:40Z,9,13,0,0,UC68nRz-5gqVXujxG3PcOBhA,Alaa othman,9,62,,title_only_greenland_generic_or_numbers
o4Xbx6G7zEU,Greenland 🇬🇱,,2021-12-07T01:00:46Z,14,13,3,0,UCLKMR9i2gZ5ks2UoP5VXQqg,Shenga gab,40,52,,title_only_greenland_generic_or_numbers
_EIBiB2ItKc,Greenland,"alam, hijau, sejuk, indah, Beatifull, pemandangan, nature, sungai, Jawa Barat  west Java, urban, city, town,",2021-12-07T10:13:58Z,41,34,1,0,UCjTQtK-a89RStENBkHhVbnA,asepuushandayana,92,306,,title_only_greenland_generic_or_numbers
ZqhQf3G6wN0,Greenland,,2021-12-08T09:21:17Z,16,1300,52,0,UCxyYpRJafyEfOdmmsSE-J5g,Worldwide in,9,26,,title_only_greenland_generic_or_numbers
x2Qkey6ZTbg,Greenland,"safe, bird, nature, Beatifull, hijau, alami, west Java, Jawa Barat",2021-12-08T17:36:21Z,27,527,5,1,UCjTQtK-a89RStENBkHhVbnA,asepuushandayana,92,306,,title_only_greenland_generic_or_numbers
A_GJ3LT7-w4,Greenland,"pemandangan, hijau, Jawa Barat, west Java, sightseeing, jalan, sore,",2021-12-09T10:44:45Z,24,8,0,0,UCjTQtK-a89RStENBkHhVbnA,asepuushandayana,92,306,,title_only_greenland_generic_or_numbers
tdsz4N7AI5s,greenland,"indah, lagu, chord, melody, suara, pemandangan, Beatifull",2021-12-09T15:41:36Z,58,4,0,0,UCjTQtK-a89RStENBkHhVbnA,asepuushandayana,92,306,,title_only_greenland_generic_or_numbers
lHQe9QGJV4k,😳🥶Greenland 🇬🇱,,2021-12-10T09:01:47Z,15,1111,73,42,UCp_OtR9U34ZX-vtQ4eFmsyQ,Ruftha's Channel,1340,109,,title_only_greenland_generic_or_numbers
tnAZEhKU__M,Greenland,"alam, Beatifull, hi ja uy, sightseeing, pemandangan, alam, sungai, air, jalan, urban, westjava ,Indonesia, Jawa Barat, gunung",2021-12-12T02:59:55Z,17,701,12,0,UCjTQtK-a89RStENBkHhVbnA,asepuushandayana,92,306,,title_only_greenland_generic_or_numbers
9IpKBhIUGxQ,Greenland 🇬🇱,,2021-12-12T09:31:43Z,9,1445,115,1,UCIqkYdNvelyjRet85vjIeoQ,Travel Pal With Queenie,71500,1800,US,title_only_greenland_generic_or_numbers
99FXeqK06tU,Greenland 2,,2021-12-12T16:06:09Z,140,6,0,0,UC9rTRI9_bciBghS8mGu9Anw,Nina Zagreb,4,16,,title_only_greenland_generic_or_numbers
5kW5LQ3UCRs,Greenland 3,,2021-12-12T16:51:01Z,127,5,1,0,UC9rTRI9_bciBghS8mGu9Anw,Nina Zagreb,4,16,,title_only_greenland_generic_or_numbers
L8c9o4fjGsA,Greenland,"hijau  sightseeing, sungai pemandangan  alam,, wisata, tur, trip, westjava, Jawa Barat, sunda, Indonesia",2021-12-16T08:02:49Z,26,108,0,0,UCjTQtK-a89RStENBkHhVbnA,asepuushandayana,92,306,,title_only_greenland_generic_or_numbers
SXpD5nRiXIw,Greenland,"night, sungai, alam, malam, sightseeing, Beatifull, hijau, pagi, sore, gelap, pesona,, tur,, travel, westjava, Jawa Barat, Indonesia",2021-12-16T20:46:55Z,9,2,0,0,UCjTQtK-a89RStENBkHhVbnA,asepuushandayana,92,306,,title_only_greenland_generic_or_numbers
9K9jnkRWHd0,Greenland,"urban, sungai, pemandangan, humble, people, city, westjava, Jawa Barat, Indonesia, sightseeing, hijau, alam",2021-12-17T09:31:35Z,14,14,0,0,UCjTQtK-a89RStENBkHhVbnA,asepuushandayana,92,306,,title_only_greenland_generic_or_numbers
x1h_N3snEjE,Greenland,"hijau, life, love, Indonesia, sightseeing, urban",2021-12-17T12:30:24Z,13,4,0,0,UCjTQtK-a89RStENBkHhVbnA,asepuushandayana,92,306,,title_only_greenland_generic_or_numbers
1PezdTLXb64,Greenland,"whole, of, me, sightseeing, westjava, Jawa Barat, Indonesian",2021-12-21T10:42:57Z,7,13,0,0,UCjTQtK-a89RStENBkHhVbnA,asepuushandayana,92,306,,title_only_greenland_generic_or_numbers
enB4Sk1ZmPI,Greenland,"Beatiful, sightseeing, pemandangan, slam, sungai, hijau, westjava, Jawa Barat, Indonesia, pagi",2021-12-22T02:56:26Z,17,985,6,0,UCjTQtK-a89RStENBkHhVbnA,asepuushandayana,92,306,,title_only_greenland_generic_or_numbers
nryeUYk7Nlo,Greenland,"Indonesia, westjava, Jawa Barat, sungai, hijau, pemandangan, alam, sightseeing, nature,",2021-12-22T02:59:25Z,22,632,7,0,UCjTQtK-a89RStENBkHhVbnA,asepuushandayana,92,306,,title_only_greenland_generic_or_numbers
gsp0JOnHBlw,Greenland,"hijau, alam, sightseeing, pemandangan, westjava, Jawa Barat, Indonesia",2021-12-26T12:28:39Z,15,2,0,0,UCjTQtK-a89RStENBkHhVbnA,asepuushandayana,92,306,,title_only_greenland_generic_or_numbers
LC6Lx8g7P6Y,Greenland,"green, land, urban, hijau, sungai, sightseeing, pemandangan, Beatifull, togetherness, people",2021-12-27T12:17:33Z,4,111,1,0,UCjTQtK-a89RStENBkHhVbnA,asepuushandayana,92,306,,title_only_greenland_generic_or_numbers
1iQJyW6R6LQ,Greenland,"westjava, Indonesia, green, land, rain, season, float, pemandangan, hijau,sightseeing,,desa, urban",2021-12-27T15:22:28Z,7,19,0,0,UCjTQtK-a89RStENBkHhVbnA,asepuushandayana,92,306,,title_only_greenland_generic_or_numbers
J_dlo9yWJKo,Greenland,"alam, hijau, indah, river, people, sightseeing, pemandangan, natural, westjava, Indonesia",2021-12-27T18:58:44Z,3,2,0,0,UCjTQtK-a89RStENBkHhVbnA,asepuushandayana,92,306,,title_only_greenland_generic_or_numbers
BCjgRQLfJ5c,Greenland,"green, hijau, sightseeing, pemandangan, alam, desa",2022-01-02T07:48:47Z,5,38,1,0,UCjTQtK-a89RStENBkHhVbnA,asepuushandayana,92,306,,title_only_greenland_generic_or_numbers
6uCpnxKUtCc,Greenland,"musik, sightseeing pemandangan, hijau, alam,",2022-01-02T07:50:17Z,32,13,0,0,UCjTQtK-a89RStENBkHhVbnA,asepuushandayana,92,306,,title_only_greenland_generic_or_numbers
k-gnO8bTkw4,Greenland,"urban, desa, westjava, Jawa Barat, sightseeing",2022-01-02T08:34:06Z,7,9,0,0,UCjTQtK-a89RStENBkHhVbnA,asepuushandayana,92,306,,title_only_greenland_generic_or_numbers
xEwQN29cMwU,Greenland,"hijau, slam, pemandangan, sightseeing,, beautiful, zona, pagi, matahari, jalan, westjava, Indonesia",2022-01-04T01:43:54Z,28,10,0,0,UCjTQtK-a89RStENBkHhVbnA,asepuushandayana,92,306,,title_only_greenland_generic_or_numbers
5KEru6lLD_Q,Greenland,"walking, sightseeing, hijau, pemandangan, alam, desa, urban, sawah, westjava, Jawa Barat, Indonesia",2022-01-04T01:52:40Z,14,648,9,0,UCjTQtK-a89RStENBkHhVbnA,asepuushandayana,92,306,,title_only_greenland_generic_or_numbers
uIbf9Mdyj_8,Greenland,"sightseeing, pemandangan, alam, westjava, Indonesia, hijau, zona, beautiful, indah,, pagi, jalan, desa, urban",2022-01-04T02:19:57Z,14,27,2,0,UCjTQtK-a89RStENBkHhVbnA,asepuushandayana,92,306,,title_only_greenland_generic_or_numbers
6XXTObVjoQA,Greenland,"westjava, Indonesia, hijau, sightseeing, pemandangan, alam, Beatifull, Jawa Barat",2022-01-04T04:27:20Z,14,2,0,0,UCjTQtK-a89RStENBkHhVbnA,asepuushandayana,92,306,,title_only_greenland_generic_or_numbers
lt91fBJpaTw,Greenland,"pemandangan, sightseeing, hijau, sungai, sawah, jalan,, westjava, Indonesia",2022-01-04T18:21:05Z,20,870,19,0,UCjTQtK-a89RStENBkHhVbnA,asepuushandayana,92,306,,title_only_greenland_generic_or_numbers
UDMmisURWEk,Greenland,"morning, pemandangan, sightseeing, westjava, Indonesia, slam, hi",2022-01-04T18:32:28Z,30,223,1,0,UCjTQtK-a89RStENBkHhVbnA,asepuushandayana,92,306,,title_only_greenland_generic_or_numbers
aIwDSLGve9g,Greenland,"take a walk, sightseeing, pemandangan, jalan, urban, city, beautiful, westjava, Indonesia",2022-01-05T17:09:08Z,4,532,6,0,UCjTQtK-a89RStENBkHhVbnA,asepuushandayana,92,306,,title_only_greenland_generic_or_numbers
MoRf6oTE1zg,Greenland,,2022-01-06T09:51:51Z,16,294,4,0,UCAqHwVph6LAHOUpk8gqe1RA,NAREN KUMAR  Life Official,181,187,,title_only_greenland_generic_or_numbers
8e4BrnXeV60,Greenland,"pemandangan, alam, sore, desa, budak hideung, Indonesia, indah, westjava, Jawa Barat",2022-01-07T10:09:13Z,6,485,14,0,UCjTQtK-a89RStENBkHhVbnA,asepuushandayana,92,306,,title_only_greenland_generic_or_numbers
LTeGEz93Dmk,Greenland,"green, land, hijau, pemandangan, sightseeing, alam, westjava, Indonesia, indah",2022-01-08T05:18:17Z,5,408,4,0,UCjTQtK-a89RStENBkHhVbnA,asepuushandayana,92,306,,title_only_greenland_generic_or_numbers
G69RzuMYI3o,Greenland,"green, land, hijau, pemandangan, sightseeing, westjava, Indonesia",2022-01-08T08:19:20Z,5,2,0,0,UCjTQtK-a89RStENBkHhVbnA,asepuushandayana,92,306,,title_only_greenland_generic_or_numbers
AxnR8g7Q_Pk,Greenland,"westjava, Indonesia, pemandangan pagi, hijau alam,",2022-01-08T08:20:43Z,5,12,0,0,UCjTQtK-a89RStENBkHhVbnA,asepuushandayana,92,306,,title_only_greenland_generic_or_numbers
3fH1VdQOOSE,Greenland,"green, pemandangan westjava, land, afternoon, Indonesia, Jawa barat, hijau, alam, desa, urban, city",2022-01-08T12:45:38Z,3,0,0,0,UCjTQtK-a89RStENBkHhVbnA,asepuushandayana,92,306,,title_only_greenland_generic_or_numbers
z2x649Bp4Vk,Greenland,"westjava, good, Indonesia, indah, sightseeing, pemandangan, alam, Jawa Barat, hijau",2022-01-10T00:34:39Z,16,41,0,0,UCjTQtK-a89RStENBkHhVbnA,asepuushandayana,92,306,,title_only_greenland_generic_or_numbers
t-nZVdDs5Gc,Greenland,"green, land, westjava, Indonesia, indah, sightseeing pemandangan, alam, hijau",2022-01-10T00:58:33Z,8,4,0,0,UCjTQtK-a89RStENBkHhVbnA,asepuushandayana,92,306,,title_only_greenland_generic_or_numbers
56Q3BsgmheE,Greenland,"hijau, pemandangan, Indonesia, good, indah, Beatifull, sightseeing, take a walk, westjava, Jawa Barat",2022-01-10T01:04:52Z,13,157,0,0,UCjTQtK-a89RStENBkHhVbnA,asepuushandayana,92,306,,title_only_greenland_generic_or_numbers
w_QVuTdgsoU,Greenland,"green, land, westjava, hijau, Indonesia",2022-01-10T02:20:48Z,4,3,0,0,UCjTQtK-a89RStENBkHhVbnA,asepuushandayana,92,306,,title_only_greenland_generic_or_numbers
S1pTG0bQz44,Greenland,,2022-01-10T11:11:40Z,17,7,2,0,UCBHmPVksHyL9naNeBVmSkyw,Roshan Sirpali,11,8,,title_only_greenland_generic_or_numbers
UcItrDMs0Oc,Greenland,"Learn all about the history (including truly fascinating geological history) of the world’s largest island, its culture and economy.

Who lives in Greenland, what do the people live on, how do they travel, are they worried about climate change?",2022-01-11T14:18:40Z,2594,7,0,0,UCH19qkdErZJ3cqkSEAsLxxg,EduArctic2,6,11,,title_only_greenland_generic_or_numbers
c-x45-QE9-k,greenland,,2022-01-12T04:21:39Z,10,327,13,1,UCuYg6pUPuRs1jPTMF_8Lhfw,Traveling to Enjoy Life,2,10,,title_only_greenland_generic_or_numbers
3h32BLcSLdE,Greenland,"Greenland, the world's largest island, lying in the North Atlantic Ocean. Greenland is noted for its vast tundra and immense glaciers.",2022-01-14T05:00:11Z,367,214,44,60,UCnVZ7aTH3M9b6pwICRdTKDA,🌺AMAZING NATURE 21🌺,531,1153,CA,title_only_greenland_generic_or_numbers
LpZkAe5f9R4,Greenland,,2022-01-18T11:33:53Z,5,269,1,0,UCjTQtK-a89RStENBkHhVbnA,asepuushandayana,92,306,,title_only_greenland_generic_or_numbers
uvgFZC3y2JM,Greenland,,2022-01-18T11:34:53Z,21,29,0,0,UCjTQtK-a89RStENBkHhVbnA,asepuushandayana,92,306,,title_only_greenland_generic_or_numbers
PFOetPbsDZ0,Greenland,"sore, pemandangan, alam, hijau, westjava, Indonesia, sightseeing",2022-01-20T10:00:47Z,6,109,0,0,UCjTQtK-a89RStENBkHhVbnA,asepuushandayana,92,306,,title_only_greenland_generic_or_numbers
RcvGyFlDxEA,📍Greenland,"Travelचा
is all about sharing travel stuffs.

After all sharing is caring. :)

📍To feel more connected with Travelचा
- Instagram account: https://instagram.com/travelchaaa?utm_medium=copy_link

Subhya!
@travelchaaa

Some Hashtags:
#Travelचा #travelchaaa #world #travelworld #travel #travellers #traveldestinations #traveldiaries #travelvideos #views #short #shorts #unleashyourself #greenland",2022-01-21T08:51:08Z,11,21,1,0,UCi5Wwd7_XkV6YW0iM-vmFiA,Travelचा,727,1337,,title_only_greenland_generic_or_numbers
QuRE2wXVXLM,Greenland,,2022-01-22T05:46:37Z,14,5,0,0,UCle-kaXhob438IRK6erbEuA,Shorts World 🌎,0,8,,title_only_greenland_generic_or_numbers
Cc4QyK5rZmk,Greenland,"Provided to YouTube by Amuseio AB

Greenland · Vundabar

Antics

℗ Vundubar

Released on: 2013-04-24

Composer: Vundabar

Auto-generated by YouTube.",2022-01-26T12:48:32Z,271,248413,3715,30,UCZ3E0yFqaoOudExwS2UDTdw,Vundabar - Topic,48900,126,,title_only_greenland_generic_or_numbers
uvyFZPfQzJk,greenland 🟢🟢🟢#shorts,,2022-01-26T14:18:20Z,7,1351,76,0,UCPxsI34rxloA4orDz5z1pMw,Live To Travel,1190,1263,,title_only_greenland_generic_or_numbers
YRk39zsm5CA,Greenland 🇱🇰,,2022-01-26T15:52:06Z,9,46,3,0,UCtnPserofLgVlTj3nfxlMiw,Aerial Eye,282,190,GB,title_only_greenland_generic_or_numbers
7Z9xPDnpn44,Greenland 🇬🇱,,2022-01-27T16:58:52Z,16,7,1,0,UCoLdlANdGZxjy54H1NK7rpg,BUFIYR,102,667,,title_only_greenland_generic_or_numbers
Qj29STbE6Gk,Greenland❤🥺,,2022-01-28T12:05:55Z,12,4,3,0,UC0BXeryvIjUZAEwmF_nEO7w,just beautiful©,2,5,,title_only_greenland_generic_or_numbers
3G1bZS9TCHs,Greenland 2021,Sailing East Greenland Fiords on Aurora Arktika in September 2021,2022-01-31T02:04:17Z,1149,166,9,0,UCB0ZcmtauX6PrL4Bkf6zk5g,Marcin Malecki,2,4,,title_only_greenland_generic_or_numbers
V6pUsVxiWKg,Greenland,"Learn all about the history (including truly fascinating geological history) of the world’s largest island, its culture and economy.

Who lives in Greenland, what do the people live on, how do they travel, are they worried about climate change?",2022-01-31T15:18:43Z,2594,24,0,0,UCAXMalFigsqOYQjjfbAc0BA,EDU-ARCTIC,1390,432,,title_only_greenland_generic_or_numbers
x2i-WGxRx14,greenland #shorts,,2022-02-02T09:54:12Z,9,4,1,0,UCd-EzliJ50IqpYSL64GM8Fw,Musik Indonesia,23,8,,title_only_greenland_generic_or_numbers
DRJ4ZBjRUDg,Greenland ❄️🌲#shorts,,2022-02-02T21:51:17Z,26,13,1,0,UCxctW8JHngH6yuCnKD-0bYA,confutsii production,131,448,,title_only_greenland_generic_or_numbers
Ay6YagoalQM,Greenland,"-- Created using Powtoon -- Free sign up at http://www.powtoon.com/youtube/ -- Create animated videos and animated presentations for free.  PowToon is a free tool that allows you to develop cool animated clips and animated presentations for your website, office meeting, sales pitch, nonprofit fundraiser, product launch, video resume, or anything else you could use an animated explainer video. PowToon's animation templates help you create animated presentations and animated explainer videos from scratch.  Anyone can produce awesome animations quickly with PowToon, without the cost or hassle other professional animation services require.",2022-02-04T11:38:17Z,86,5,0,0,UCDPNfe8-2R-21kEo3Ivx4yQ,Ashok Gopinath,0,3,,title_only_greenland_generic_or_numbers
DcJV_ueMLcM,Greenland,,2022-02-04T15:46:03Z,51,11,2,0,UC_loXcuAzdSDF895DDVF-jw,Terrace Gardening & Traveling - Lifestyle,502,443,IN,title_only_greenland_generic_or_numbers
f0lvu-HVCKI,Greenland,,2022-02-05T17:47:23Z,252,16,6,0,UCv_kate1PDzVFpPZvyC-jCw,Learns Teachable,5,1,,title_only_greenland_generic_or_numbers
_oZ9hjQOQV8,Greenland,Learn The 5 Municipalities Of Greenland For Ages,2022-02-06T18:05:41Z,193,1127,8,0,UCvieflEGPVudiezx9qExRJg,Kids Learning Tube Calm Down Micah,28,3,,title_only_greenland_generic_or_numbers
vouME17-SNw,Greenland,,2022-02-08T07:53:20Z,192,1,1,0,UCwbQ6Qy4UQx-KilzcW3KB_g,kazi Nayem Tv,141,624,,title_only_greenland_generic_or_numbers
pIeVkiDHjR4,Greenland,"Provided to YouTube by The Orchard Enterprises

Greenland · Richard Pinhas

Iceland

℗ 2022 Bureau B

Released on: 2022-02-11

Music  Publisher: Tapete Songs

Auto-generated by YouTube.",2022-02-10T10:05:39Z,532,2768,50,0,UCkX1TCOCEjL7PceeV5zsZiA,Richard Pinhas - Topic,567,66,,title_only_greenland_generic_or_numbers
l5KMAUu4xBY,Greenland,"pemandangan, sightseeing, alam, Indonesia",2022-02-10T10:20:31Z,15,19,2,0,UCjTQtK-a89RStENBkHhVbnA,asepuushandayana,92,306,,title_only_greenland_generic_or_numbers
4fuNOHDSnaE,Greenland,"pemandangan, sightseeing, alam, Indonesia, hijau, pagi, green, land",2022-02-10T10:22:41Z,17,2704,20,0,UCjTQtK-a89RStENBkHhVbnA,asepuushandayana,92,306,,title_only_greenland_generic_or_numbers
Y8aDH9P3wj4,greenland❤🤍,,2022-02-11T04:55:21Z,10,65,5,0,UCXOblx6F1ZjzjlbvUVTDNPg,Sinko,148,220,,title_only_greenland_generic_or_numbers
jN25mBd0Oyk,Greenland,,2022-02-11T08:48:34Z,19,17,3,1,UCed2ha15KH5x61oy4qaN48g,B&B worlds,11,4,,title_only_greenland_generic_or_numbers
bV8ehxyZvbQ,#greenland,,2022-02-11T11:08:54Z,29,7,0,0,UCjQd6VyWP2xkYvQU0hXMJGw,Attique yaseen,1440,1828,PK,title_only_greenland_generic_or_numbers
9jVToH7cy_g,#greenland,,2022-02-11T11:09:12Z,23,21,2,0,UCjQd6VyWP2xkYvQU0hXMJGw,Attique yaseen,1440,1828,PK,title_only_greenland_generic_or_numbers
ZYf1W3_uv_0,Greenland!,Snow (or snow fog?) flowing over cliffs in southwest Greenland.,2022-02-14T22:17:26Z,23,21,0,0,UCvHtEr0I3Mmjx1qVeE2NgnQ,Eric Anderson,165,48,,title_only_greenland_generic_or_numbers
yDpKm0M-QUY,Greenland,,2022-02-16T12:36:06Z,30,13,2,0,UCUuYkpQFxOtpsRI91fBAKqw,ANUJ KUMAR,22,63,IN,title_only_greenland_generic_or_numbers
44JpTwvi54M,Greenland,A look at Phil Eklund’s game Greenland (1st edition - 2014),2022-02-19T18:17:34Z,3504,81,6,3,UCflMUL7tlNQhAU1ji2jP3MQ,comicKkrakK,1500,1056,CA,title_only_greenland_generic_or_numbers
2K_Nl8OqyP0,greenland #shorts,Greenland #shorts #shortsvideo #nature #youtubeshorts,2022-02-20T05:00:49Z,9,760,18,0,UC_19x9LKFV7V77Q7j_FuRPg,ELISABETH VLOG,87,96,ID,title_only_greenland_generic_or_numbers
ml-WzIKApP8,Greenland,"Provided to YouTube by Base79

Greenland · StereOMantra

Transient

℗ OM Mantra Records

Released on: 2022-02-24

Auto-generated by YouTube.",2022-02-24T08:33:18Z,413,34272,451,0,UCaEo3QU6DXGGu3OYunH3Msg,stereOMantra - Topic,3490,193,,title_only_greenland_generic_or_numbers
uktvLNlvdeg,Greenland 🇬🇱,,2022-02-28T12:37:43Z,9,952,100,3,UCIqkYdNvelyjRet85vjIeoQ,Travel Pal With Queenie,71500,1800,US,title_only_greenland_generic_or_numbers
Mmd3QHSG_00,greenland👍👍👍🙏,,2022-03-04T01:05:41Z,16,58,6,3,UC62LMzbZXpHWAc8kPYZIdzg,[Tama•Wibu~],35,24,,title_only_greenland_generic_or_numbers
R6NW5A-nAGU,greenland,,2022-03-04T14:23:11Z,12,4,3,0,UCOV6P3ENzgftX71hNPkqzqg,officialkingkhan#,8,14,,title_only_greenland_generic_or_numbers
OpuYgHCe3uI,Greenland #short,,2022-03-09T03:17:32Z,16,24,4,0,UC_jNLc15GnDB9rv8ftG1jwg,MadYakZ,283,248,CA,title_only_greenland_generic_or_numbers
4iVcg6tlvm8,Greenland,"A short video montage film that I edited, showcasing beautiful Greenland shot during a trip taken by an avid traveller, Mr. Shridhar Sethuram.",2022-03-09T14:27:30Z,168,37,0,0,UCUPhcRSmDjv8HmUktxTVI7g,Terrace Studio Films ,10,18,,title_only_greenland_generic_or_numbers
H11C4kEysco,Greenland,,2022-03-15T07:24:08Z,15,15,1,0,UCtmH3YmLNkazN0LRYzyQzSQ,My Village 301 wb in Dunypur,24,99,,title_only_greenland_generic_or_numbers
8WsvYRCeYNk,Greenland,,2022-03-16T10:50:13Z,23,408,3,0,UCjTQtK-a89RStENBkHhVbnA,asepuushandayana,92,306,,title_only_greenland_generic_or_numbers
TZQOZdIhbwc,Greenland,,2022-03-16T10:51:57Z,6,1686,10,0,UCjTQtK-a89RStENBkHhVbnA,asepuushandayana,92,306,,title_only_greenland_generic_or_numbers
yZVIxS_s8tc,Greenland,,2022-03-18T14:44:38Z,14,3,0,0,UCjTQtK-a89RStENBkHhVbnA,asepuushandayana,92,306,,title_only_greenland_generic_or_numbers
v3RZwsbKw60,Greenland,,2022-03-18T16:01:06Z,170,106,2,2,UCMfptSwhKnXlhL_xAJp6JMw,Ronny Ko,345,5,,title_only_greenland_generic_or_numbers
_Vzr78MNATM,Greenland,"Greenland

Kalaallit Nunaat 
Grønland 
The autonomous territory within the Kingdom of Denmark

#Greenland",2022-03-21T05:08:21Z,614,3,0,0,UCi6FP6wHl_R-zb0jTg9GzDA,GEO-EUROPE-DNA,257,324,GB,title_only_greenland_generic_or_numbers
Rq-jn8C45pQ,Greenland,"Greenland

Kalaallit Nunaat
Grønland
The autonomous territory within the Kingdom of Denmark


#Greenland #그린랜드",2022-03-21T05:08:25Z,614,6,0,0,UCi6FP6wHl_R-zb0jTg9GzDA,GEO-EUROPE-DNA,257,324,GB,title_only_greenland_generic_or_numbers
V3IJJLYh6-g,greenland,,2022-03-21T06:40:22Z,20,41,0,0,UCvkP80MsBCHtTJ5WA3j82Vg,Mar Kir,112,694,,title_only_greenland_generic_or_numbers
yfObkAdOeTE,Greenland,,2022-03-23T10:57:45Z,12,3,0,0,UCjTQtK-a89RStENBkHhVbnA,asepuushandayana,92,306,,title_only_greenland_generic_or_numbers
Hkt8N0tlneY,Greenland,another one,2022-03-23T16:32:03Z,9,1,0,0,UCkWkYmPOSOUVpvpqINU81Jw,Peace Times,0,2,,title_only_greenland_generic_or_numbers
vZl-IaeOzbA,Greenland,,2022-03-24T06:49:26Z,8,3,0,0,UCjTQtK-a89RStENBkHhVbnA,asepuushandayana,92,306,,title_only_greenland_generic_or_numbers
SvlW8IWeZvo,Greenland,tell me what you think and what I should do better I know I got a lot of animals on the go,2022-03-28T14:59:52Z,1975,0,0,0,UC3QQW9rQyHsrDrRz3zEeVmQ,DRIV3R,433,482,CA,title_only_greenland_generic_or_numbers
m5JATBXPFko,The Greenland!🇧🇩,,2022-03-29T11:35:48Z,36,65,7,3,UCAJtC_bNMmdienNlzC2trnQ,Impression on Earth,32,11,,title_only_greenland_generic_or_numbers
DaQ-3dF8Xy0,Greenland # shorts,,2022-04-01T06:33:56Z,14,164,4,0,UCbO2HMa-wOyiMa--nxK1UCw,suvarna reddy,1970,2664,,title_only_greenland_generic_or_numbers
8DUT80nH3U0,Greenland,,2022-04-03T12:22:53Z,12,125,1,0,UCjTQtK-a89RStENBkHhVbnA,asepuushandayana,92,306,,title_only_greenland_generic_or_numbers
HP0lv0JJ3MI,Greenland,Tarabag 🌲🌲🌲🌲🌲🌲🌲 trees,2022-04-04T16:28:19Z,26,26,4,0,UCw0aabIZku_ywdFrxaZjkig,Lip Lop,6,26,,title_only_greenland_generic_or_numbers
UWwAsuD2eLo,Greenland,,2022-04-06T05:52:30Z,14,1652,14,0,UCjTQtK-a89RStENBkHhVbnA,asepuushandayana,92,306,,title_only_greenland_generic_or_numbers
nTSxu9Yjqs0,Greenland,,2022-04-07T06:18:35Z,16,5,0,0,UCBkUSyk4desxqDtJYqa5m1g,मेरादेश,5070,6017,,title_only_greenland_generic_or_numbers
Eed3wNsUQcw,Greenland,,2022-04-08T03:05:41Z,14,61,0,0,UCjTQtK-a89RStENBkHhVbnA,asepuushandayana,92,306,,title_only_greenland_generic_or_numbers
074QRb2_Ilc,Greenland,,2022-04-08T11:00:06Z,5,44,0,0,UCjTQtK-a89RStENBkHhVbnA,asepuushandayana,92,306,,title_only_greenland_generic_or_numbers
erjx0x10hXU,Greenland #viral #,,2022-04-11T17:38:50Z,15,34,12,0,UCQimwXqGz94FBjyhUx3TtwQ,Balkar shortvlog,2820,1346,,title_only_greenland_generic_or_numbers
93EgBvgZ2ew,Greenland,,2022-04-12T10:36:51Z,12,11,1,0,UCycgi-tAHVsutBWfAgkJAqQ,Nature Lover,41,42,,title_only_greenland_generic_or_numbers
-4z-jGlPnco,Greenland 4K,"❄️ GREENLAND ❄️

A visual journey through the pristine landscapes of Greenland, an extreme land where ice, sea, and sky meet in a timeless spectacle.
From majestic glaciers to silent fjords, from snow-capped expanses to the unique lights of the Arctic, this video captures the pure and wild beauty of one of the most fascinating places on the planet.

An immersive experience designed to relax, inspire, and inspire, letting yourself be transported by the colors, shapes, and tranquility of unspoiled nature.

⏱ Duration: 7:18
🌍 Location: Greenland
🎥 Content: Natural landscapes • Glaciers • Fjords • Arctic nature
🎶 Ideal for: relaxation, travel, meditation, inspiration

👉 If you enjoyed the video, please like, subscribe to the channel, and share it with those who love nature and the great outdoors.

❄️ GREENLAND ❄️

Un viaggio visivo tra i paesaggi incontaminati della Groenlandia, una terra estrema dove ghiaccio, mare e cielo si incontrano in uno spettacolo senza tempo.
Dai maestosi ghiacciai ai fiordi silenziosi, dalle distese innevate alle luci uniche dell’Artico, questo video cattura la bellezza pura e selvaggia di uno dei luoghi più affascinanti del pianeta.

Un’esperienza immersiva pensata per rilassare, ispirare e far sognare, lasciandosi trasportare dai colori, dalle forme e dalla quiete di una natura ancora intatta.

⏱ Durata: 7:18
🌍 Location: Groenlandia
🎥 Contenuto: Paesaggi naturali • Ghiacciai • Fiordi • Natura artica
🎶 Ideale per: relax, viaggio, meditazione, ispirazione

👉 Se il video ti è piaciuto, lascia un like, iscriviti al canale e condividilo con chi ama la natura e i grandi spazi.
Music: World At Your Feet (SBA-346450348)
Music: Live Your Beliefs (SBA-346771296)
Music: Ready for the daylight (SBA-300540716)
Concessi in licenza: 
A nome di Florenzo Russo
 Da:
Storyblocks Music

All rights belong to Channel Fantasy
 This video was given a special license directly from the artists and the right holders.

Do not duplicate without permission

Thank you for watching",2022-04-13T15:59:09Z,439,5286,15,0,UCQX1ZcHUqYtAUTZxincsXpQ,World Wonders TV in 4K,10100,1688,IT,title_only_greenland_generic_or_numbers
XLfxPUgk0kY,Greenland,,2022-04-18T03:17:43Z,15,451,1,0,UCjTQtK-a89RStENBkHhVbnA,asepuushandayana,92,306,,title_only_greenland_generic_or_numbers
2VGwVyXv_XI,Greenland,,2022-04-18T03:18:40Z,25,55,0,0,UCjTQtK-a89RStENBkHhVbnA,asepuushandayana,92,306,,title_only_greenland_generic_or_numbers
-r_lQ9fte9w,Greenland,,2022-04-18T03:19:40Z,22,130,2,0,UCjTQtK-a89RStENBkHhVbnA,asepuushandayana,92,306,,title_only_greenland_generic_or_numbers
NUNejo1sPvs,Greenland 🇬🇱😄,,2022-04-18T14:23:24Z,57,7,0,0,UCXUXnSrQWDPdU7hxOO-376Q,Greenland,3,14,,title_only_greenland_generic_or_numbers
zySqfnj5OTY,greenland...#shorts,,2022-04-19T17:22:33Z,8,10,0,0,UCSqvUiEje9ECXV2VgxQQFNg,linta rebecca,351,202,,title_only_greenland_generic_or_numbers
F4OWwklp8C8,my Greenland,,2022-04-25T07:36:46Z,32,7,1,0,UCGU-36b6R6SfdavTFxNH5ag,Inglise k mafia,1,10,,title_only_greenland_generic_or_numbers
jWOp6GBBmlQ,GreenLand,,2022-05-04T02:42:50Z,22,7310,81,4,UCqfF7jP7bX6xh54MCyPlImA,Tùng Shiny,807,75,,title_only_greenland_generic_or_numbers
3xGNb6Do1Ew,Greenland,,2022-05-06T18:15:16Z,8,908,8,0,UCjTQtK-a89RStENBkHhVbnA,asepuushandayana,92,306,,title_only_greenland_generic_or_numbers
JszV7_Ndb-M,Greenland,,2022-05-06T18:16:05Z,10,1,0,0,UCjTQtK-a89RStENBkHhVbnA,asepuushandayana,92,306,,title_only_greenland_generic_or_numbers
dY1Iz_6lcIk,Greenland,,2022-05-12T02:35:15Z,8,1603,39,0,UC4xkfzZgDqcjXZOizJKKUMQ,marrts78 Rajih78,60,28,,title_only_greenland_generic_or_numbers
8sq5vY9Ivco,Greenland,"Provided to YouTube by Menta Music

Greenland · Erdem Gul

Greenland

℗ Erdem Gul

Released on: 2022-05-12

Auto-generated by YouTube.",2022-05-12T15:38:34Z,198,26,0,0,UC51Wep4W_APGsf-lvv-dMZg,Erdem Gul - Topic,11,63,,title_only_greenland_generic_or_numbers
a-V7AnrjclM,Greenland 🌿☘🌱🌾🌴🌸🌸🌸🌲🌲🌲#greenland,,2022-05-13T12:55:11Z,18,13,6,0,UCVG9w2_N8Xj_8xRTJMmZPfg,waleed hayat,13,78,,title_only_greenland_generic_or_numbers
h6PxC-pLIHU,Greenland #ytshorts #shorts #greenland,,2022-05-14T13:03:02Z,12,126,8,0,UCCPfMH_wd-pNNaC_xFxIsmA,GW AHK,552,1583,IN,title_only_greenland_generic_or_numbers
OseL1WevBwE,Greenland,,2022-05-20T09:28:09Z,12,12,3,0,UCmZYu8-cgkCI8cUyoAPM0og,Skinder09,59,65,,title_only_greenland_generic_or_numbers
Xq0uIB-2M5w,Greenland,Amusement park in arao kumamoto japan,2022-05-24T01:08:32Z,192,43,6,0,UCWSF8rpz7Y4tKbNLFAAWxbA,MJ BUENCONSEJO,92,32,,title_only_greenland_generic_or_numbers
0yvXH5CBi2o,Greenland 🇬🇱,,2022-05-24T05:48:02Z,16,193,0,0,UCXSTZG_DREb4YSxAVesJeWg,Myo,143,52,,title_only_greenland_generic_or_numbers
ATv_J2MeYRE,Greenland. #shorts,,2022-05-24T10:41:53Z,23,129,24,1,UCCkyIA-_MP2V6-reaOo195w,bm monir islam ,3960,349,BD,title_only_greenland_generic_or_numbers
Pr092CasRzw,Greenland,"Video credit: https://www.pexels.com/
Download free stock video no copyrights.",2022-05-24T17:00:06Z,15,48,0,0,UC-FjY3EYS9U5pQzm7gSspKg,Amazing Mother Earth,66,63,IN,title_only_greenland_generic_or_numbers
g7ClXLEvJ1k,Greenland,"I tried out the Arctic Circle Trail in May 2022 - I bought along a small shortwave radio to see what kind of reception there is in Greenland, but this was about all I could find.",2022-05-29T13:12:26Z,122,50,3,3,UCmtAZswa1MukOcE1Xjm6yaA,Ashley Pomeroy,490,225,GB,title_only_greenland_generic_or_numbers
G-LjyOLalYw,GREENLAND,,2022-05-30T17:47:22Z,32,9,0,0,UCkq-a5XDCQgROKf3k1CK2cg,PEACE MISSION,8720,258,IN,title_only_greenland_generic_or_numbers
C-ugHZmATO8,GreenLand ❤️ #shorts,,2022-05-30T19:43:33Z,10,1335,70,0,UCCowdMRgPZJm2LWpDfPkABw,STRANGERS CREATION ,648,236,IN,title_only_greenland_generic_or_numbers
aq1FfKppkuM,GREENLAND - April 2022,#heliboarding #freeride #snowboard,2022-05-30T20:00:15Z,189,241,0,0,UCZI_B44LtCgzUca6x6M6hTw,Andris Blaka,14,16,,title_only_greenland_month_year
sIfS-nvmW90,GREENLAND,,2022-06-06T10:57:03Z,136,80,4,1,UC_CmiKPWxGkEZel9lfUbyhA,Руслан Абдуллаев,33,10,,title_only_greenland_generic_or_numbers
ozTOJvUEO8s,Greenland #shorts,"It's GeoTime! #greenland, #geography, #funquiz, #popquiz, #knowledge",2022-06-07T04:00:23Z,10,10,0,0,UC6WGedcvPNB5ZixAUj7gHhg,GeoTime,14,61,,title_only_greenland_generic_or_numbers
A1tOU46xLak,Greenland,"Provided to YouTube by Sequence Sequence Limited

Greenland · Spanish Flamenco

zZz Dynamic Acoustic Beats zZz

℗ 2022 The 6 Strings Recordings 2022

Released on: 2022-06-08

Producer: Denzel Farrington
Producer: Butch Redworth
Composer: Denzel Farrington
Composer: Butch Redworth

Auto-generated by YouTube.",2022-06-07T10:09:53Z,157,0,0,0,UCxbfPe6e-DsgeK_b8bOwSZg,Spanish Flamenco - Topic,29,881,,title_only_greenland_generic_or_numbers
1ZtGeYa3238,GREENLAND,"Эксклюзивный  коттеджный поселок «Greenland», состоящий из 3 роскошных особняков площадью 737 м2 с собственным кинотеатром, банным комплексом, тренажёрным залом и потрясающим видом на море.",2022-06-10T07:00:46Z,136,90,4,0,UCeWWVVsonfhcfp_9Ox1lkJQ,А12 Group,12,3,,title_only_greenland_generic_or_numbers
bYIj8a0PB7Y,Greenland 1,Just Spectacular Greenland with an icebreaker,2022-06-11T16:49:05Z,476,104,0,0,UCczZsqJFT0Bw84Qp3TGfzZA,hvdkwast,41,54,,title_only_greenland_generic_or_numbers
UKykbo8XAeE,Greenland,,2022-06-13T01:29:13Z,27,12,0,0,UCRVabFyCXgOUMapXkQ_FTQQ,Greenlion Jl76,10,3,,title_only_greenland_generic_or_numbers
bAWjk-GwBa4,Greenland,,2022-06-13T03:20:54Z,18,247,3,0,UCVJVBX_KoyxnEvbxUTQy4Cw,Shon Play,449,62,VN,title_only_greenland_generic_or_numbers
e6CZzFkIgBE,Greenland #shorts,@PAKKALOCALDKOFFICIAL,2022-06-18T03:30:06Z,16,56,19,1,UCIG6EWnqQlw8Uk051HfIKXA,PAKKA LOCAL DK ,1160,490,IN,title_only_greenland_generic_or_numbers
MTpVZXxI5k0,Greenland,,2022-06-19T05:29:05Z,16,31,2,0,UCOgyCZVbDc1eZbvUMzFJD6g,What we want,735,85,,title_only_greenland_generic_or_numbers
qSf_5b2G_5U,Greenland,,2022-06-19T22:38:39Z,49,10,1,0,UCfXBKYh0AJ7SO2lhj343ahw,Kert Martma,13,106,,title_only_greenland_generic_or_numbers
gRnzFn9w7OE,Greenland,,2022-06-19T22:41:14Z,97,17,1,0,UCfXBKYh0AJ7SO2lhj343ahw,Kert Martma,13,106,,title_only_greenland_generic_or_numbers
wv0YP17ks4s,Greenland,,2022-06-19T22:41:43Z,123,7,1,0,UCfXBKYh0AJ7SO2lhj343ahw,Kert Martma,13,106,,title_only_greenland_generic_or_numbers
yvDTrupPT3k,Greenland,,2022-06-19T22:42:29Z,87,8,1,0,UCfXBKYh0AJ7SO2lhj343ahw,Kert Martma,13,106,,title_only_greenland_generic_or_numbers
-C0cmMUncZQ,Greenland,,2022-06-19T22:42:57Z,95,9,1,0,UCfXBKYh0AJ7SO2lhj343ahw,Kert Martma,13,106,,title_only_greenland_generic_or_numbers
fpVwD5zXf1Q,Greenland,,2022-06-19T22:44:06Z,127,39,1,0,UCfXBKYh0AJ7SO2lhj343ahw,Kert Martma,13,106,,title_only_greenland_generic_or_numbers
0ByHL9NO0p8,Greenland,,2022-06-20T21:19:43Z,27,320,10,0,UCocThGKCKxcSiAAAIzx_HVg,Nansaku,42,63,JP,title_only_greenland_generic_or_numbers
KbytrR08iUM,Greenland,,2022-06-20T22:54:11Z,35,12,1,0,UCfXBKYh0AJ7SO2lhj343ahw,Kert Martma,13,106,,title_only_greenland_generic_or_numbers
mEibpLi434Y,Greenland,,2022-06-20T22:54:32Z,28,8,1,0,UCfXBKYh0AJ7SO2lhj343ahw,Kert Martma,13,106,,title_only_greenland_generic_or_numbers
a2SQt4t2TYo,Greenland,,2022-06-20T22:54:58Z,25,2,1,0,UCfXBKYh0AJ7SO2lhj343ahw,Kert Martma,13,106,,title_only_greenland_generic_or_numbers
DL-DXUqK4Mo,Greenland,,2022-06-20T22:55:18Z,176,5,1,0,UCfXBKYh0AJ7SO2lhj343ahw,Kert Martma,13,106,,title_only_greenland_generic_or_numbers
zWMv38maRcs,Greenland,,2022-06-20T22:55:41Z,254,9,1,0,UCfXBKYh0AJ7SO2lhj343ahw,Kert Martma,13,106,,title_only_greenland_generic_or_numbers
szDkqSSEdkQ,Greenland,,2022-06-20T22:56:02Z,63,3,1,0,UCfXBKYh0AJ7SO2lhj343ahw,Kert Martma,13,106,,title_only_greenland_generic_or_numbers
gs7Y_S-OKvA,Greenland,,2022-06-20T22:56:21Z,320,6,1,0,UCfXBKYh0AJ7SO2lhj343ahw,Kert Martma,13,106,,title_only_greenland_generic_or_numbers
ygHfQwQlMzA,#greenland,,2022-06-22T15:24:39Z,23,11,1,0,UC3Q5acHgoZgRH8eIc9cwsuA,Funniestan,9,18,,title_only_greenland_generic_or_numbers
jjBBzRwYwbk,Greenland,,2022-06-22T16:59:03Z,18,55,9,0,UCksvRmZyMeeamLmsGMpngOg,European valleys#Football,1500,685,SE,title_only_greenland_generic_or_numbers
pVvwqaxfOZI,Greenland,,2022-06-25T03:37:45Z,14,180,13,0,UCA3qrevthKcL_uDSBhmhkzg,CanadianPunjab,35,17,,title_only_greenland_generic_or_numbers
vwLZx_xQx5g,Greenland🌳🏞️,,2022-06-30T01:25:23Z,10,1071,70,0,UCMrbmKGckCAkfWB0vopZXtQ,Official Travel,138,34,,title_only_greenland_generic_or_numbers
XHQaGFJfxq4,Greenland,,2022-07-01T01:28:53Z,145,0,0,0,UCECjf52UpRXZdjs3l2vTzWA,Music,26,231,,title_only_greenland_generic_or_numbers
LZqJNZmD17s,GREENLAND ???,,2022-07-02T17:18:22Z,24,93,2,0,UCkq-a5XDCQgROKf3k1CK2cg,PEACE MISSION,8720,258,IN,title_only_greenland_generic_or_numbers
scNBOhgI_o8,GREENLAND..❄,Track: Jarico - Landscape Music Provided by Magic Records Listen To The Original: https://youtu.be/TTvm5hFQeIc Free Download: https://fanlink.to/g3JZ,2022-07-08T13:02:20Z,48,51,13,1,UCY6LyjoAAh2rRrd4kWQCJww,PYK😎✌,178,56,IN,title_only_greenland_generic_or_numbers
zspaSVTbveE,N.Greenland,,2022-07-11T14:36:56Z,6,533,34,2,UCUnntps2pmslsCYc5QrvXYg,Boeing 777,460,228,,title_only_greenland_generic_or_numbers
F0RqVeis2ik,GreenLand 😍,,2022-07-16T05:58:29Z,16,111,6,0,UCAoEglrPhL46ZqyZzuE0MMA,ibe's family,3700,1233,ID,title_only_greenland_generic_or_numbers
_5SyHcENlsI,Greenland,,2022-07-16T09:51:36Z,22,15,4,0,UC2YpTctU-3jQUBikLVNOzxg,Hasty,16,49,,title_only_greenland_generic_or_numbers
SbQyxdL-99Y,greenland,,2022-07-19T17:08:01Z,12,14,0,0,UCOIIixMCiCIqmlzw-_LZihg,HEAVY_Ghost- ☭,368,239,,title_only_greenland_generic_or_numbers
ipO_YkA_uCw,greenland,,2022-07-23T08:40:57Z,7,1596,26,41,UCTeI1Ng0wiJXMfEOQVNL19A,AceIsBack,192,359,,title_only_greenland_generic_or_numbers
2LlF7ApTUYI,#short #share #greenland #,,2022-07-24T02:51:25Z,16,14,1,0,UCGfeSzyKJ6goGI9xLds4q-A,Unique design ,2,6,,title_only_greenland_generic_or_numbers
qzpUJsRgfac,#like #short #share #viral #greenland,,2022-07-24T02:58:37Z,8,22,1,0,UCGfeSzyKJ6goGI9xLds4q-A,Unique design ,2,6,,title_only_greenland_generic_or_numbers
Cd31cg-DhRQ,greenland,,2022-07-24T07:15:45Z,22,7,0,0,UCm4DNXuYaJmV7XB2o1aR2PA,Jazy Ben,4,7,,title_only_greenland_generic_or_numbers
t0e-eALEqmI,@Greenland,,2022-07-25T15:43:29Z,138,13,1,0,UCnu7G9apUJ-UDU_NUS-WJtw,Lyngs verden,11,24,,title_only_greenland_generic_or_numbers
6f5K0zQqfFk,Greenland,"This channel will bring you all kinds of videos. Just stay with us. We will keep you informed of everything like Games, News, Entertainment, History, Fun. Memes Videos clips etc.

Subscribe Our Channel 
https://www.youtube.com/channel/UCJ5R4OlwExDFk9hS2L9LLRA",2022-07-25T19:48:54Z,11,3,0,0,UCJ5R4OlwExDFk9hS2L9LLRA,Coub Official,145,192,RU,title_only_greenland_generic_or_numbers
dPYJEBY04VE,Greenland,,2022-07-26T08:09:13Z,16,4,1,0,UCseaAcVBuBDBEwjOBg1M_Pw,Jagat Sandhu,9,41,,title_only_greenland_generic_or_numbers
zQFEaYfYA28,Greenland🗿👍,,2022-07-28T04:32:23Z,8,51,1,0,UCJ2rh_Kdi9AWyBv-0F0O9VA,Risal_Fbi,21,16,,title_only_greenland_generic_or_numbers
rWKU1_OWCtA,#greenland #youtube 😱,,2022-07-28T18:00:17Z,12,2,1,0,UC-8eSxBUHdP0cR_YX5JJ_9A,Sajid's world,2,1,,title_only_greenland_generic_or_numbers
PL1E3CbtOq0,Greenland￼,,2022-07-29T13:34:06Z,14,1214,43,3,UCxnI7Y-T3H6v2tCGyO5Hu1g,Ch33t02,113,343,US,title_only_greenland_generic_or_numbers
2u2TMeFwJSE,Greenland,,2022-07-30T21:23:33Z,7,257,6,0,UC5FdASkLrIrjNh7EYqbgjMw,Japanese Empire Mapper,3580,480,IT,title_only_greenland_generic_or_numbers
637yuTblqz4,Greenland #shorts,"#tiktok
Tiktok videos
#short
#shortvideo
#greenland
Kashmir
Kashmir video",2022-07-31T18:28:15Z,16,17,4,0,UC_CLEvkh7m0vrj4AT8f76tQ,Hindi Movies Explainer,35,167,,title_only_greenland_generic_or_numbers
5YXQe9LSZHI,Greenland,,2022-08-01T09:46:11Z,14,85,4,0,UCnN4duuCeov6SZ7nuPssnjQ,ShitCity,175,222,,title_only_greenland_generic_or_numbers
M8E25pYObYU,Greenland#shorts,,2022-08-01T20:19:49Z,15,2576,122,5,UCjnvic7Sg0wM_knWhHPvVbQ,Geography Master,199,117,,title_only_greenland_generic_or_numbers
eKARn5FvF9Y,GREENLAND 🇬🇱,,2022-08-03T14:41:47Z,11,139,3,0,UCOIL9y8Rjqwp0WcLqamv3Zw,AntroTerzo👻,561,190,,title_only_greenland_generic_or_numbers
_Nc1Bi-cDec,#greenland,,2022-08-05T05:16:42Z,16,10,2,0,UC2YpL7O6uEP3BJKqQf0JglQ,روحانی روشنی۔              divine spiritual light ,9460,3247,IN,title_only_greenland_generic_or_numbers
miO6Jxm9XEs,Greenland 2,Unbelievable trip to the west cost of Greenland.  Great Inuit culture..Music by Barry Hay........,2022-08-12T19:20:32Z,377,148,1,0,UCczZsqJFT0Bw84Qp3TGfzZA,hvdkwast,41,54,,title_only_greenland_generic_or_numbers
B-G9AzwAR7o,Greenland,Visit to Greenland and Iceland 2022,2022-08-13T18:36:53Z,413,43,1,0,UCvtnGnwnjFZi4MCKISeWRxw,Mike McMahon,7,70,,title_only_greenland_generic_or_numbers
jd20JV6vbX4,Greenland,Video dari Mahrus😊,2022-08-14T07:19:21Z,21,4,0,0,UCEVKX9dCv0lEMd7L177NHTw,sales jayaland,183,51,,title_only_greenland_generic_or_numbers
oflIAZQRD6I,the greenland #greenland,,2022-08-15T03:17:34Z,15,13,,0,UC6281HwTvvhxepyNIRbEGaA,emoji editer boy,2,4,,title_only_greenland_generic_or_numbers
RjMrXDN_ms4,#greenland #shorts,,2022-08-17T13:36:06Z,38,0,0,0,UCPVn9M7Sr5dpihnO1_UNVuw,4NRecorder,34,87,,title_only_greenland_generic_or_numbers
7DJ7p39uCFA,greenlaNd,,2022-08-19T11:10:45Z,26,16,0,0,UCjFTBRO5UYO02dVwZ009MbQ,AJ mystories,32,132,IN,title_only_greenland_generic_or_numbers
Cmpx2UpGC2U,Greenland,,2022-08-19T15:32:58Z,16,28,7,0,UCrGalrW38Zcdk63mxlWSGvg,Sokher Pigeon Loft,459,59,,title_only_greenland_generic_or_numbers
t-1_YHU8edw,Greenland,,2022-08-19T19:32:36Z,16,14,1,0,UC305gQ9YwKIeUwoAO3rwUxg,M.S.KHAN113,2,9,,title_only_greenland_generic_or_numbers
FB1noniNKik,Greenland😄😋🙂😊😍😋💝😘😆😘💋😀💖💝,,2022-08-23T18:52:45Z,10,0,0,0,UCCi1nXBhD7ENtfkSnqZc3AA,Cute Babies,7,33,PK,title_only_greenland_generic_or_numbers
-LjRM6mhQLg,Greenland 🇬🇱,,2022-08-27T11:34:43Z,30,24,1,0,UCIvcbvweAtgKV_VJmJxZE5w,Travel the World,155,212,,title_only_greenland_generic_or_numbers
QdXDYI6KPQA,#greenland,,2022-08-29T13:09:27Z,16,102,4,0,UCAspdhSB9u3oRtzrEE5W73g,Moon space,2,5,,title_only_greenland_generic_or_numbers
yN2s9Q5xzio,Greenland 2017,,2022-08-31T17:03:48Z,347,13,0,0,UCmvNvES4S9FSsj5GFYtnwaA,Henry Raether,0,28,,title_only_greenland_generic_or_numbers
j-ZYhUO93v4,Greenland,This is solution model created during youth program for European ambassadors for Green Deal and Sustainable Development Goals. Funded by project No 2021-1-BG01-KA151-YOU-000004077,2022-08-31T17:28:47Z,174,277,26,0,UCV5-kkuWcqjnIKcp8w3fRvQ,Institute Perspectives,151,108,BG,title_only_greenland_generic_or_numbers
7WplvRz8S6Q,greenland,,2022-09-01T03:10:22Z,45,121,5,1,UCPf4qNV91-yyvecIMi15jmA,jupals@15,5,11,,title_only_greenland_generic_or_numbers
0iRAabIuiPM,GREENLAND,,2022-09-01T17:26:59Z,15,85,27,3,UCoAabS_VBiTuxBETgadj5kg,YT_gauravgupta_98,76,58,,title_only_greenland_generic_or_numbers
1mfHiP873JQ,Greenland,Shorts Greenland,2022-09-03T21:01:21Z,9,9,,0,UCkvrK1GxJwGfj3sYN3nwWZw,Yakig40,75,39,,title_only_greenland_generic_or_numbers
3QmlEOIZA8Q,Greenland ✨,,2022-09-05T10:08:51Z,15,16,1,0,UCbJRqHtw1IwBSR0U8ZoxAnw,TheFoodYouWantToEat,2,7,,title_only_greenland_generic_or_numbers
TxjwlPskx1E,Greenland,"Experience Greenland’s untamed wilderness with the elegant 12-passenger ship M/S Balto, designed to explore the most remote fjord systems, visit isolated Inuit settlements and take you to secret anchorages.",2022-09-07T18:51:47Z,43,285814,74,4,UCdfpiY5miCo2-MslAQkoF2A,PolarQuest,332,9,,title_only_greenland_generic_or_numbers
SVLzXFfgH00,Greenland 2022,A greatest hits of drone footage while on a trekking expedition in Greenland. Footage shot not on Kulusuk Island but in and around areas only reachable by foot and small boat in the summer.,2022-09-09T10:44:23Z,143,96,1,0,UCmDraxuPbxGeNUBM1cLwCkw,Jeff Martin,2120,74,US,title_only_greenland_generic_or_numbers
8OtcBh0uX0A,Greenland 2022,Greenland trip - 12 days in 5 minutes. Crazy!!,2022-09-11T07:21:52Z,334,130,5,0,UClGrQ8jLOyd9231qpY-GK0w,Uri Melzer,1,17,,title_only_greenland_generic_or_numbers
iqGDAhJu_QM,Greenland,#shorts #nature #element,2022-09-13T02:00:09Z,15,2,0,0,UCdx1UyXGOb0GqkPwa2p8qdw,Terribly beautiful Earth,0,21,,title_only_greenland_generic_or_numbers
2ZRGS3_8sAw,2022 Greenland,"Greenland roundtrip
Nuuk, Wales, Glacier, Iceberg and much more

I´m not the owner of music, pictures and logos which are used in film.",2022-09-13T10:35:24Z,2187,279,5,0,UCHU43K76MnaDFwHGj2sPvgA,Gert Duhne,898,17,,title_only_greenland_generic_or_numbers
5ULv-1BCT2I,Greenland,,2022-09-13T21:47:06Z,17,12,3,,UC5tS7KJ0Vm7P8jHhO4gd7NA,Ian’s Universe,39,23,,title_only_greenland_generic_or_numbers
yb-zV3zE1ns,Greenland 🇬🇱 🐋,"We're glad you enjoyed the video! It would mean a lot if you smashed the like button, click the subscribe button, and follow us on social media :)
---------------------------------------------------------------------------------------------------------
Social Links
Instagram: https://www.instagram.com/hotspottraveling/
TikTok: https://www.tiktok.com/@hotspottraveling
Pinterest: https://www.pinterest.com/HotspotTraveling/
Our Travel Blog: https://hotspottraveling.com/travel-blog/
For the best hotel bookings, flights, car rentals, and more visit: https://hotspottraveling.com/
---------------------------------------------------------------------------------------------------------








***** TAGS *****
Travel, Travel Tips, luxury travel, budget travel, top 10, hiking, nature, travel vlog, camping, roadtrip, vacation, new york, las vegas, italy, colombia, exotic locations
*****************",2022-09-19T21:57:04Z,15,13,1,0,UCrbO2r9qjSoENEI5I8UCFBw,Best Travel Shorts,117,145,,title_only_greenland_generic_or_numbers
uxDBxjvYun8,Greenland,"This short video is about the land of Greenland shared by qsgreenland

#GIS #RemoteSensing
Background Music 

Facebook - https://www.facebook.com/HopeMapping/
Telegram - https://t.me/GeoVizPlus",2022-09-28T17:00:27Z,22,5587,133,3,UCiiN54cZegIy2ojJn696v8w,GeoViz Plus,4310,50,GB,title_only_greenland_generic_or_numbers
52fC9G9_wMs,Greenland 2022,"Gritt og Flemmings tur til Grønland, September 2022",2022-10-02T20:19:46Z,218,652,10,1,UC2YMMGXhvrY3EwJWrrMWKnA,Flemming Fog,8,12,,title_only_greenland_generic_or_numbers
HEH3RwIqxEw,#greenland,,2022-10-05T11:24:07Z,34,9,1,0,UCf_1eM-Yl3qPv_0G5H2Isqg,Sorri,455,186,,title_only_greenland_generic_or_numbers
cttGJbP7USg,Greenland,,2022-10-08T00:27:22Z,26,19,0,0,UC-muhyUMYwuJBX57Hj4lLWA,Amb Destinació,37,40,,title_only_greenland_generic_or_numbers
GdnLxF2LCeM,Greenland 2022,"My plans were to hike the Arctic Circle Trail. However, my equipment didn’t arrive, so I had to return home after a few days in Kangerlussuaq. Nevertheless, I enjoyed my stay in this beautifully wild nature and I look forward to returning to Greenland next summer. 
Enjoy this teaser of the wild arctic nature Greenland has to offer.",2022-10-08T16:50:28Z,469,71,6,1,UCKC6yVBnURue8hmk4b6TY4w,Manuel Meinen,10,5,,title_only_greenland_generic_or_numbers
fYu3b7C72Ss,Greenland #greenland#shorts #youtubeshorts #ytshorts,,2022-10-11T04:12:04Z,16,90,2,0,UCla2Bc_1v_aKjWQej1GAPGA,cam jrk,1260,931,IN,title_only_greenland_generic_or_numbers
qp4S1Eg_lps,Greenland,"Provided to YouTube by TuneCore

Greenland · Kids Learning Tube

Countries and Us States 2020

℗ 2022 Kids Learning Tube

Released on: 2022-09-06

Auto-generated by YouTube.",2022-10-12T06:43:21Z,193,5776,25,0,UC4c35j8wxClp0clpQ47lw_Q,Kids Learning Tube - Topic,45600,289,,title_only_greenland_generic_or_numbers
Al3X_YD7NbM,Greenland,,2022-10-17T09:43:09Z,15,80,5,0,UCRPfftABb9bkRxck7v05ohQ,Shas magic World,254,213,,title_only_greenland_generic_or_numbers
SWk7UKvu2yI,Greenland,"Provided to YouTube by TuneCore

Greenland · AiDave

Piano Solo

℗ 2022 AiDave

Released on: 2022-10-12

Auto-generated by YouTube.",2022-10-17T18:17:46Z,299,11,0,0,UCdtGt6KSTsNt5uKKRP9vqlw,AiDave - Topic,46,353,,title_only_greenland_generic_or_numbers
A0jUkkdW4y8,Greenland,,2022-10-18T22:24:33Z,12,9,0,1,UC8jm-Tgqg14Q4P8PtXP5-1Q,Mrang_Gamingyt,11,10,,title_only_greenland_generic_or_numbers
8fia8RRfv00,greenland 😜✨,Document from Jarvis Rider,2022-10-19T01:58:36Z,21,216,24,0,UCi0hyPVG8csr3ERdIEvmdcA,Saran Jarvis ,757,486,,title_only_greenland_generic_or_numbers
2U9KpX9KZkI,Greenland | 4K,"A compilation of my trip to South Greenland in July 2022. 

Music: Wilderness by Lights & Motion; Hoppípolla by Sigur Rós",2022-10-19T07:00:12Z,346,46,0,0,UCI0cAFqseJrD_Zrs238GqaQ,Peter Gray,20,28,AU,title_only_greenland_generic_or_numbers
tjrrOXoinN4,#shorts #greenland,,2022-10-21T14:58:02Z,16,1738,14,0,UCiyJKPhbqsA2O4cBB01FQYA,quickwitbilgi,914,161,,title_only_greenland_generic_or_numbers
MqzE24Ohego,Greenland,,2022-10-22T18:39:53Z,6,398,7,0,UCI33lAjoqqv-nX9nbLfJvGg,Distaps,4770,1900,,title_only_greenland_generic_or_numbers
3UnpPv6T8eY,Greenland,ITS AMAZING,2022-10-23T20:36:37Z,15,69,10,0,UC7mk0QqTd-60EfqPaiIBY4A,ALIEV UZ,139,107,AU,title_only_greenland_generic_or_numbers
XJlj57m0aIc,Greenland 2022,,2022-10-27T00:56:57Z,373,1337,23,5,UC8y2lzS_snBnt1D3-ACUjXQ,Jason Troyer,15,4,,title_only_greenland_generic_or_numbers
3CeKJdqIHjA,Greenland 2022 0,Trippin off Samui Island to the Artic Circle @boatbarsamui3062,2022-10-27T03:45:39Z,1057,249,9,2,UCJMt7l6XM1wlcl-Z4H8swVA,BOATBARSAMUI,9,8,TH,title_only_greenland_date
LLFmwF4ekbM,Greenland. Part 3,"#facts #greenland #geography #interestingfacts #denmark 

Greenland, as a constituent country with its own government and parliament, is a part of the Kingdom of Denmark, whose citizens Greenlanders became in 1953.

Greenland. Part 1. https://youtu.be/70CoGxWrmoI
Greenland. Part 2. https://youtu.be/l66M86who1k",2022-10-30T12:00:10Z,23,10,3,0,UCK0av2D054lFAbgTfog8Pkg,Frango_en,168,521,UA,title_only_greenland_generic_or_numbers
NyA7sWGDgUA,GreenLand,,2022-11-03T23:28:34Z,40,36,0,0,UCnn-59NizMsvZXnUZwA5LuA,Controller heck,3,4,,title_only_greenland_generic_or_numbers
kXx5ZWuQ0LU,Greenland !,"Firefox Cyclone 
Greenland
Fabio Winner",2022-11-08T06:01:29Z,16,77,13,0,UC22cdX_41xA5fGW32KrdaqQ,Shaurya Pandit,193,30,,title_only_greenland_generic_or_numbers
qITQ-ef-1Yg,Greenland 01 4K,Screen Saver,2022-11-09T18:19:57Z,601,79,1,0,UCcgHQfFNp0_Fe5JXXyE5v-Q,Kenneth Pedersen,568,169,DK,title_only_greenland_generic_or_numbers
v7KInp4AlEU,Greenland 02 4K,Screen Saver,2022-11-09T18:20:05Z,289,117,3,0,UCcgHQfFNp0_Fe5JXXyE5v-Q,Kenneth Pedersen,568,169,DK,title_only_greenland_generic_or_numbers
Tkjo8beoIwI,Greenland 03 4K,Screen Saver,2022-11-09T18:20:14Z,601,99,2,2,UCcgHQfFNp0_Fe5JXXyE5v-Q,Kenneth Pedersen,568,169,DK,title_only_greenland_generic_or_numbers
tQ6vh_h--FE,#greenland,,2022-11-09T20:06:32Z,16,138,2,0,UCZCbg0F8fHmNVdQ0W6feruQ,COPE TONK (Raysoart),437,209,ID,title_only_greenland_generic_or_numbers
L2Mp5MCf6X4,Greenland July 2021,,2022-11-10T11:16:50Z,29,1,0,0,UCnllOTQcvDetJis21TJ0Y7g,Jim Reagen,0,18,,title_only_greenland_month_year
MEmhyjOr91A,#greenland,,2022-11-15T10:14:11Z,13,1,0,0,UCL0ad6woFIZUbEx4SYj1mWA,escape planners,12,16,,title_only_greenland_generic_or_numbers
Xzewy8Y-pfA,2022 Greenland,"Our adventure to Iceland, Greenland and the Orkney Isles.",2022-11-18T11:43:44Z,1800,34,2,0,UCBHhtkdo4t8coiAWF3OaJJQ,David Palmer,9,43,,title_only_greenland_generic_or_numbers
prRX5qoPexU,greenland,,2022-11-26T13:06:20Z,15,6,,0,UCvD0jUBRmzUOPMqk0dSJH3w,Geografia Życiem Bartka,146,224,,title_only_greenland_generic_or_numbers
gV6fBINRuQY,Greenland,,2022-11-30T00:33:15Z,16,0,0,0,UCRB_LhyrH5iwjBx1z1IIh-Q,peluang alam,74,424,ID,title_only_greenland_generic_or_numbers
GURCXsCH1TY,Greenland,,2022-12-02T01:22:21Z,13,4,2,0,UCd5ybr6L3cFWJfq_v3RGFOA,Ramkripal Raj:★★,206,268,,title_only_greenland_generic_or_numbers
xPjLfm5fxMA,GREENLAND,"Put out to sea with @withluke to witness ice shards floating along the coast of Greenland! 🌊🧊 Aren’t the scale of these icebergs incredible?! For the largest collection of icebergs in Greenland, you’ll need to head over to Ilulissat Icefjord. 🇬🇱

Have you seen anything like this? 😮

📽 @withluke
📍 Greenland
🎶 Hans Zimmer - Cornfield Chase




america's got talent, american idiot, american pie, american dreams, american sniper, american idol, american football, american psycho, america's got talent magic, america",2022-12-02T14:22:07Z,12,43,5,0,UCFN4bQlVU4THLc50TIY1AZg,beautiful scenery,1270,308,ID,title_only_greenland_generic_or_numbers
cG3NjNZCd-0,#shorts #greenland,,2022-12-02T19:36:33Z,51,35,2,0,UCp-apwBTbWW4h75YeiuDgGw,Lifeblogs,274,346,,title_only_greenland_generic_or_numbers
H6Hs73WySAQ,Greenland,,2022-12-05T12:27:10Z,9,305,23,0,UCQuZKC0_ncqgHH1nRg2VqwA,Kabir's Journey,542,603,BD,title_only_greenland_generic_or_numbers
5PWwlJHuPdk,Greenland (Live,"Provided to YouTube by Symphonic Distribution

Greenland (Live) · Emancipator

Baralku Tour

℗ 2019 Loci Records

Released on: 2019-12-13

Producer: Emancipator
Writer: Douglas Appling

Auto-generated by YouTube.",2022-12-09T17:20:14Z,163,5398,62,1,UChNB35QmqX81vSbDXDR3i4w,Emancipator - Topic,14100,296,,title_only_greenland_generic_or_numbers
nXt0ZTxd394,Greenland,,2022-12-10T15:20:02Z,14,14,9,0,UCmFzNSvSmNxPM3LDCI0qlUA,world,140,123,,title_only_greenland_generic_or_numbers
QOjfMGFRijg,Greenland🇬🇱,,2022-12-12T08:00:44Z,59,691,32,0,UClNxnNMcCdKeH9jSp39aXIA,The Ukrainian Ball,3440,252,,title_only_greenland_generic_or_numbers
wLODsAEhazo,Greenland🇬🇱 #shorts,,2022-12-15T02:31:06Z,16,14,7,0,UCPrfcJkB5-Vl1ANakoGXX1g,ROMAN REIGNS 100M,137,29,IN,title_only_greenland_generic_or_numbers
R7qROBOAZ64,Greenland 🇬🇱,,2022-12-17T20:04:05Z,15,2,1,0,UCX7CSL7l8rNqcuA97sDaUGw,Look & Сhoose,93,367,,title_only_greenland_generic_or_numbers
1IumybNUCBc,Greenland 💚💗😎 #shorts,"#shorts 
#feelpositivity 
#viralshorts 
#shortsvideo",2022-12-19T02:08:03Z,9,1230,40,0,UCx_3LaQ1_vxpOLi_HvBkNrA,Feel positivity,139,458,IN,title_only_greenland_generic_or_numbers
Smr48AVYBXI,GREENLAND 👍❤️,,2022-12-21T07:26:54Z,39,871,18,0,UCnkem7743Wm3DvF3eOE7-Ig,Zenik TV,71800,16533,ID,title_only_greenland_generic_or_numbers
uKm0Wkb60Z8,Greenland,"#nishathtahseenvlogs,#greenery,natureshorts,",2022-12-22T05:42:58Z,6,867,23,0,UCCefDXNcIun2qu7j6zLIavw,Nishath Tahseen vlogs,339,318,,title_only_greenland_generic_or_numbers
ajcsnPmQE3I,greenland,#green,2022-12-23T14:48:26Z,237,3,1,0,UCS1DJfx_lLlmgIkRh7MnTrA,Adorable Family 2,193,80,GB,title_only_greenland_generic_or_numbers
ZLh_fwAhPws,Greenland 🇬🇱,#lipcolorchallenge #greenland #lips #lipgloss #makeupchallenge,2022-12-23T19:52:02Z,14,85490,,218,UCSblv0o_Ud1yocGrOYsV27w,Nadine Manariyo,116000,227,GB,title_only_greenland_generic_or_numbers
CcEkJCgoabo,greenland,,2022-12-26T04:51:35Z,14,9,8,0,UCcAE75ViW7uYAgxk4qIzA0w,warisha ,34,25,,title_only_greenland_generic_or_numbers
tAp6MnS8dws,Greenland,,2022-12-27T05:16:17Z,20,175,17,0,UCT8iMEJnMsUE2GY_LLQBXnw,Vania Iurco,4930,524,,title_only_greenland_generic_or_numbers
tujejLg3Up0,Greenland,,2022-12-27T07:32:58Z,27,45,6,0,UCA4EbRo9K3BJbQBv5t5PwGA,truck lover,56,53,,title_only_greenland_generic_or_numbers
NX2ADtH0_0U,@ Greenland,"green,nature,land westjava, indonesia",2022-12-30T10:11:24Z,7,2,0,0,UCjTQtK-a89RStENBkHhVbnA,asepuushandayana,92,306,,title_only_greenland_generic_or_numbers
e39NWqIz5AY,Greenland,,2023-01-09T21:26:18Z,9,1679,19,0,UCoIdRVTyY2p-ZeYHEmMLXMA,kez,145,145,DK,title_only_greenland_generic_or_numbers
rW2RFk68yWQ,Greenland,"inspired by me.





tags:
#shorts 
#subscribe 
#shortsfeed 
#phonk 
#short 
#shortsvideo 
#song 
#edits 
#trollmemes",2023-01-10T11:00:34Z,10,42,3,0,UCvpowkb3R841l-FBhJNKQ3g,COMPARISONATION,108,56,IN,title_only_greenland_generic_or_numbers
fKWlEgARW4I,#shorts #greenland,,2023-01-16T07:57:16Z,16,2,,0,UCtX9e3F0FotUSY_dikvyU-g,Fast World,300,7,IN,title_only_greenland_generic_or_numbers
ZyTT7svBf2Y,GREENLAND,,2023-01-16T10:31:16Z,16,206,30,1,UCX5JpM8oUGnt0vxzxdX8fEQ,Greenland holidays  official,274,85,,title_only_greenland_generic_or_numbers
0fxm5zpMuuY,Greenland #shorts #greenland,,2023-01-25T12:04:20Z,16,4,0,0,UCv9Q9hWH5_ekTxG9FPjPGrg,Did You Know?,9,104,ID,title_only_greenland_generic_or_numbers
5REq5jwluRo,Greenland - Part 2 - 25.1.2023,,2023-01-26T10:30:11Z,87,38,0,0,UCRKOcCygJW_K16puw3mPe6A,SJG 66,319,3003,GB,title_only_greenland_generic_or_numbers
9RNK1HmiLI8,#greenland,,2023-01-27T05:26:01Z,16,22,3,0,UCM4LIRvk4RR5FGHUP_LGgHQ,RG RUPAN,321,143,,title_only_greenland_generic_or_numbers
q2Jkemp11pw,GreenLand,,2023-02-02T11:13:04Z,60,45,2,0,UCQOSyzx5fo4rsVO73YZ4KPA,Sai Arts,3,9,,title_only_greenland_generic_or_numbers
SrF-mg2wewc,Greenland,,2023-02-09T06:27:00Z,15,69,0,0,UCu7iYzOpmYGzgLoK4STN9vg,Suvarna sahasra Reddy,4240,2953,,title_only_greenland_generic_or_numbers
WlW1sLmPlL0,#Greenland #youtubeshorts #shorts #ytshorts,"#Nature beauty
#beautiful 
#Greenery
#greenerynature 
#shorts #youtubeshorts #ytshorts",2023-02-10T18:40:00Z,12,19,,0,UCMAeJaSXotn9TaVVhNnQ7Rg,Zunaira Rauf,101,113,,title_only_greenland_generic_or_numbers
iD9bk3Cimrw,Greenland 🇬🇱,,2023-02-11T20:46:00Z,11,2536,73,2,UCcyJgHVf0w4eUNWcfEvkBRQ,Geo-Croatian-Lebanese Mapping [A.O.G][DOE],967,227,HR,title_only_greenland_generic_or_numbers
JWHQSOTdMqs,GREENLAND,"#shorts
#youtubeshorts 
#cinematic 
#cinematicvideo 
#greenland
#viral
#amazingshorts 
#amazing",2023-02-14T08:24:27Z,50,17,2,0,UCCRvSAsd0Oj6SrVQxhV8WJg,Queen CAPTURE,35,64,PH,title_only_greenland_generic_or_numbers
NS7WJBpaIrU,#Greenland,,2023-02-15T18:38:47Z,13,635,15,,UCIQtrrl6lKqpQ8y9IUS-1MQ,ZR_STAR⭐️,110,153,US,title_only_greenland_generic_or_numbers
PQR8ieTCSnI,#greenland #shortvideo #youtubeshorts #shorts,"rava
reog
seitan
short video song
snow 4k
YouTube search te...
snow falling short video
Lifetime
Sunat Sunat
survivpr
tiktokkankrej gay
lam 2.0
YouTube search te...
Lifetime
kerbau kerbau
le tham duong 2022
love story movie
lunch box recipes
madonna frozen
naik kereta api tut tut tut karaoke
pakistan tik tok
patanjali video
punch camo edition
Dashboardapple
akhtar hussain
bebek
aytac tovuzlu
YouTube search te...
bucket
Lifetime
boboiboy
hantu kuyang
high speed drone
joker
jockerfarm
kakak luna",2023-02-17T10:50:27Z,16,105,5,0,UC-F3mNoLDTwhXWgdwH6SHiw,Akhtar Hussain shorts,37,164,PK,title_only_greenland_generic_or_numbers
-EPW-5uy-dQ,Greenland 3,,2023-02-21T20:14:42Z,48,1,1,,UC2_psOv1nAmKmgrhgNPaThw,jaydenplays,43,225,,title_only_greenland_generic_or_numbers
DYGoZKzO1Ok,greenland,179 - greenland #chillworkmusic #nature #iceberg #greenland #shorts,2023-02-22T01:06:27Z,17,483,13,1,UCpnuLOD4FWdETDgY9JORVXQ,Chill Work Music,1160,272,,title_only_greenland_generic_or_numbers
5QdwbuY39hY,Greenland,,2023-02-23T12:32:09Z,6,1470,23,0,UC-CKBvsjjxIjb0wZlVIJxxg,Delnazswag ,3,10,,title_only_greenland_generic_or_numbers
vun6SkWU6hk,GREENLAND,,2023-02-26T15:23:58Z,21,2,0,0,UCj4RLazg2vBMlqfr7VzJ_VA,"RKD#DIDAR TRAVEL WORLD 2026.""",311,1792,,title_only_greenland_generic_or_numbers
XZ3QyEVFcp4,Greenland,"Skip to content
trending us logo
PRIMARY MENU
Trending Youtube Hashtags
LIFE
200+ TRENDING YOUTUBE HASHTAGS TO BOOST VIEWS (WITH EXAMPLES)
Youtube is a great platform to show your talents and even get paid for doing it. So in this article, we are going to discuss Youtube hashtags and keywords.

You will also get the best trending youtube hashtags that will boost your views.

Let’s face it, being a YouTuber is hard. It drains you mentally and physically. But, unfortunately, it is not as easy, and there is always a new challenge that you face.

So, one of my friends was trying to improve his YouTube channel, initially he had only 6 subscribers. The task was to understand what is lacking as he was quite consistent in sharing content and posting new videos. 

This is one of the common problems faced by many of us. Learn how to overcome this, spot problems and increase views & followers on your channel.

We did some studies and research work on the same and concluded  that “what not to do” is equally important to “what to do”.

Contents  hide 
1. Do not over the tag.
2. Never use unrelated tags even once.
3. Do not use tags that are illegal.
4. Do not use space in your Hashtags
1. Use a Simple and Unique personal Hashtags and Tags
2. Use Tags in Description, Title, Video itself.
3. Using Broad Tags Can Make it Better
4. Practice Using Alternative Tags for your YouTube Channel.
Keywords Everywhere Chrome Extension
VidIQ Chrome Extension
TubeBuddy Chrome Extension
Related posts:
Trending Youtube Hashtags for Gaming Channels:
#freefire
#games
#live
#gaming
#amongus
#gameplay
#gametv
#youtubegamer
#livegaming
#gamereview
#gamecommentary
#livestream
#youtubegaming 
#gamer 
#ps 
#twitch 
#gamingcommunity 
#youtubegamingchannel
#xbox 
#playstation
#playfortnite 
#videogames
#pcgaming
#youtubegamers 
#twitchstreamer
#gameplay
#streamer
#minecraft 
#pubg
Trending Youtube Hashtags for Food Channels:
#tastyrecipes
#cook
#chef
#homemade
#foodie
#foodlover
#recipes
#diet
#healthylifestyle
#fastfood
#homemadecooking
#homemadewithlove
#yummy 
#foodblogger 
#delicious
#healthyfood 
#dinner 
#tasty 
#chef
Trending Youtube Hashtags for Fashion/ Beauty Channels
#beautyskin
#beautyhacks
#skincarereview
#modelslife
#indianmodels
#beautytip
#beautyconsultant
#beautyface
#skincareroutines
#beautyobsessed
#beautystudio
#makeupvideos
#makeuprevolution
#naturalbeauty
#beautystudio
#makeuprevolution
#skincareroutines
#urbandecay
#makeuptutorial
Trending Youtube Hashtags for Entertainment Channels
#fun
#live
#funny
#comedy
#lol
#fun
#meme
#trending
#memes
#subscriber
#Youtub
#gamecommunity
#shortstiktok
#funnyvideos 
#comedy 
#memes 
#comedyvideos
#lmao
#laugh
Trending Youtube Hashtags for Tech Channels
#tech
#techreview
#technews
#smartphone
#techtips
#techyoutuber
#mobile
#techie
Trending Youtube Hashtags for Education Channels
#teaching
#learning
#facts
#support
#goals
#like
#nonprofit
#career
#educationmatters
#technology
#newtechnology 
#techblogger
#techgadgets 
#technews
#techtrends
Youtube hashtags for more views
#youtube
#youtuber
#subscribe
#youtubelikes
#youtubevide
#youtubemarketing
#youtubeviews
#instavideo 
#instayoutube
Best youtube hashtags to use in 2022
#youtube
#video
#vlog
#live
#life
#youtubechannel
#memes
#twitch
#viral
#lol
#trending
#newvide
Youtube hashtags for motivational channel
#motivation
#motivationalvideos
#motivational
#motivationalspeaker
#motivationalvideo
#inspiration
#success
#inspirational
#nevergiveup
Youtube hashtags for Vlog channel
#life 
#lifestory
#lifehack 
#lifetips 
#lifegyan 
#lifestory 
#lifegoeson
#lifestyle
#lifestylevlog
Popular youtube hashtags
#youtube
#youtuber
#youtubevideos
#youtubemusic
#youtubechannel
#video 
#live
#youtubecreator
#subscribe 
#viral
Youtube art hashtags
#art
#artist
#myart
#abstractart
#artsy
#practice
#visualart
#artoftheday
#onlineart
#artvideo 
#videoart 
#digitalart 
#artlife 
#modernart
#arttutorial 
#creative 
#gallery 
#artsy 
#fineart 
#artstudio
#artvideo
#onlineart
Trending youtube hashtags for music
#youtubemusic 
#spotify 
#music 
#newmusic 
#hiphop 
#youtubevideos 
#rap
#musicvideo 
#youtubelife 
#beats
#musician
 #beats
#youtubecommunity
#song 
#rapmusic 
#musicproducer 
#youtubeblack 
#youtubeuse
#songwriter
#musical
Hashtags for funny meme videos
#meme
#lol
#funny
#dankmemes
#funnymemes
#memer
#youtubememes 
#favoritememes
#memewar
#justmemes
Viral hashtags for youtube
#viral 
#newvideo
#youtubechannel
#youtube
#share
#youtubers
#love
#music
#vlog
 #subscribe
Trending hashtag for youtube shorts
#shorts
#live
#youtube
#funnyshorts
#memes
#alpha
#newvideo
#tiktok
#gameplay
#explore
#subscribe
#sub
#live
#youtubeguru
#youtubeislife
#shortsfunny
#shortsbgm
#shortstiktok
#shortscomedy
#shortsbts


So Hashtags, Tags, and Keywords will help",2023-02-27T02:45:21Z,16,5350,86,7,UCF-GgFeKomwqUhaqRJWEtkA,SANJAY 🇮🇳 GOUD,33,7,,title_only_greenland_generic_or_numbers
1UjG17qYCfg,Greenland Feb 26 2023,,2023-02-27T07:45:01Z,492,17,,,UCmCzb-3xcqugOYK0Z9mIYWQ,Tina & Hana,17,45,,title_only_greenland_date
kU4hi_D7RHI,greenland,,2023-03-01T09:46:45Z,11,34,18,0,UCIiyaxY3mdgzjJ5bR1w7G_w,Anjali Rathore,122,47,IN,title_only_greenland_generic_or_numbers
6CwUVoZMzoI,Greenland,,2023-03-03T03:05:11Z,3,10,3,0,UCXnSXY8v-aatfO7zueP0PFA,Abhis amazing,305,338,,title_only_greenland_generic_or_numbers
0lrHd96ug3c,Greenland,,2023-03-03T06:16:40Z,15,53,2,0,UCyGbY7kW0QnLtPYbGeVgowQ,khalishBlox,151,39,,title_only_greenland_generic_or_numbers
IqviTXSjLrE,🇬🇱Greenland,,2023-03-03T17:34:29Z,12,3,3,1,UCb4-0V54TadgkfvsJTF-NOQ,Nature Goodness,8,116,,title_only_greenland_generic_or_numbers
nUpJLWC_z1c,Greenland,,2023-03-04T03:09:59Z,16,61,2,0,UCOhPWJAEsBMtqFOLJ9w3PMg,cahaya ahmad,4160,966,,title_only_greenland_generic_or_numbers
TPoHmjJzVC8,Greenland,,2023-03-06T20:35:53Z,15,0,0,0,UCAcq_Lur0G25feWT8dYeuzg,PREM INSURANCE,4,43,IN,title_only_greenland_generic_or_numbers
OlAjsP8W-6Y,Greenland#trending #trending,a village#trending #trending,2023-03-08T14:04:18Z,189,3,0,0,UCvD6U28gOfHawkXIq89QP7Q,You Tubee,35,58,BD,title_only_greenland_generic_or_numbers
s-_8K7UFPzo,#greenland,,2023-03-09T05:00:20Z,10,279,3,0,UCq7AllM2BddZuOcZoteQy7A,Li🌰,2,7,,title_only_greenland_generic_or_numbers
4qqf2BtcNWw,#greenland,,2023-03-10T05:00:03Z,14,334,0,0,UCq7AllM2BddZuOcZoteQy7A,Li🌰,2,7,,title_only_greenland_generic_or_numbers
tWJKpUJmq1s,#Greenland 😍😍😍🌍🌍🌍#shorts #short #youtube shorts,"#Greenland 😍😍😍🌍🌍🌍#shorts #short #youtube shorts



@yameshthakur2708",2023-03-10T16:05:55Z,15,89,,0,UC2gebh0Ddgw8UVgkv1Yr-uQ,Yamesh Thakur,44,23,IN,title_only_greenland_generic_or_numbers
GyxAnWBO05M,Greenland （2023）,"""Greenlandic Culture and Traditions: Immersing in the Rich Heritage of this Arctic Island 🇬🇱👥👣 #shorts  #greenland  #culture  #travelandexploretelugu  #traditions  #wanderlust """,2023-03-12T13:00:10Z,41,176,2,1,UCMXjymWroemP5vVomnVODLg,Top Nature Wonders,38,40,,title_only_greenland_generic_or_numbers
poHlUf2hvR8,greenland,,2023-03-14T07:15:02Z,25,33,2,0,UCX6pEIPGDYiiDoy3oZ7adsg,Dixyia Channel,10700,926,ID,title_only_greenland_generic_or_numbers
7imN1NKtUkg,🌲🌳🪴🌎🌄🌅Greenland 🌿🌳🌲🌏🌴,,2023-03-15T13:21:31Z,14,35,0,0,UCMD6jNSK80oXjTNgmAY3Geg,Beats,0,1,,title_only_greenland_generic_or_numbers
jJ87BjZjj1o,Greenland 🇬🇱,,2023-03-17T21:21:37Z,11,9,5,0,UCNdQ6aEYjbRgEjBQvrBtYJQ,WORLD TRAVEL,12,32,,title_only_greenland_generic_or_numbers
6VC05R4sd9E,GREENLAND 66°77°,,2023-03-17T21:28:30Z,266,201,2,0,UC_veEomMfm1Cp91ca7IeG0g,Eva Philippe Petit,56,26,,title_only_greenland_generic_or_numbers
4JSGkFXGbIo,Greenland🇬🇱,,2023-03-21T09:33:17Z,10,415,20,0,UCLhuBRdFgjqVM2IB-d8nhdA,Editor_May,219,113,,title_only_greenland_generic_or_numbers
FOhn0rl0vH4,greenland,"#greenland #calm #peaceofmind #short #reel #inspirationalquotes #quote #quoteoftheday #successquotes #success #quotestagram #quotesoflife #inspiration #onesidedlove #inspirationalquotes #innerfeelings #truelove
#lovequotes #motivationalquotes#motivation
#quoteofweek #quotess #like4likes
#likeforlikes #lifequotes #kindness #selflove #introvert #kind #instagood #introvertproblems #beingsingle
#brokenheart#silence #likeforfollow #love",2023-03-24T08:36:15Z,71,1,0,0,UCdp0w_PQ8eVF4PwNGWs8BbA,Trip To Heaven,0,6,,title_only_greenland_generic_or_numbers
Rz9Jlb2pdPM,greenland,,2023-03-26T04:30:29Z,16,0,0,0,UC4gK01fFCKl9bFzB40Espiw,editing videos,130,474,,title_only_greenland_generic_or_numbers
FDjoGLQPe2c,Greenland｜Dec 2022 –Jan 2023,"Dec 2022–Jan 2023｜Trip to Greenland
Nuuk｜Kapisillit｜Qoornoq
Bgm: Fragments by Aerohead",2023-04-06T12:58:06Z,246,242,9,3,UClbqOYnQ9mOrKMHGIXiHWUw,oiyin yeung,19,8,,title_only_greenland_date
womUeSs7AaM,#greenland,,2023-04-09T21:52:11Z,11,0,0,0,UCXjnF2UAaoib0vhCQAXXVOg,Rizwan Azad,1,50,AE,title_only_greenland_generic_or_numbers
SuQEP-s4rgY,Greenland 🇬🇱 🤩🤩,,2023-04-12T23:12:41Z,13,16,1,0,UCsoaSV0v5kXcIzOgRCWUPKg,Official Prince,4240,4352,,title_only_greenland_generic_or_numbers
oY8pLfNk6to,Greenland,"#beauty 
#amazing 
#nature 
#beautiful 
#greenland",2023-04-18T14:53:38Z,10,27,10,0,UCeQi-OH5L45Uf_FeNCm8h6g,Beauty of Nature,579,236,PK,title_only_greenland_generic_or_numbers
7Qgob0EDWEo,Greenland,,2023-04-21T02:27:38Z,11,4,1,0,UCIKaSFD7yt5bt0V-JCGWqFg,The dream drink of heaven,173,405,,title_only_greenland_generic_or_numbers
xa53sDskYYc,Greenland #shorts #greenland,"Greenland #shorts #greenland 

Telegram Channel - https://t.me/hollywoodmoviedownloadlink
Download Link - https://gomoviesapps.com/

আমার নতুন চ্যানেল - https://www.youtube.com/channel/UCVHLUFYMyAeCLJO9Y2B4V2w

দয়া করে আমাদের চ্যানেলগুলো সাবস্ক্রাইব করুন 🙏
👇👇👇👇👇👇👇👇👇

বিনোদনের জন্য - https://www.youtube.com/channel/UCJexSt0tBg0nKeXrNdXmQ-g
মুভির জন্য - https://www.youtube.com/channel/UCWkUOhxxMkBto_t_0yPrfcg

#randomvideochannel 
#randomanimation 
#সিনেমন
#cinnamon
#rupalipordergolpo
#rupalipordargolpo

DISCLAIMER -
Use of clips and Pictures are ""Fairuse"", Used just to Explain the Story in a Better Way. All Right Reserved by the Copyright Owner.

Copyright Disclaimer under Section 107 of the copyright act 1976, allowance is made for fair use for purposes such as criticism, comment, news reporting, scholarship, and research. Fair use is a use permitted by copyright statute that might otherwise be infringing. Non-profit, educational or personal use tips the balance in favor of fair use.

If you have any problems contact us via email and we will sort the problem out together. Please this is very important.

Email -   moviebuzzbangla@gmail.com",2023-04-22T04:15:02Z,60,195,7,1,UC-mO-JJOxJYXiw7wr-kwRuQ,Movie Buzz Bangla,258000,930,BD,title_only_greenland_generic_or_numbers
zxJzlp7hVH0,Greenland 🍀,,2023-04-24T07:01:08Z,28,7,1,0,UC7UVhEmKJg7nhyRQX5AhNlA,Amelia Bonggadika,28,21,,title_only_greenland_generic_or_numbers
GpV655BEEcQ,Greenland,"The world's largest island is Greenland, which is over 836,000 square miles.
Dear viewer,
I hope this message finds you well. I wanted to reach out and invite you to subscribe to our YouTube channel, where we share fascinating facts and interesting tidbits about a variety of subjects.
By subscribing, you'll have access to our latest videos as soon as they're uploaded, and you'll never miss out on an opportunity to learn something new and intriguing. Our content covers a wide range of topics, from science and history to nature and pop culture, so there's always something for everyone.
We're dedicated to providing high-quality content that's both educational and entertaining, and we're always looking for ways to improve and expand our offerings. By subscribing to our channel, you'll be supporting our mission to spread knowledge and curiosity around the world.
Thank you for your consideration, and we hope to see you soon on our channel!
Best regards,
@AleksandrAdder
#shortvideo #shortsvideo #shortsyoutube #shorts #short #greenland",2023-04-24T18:13:19Z,20,22,5,2,UCadkxfqdarGu-eYltTsvDMw,Aleksandr Adder,147,204,,title_only_greenland_generic_or_numbers
4Y16VVu6Yis,S. GREENLAND,"Travel slide show of Qaqortoq, Prince Christian Sound, and Nanortalik in Southern Greenland in August 2022.  Music:  roboduck - airtone (ccMixter)",2023-04-25T02:41:37Z,177,1391,7,0,UCQ6rv8XpYhXr7WxiVlwfMCw,flippyvicki,344,186,US,title_only_greenland_generic_or_numbers
_uWuNn4_mwY,GREENLAND,"GREENLAND(Album : CIVILIZATION RESTART 歸零 II )
Composer, Arranger, Synthesizer by 
Wai Kai Leung (Tomy Wai )
作曲、編曲、合成器 : 韋啟良
Op：Production Team Union (HK) Limited
Video by : Tomy Wai


#music #MV #newagemusic #meditation #韋啟良

生命就是文明的主幹，五大元素打開文明的生命，讓我們有更大的力量！",2023-04-25T19:10:48Z,228,31,2,0,UCNYN-R3gvZVT-y-iXp3BHmA,TOMY WAI,81,13,,title_only_greenland_generic_or_numbers
2ejnc-p8q5I,GreenLand!,,2023-04-26T18:07:03Z,5,1621,20,0,UCfEvZxTa8ic0vbVgawEUAzQ,Fatima Nature,34,19,,title_only_greenland_generic_or_numbers
HDBxF6OL7mc,Greenland,,2023-04-27T22:15:00Z,16,16,2,0,UC8C34aE-sdUhvUSl5R41gEw,Nguyễn thắng vlog,35,62,,title_only_greenland_generic_or_numbers
l_BtXWvcB0Y,Greenland,,2023-04-28T06:23:29Z,35,72,3,3,UCM7VsO3yImtQmOUuIiYgdpQ,eastern,59,11,,title_only_greenland_generic_or_numbers
0WZVvAwVaw0,Greenland,,2023-04-30T03:08:44Z,4,26,2,0,UCcGET5rp4OeWNdxKvgiSMeA,Yevhen Zazhytskyi,62,32,UA,title_only_greenland_generic_or_numbers
CRKgm6QXV0I,Greenland #shorts,Greenland,2023-04-30T08:39:19Z,19,7,4,0,UC_Y130Eh1dJ6xV8gptur7WA,Interesting places in the world,29,93,RU,title_only_greenland_generic_or_numbers
qbSfgpKElPM,Greenland,,2023-04-30T12:09:06Z,61,76,12,0,UC3TfAiOc-BAbue40Cqx49Lw,smart channel telugu,108,36,,title_only_greenland_generic_or_numbers
jd3U2PfoCiI,Greenland - PART 1,"Bagian dari negara manakah Greenland ?

#quiz #geography #negarabagian #kolonial #greenland",2023-05-03T00:00:14Z,24,123,5,2,UCMtBgISH2H2AE-34CmiUEMA,CNW TV Short,406,258,ID,title_only_greenland_generic_or_numbers
RU2UJGo5NLo,Greenland,"pemandangan, hijau, Indonesia, alam, westjava, travelling, green, land, urban",2023-05-06T04:05:40Z,6,186,4,0,UCnI_DMxI1n6ojC5cDzx9fTw,@Greenland  buzz,2310,4176,ID,title_only_greenland_generic_or_numbers
qoGNCli5rwg,Greenland,"travelling, pemandangan, westjava, Indonesia",2023-05-06T08:31:46Z,4,0,0,0,UCnI_DMxI1n6ojC5cDzx9fTw,@Greenland  buzz,2310,4176,ID,title_only_greenland_generic_or_numbers
iWS5u9pLrmQ,Greenland,"Provided to YouTube by Rightsscale

Greenland · Chululu

Letter from Murray

℗ Chululu

Released on: 2019-11-01

Composer: Asuka Kojima

Auto-generated by YouTube.",2023-05-09T10:02:07Z,126,51,2,0,UCQZtxe2RA-cYkxzG8Lwi-Ig,Chululu - Topic,5,14,,title_only_greenland_generic_or_numbers
4XLVu02Z-js,Greenland,,2023-05-09T14:16:38Z,11,10,1,0,UCqOm-UX-_GUew2meU8AxOvQ,TravelingVlogs,7,14,,title_only_greenland_generic_or_numbers
B3zoe57Rbx8,Greenland 2022,,2023-05-11T00:37:23Z,137,76,1,0,UCsTop2S7Kt540oMgV0zYpcQ,Cameron Swigor (cswig),0,8,,title_only_greenland_generic_or_numbers
7LELS3mTUkM,#greenland,,2023-05-14T06:10:26Z,16,28,5,1,UCY0rM4H6koi5OD3hgyZNq1g,~vanshika~,620,220,,title_only_greenland_generic_or_numbers
ynydKTg3qHQ,Greenland : ???,"pemandangan, sweet, hijau, Indonesia, alam, trip, travelling, urban",2023-05-14T19:09:43Z,14,2,0,0,UCnI_DMxI1n6ojC5cDzx9fTw,@Greenland  buzz,2310,4176,ID,title_only_greenland_generic_or_numbers
pRi3cyJUz-Y,Greenland,,2023-05-16T00:24:52Z,3,1,0,0,UCnI_DMxI1n6ojC5cDzx9fTw,@Greenland  buzz,2310,4176,ID,title_only_greenland_generic_or_numbers
VenIlA1y_KM,Greenland,,2023-05-17T18:30:29Z,61,25,6,1,UCB6cVFK12mk9wFptec1r8Sg,UTTAR PRADESH ,97,238,IO,title_only_greenland_generic_or_numbers
vcIzBtIyXU0,Greenland,"hijau, westjava, petualangan, travelling",2023-05-18T22:16:43Z,12,20,0,0,UCnI_DMxI1n6ojC5cDzx9fTw,@Greenland  buzz,2310,4176,ID,title_only_greenland_generic_or_numbers
NkmomrxRjD8,Greenland - PART 2,"Jawabannya Adalah ?

#negara #triviaquiz #quiz",2023-05-18T23:00:17Z,26,11,0,0,UCMtBgISH2H2AE-34CmiUEMA,CNW TV Short,406,258,ID,title_only_greenland_generic_or_numbers
nkPa7jSN3yw,# 🇬🇱#Greenland#ytshorts,green land facts,2023-05-20T14:35:00Z,39,21,,0,UC-STEO27JDIJBEKif-R3egw,Facts in my Globe,166,220,,title_only_greenland_generic_or_numbers
Gi8s8ezS6MU,greenland,"hijau, trip, pemandangan, binatang alam",2023-05-26T22:05:10Z,3,1,0,0,UCnI_DMxI1n6ojC5cDzx9fTw,@Greenland  buzz,2310,4176,ID,title_only_greenland_generic_or_numbers
dKNU4kX1EWE,#greenland,,2023-05-27T12:55:33Z,30,2218,54,0,UCSZ_qJP00_iSNigmRcaUUmA,GameVortex,8770,565,IN,title_only_greenland_generic_or_numbers
-cGIVhxwYPU,Greenland,"Video by  @klaasklee 
https://www.klaasklee.de",2023-05-30T18:57:11Z,226,38,3,0,UCS5nI2Q5kzBGBV5tteTaCkQ,Vox Animae Bremen,19,16,,title_only_greenland_generic_or_numbers
e9uSJmmhCLc,Greenland,,2023-05-31T05:46:13Z,16,19,2,0,UCCy06_AdzIqk12mRoxkBCgg,KIDGourmetCHEF,66,68,,title_only_greenland_generic_or_numbers
FKJQ70YAn9w,Greenland,,2023-06-02T19:31:50Z,22,1,0,0,UCkfATKZbORMVohDeGuKASzQ,idahosa charles,137,1069,,title_only_greenland_generic_or_numbers
xxkqX_hlWtY,Greenland 🦭🦭🦭🦭🦭🗻,,2023-06-04T06:03:10Z,23,1203,32,0,UCY3NR7C9gksWXsHKghbTaBw,Abhay Puri ( Gwalior) ,59,67,,title_only_greenland_generic_or_numbers
-LYpTUqzNiE,Greenland,truth,2023-06-06T20:47:45Z,20,1,0,0,UChL-eszUwWWJsCAYqedxn5g,"David Lewis ""RBM"" Wrothism",11,573,,title_only_greenland_generic_or_numbers
X4ZhJx5VRDo,Greenland,audio: cdm,2023-06-15T00:34:42Z,36,2679,19,13,UCvbGdEsFWCSLyjYjBOkDO_A,KLTTLO,3330,478,US,title_only_greenland_generic_or_numbers
z5rRr1nymVQ,Greenland 🇬🇱,,2023-06-16T08:38:00Z,35,9,6,2,UCAbF3Q2mOD6fU-2ui6Fhdng,ALONE TraveLer 🌍🛫,8,6,,title_only_greenland_generic_or_numbers
sLHYfvZh4Q8,Greenland,Video by @EpicCinematicAdventures  with my footage from Greenland,2023-06-21T13:02:21Z,60,2007,210,20,UC1asrMezGSi1vx_ObJv6UEg,Viktor Posnov,22200,62,US,title_only_greenland_generic_or_numbers
CObRkgh3t_M,#greenland,,2023-06-27T10:33:04Z,33,62,,0,UCI210K5ARVqThNSKUDe7GTg,Suzi creations,206,136,,title_only_greenland_generic_or_numbers
ya31OtHVT4g,Greenland,,2023-06-28T06:09:08Z,9,1123,26,0,UCWjZol87Y74N7BOkNnGTmGQ,Jocelyne Rico,22,13,,title_only_greenland_generic_or_numbers
Zm4WL-76xIA,#short# Greenland,,2023-06-28T12:47:40Z,22,45,3,0,UCO2DuVlfphsyWvvGeVQE-KQ,@Panch mesali 😊 official ,424,378,IN,title_only_greenland_generic_or_numbers
agqXaZhFY8I,Greenland pt 4,,2023-06-29T21:53:44Z,11,9,3,0,UCL1F5Rh477tmZifRXOHQqJA,jd Anderson,218,49,,title_only_greenland_generic_or_numbers
f4RJmA-SdVk,GreenLand,,2023-07-02T07:03:39Z,16,39,6,0,UC16nqKvSfsmLD_AoSrzIJWw,TWT Traveling with Tanmoy VLOGS,1540,465,,title_only_greenland_generic_or_numbers
Quh2Z-5XPUo,greenland,,2023-07-05T04:44:50Z,31,44,4,0,UCVnfuSotnwoS-kAi5qEZvYA,Ibrahim Suliman,69,31,,title_only_greenland_generic_or_numbers
X1kJFJVhbv4,#greenland ❣️❣️❣️,,2023-07-06T18:00:02Z,30,5,2,0,UCx0pYPv2BtU8F_HCPbMqecw,ENTR vLoG ,5,15,IN,title_only_greenland_generic_or_numbers
lXRqDjCD8X4,Greenland Pt.1,,2023-07-07T01:43:58Z,56,13,,0,UCyOE3H4O1jS0hZmTrfVJOkA,Recap Movies,0,4,,title_only_greenland_generic_or_numbers
nL2SztMY1cM,Greenland Pt.2,,2023-07-07T11:11:16Z,57,10,,0,UCyOE3H4O1jS0hZmTrfVJOkA,Recap Movies,0,4,,title_only_greenland_generic_or_numbers
031LhjEXRwQ,#greenland #shorts,,2023-07-09T00:23:37Z,16,1432,46,0,UCdyzYnsFPDBRryT5yo8xJjQ,MITHUN ROY,29500,4049,IN,title_only_greenland_generic_or_numbers
GDVQAefDZS4,Greenland 2022,Ilullissat - Midnight Cruise,2023-07-12T09:52:09Z,50,0,0,0,UCQp95fG0s8ElEJ04DxjGXiA,Bruno Casali,0,6,,title_only_greenland_generic_or_numbers
KzpJzm38d44,#🌴Greenland🌴#,,2023-07-15T07:33:58Z,31,6,3,1,UCoiurfeiXoqMh2kN0P6fttw,#Entertaintment Factory,3,13,,title_only_greenland_generic_or_numbers
lz1X_6eioaY,greenland,,2023-07-16T18:30:43Z,4,0,0,0,UC9ggC-qoL7ehsAaEXAbr5DQ,did you know that,40,145,,title_only_greenland_generic_or_numbers
GdZgaVQMOf4,GREENLAND,"GREENLAND
2D Animation

#motiondesign #motiongraphics #animation #aftereffects",2023-07-17T12:59:53Z,13,20,0,0,UCWirUB9z86W4mvfg8LgOedw,amir mirzaei,5,55,CA,title_only_greenland_generic_or_numbers
BLptXzE1pzo,Greenland 💚 | #shorts #shortvideo #youtubeshorts #greenland #viral,,2023-07-18T03:49:53Z,18,67,3,0,UCNaqMNuSRRy3mqBhCqkspOw,Jay Kumar,6,9,,title_only_greenland_generic_or_numbers
QR49wX2Cv9k,Greenland 🌲,,2023-07-18T18:54:28Z,13,74,10,1,UCxyUqwiyVSitibQTKd-YhpQ,Farjana Oyshe,226,137,,title_only_greenland_generic_or_numbers
52hXOciQSb0,#greenland😘,,2023-07-20T08:31:35Z,15,41,2,0,UCUtqQbiV7giKZ3eFM2EvbDA,Tanmoy hk baruah,0,3,,title_only_greenland_generic_or_numbers
Cs6UpR3wryw,Greenland!?,,2023-07-22T17:43:50Z,3,40,,1,UCJ3EdYXgFTDwbdUxOGD8QaA,🔴Kindlyatom🔵,1040,520,,title_only_greenland_generic_or_numbers
J-vIsDhjzsQ,Greenland,,2023-07-25T06:03:38Z,35,43,4,0,UCR61j812J0Ei0rgOVdLOCAg,Minh ca cấu,89,53,,title_only_greenland_generic_or_numbers
H-PLrQh8eLs,#shorts #Greenland,#shorts #Greenland 5 geografical facts about Greenland,2023-07-29T07:43:11Z,26,1,0,0,UCk4pj-8Cs0VdoZFZrOfZf0w,Enchanting planet,38,40,ES,title_only_greenland_generic_or_numbers
axaxUvD0XJM,#greenland,,2023-07-30T18:08:43Z,22,165,14,0,UCzt26tHyhBT2M9FV25s0vHw,papa ki pari ruby,340,88,IN,title_only_greenland_generic_or_numbers
l340ngahkc4,Greenland,,2023-07-31T23:10:56Z,12,146,20,2,UCLrhXJFqGF7WcUE73-1-_6w,Bala Priya,3460,232,,title_only_greenland_generic_or_numbers
0WWhqbpVR4I,Greenland 😮🤔❤#greenland #youtubeshorts,,2023-08-08T13:36:05Z,6,8,0,0,UCbceMbPHQ0KFcHQJ56RKUtg,Fast Real News ,1730,2291,,title_only_greenland_generic_or_numbers
7FY9TEO5hH0,Greenland 2023 🇬🇱 - part 2,"In July 2023 I did a hiking holiday in South Greenland. This second part is about day 4 and 5 where I hiked from Tasiusaq to Sillisit and had a rest day in Sillisit.

Music by Jeff Beal from the documentary: Blackfish

I have booked my trip with:
www.belugareizen.nl &
www.blueiceexplorer.gl",2023-08-09T22:00:04Z,266,584,8,2,UCzvlbm-zp0W1et7Kmm55GJA,TravelFlower 🌻,197,105,NL,title_only_greenland_generic_or_numbers
xqiVno5utTI,GREENLAND,,2023-08-11T12:02:41Z,55,26,3,0,UCNOwwtWmgarJgbJ27xKsLJA,Pratik Setiyadi Vlog,749,73,ID,title_only_greenland_generic_or_numbers
RtzasIW7qLE,Greenland,#view#trendingshorts #beautiful,2023-08-13T16:16:44Z,12,7,1,0,UCUx2bU2lBGLnK2OxUF--Q1A,pets amusement place,81,131,,title_only_greenland_generic_or_numbers
82JaxoiS5Yk,Greenland 2023 🇬🇱 - part 3,"In July 2023 I did a hiking holiday in South Greenland. This third part is about my days in Narsaq. The visit to the Narsaq Museum and the search for Tugtupite.

Music by Jeff Beal from the documentary: Blackfish

I have booked my trip with:
www.belugareizen.nl &
www.blueiceexplorer.gl",2023-08-13T18:26:13Z,316,641,10,2,UCzvlbm-zp0W1et7Kmm55GJA,TravelFlower 🌻,197,105,NL,title_only_greenland_generic_or_numbers
jcfrBz6mN2A,Greenland,,2023-08-20T19:25:38Z,31,17,2,0,UCvRSnF1idzzIVXz2ZnNfxNQ,Malaysia tourism,48,65,,title_only_greenland_generic_or_numbers
qPmgU09_Xx4,Greenland 2020,#Greenland #GerardButler #MorenaBaccarin #ScottGlenn #RogerDaleFloyd,2023-08-21T12:22:03Z,57,111,6,0,UCKGLaoReIqYBPj6Wrs5ZtcQ,Larry Görlitz,3220,5109,,title_only_greenland_generic_or_numbers
eLyYcvNcKMc,Greenland #shorts #greenland,,2023-08-22T09:30:00Z,31,70,4,0,UCNwon_qb-XEpkR1rjtbKZJQ,Randy Punla,2,7,,title_only_greenland_generic_or_numbers
G-ViQIFCZQQ,"Greenland,🕊️",,2023-08-23T06:43:17Z,7,30,1,0,UC4hfsu7u-3IFsKIEyqnQHhQ,PG footballar 💯🕊️,0,9,,title_only_greenland_generic_or_numbers
VbBQzNh2mew,GREENLAND,"THE ROADS OF GREENLAND ARE IN THE CLOUDS AND IN THE WATER 
There are no roads connecting towns in Greenland and with just a total of 150 km on the Island, it was wise to leave Principessa in Iceland and visit the country by a small expedition cruise. 
80 percent of the island is covered with a permanent ice sheet that is uninhabitable. None of the settlements on Greenland are linked to each other by road or railway",2023-08-26T17:53:26Z,140,91,1,0,UCgOygzLJpsMe9U8fOtm6gtw,BIKE WITHOUT BORDERS,2390,231,AU,title_only_greenland_generic_or_numbers
qI95XxFyZas,Greenland 🇬🇱,,2023-09-03T14:44:28Z,15,93,2,0,UCCeOppiT4Ng-EfFGDZgftpQ,Minipacker 🧳,34,27,,title_only_greenland_generic_or_numbers
iMN75fCaiok,Greenland,,2023-09-06T22:25:57Z,7168,15,2,0,UC1W4qKlcP7FAGeZW0_ZEBGg,Películas&Español,13,18,,title_only_greenland_generic_or_numbers
r_Udu1R83do,#Greenland,,2023-09-10T18:30:55Z,12,2260,29,1,UCBAx8TnOIUZCD-BASwhH5-g,anupzcruiser,9,4,,title_only_greenland_generic_or_numbers
jZsmh9BfmzQ,Greenland 🇬🇱,,2023-09-22T03:38:05Z,13,41,2,0,UCCCc9Lv5GrHWc8v9X0-6iDw,Flags Of Legends,71,69,,title_only_greenland_generic_or_numbers
5jZSCYtaULc,Greenland,,2023-09-23T19:01:55Z,13,2485,12,2,UChgkcHzSXGz8prnNi0A0sIw,Ramil's Reality Vlog,1430,726,PH,title_only_greenland_generic_or_numbers
H5kVFeN01Jo,Greenland #subscribe,,2023-09-25T06:53:08Z,28,68,7,0,UCapSA2LnI4zKku0MN2clDkg,Himalayan Hills vlogs,108,199,,title_only_greenland_generic_or_numbers
9uOkPRYdxWc,Greenland #Shorts,,2023-10-02T07:21:56Z,30,41,3,1,UCObNsId9Jwh0akkbSdciwVw,ASSAM VLOGS Shorts,55,55,IN,title_only_greenland_generic_or_numbers
Uqm17nXKY-Y,Greenland Greenland,,2023-10-03T07:12:20Z,15,5,1,0,UC0iH7ReD2MmOQ7otcOayQJw,Kk Nahid,3,7,,title_only_greenland_generic_or_numbers
PQmr-s1gY6U,Greenland,,2023-10-12T04:42:25Z,54,81,1,0,UCGSis6wB-VQ7LfR5RFnPdKg,Travel The World ,132,51,,title_only_greenland_generic_or_numbers
lfI-bCCPSkU,Greenland 😱!?,,2023-11-11T02:46:41Z,46,88,5,0,UCrjJKUVZcsaDZt00qOQnefA,Cozy_Naila,7780,636,ID,title_only_greenland_generic_or_numbers
8le4Jt2Doqw,Greenland,"This video has been created through group work by the participants of the youth exchange ""Ec(h)o Green-Land"" during the activities which took place between 2 - 14 October 2023 in Kangerlussuaq, Greenland.

The youth exchange was supported by the European Commission through the Erasmus+ programme. 

This clip reflects only the views of the author and the EU Commission cannot be held responsible for any use which may be made of the information contained therein.",2023-11-11T19:57:56Z,204,7,0,0,UCDSB_dyqFe38WWfMt_lvHVg,D.G.T.,74,147,,title_only_greenland_generic_or_numbers
_RnhUhaIKSU,Greenland 🇬🇱,,2023-11-13T08:07:46Z,14,74,4,0,UCO4PVvlshIWp7j7HVYzFrdA,Relaxation Time,771,926,US,title_only_greenland_generic_or_numbers
Kxt2FVXk3A0,#Greenland,,2023-11-14T13:44:43Z,29,53,3,0,UCQch8HKxrn_0itb9OlebcWw,Greenland Natural Vibes,243,49,,title_only_greenland_generic_or_numbers
nejQlpnwCqg,Greenland,,2023-11-18T02:42:25Z,19,66,1,0,UC6YhvPfTzOjQd3p8OmSQ7SA,Mukesh ji Gurjar ,1,3,,title_only_greenland_generic_or_numbers
FZR7L9qz0M0,Greenland 🇬🇱,,2023-11-19T12:31:31Z,60,98,3,1,UCaAWD5HfPOP7o9eUtQLDepQ,Alhaji M kamara,46500,437,,title_only_greenland_generic_or_numbers
6qZ2Ah2IRIo,🇬🇱 greenland,,2023-11-21T20:33:55Z,24,42,2,,UClpdzvs5OL5X1plgcJR5qBA,Claire ,137,137,,title_only_greenland_generic_or_numbers
0tBK3MipVC0,Greenland 🇬🇱,,2023-11-21T22:36:40Z,59,58,3,0,UCaAWD5HfPOP7o9eUtQLDepQ,Alhaji M kamara,46500,437,,title_only_greenland_generic_or_numbers
DjrDcGpkrX8,📍Greenland,#greenland,2023-11-22T13:30:08Z,14,284,,0,UCAXZnpIR8huwXeUi-qupxmw,RARE FACTS,596,298,IN,title_only_greenland_generic_or_numbers
F-bP8by3pqU,#greenland,#thankyou #friends #cousins #myfamily,2023-11-22T19:14:28Z,14,2,0,0,UC3rqEGKgSqv3H2COKRVK7BQ,Liza Tumala,0,8,,title_only_greenland_generic_or_numbers
qlJ028qHjDQ,Greenland,,2023-11-23T21:23:58Z,45,4,1,0,UCNwsFyzI6pliqwpZ8a8dlzQ,Abdullahi Qiso,129,23,,title_only_greenland_generic_or_numbers
2kImZwVK7v0,🇬🇱GREENLAND🇬🇱,,2023-11-29T22:48:13Z,12,1437,11,9,UCIAeL5J-0id1yYE5-goHF2w,Mr.Jaxon Pruitt,7050,798,,title_only_greenland_generic_or_numbers
Uzf6BIESKRo,Greenland,,2023-12-04T09:00:30Z,46,15,0,0,UCfdoAUABrwq7lXXnOFSUvQw,Maharshi Pandya,0,4,,title_only_greenland_generic_or_numbers
INqQ3zrNgfE,Greenland,Travel by Kris in Greenland,2023-12-06T18:55:30Z,80,99,0,0,UC2bbKXigKLtQUvBEeQW65QA,Travel by Kris,18,27,,title_only_greenland_generic_or_numbers
ZWgBda1yvjc,🌵🌵🌵 Greenland 🌄🌄🌄,,2023-12-08T09:19:51Z,43,84,9,3,UCWWzqmf9TvHZMluCnGqQiYQ,Nattin puram stories ,616,460,,title_only_greenland_generic_or_numbers
HQaOEt9tjJ0,My Greenland,"During Fall 2016 I visited Greenland for the first time & specifically the Ilulissat & Disko Island areas.  Greenland simply amazed me with its vast landscapes, its people, the night sky and that ice - wow!   With this short film I've tried to show what Greenland felt like to me - peaceful, inspiring, powerful, and so beautiful.  I can hardly wait to get back there!

The footage is combination of time lapses and aerial drone flights.  The time lapses were all shot with my trusted & reliable Nikon gear while the aerial footage is from my freshly purchased Phantom 4 (which we named Enriqué).",2023-12-09T16:45:49Z,154,200,12,2,UCkUqFGL9kh2JH4bbpY3ipxQ,David McColm,424,37,CA,title_only_greenland_generic_or_numbers
L6UzMqepEKE,"Greenland💐 #shorts, #youtubeshorts",#ytshorts #shorts #trending #viralshorts,2023-12-10T11:10:00Z,61,13,1,0,UCkS28tI7wvY_gZ1BrtsKwyw,Majeed gul Khaskheli,4,13,,title_only_greenland_generic_or_numbers
mnfg6MTqVA0,Greenland #greenland #shorts,"title : Greenland 
#greenland 
#shorts",2023-12-23T07:24:40Z,10,3224,28,1,UCezUGvPqbI9mEC_qAd0EpVA,travelearth,1690,1084,IN,title_only_greenland_generic_or_numbers
kgRpIwbvksI,The Greenland,,2023-12-28T06:41:47Z,16,42,5,0,UC5r82ZVrrXASca0QDcVFVDQ,BLACK_*_SQUAD@🔥,13,55,,title_only_greenland_generic_or_numbers
chaaMkqvczo,Greenland,#greenland #greenlands #greenlandscape #ias #upsc #upsccse #civilservices #upsccivilservices #iasips #iasupsc #upscexam #iasexam #cseexam #upsccseexam #generalstudies #currentaffairs,2023-12-30T11:57:38Z,58,3421,196,2,UCi73-p09as4fkn4HK_Xrywg,Chahal Academy,252000,2949,IN,title_only_greenland_generic_or_numbers
oWJ0di7RlwA,greenland☠️,,2024-01-04T15:10:10Z,13,2615,45,1,UCFRJuX4MSXRiTJgpwYXT_-Q,sero games,682,919,,title_only_greenland_generic_or_numbers
mSvfbG74hTo,Greenland,,2024-01-11T19:36:08Z,848,107,1,0,UCPrP5EM0CWa7DsyQRkta5bQ,mooneyestudio,434,167,SK,title_only_greenland_generic_or_numbers
OyRj9U-gFpY,greenland #youtubeshorts #shorts,"greenland #youtubeshorts #shorts
#contenant #denmark #antactica #geography #snowland",2024-01-22T17:00:43Z,11,2,0,0,UCcQUUcG9IO8ri-nV9kmwWeA,InsightInflux,23,4,PK,title_only_greenland_generic_or_numbers
CPqS8RgKyUk,GreenLand💚,"Cinematography
#cinematic 
#editing #greenland",2024-02-09T11:51:56Z,21,58,10,0,UCBLmBPuQe_DSwK2zGDDcTlw,Me Khandesh cha,153,18,,title_only_greenland_generic_or_numbers
AYD8vFzvWjs,Greenland,"Provided to YouTube by TuneCore

Greenland · DANTILEVRA

Greenland

℗ 2024 DANTILEVRA

Released on: 2024-02-13

Auto-generated by YouTube.",2024-02-13T09:42:36Z,310,2822,38,1,UCjLJbERYsjQFagA3IXUeWXQ,DANTILEVRA - Topic,48,12,,title_only_greenland_generic_or_numbers
bbdSTWE12JU,Greenland 🇬🇱,,2024-02-18T05:42:23Z,17,35,0,0,UCyAkbr3_znRt0ZIiNZVTpeg,𝐁𝐄𝐋𝐋𝐈𝐂 𝐄𝐃𝐈𝐓𝐎𝐑,144,91,,title_only_greenland_generic_or_numbers
cW2MRLM5SRg,Part 12 | Greenland🇬🇱 | #greenland #shorts,,2024-02-24T20:19:12Z,11,8641,107,4,UC8_IwTO3SDBAkusTBtoT3gw,Cube Gamer,3580,191,,title_only_greenland_generic_or_numbers
yok5l8HyryU,Greenland 2020,,2024-02-25T13:20:16Z,64,43,2,0,UCnCKEsM-5YlwJWn7WqA4GDQ,Ismail Sona,1630,356,SA,title_only_greenland_generic_or_numbers
tflMAeB_e1c,Greenland,,2024-02-29T06:41:42Z,283,127,2,3,UCtan3Oz_8TVzoRoDPIlrlVQ,Max De Jesus Cotija,175,19,US,title_only_greenland_generic_or_numbers
LHI-pW9EDU4,#greenland,,2024-03-02T18:00:49Z,6,207,4,0,UCJxIyIByRuSsK0WUnZ7DCsQ,Adriane Muñoz ,3920,533,,title_only_greenland_generic_or_numbers
9aUVyBa3Q3k,Greenland,,2024-03-07T10:43:10Z,33,63,1,0,UCNanr30sZMKY0GftMBTwzHw,Tanya Better Days Vacation,0,12,,title_only_greenland_generic_or_numbers
nH0vwl0yXoM,#greenland,,2024-03-10T12:35:26Z,16,40,7,0,UCG87XtfoTqxPgWHmzGuvpTg,𝐩𝐫𝐚𝐠𝐲𝐚 𝐯𝐞𝐫𝐦𝐚,416,276,,title_only_greenland_generic_or_numbers
QHSpV5TmBZM,Greenland,Greenland Yxnug navigator @YxnugNavigator-dq5dn  follow n subscribe to my channel 🥶#greenland,2024-03-20T20:02:56Z,170,19,0,0,UC9wPSyKCybChUlLHAIt85zQ,Yxnug Navigator ,59,65,,title_only_greenland_generic_or_numbers
0Up7htFoLvw,Greenland August 2023,Our two-week trip on both the East and West sides of Greenland abord Seabourn Venture.,2024-03-22T23:42:36Z,1550,315,6,0,UC4CHknhvi4i_yQevtbEkB-A,Keith Spears,0,2,,title_only_greenland_month_year
7JPGAzDOZNk,Greenland #shorts,"Greenland 
Greenland is the world's largest island, located between the Arctic and Atlantic Oceans. It's an autonomous territory within the Kingdom of Denmark, known for its stunning icy landscapes, glaciers, and fjords. With a small population mainly concentrated along the coastline, Greenland's indigenous Inuit culture is deeply ingrained in its traditions and lifestyle.
#youtubeshorts #greenland #worldunveiled",2024-03-28T14:30:03Z,38,209,2,0,UCGsVSilC8ymgU0w8uSz8cbQ,World Unveiled,40,46,,title_only_greenland_generic_or_numbers
QEzOL6jjpHA,Greenland #greenland,"Greenland #greenland 

#new #viral #shorts #greenland",2024-04-02T10:01:05Z,38,146,7,0,UCJZvbiV7XUXA0I_N2cSaUSg,All in one,802,734,,title_only_greenland_generic_or_numbers
r8mpN9EY5M4,Greenland,,2024-04-03T06:57:58Z,12,6,4,0,UCm1934ZkX-MaSGByf04RDMg,Sampath ,6,22,,title_only_greenland_generic_or_numbers
_2BP2FIpmrs,Greenland 💚🍏,,2024-04-05T08:41:19Z,24,8,0,,UCwlS6YbaKLwtRGBPAR1BJuQ,🎀GIR🎀,600,1025,,title_only_greenland_generic_or_numbers
qne8G900QJM,Greenland,Welcome to my YouTube channel Beauty Bat.This channel is related to nature shorts.Nature is a vast canvas of beauty and wonder where lush forests whisper secrets mighty mountains stand in silent majesty and crystal clear rivers dance their way through valleys.,2024-04-05T14:38:14Z,12,4,0,0,UCB8B_d2ISKx1Oq9VPRJdk1w,Beauty Bat,1,4,PK,title_only_greenland_generic_or_numbers
fhbx4QQP3hw,Greenland,,2024-04-09T19:56:53Z,16,6,0,0,UCsJaSV9gYfCEDI23W2MWc6w,☭ K͓̽i͓̽n͓̽g͓̽D͓̽i͓̽n͓̽o͓̽B͓̽r͓̽a͓̽z͓̽i͓̽l͓̽,498,682,,title_only_greenland_generic_or_numbers
qIwwAuVGDmY,Greenland,,2024-04-10T19:40:59Z,16,2,0,0,UCsJaSV9gYfCEDI23W2MWc6w,☭ K͓̽i͓̽n͓̽g͓̽D͓̽i͓̽n͓̽o͓̽B͓̽r͓̽a͓̽z͓̽i͓̽l͓̽,498,682,,title_only_greenland_generic_or_numbers
juzGoU5bm6I,Greenland,Greenland  #shorts,2024-04-10T21:30:05Z,8,422,17,0,UC1nXIF4P7JTlBUq0gMKNlBQ,viajantes,179,259,CR,title_only_greenland_generic_or_numbers
zQd53q16cd0,GREENLAND 🤗🤗#trending #viral #viralvideo #greenland,,2024-04-11T14:26:46Z,48,8,1,0,UCjHOZMLqrviNYARILfru5GQ,Apex Vib3zz,5,37,,title_only_greenland_generic_or_numbers
qdzBq0rqpOQ,Greenland,,2024-04-11T19:32:20Z,16,435,8,0,UCsJaSV9gYfCEDI23W2MWc6w,☭ K͓̽i͓̽n͓̽g͓̽D͓̽i͓̽n͓̽o͓̽B͓̽r͓̽a͓̽z͓̽i͓̽l͓̽,498,682,,title_only_greenland_generic_or_numbers
RajtS-degfE,Greenland,,2024-04-11T19:34:23Z,16,2,0,0,UCsJaSV9gYfCEDI23W2MWc6w,☭ K͓̽i͓̽n͓̽g͓̽D͓̽i͓̽n͓̽o͓̽B͓̽r͓̽a͓̽z͓̽i͓̽l͓̽,498,682,,title_only_greenland_generic_or_numbers
6QdGosCbSpc,Greenland,,2024-04-11T19:35:17Z,16,1,0,0,UCsJaSV9gYfCEDI23W2MWc6w,☭ K͓̽i͓̽n͓̽g͓̽D͓̽i͓̽n͓̽o͓̽B͓̽r͓̽a͓̽z͓̽i͓̽l͓̽,498,682,,title_only_greenland_generic_or_numbers
v6Q6dqAcs7Q,Greenland 🎬🎥🌎,,2024-04-13T18:18:44Z,19,10,2,0,UCE7WpSiP5m3uTK6oMsaUBZg,Interfilm Productions,15,64,DK,title_only_greenland_generic_or_numbers
eb8eC94K7Bc,Greenland,,2024-04-14T04:21:47Z,6,7,0,0,UCRv64Zs8mhcFwSE30M2Kxdg,abi,34,110,,title_only_greenland_generic_or_numbers
N-ewjpAZxCo,greenland🇬🇱🇬🇱🇬🇱🇬🇱,,2024-04-16T05:21:32Z,16,95,1,0,UCswQxFhjCEuwntUQJAh2C2Q,shhh,562,179,,title_only_greenland_generic_or_numbers
dbqwnOWGi38,greenland,,2024-04-17T05:42:37Z,16,50,0,0,UCswQxFhjCEuwntUQJAh2C2Q,shhh,562,179,,title_only_greenland_generic_or_numbers
f75GJdRiLAo,Greenland 2019,,2024-04-29T18:31:44Z,137,18,0,0,UCcp8w9_FYGDe6dvHj2_vdkg,Kevin McGinnis,4,28,,title_only_greenland_generic_or_numbers
S_Nuf80t6ms,Greenland,Greenland 2022,2024-05-05T22:00:13Z,28,17,0,0,UCzkJ4AQoWz58YaUBI0fv2uA,Good story,4,17,,title_only_greenland_generic_or_numbers
ed9QiE42j_M,Greenland 12 m.n,,2024-05-20T13:12:36Z,86,27,1,0,UCe9Tjl3XzW3p6jZk9D7G3iw,Artemyo vlog  kung saan sikat ka dito,379,441,,title_only_greenland_generic_or_numbers
WGoXyf98QVg,#greenland,,2024-05-20T16:37:00Z,21,29,2,1,UCTJSS3jEzTB3E4zDXEl7kSQ,Vicky,22,40,,title_only_greenland_generic_or_numbers
YwpLv6whFqA,Greenland 🇬🇱 ❤️❤️❤️🖼🖼❤️❤️❤️❤️,,2024-05-24T06:16:56Z,16,3,1,0,UCF9PKH5-fjtJqHy59rOT3Xg,Pavel ,29,349,,title_only_greenland_generic_or_numbers
MLkmIL0DigE,Greenland,,2024-05-26T04:27:47Z,8,255,4,0,UCzurx-oIzAzZ8JIJ7rjCqow,I MAD  [DO NOT HATE] ,1740,1115,,title_only_greenland_generic_or_numbers
M560cnVxwys,Greenland #shorts #greenland,Greenland #shorts #greenland #short #trending #youtubeshorts,2024-05-26T07:25:00Z,16,349,2,0,UCQR2XtWUSBR0tNfPcUB9f4A,official dev raghuwanshi ,744,196,IN,title_only_greenland_generic_or_numbers
jwmRnQDWBX8,749) Greenland (2020) - 8 April 2024,"Steve's Honest Movie Reviews in under 60 seconds!
#60secondmoviereview #60secondmoviereviews #movie #movies #moviereview #moviereviews",2024-05-27T21:26:50Z,45,306,8,0,UCJJ2AgUp4QIwq0pp--X_yYw,Steve's Movie Reviews & Stuff,874,2377,NZ,title_only_greenland_date
nXhsp9uJEdo,#greenland,,2024-06-08T17:03:46Z,24,96,4,0,UCJYWYitbBkzGXj-cCAIlEJA,US life with Meena,116,171,,title_only_greenland_generic_or_numbers
DOux6BBd_as,#greenland,,2024-06-10T15:04:21Z,29,558,15,0,UC0JDNL5_Lc1QHnmDP5QleRQ,GREEN land,2870,209,PK,title_only_greenland_generic_or_numbers
ENeDfFhCzeo,#greenland,,2024-06-21T10:42:38Z,27,466,14,0,UC0JDNL5_Lc1QHnmDP5QleRQ,GREEN land,2870,209,PK,title_only_greenland_generic_or_numbers
qZ963cBB0WM,Greenland,,2024-06-27T05:46:14Z,16,145,1,0,UCLw-_gYldIwe4OjfWD9jWnA,My life my rule,68,323,IN,title_only_greenland_generic_or_numbers
PJk6pRXr2bw,greenland,,2024-06-28T06:25:51Z,30,48,0,0,UCdlS8Rdzz5P9RPce0BRXpBQ,Han,5,9,,title_only_greenland_generic_or_numbers
TJthAGCIAro,#greenland,,2024-07-01T19:04:08Z,39,152,7,4,UCud06IeIjYipMGMwoYCYRAQ,Raj patel Usa,10900,1760,,title_only_greenland_generic_or_numbers
LqLO0i-aZrU,greenland,,2024-07-02T01:44:55Z,25,447,5,0,UCMHC7V9edA1O6OwPCywYZhw,Kapaddek TV,215,205,,title_only_greenland_generic_or_numbers
t3YspfG1HMI,Greenland,,2024-07-02T02:56:52Z,9,4,0,0,UCrKX6_VkMfPUtOZ1-fQCsmw,Ammar,5,35,,title_only_greenland_generic_or_numbers
MXVddaS0BSI,Greenland,"Greenland
#atlas #study #learn #learning #fun #shortsvideo #vdeo #country #countries #educational #education #educationalvideo #learning #learn #video #videos #shorts #short #shortsfeed #short #shortvideo #shortsvideo #Greenland #youtube",2024-07-06T01:00:07Z,23,5,0,0,UCjhYJsk796uhpHNxaYuWDzg,Nerd Nerd Go away,156,692,IN,title_only_greenland_generic_or_numbers
6Co6trHEjvU,Greenland,,2024-07-06T07:03:57Z,10,2157,49,7,UCeU25DQdyzCXGeHpEtL5dag,★LILY★,119,62,,title_only_greenland_generic_or_numbers
3yDP85erSPE,Greenland 🇬🇱,,2024-07-06T22:24:41Z,27,442,9,0,UCdo4lVIbFUnHu2O5mrCS1KA,Ross,366,149,,title_only_greenland_generic_or_numbers
eHkK1LwogYg,#greenland,,2024-07-07T16:35:42Z,6,315,5,0,UCea-cV3V5V0wF11u7VmW6xg,RachitDinosaur ,1950,2875,GB,title_only_greenland_generic_or_numbers
nlrjbiIIVq4,#greenland,,2024-07-10T07:23:45Z,13,439,4,1,UCdvJ6x65hDlpR34mCGaKtBg,Carlos calip,5,18,,title_only_greenland_generic_or_numbers
jCd5K6pK_qg,Greenland July 2024,,2024-07-13T10:07:52Z,1540,872,31,4,UC7KUfY7Gmhb7fijtRkp_jQQ,James Hagedorn,535,60,,title_only_greenland_month_year
f8xSiAMo0ys,Greenland,,2024-07-18T18:36:17Z,37,434,10,0,UCoE1M3N8uHZIE04euM3JWSA,Ashish kumar,111,73,,title_only_greenland_generic_or_numbers
3LGnI9yIsoE,Greenland,,2024-07-19T01:10:23Z,9,513,9,0,UCsmafYwfL550PyGY_9snG5A,happy SAG,88,204,,title_only_greenland_generic_or_numbers
Ev9fMiUbcdk,Greenland,,2024-07-20T03:37:30Z,11,17,1,0,UCYlF9Oo8WMpXxX0NEEA0PYw,Makz the student,433,472,,title_only_greenland_generic_or_numbers
Aa0VO4ijBEY,Greenland,,2024-07-20T18:01:20Z,9,31,1,0,UCDVaX4zyJxd6eTnpnBK1Uqg,Cruises and Places,87,72,,title_only_greenland_generic_or_numbers
MQzPRcPmoVg,Greenland,,2024-07-26T18:53:12Z,13,453,10,0,UC9Iuy5T9s7f8g39-wTmBeww,Kayden,9,62,,title_only_greenland_generic_or_numbers
B1YR5kx99So,Greenland,"Greenland, the world's largest island, offers a breathtaking blend of stark, icy landscapes and vibrant, culturally rich communities. Ilulissat, located on Disko Bay, is famed for the Ilulissat Icefjord, a UNESCO World Heritage Site where colossal icebergs calve from the Sermeq Kujalleq glacier. This spectacular natural wonder is a gateway to experiencing the raw power of Greenland's ice.

Nearby, Disko Bay is a haven for whale watching and exploring the Arctic waters. Qeqertarsuaq, on Disko Island, features dramatic volcanic landscapes and lush valleys, offering a stark contrast to Greenland's icy environment. The town itself is charming, with colorful houses and a rich history tied to Norse settlers.

Embarking on a cruise down Greenland's west coast reveals stunning vistas of towering icebergs, rugged coastlines, and remote settlements. This journey provides a unique perspective on the island's vast and varied terrain, with opportunities to see diverse wildlife and visit traditional Inuit communities.

Nuuk, the capital, blends modernity with tradition. The city boasts museums, such as the Greenland National Museum, which houses a wealth of artifacts and exhibits on Greenlandic culture and history. Nuuk's vibrant arts scene and culinary offerings make it a fitting end to an unforgettable Arctic adventure.",2024-07-28T21:15:51Z,1243,1648,40,2,UCKhqJu3Uv1bhnFGZmc5aGSg,Sawdust By The Sea,93,57,US,title_only_greenland_generic_or_numbers
H-4PIPuT-0Y,greenland,,2024-08-02T18:59:22Z,16,0,0,0,UCklk-2MpqTTbljF5tuY7PFA,Mercy Bala,0,2,,title_only_greenland_generic_or_numbers
6n9Asa0CtiI,Greenland,"Most of us are in trouble! #countryballs 

#polandball #history #meme #animation #funny #pbyt",2024-08-09T14:00:11Z,36,2969516,167789,2290,UCZLOi_T4PJ0Wg9oBrM5X8eA,Polandball Official,783000,1059,SE,title_only_greenland_generic_or_numbers
YcyMQTCDP6A,Greenland 🦚😛😍,,2024-08-10T07:18:18Z,16,73,5,2,UCcHIrkb45_Z63tddgxwuQxg,Komalstar,83,215,IN,title_only_greenland_generic_or_numbers
iiPClGISlpQ,Greenland,,2024-08-12T01:42:31Z,16,142,6,2,UCcHIrkb45_Z63tddgxwuQxg,Komalstar,83,215,IN,title_only_greenland_generic_or_numbers
oNgLhWtyq20,Greenland 😛🌱,,2024-08-13T06:39:33Z,16,421,12,2,UCcHIrkb45_Z63tddgxwuQxg,Komalstar,83,215,IN,title_only_greenland_generic_or_numbers
uUGhRK5EiOk,Greenland💐💐,Greenland💐💐....,2024-08-14T13:13:49Z,31,12,1,0,UCIR1t2nfO-p418oVqR8723w,Life in short ,1170,99,,title_only_greenland_generic_or_numbers
dib_Uepmj-c,Greenland? GREENland?,,2024-08-18T02:50:22Z,7,78,0,0,UCWYtGXL2eakMK_Z-WJEYqkg,EllerpaiCG,216,292,,title_only_greenland_generic_or_numbers
mf8zWZZdcR8,#greenland,,2024-08-18T20:12:20Z,60,3,1,0,UCkvpGjCeQB_7qF9KfY3mXzg,Jyoti Singh ,4,53,,title_only_greenland_generic_or_numbers
I_RfyLTs74Y,Greenland,,2024-08-20T02:18:09Z,19,450,21,0,UCzrJkFgpVoZhzzO2G3D1Qhg,Sana Shafi telugu channel,167,92,IN,title_only_greenland_generic_or_numbers
RL9-L5qu3ac,Greenland🇬🇱,,2024-08-22T03:49:02Z,17,11,6,0,UCutIwZquGbUli89a4JCyNOQ,World Top 10,13,102,,title_only_greenland_generic_or_numbers
UBbuCnzv_h8,Greenland,,2024-08-27T18:53:27Z,11,1416,144,0,UCx1Kn2N5WXKZeXCGRXdkZVQ,Seiboi Touthang,16400,210,,title_only_greenland_generic_or_numbers
nfI2YAvKrLY,#Greenland♥️,,2024-08-29T12:13:41Z,6,120,4,0,UCPTZb6S-4H-IkFVqOXbmJMQ,Margrethe Street,11,2,,title_only_greenland_generic_or_numbers
0SilJXH7JgU,Greenland 💚💚💚💚💚,,2024-08-31T00:30:00Z,16,416,5,0,UCqiWq4erGjtcojigKew7y5w,Adhi and baby,5980,3171,IN,title_only_greenland_generic_or_numbers
RaEBpsPho9o,Greenland,,2024-09-01T03:58:46Z,28,75,8,0,UCvtFXLFPlcbJE3p-EdhWHNA,Tongz Kie,5660,20,,title_only_greenland_generic_or_numbers
c1bLC9aEVgk,Greenland,,2024-09-02T03:26:42Z,32,405,7,0,UCuho7HoI2BUZjH2yWnnM8Dw,jyoti singh vlog,1570,893,,title_only_greenland_generic_or_numbers
OIijtDlhdmA,Greenland🌱,,2024-09-05T06:04:20Z,16,444,7,0,UCCXIecmv2EvAXMd0s1hL2sg,lens_art,306,711,,title_only_greenland_generic_or_numbers
EcLYM9Tr0dY,Greenland?,,2024-09-06T05:20:37Z,21,42,1,0,UCISX9Do-V6zorUJzmi4jNbw,Christy Lane,50,17,,title_only_greenland_generic_or_numbers
pwnxjRyjKUQ,Greenland,,2024-09-15T15:20:23Z,55,555,13,0,UCOikTssRjtfP2z_zCPAkE2w,Moto Stoked,66,31,,title_only_greenland_generic_or_numbers
MQMInuHeDHM,Greenland,"世界第一大岛￼格陵兰拥有原始、壮丽的自然美景，展现出独特的北极风光。广袤的冰原覆盖了大部分土地，晶莹剔透的冰川从高耸的冰盖上缓缓流向海洋，形成了巨大的冰山，漂浮在湛蓝的北极海水中。岛屿的海岸线被深邃的峡湾切割，极地的阳光在冰面上折射出耀眼的光芒，令人目眩神迷。

格陵兰的天空宽广而纯净，极光在冬夜中舞动，如彩色的丝绸般流淌在星空下。夏季时，午夜的太阳永不落下，赋予这片冰雪之地一种永恒的光芒。而在沿海的彩色小镇中，房屋散落在冰雪和山丘之间，点缀着这片白色世界，既孤寂又充满宁静的力量。

格陵兰的美是粗犷、神秘、与自然的纯净力量相融合的，令人敬畏和深思。",2024-09-17T16:50:03Z,63,15,1,0,UC2GPikqkoiAMj65JmEKs-mg,Dream catcher,53,127,,title_only_greenland_generic_or_numbers
VlR5dEKniGU,Greenland's,,2024-09-17T19:22:17Z,47,132,5,0,UCoipHvGl10Xj4rf3GA9YSdw,Alamin Dhali,245,143,,title_only_greenland_generic_or_numbers
134PMOy3G5c,#Greenland,,2024-09-19T14:55:18Z,21,50,0,0,UCoTPqQQx1DBW7Ka2toPL40A,Febfest ,81,192,,title_only_greenland_generic_or_numbers
uxh7MXn1DO4,#greenland,,2024-09-20T13:11:43Z,9,10,0,0,UC8Y1RsN9VpMOxsdUZz7tjsQ,Uguess Bouchaa,430,614,,title_only_greenland_generic_or_numbers
XiANH1FDXr0,Greenland,,2024-09-26T18:45:35Z,60,123,3,0,UCIFXO_IPxcyxYmUsmhuNHLw,BASUKA HERBALLIFE,63,182,,title_only_greenland_generic_or_numbers
_FEkQqe3YcA,greenland #shorts,,2024-09-30T05:08:36Z,15,3,,0,UCrEei9gVAjSKoC2SKdyB3yg,ARTO Is Back,277,272,BD,title_only_greenland_generic_or_numbers
T4KdLQHvbFo,#greenland,,2024-10-03T15:35:04Z,14,181,1,0,UC1uC1cSkXNbWpe6rGpJVBEA,Aliza Esser,8070,1685,,title_only_greenland_generic_or_numbers
r5QUA_PfpDI,GREENLAND,Greenland dingin sekali tidak panas banyak pepohonan juga es,2024-10-11T03:17:05Z,16,3,2,,UC1VgnUodsglBR-1XoSh9XCA,@FILLIOAHZA,8,16,DE,title_only_greenland_generic_or_numbers
LuOEXgvTGvk,GREENLAND,"Greenland tempat impian bagi semua manusia, sejuk udara bersih bisa nambah kesehatan",2024-10-11T07:15:48Z,16,1,0,,UCQD1H7mY7-aYGCdaeXrAv8Q,@KHAYLAALMEIRA11,12,14,ID,title_only_greenland_generic_or_numbers
a6sgAEjhop8,Greenland,,2024-10-14T02:47:58Z,23,8,9,2,UCnj-469cShzldON3HRPI0UA,মনোরঞ্জন ,57,356,,title_only_greenland_generic_or_numbers
fvPyyAkr2c0,Greenland,,2024-10-14T22:45:17Z,14,904,34,0,UCa_FDQ2HirkHE-P0XWIBwtg,Gopal,1000,768,,title_only_greenland_generic_or_numbers
nwGsr_9wAjw,Greenland,,2024-10-17T06:53:08Z,60,53,5,0,UCMG_yQ-VgC2I-vHwWqBb0wQ,Puja Bhandary,137,62,,title_only_greenland_generic_or_numbers
d4mqemXyj2s,Greenland,,2024-10-19T19:38:58Z,16,451,12,0,UC8C34aE-sdUhvUSl5R41gEw,Nguyễn thắng vlog,35,62,,title_only_greenland_generic_or_numbers
RxLM0dRj058,#greenland,,2024-10-20T17:09:50Z,3,2,3,0,UChHSYas2bN3i5c0JJAvwrEg,Yusra Munir,87,161,,title_only_greenland_generic_or_numbers
3duyD6vteS4,#greenland,,2024-10-20T17:11:08Z,3,3,3,0,UChHSYas2bN3i5c0JJAvwrEg,Yusra Munir,87,161,,title_only_greenland_generic_or_numbers
YhCcLz-3FMk,Greenland,,2024-10-25T04:12:18Z,16,362,17,1,UCTAAE3PX3VCRSOlmbkOhyOQ,Tacaz Game ,25,25,PK,title_only_greenland_generic_or_numbers
_q2XwiR81mg,Greenland video 2024,Holiday video from Greenland 10. October 2024,2024-10-25T19:16:46Z,68,14,1,0,UCi4c8EPf3XLZOiHZm-hA2yg,Thomas Christensen,27,42,DK,title_only_greenland_generic_or_numbers
kRf9NsJY2ns,Greenland,#greenland #mountains #nature #travel,2024-10-26T17:45:22Z,60,531,16,0,UCzbWTzCBWK_-p5GBC5FWbvQ,Kakirman,68,15,,title_only_greenland_generic_or_numbers
690sI5PBcqw,Greenland 💚,,2024-11-01T07:16:22Z,61,74,5,2,UCD_iYttJdotkL7ZC2J5ENAg,"krishna,all activity chennel",25,101,,title_only_greenland_generic_or_numbers
C8SW0YkwaAk,Greenland,All about Greenland,2024-11-08T00:18:36Z,319,15,1,0,UCBRyWMKE0uoW7Pyo_K634QA,Lboy,394,52,US,title_only_greenland_generic_or_numbers
klSjrI8jB7A,Greenland,,2024-11-08T02:21:03Z,42,525,,0,UCOsGZ5_NkCefxckkSupTTjg,Daily Life ,45,62,,title_only_greenland_generic_or_numbers
1kzFd0tFcuE,Greenland April 2024,,2024-11-10T02:55:18Z,523,41,,,UCVXpd-tgSC-D6MUPFrYc3eQ,privatevideomaker,427,47,,title_only_greenland_month_year
Q_FdErxMrqA,Greenland video☘️🌿,,2024-11-10T03:53:25Z,7,446,67,0,UCLxFrU6jErSqUdl7ICQIaWQ,wall decorators hosur manjunath,1750,609,,title_only_greenland_generic_or_numbers
uO6Z3NAaQxo,Greenland 🇬🇱 #greenland,,2024-11-28T03:33:32Z,16,435,6,0,UCzXCv-qjjqPq5HHDuaRdFFQ,Raavanan Karnan,923,646,,title_only_greenland_generic_or_numbers
YyHFx9y9btI,#shorts #greenland,"#greenland #travel #travelvlog 
#appithetravelvlogger 
#shortstravel 
Use #copyrightfreemusic 
YouTube music library
#sarva
#servagam
#india",2024-11-29T06:26:01Z,12,666,,0,UCMgXTinbv-HXz3nT7_SZNCQ,Appi The Travel Vlogger,4900,998,IN,title_only_greenland_generic_or_numbers
FFVMVjGi_OQ,🏞🌊#greenland🌌🌌,,2024-12-10T09:10:51Z,28,7,0,0,UC1YhaI8dhVkBKurTJ9jGuBQ,Gulshan Raj,54,176,OM,title_only_greenland_generic_or_numbers
yeTcRAz-mek,#greenland,,2024-12-19T20:24:51Z,20,25,1,0,UCZchNPqX_Tt9oZ5AwtHIpJg,Zəhra Hüseynova,143,645,,title_only_greenland_generic_or_numbers
uzflvlkd5GU,#greenland🏝️,,2025-01-10T08:40:11Z,38,682,6,0,UC6D1l_gVLcmUEz4uXwJouyQ,Beyond The Ordinary,230,199,IN,title_only_greenland_generic_or_numbers
EGt7WlqBXxM,Greenland,,2025-02-15T05:01:06Z,151,52,7,2,UC0jSB6O5cFsObHKnkQ6vNfA,Maari,20,38,,title_only_greenland_generic_or_numbers
Cz06DUHWU5U,GREENLAND,"Much talk about our 52nd state so I thought you might like to hear an old whaling song about GREENLAND.  Check out my other videos:  https://www.youtube.com/watch?v=0fFgDjQF6Fc
 https://www.youtube.com/watch?v=0fFgDjQF6Fc
 Enjoy!",2025-02-22T00:29:17Z,173,54,2,0,UCpSDx48UfeX_fgAbtZEsYUg,William Darrow,103,20,US,title_only_greenland_generic_or_numbers
xwIg-NiCUf4,Greenland,,2025-03-05T03:59:47Z,44,500,3,1,UCVFFMWvhMpFPWtQg4KHbTfQ,Jeff Droz,7,13,,title_only_greenland_generic_or_numbers
rzORU9PynxI,GREENLAND,"A original song, based on current events.",2025-03-12T00:57:41Z,149,203,5,0,UCCPIWq8X9XJtCGYNT8FmCOA,Rich Maschner,35,47,,title_only_greenland_generic_or_numbers
YrW6psoWW-Q,#Greenland,,2025-03-16T08:58:39Z,13,31,3,0,UCGqFNnywAb0keYDqi2K9m5g,Cheziee,5,11,,title_only_greenland_generic_or_numbers
_5H0prfnF3Y,greenland,"Provided to YouTube by DistroKid

greenland · Wearfoi · Wearfoi

TRAIN WAR

℗ freedomtothesound

Released on: 2023-12-17

Auto-generated by YouTube.",2025-03-27T02:44:03Z,140,11,0,0,UCz6S8plgz9QXaSYfwMSNYGw,Wearfoi - Topic,12,71,,title_only_greenland_generic_or_numbers
tlp-gXg-6Qo,Greenland,,2025-03-27T20:07:09Z,17,151,1,1,UCkfzsJnFA8qFStmUwUNxwgQ,Baby grey Roblox ,42,44,,title_only_greenland_generic_or_numbers
tZsRbJ0jeSw,#greenland,,2025-04-29T22:09:20Z,28,1811,5,0,UCZKWH_nIl7BP3eQA6YYUG_g,The Land of Ice Official,2030,232,PH,title_only_greenland_generic_or_numbers
Bz8caN_tYsM,Greenland,,2025-05-02T18:07:36Z,59,1052,12,2,UCyzhrFiXnXEreJTEdYPPWew,Measure Cut Craft,389,104,,title_only_greenland_generic_or_numbers
y6kwizrOfeM,GreenLand,,2025-05-03T23:35:05Z,62,910,13,1,UCE8OPkcej0JpYDCCPgWwS5g,GeoVibesUSA,10,37,US,title_only_greenland_generic_or_numbers
JAnPVRLIwJ8,Greenland,,2025-05-04T18:41:54Z,54,15,0,,UChmZbSIt3Tbc879vhoehM9A,Özgül UZUN,144,74,,title_only_greenland_generic_or_numbers
73tCG862360,GREENLAND,,2025-05-05T05:46:36Z,56,147,4,0,UC6RV49X9caYJMpJAx9ECOWQ,KAUSAR_AMAN_VLOG,160,33,,title_only_greenland_generic_or_numbers
bfenuIIK8sM,Greenland,,2025-05-06T05:00:52Z,60,267,1,0,UCh7p3qif0XyAMHf7qckAhDw,Smartytraveler,10,58,,title_only_greenland_generic_or_numbers
ua3msJr66n4,greenland 07.05.2025,,2025-05-07T18:37:40Z,37,384,2,0,UCKP7eNw-KhdUc3QXOk0aAzQ,guldana.akylbaikizi,81,76,,title_only_greenland_date
7MHktGk4GBk,MY GREENLAND!,,2025-05-09T23:08:27Z,10,29,0,0,UCLLswNcYmQNv4aq1dM0lenw,Denmark the maper,83,98,,title_only_greenland_generic_or_numbers
x27Y8KiMJH8,Greenland,,2025-05-15T06:11:42Z,11,1470,4,0,UCwvZ_mPlnTTjsoHR3RIGsvQ, ZX gaming 92,1080,232,,title_only_greenland_generic_or_numbers
vIgMhpcBnHA,🍀☘️💕#shorts #greenland,,2025-05-25T08:40:47Z,60,962,18,1,UCqYjNW1i678pxQUo1SG48bg,S -Tube,12900,31,LB,title_only_greenland_generic_or_numbers
OXQgU1Aq76w,#greenland 💚😚,,2025-05-28T09:15:30Z,11,205,3,0,UCRS-2El05gk_ZXNoX7oLRVQ,baksa girl,20,8,,title_only_greenland_generic_or_numbers
fOOnqaDuigc,#greenland,,2025-05-31T10:01:06Z,24,152,0,0,UC1kQCQZKHB-wT0Mh2p0_2BQ,Wander Nik explores.,68,127,,title_only_greenland_generic_or_numbers
QzxRE-Hh2KM,Greenland,"Greenland is the world’s largest island, located between the Arctic and Atlantic Oceans, and is an autonomous territory within the Kingdom of Denmark. Despite its name, much of Greenland is covered by a vast ice sheet, making it mostly white rather than green. The island is home to stunning natural landscapes, including glaciers, fjords, and the northern lights. Most of its small population lives along the ice-free coastal areas, with Inuit culture playing a central role in daily life. As the Arctic warms, Greenland’s melting ice is becoming a key focus in climate change research.

Welcome to KnowledgeBytes! Dive into bite-sized knowledge! We bring you quick, insightful videos on a variety of fascinating topics. Join us for small doses of learning and discovery!

Are you curious about the world around you? Do you love learning fascinating facts and uncovering the mysteries of our planet, history, science, technology, and beyond? You've come to the right place!

At KnowledgeBytes, we bring you engaging and informative videos that explore a wide range of topics, from the wonders of nature and the secrets of space to the intriguing stories of history and the latest advancements in technology. Our mission is to ignite your curiosity and expand your knowledge, one video at a time.

Join us as we dive into:
 - Amazing Facts and Trivia: Discover fun and mind-blowing facts that will amaze and entertain you.
- Educational Videos: Learn something new with our in-depth explorations of various subjects.
- Science and Technology: Stay updated with the latest discoveries and innovations that are shaping our world.
- History and Geography: Travel back in time and around the globe to uncover fascinating stories and places.
- Nature and Animals: Get up close with the wonders of the natural world and its incredible inhabitants.

Whether you're a lifelong learner, a trivia enthusiast, or just someone who loves to explore new ideas, Knowledge Quest has something for you. Don't forget to subscribe and hit the notification bell so you never miss an adventure!

Stay curious, stay informed, and keep exploring with KnowledgeBytes!

Should you wish to contact us, you can do so by sending an email to : contact@theknowledgeco.org",2025-06-07T08:00:33Z,43,251,,0,UCgJnVIYdamdcPsmCGQrGdsw,KnowledgeBytes,1580,264,DE,title_only_greenland_generic_or_numbers
-wtlGaffpqg,Greenland,"Provided to YouTube by DistroKid

Greenland · Gasp · Gasp

Greenland

℗ gaspmf

Released on: 2025-06-13

Auto-generated by YouTube.",2025-06-13T00:41:11Z,132,4,0,0,UCan-qNyTwLEqHdu818RlGfQ,Gasp - Topic,2,95,,title_only_greenland_generic_or_numbers
kjvwb-TeyD0,Greenland,,2025-06-18T00:54:09Z,37,1551,3,0,UCXWaLY1eBBCtm46FyfV-LMA,Stefanntorr ,253,300,,title_only_greenland_generic_or_numbers
TvSFGQki8HA,Greenland Greenland,,2025-06-22T05:53:55Z,32,115,7,1,UCdZAoVsLflqpVEx8S_txTjg,Arshiya-q2i,968,507,,title_only_greenland_generic_or_numbers
1ohee3Fvw-o,greenland,,2025-06-25T22:17:07Z,26,7,0,,UCFY43q4yzZUN-OKMkdvkLnw,OfficiallyNooby,134,114,,title_only_greenland_generic_or_numbers
b9Ki69QCk2A,#trending #viral #greenland,,2025-06-28T10:38:03Z,20,334,8,0,UCUXNIMyM0njq7xAlE75KcAA,choto the iran man @iran,29,53,,title_only_greenland_generic_or_numbers
jIt6w6VhIwo,Greenland,,2025-07-03T05:48:38Z,14,44,3,1,UCZIhkLtKNElIZJ2dIp520xA,Masud yt,20,22,,title_only_greenland_generic_or_numbers
YSlwLRiEO2E,Greenland,,2025-07-09T06:40:35Z,16,150,1,0,UCYvO3gHoZ39k09ZdXbHiEWA,m.a.g.2025,3,10,,title_only_greenland_generic_or_numbers
igQp3XvEZg4,W Greenland,,2025-07-12T02:55:46Z,11,474,4,0,UCbSALSKUygMIZ_kZhDcmNag,Alech,83,317,US,title_only_greenland_generic_or_numbers
B357EY9kKJM,#greenland#J,,2025-07-15T17:50:44Z,18,24,1,0,UCZ-tNQlkYGxRG-5ZT-eerGA,Hã4êêm ëdï5ß💀,299,127,,title_only_greenland_generic_or_numbers
nqYLrJLrDpI,GREENLAND 🇬🇱,,2025-07-16T07:01:20Z,60,29,4,0,UCXfVe_cnFa8Y-aWpTacJn8w,BHAAWNA@ SHORTS,587,894,IN,title_only_greenland_generic_or_numbers
ytUFFCGo85s,Greenland,,2025-07-19T02:21:34Z,12,1,1,0,UCg_YretDLe32l6m2gnJAAhw,Hannan Marci,0,1,,title_only_greenland_generic_or_numbers
zWh5li6G0QY,#Greenland,,2025-07-20T07:20:15Z,16,1037,1,0,UCiJh9_hSUusi9b084QF6WQQ,Tazeem Qureshi,33,58,,title_only_greenland_generic_or_numbers
6OdZAaS-AGY,greenland,,2025-07-23T03:02:32Z,7,391,3,0,UCrAI6o59prtb-92rymOu4iA,ACE VLOG,22,42,,title_only_greenland_generic_or_numbers
YnslqMsEaq8,Greenland ❤️‍🩹 🇲🇫,,2025-08-22T00:14:26Z,53,709,7,0,UCGf2W1_HhvyFL5AsdeqdThQ,Borshon Datta,44,44,,title_only_greenland_generic_or_numbers
JrduZDjGHtw,#shorts #greenland,,2025-08-22T16:37:56Z,18,18,0,0,UCAMaK21NoaAEeQfAQ2grmig,Grace,4,7,,title_only_greenland_generic_or_numbers
LJ5qRmqze4o,Greenland,,2025-09-04T04:32:33Z,16,109,3,0,UCA-BeGD9_GaYg6LHW1GAfag,Rakib Ahmed,74,150,,title_only_greenland_generic_or_numbers
CNb2xj7ywvQ,Greenland,,2025-09-10T06:39:44Z,28,306,5,0,UCXhB4PF6-CU34r7w8QLh8gw,Umer khan Shoes Material ,77,111,,title_only_greenland_generic_or_numbers
rTpRqCZHBho,Greenland❌,,2025-09-12T04:22:21Z,9,54,0,0,UCwlXq-2DYU0-ILIw3pQkb9A,Revin 😼,435,670,,title_only_greenland_generic_or_numbers
5KEPHOzFVOg,Greenland,,2025-09-24T09:30:38Z,11,175,6,0,UCNFuS0K6TdfNt3cnRiCJ9ww,Lucky vlogs 96,15,9,,title_only_greenland_generic_or_numbers
1NJawW21WqU,Greenland 2025,"Nuuk, Itilleq, Ilulissat, Uummannaq, Sisimiut",2025-10-04T02:35:47Z,832,192,12,1,UCGT3V5qjO-OwtDEgziFAtYw,Loong Chung,146,123,,title_only_greenland_generic_or_numbers
XpbBMQqSYms,Greenland,,2025-10-08T03:35:25Z,53,107,7,0,UCoMxke0t6eEv3bGFjM7B5uQ,Travelmaniac,11,4,,title_only_greenland_generic_or_numbers
Mh4TNMqYAT0,#Greenland 🇬🇱🇹🇭🇬🇱🇹🇭,,2025-10-13T17:02:56Z,20,1791,33,2,UCgK4NwJdq_UNK4-VEBU_Teg,เบียร์มาแว้ว,206,233,TH,title_only_greenland_generic_or_numbers
p3CsuXsoLH8,#greenland,,2025-10-18T17:58:03Z,28,103,1,0,UCtwuPRcK9DIFFo5qA4eNp1A, Pinoy Handyman  ,466,116,GL,title_only_greenland_generic_or_numbers
wIPtVb_bhxg,Greenland,,2025-10-18T23:35:26Z,106,1175,37,0,UC2wm7S0ftqeVmwcvqxPezgQ,Aronics Movie Trip,4,8,,title_only_greenland_generic_or_numbers
RigE2A3NDWA,Greenland,,2025-10-19T05:40:22Z,16,1763,21,0,UCI8TzLn2s0kS4paVauv3GdQ,Draji DOT com,23,29,,title_only_greenland_generic_or_numbers
hLeTgFaAhc0,#greenland,#nature #naturelovers #naturephotography,2025-10-19T13:23:12Z,6,238,2,0,UC-Z_IIZwk1k1mW3OLgDaC6g,Find me,580,517,,title_only_greenland_generic_or_numbers
aGEyJtZa4uo,@greenland 💚💚💚,,2025-10-20T05:14:26Z,8,1287,14,0,UCmerwC_OxwOwpPvtOdQqu4w,Balu Supriya,539,344,,title_only_greenland_generic_or_numbers
R-i84f5oTBM,#Greenland#,,2025-10-25T01:41:57Z,69,906,20,0,UCCeo-_28A_-dJnWz1PPVGZA,Noor Mohammad,17,41,,title_only_greenland_generic_or_numbers
-gbsnjZ_QYI,Greenland,,2025-10-28T02:07:22Z,16,2,0,0,UC9taQzyWXpwMNNFV977qd4w,นิรัชญา หมอนทอง,14,1668,,title_only_greenland_generic_or_numbers
Za8J3oCIKbY,greenland,,2025-10-30T03:57:41Z,17,25,1,1,UCRZCKAfQ-tkkyDi3diiNLQw,MegaStruct Creations,174,32,EG,title_only_greenland_generic_or_numbers
y1M5p85rBJ4,#greenland,,2025-11-03T19:31:33Z,13,3,1,0,UCjZWmkPGYdLV1DandbQ36RQ,Deep Naskar,80,328,,title_only_greenland_generic_or_numbers
xnJD8HtYGfc,the Greenland ☃️🌨️,,2025-11-12T01:45:09Z,18,13,1,0,UCVD1Z-XZRs2EH6Kqt2t5V4Q,JohnTV,0,6,,title_only_greenland_generic_or_numbers
zByjbwOpGlw,Greenland part 2,,2025-11-14T07:09:10Z,29,317,4,0,UC78l5-KO0I_S09haRJNjz4Q,knowledge liya karo ,11,8,,title_only_greenland_generic_or_numbers
Dzrx0nVc4WM,The Greenland,,2025-11-14T07:56:44Z,11,22,1,0,UChV_MM0jSFGDNR-ItMIf-tw,Suganiya Valance Stphen Tony ,29,51,,title_only_greenland_generic_or_numbers
7WEtgaavzTs,Greenland part 3,,2025-11-15T05:35:46Z,24,1095,10,0,UC78l5-KO0I_S09haRJNjz4Q,knowledge liya karo ,11,8,,title_only_greenland_generic_or_numbers
L0xwrAg9oKo,#greenland,,2025-11-15T22:11:23Z,8,7,1,0,UCgtz-ufM01i7vnJAZ1VgMIA,Chart Guru Ji,1,22,IN,title_only_greenland_generic_or_numbers
0iJYkDovTFU,#viral #shorts #the #Greenland,,2025-11-20T18:55:46Z,7,0,0,0,UCl1dg5t1pa6ujYiMCs6urDg,History Earth ,0,3,,title_only_greenland_generic_or_numbers
H9ws7ZGH37E,Greenland 🇬🇱,#Greenland #VisitGreenland #GreenlandTravel #GreenlandAdventure #ArcticLife #ArcticTravel #DiscoverGreenland #TravelTikTok #TravelReels #HiddenGems #NatureVibes #Icebergs #GlacierViews #Wanderlust #ScenicViews #BucketListTravel,2025-11-21T02:26:58Z,13,215,,0,UC6XFIr1n9jgDsxrjmyoCjaw,SightScape,126,73,,title_only_greenland_generic_or_numbers
Sof-E3PLkbQ,Greenland,,2025-11-21T08:20:23Z,9,148,0,0,UCQrSspYGzWDugCQXk8p0PSw,Stranger2904,19,85,,title_only_greenland_generic_or_numbers
OgpE7Kkst0g,👑🖐️👽🤚❄️❄️❄️🙏💙🪐Greenland 🙏,,2025-11-22T05:13:50Z,26,496,17,0,UCIxvuk0ACPIcztAYGiJHnmQ,Margo Reina de Groenlandia,801,1927,FR,title_only_greenland_generic_or_numbers
jFNIcXGQiro,greenland,,2025-12-05T04:57:52Z,18,641,10,0,UCcukaZSsBIwG4r37_TpbMWw,🫐𝙴𝚞𝚐𝚎𝚗𝚎 𝙴𝚊𝚝𝚎𝚛🫐,1530,614,,title_only_greenland_generic_or_numbers
liMF_n2xAXQ,Greenland,,2025-12-06T18:45:52Z,51,17,3,1,UCW7XxF0fFI1CjiPLEKo91aw,Amore Mio,108,65,,title_only_greenland_generic_or_numbers
BseZnYkv5Go,#greenland,,2025-12-09T22:57:35Z,14,733,4,4,UC90t_XemvtwzjRKvMNCgX1A,denmarks stuff,342,130,PH,title_only_greenland_generic_or_numbers
937pTV8SkQM,GREENLAND,"Greenland may sound green, but it’s one of the most ice-covered places on Earth. This massive island hides ancient climate records beneath its ice—and now, that ice is melting faster than ever. In this video, we explore the surprising history behind Greenland’s name, the secrets locked inside its glaciers, and why what happens there could affect the entire planet.

#Greenland #ClimateChange #MeltingIce #EarthSecrets #GlobalWarming #DidYouKnow #MindBlowingFacts #PlanetEarth #EnvironmentalFacts",2025-12-16T14:05:06Z,56,1350,32,3,UCod3jRkvFt-imInFyoSl8AQ,Flicksy,13,20,,title_only_greenland_generic_or_numbers
A2EdlHkEUFY,Greenland 2,Greenland 2,2025-12-20T02:01:15Z,14,203,2,0,UCHy_4MTauc2y2Xumi5eXRsg,Social Buzzing,1390,52,JM,title_only_greenland_generic_or_numbers
7ddK-LU2An8,Greenland,,2025-12-25T06:02:43Z,47,1392,14,0,UCSR0RdjewUycA07kZh05AOg,KIKLU,6,36,,title_only_greenland_generic_or_numbers
eWGhOlbraH8,#greenland,,2025-12-27T08:26:29Z,16,160,6,1,UC37WAJs67fAPqVt31o4C8hw,Sapna Anand jha ,68,203,,title_only_greenland_generic_or_numbers
cTK55p3yst8,#greenland #shortvideo #viral,,2025-12-27T11:12:10Z,37,1048,11,0,UC1eLyDGqzS2iQGWT9eJxHaw,SAKALA VARTHA,11700,1000,IN,title_only_greenland_generic_or_numbers
4SLf-RocaF8,#greenland,,2026-01-03T23:24:53Z,16,36,3,0,UC7RhFFOYkaR0AZAxJrmZpKg,ROBLOX67,50,30,,title_only_greenland_generic_or_numbers
qX5twcj5tQ0,Greenland #ytshorts #shortvideo #greenland,,2026-01-28T03:07:10Z,19,63,0,0,UCvC3pFOBM3_PZSdVNj01z1Q,Punjab Greenleaf Garden ,12000,749,PK,title_only_greenland_generic_or_numbers
0j6bG6yEE4w,Greenland,,2026-01-31T20:57:17Z,23,9,1,0,UCMsUEDYEflDSeiXwD6TREWQ,USAisgoat,1,10,,title_only_greenland_generic_or_numbers
MFF0v_vHJLU,Greenland,,2026-01-31T21:11:00Z,47,74,0,0,UCAeRfQb66bp6gVGcf0lZ-sw,I found Dori,474,235,US,title_only_greenland_generic_or_numbers
Z-bu87qE4D8,Greenland,salju berlafadz الله,2026-01-31T23:03:33Z,59,233,5,0,UCt0BCW3HXR96_wqnAOTAVpg,Baleu NFC Media,917,164,ID,title_only_greenland_generic_or_numbers
vjvxIMDTUrY,#greenland,,2026-02-01T02:16:02Z,8,353,1,0,UCZiJ9oRJwUnLLbt4rsa035Q,Newsiccality,92,166,,title_only_greenland_generic_or_numbers
VB1Rz45rk7w,Greenland,,2026-02-01T04:59:00Z,108,486,3,0,UCed7JMg0gV4UhVHX6wLDfsg,Nallathokke Ariyam ,23300,1393,IN,title_only_greenland_generic_or_numbers
Sq_LQGry2UQ,#greenland,,2026-02-01T15:53:12Z,10,48,4,0,UCjXO6E6KkF-5zp6X_Oh8KdA,Vajitube,22200,1472,PK,title_only_greenland_generic_or_numbers
k8hIFxQonXs,Greenland,Been writing this the last couple weeks. Hope you like it! Wishing strength to Greenland from Sweden. Inspired by the goat Jesse Welles #greenland #iceland #grammys2026 #jessewelles,2026-02-01T19:18:56Z,132,626,40,23,UC8_iD8rfpA2_Mlo5cl1IflA,Erik Rudholm,523,290,,title_only_greenland_generic_or_numbers
B1Dt_6kboVo,#greenland,,2026-02-05T01:14:50Z,15,75,1,0,UC2Klz4bAmLL0ppwTs4B512g,evan kirstel,119000,2729,US,title_only_greenland_generic_or_numbers
9mFXnnF2k18,💚GreenLand,,2026-02-15T20:35:07Z,59,4,0,0,UCkhcHDaegax5AXge70GeWTQ,moonroxxx,4420,2509,,title_only_greenland_generic_or_numbers
r5LXyCmJqDM,#greenland,,2026-02-16T02:39:16Z,63,1053,33,0,UCQR413zrJy3_K5klIRNCMhg,Daily Briefing,231,226,,title_only_greenland_generic_or_numbers
AMXH_-L3cQE,Greenland #Greenland,,2026-02-22T12:04:37Z,16,16,1,0,UCQ0rwHObRhvaVxhaEAhvufA,Ai BABA 87 KiNG,45,38,,title_only_greenland_generic_or_numbers
O0ZmshhBqic,#greenland,,2026-02-25T03:01:38Z,29,402,7,0,UCzXfgN3EMuMn8SvJxdDDY6Q,Abel Bala,6,8,,title_only_greenland_generic_or_numbers
hhUyXWbgAMw,#trending #yshorts #greenland,,2026-02-27T14:51:02Z,16,37,1,0,UCYgcYLsF1NhH_yUqCPzC6UA,Vortex Digital AI,2540,633,PK,title_only_greenland_generic_or_numbers
RZ-lS175c_Y,#yshorts #greenland,,2026-02-27T15:04:43Z,13,42,2,0,UCYgcYLsF1NhH_yUqCPzC6UA,Vortex Digital AI,2540,633,PK,title_only_greenland_generic_or_numbers
MLRlHce8O-8,Greenland,#greenland #denmark #trump #NATO #vidIQ #YouTubeGrowth #ContentCreatorTools #YouTubeTips #Affiliate,2026-02-27T17:15:43Z,41,539,3,0,UCUv5RZAGk-b2K18ZMLM28EA,Papa Delta Storytelling,35,101,NL,title_only_greenland_generic_or_numbers
cfP8PWKOKes,Greenland,,2026-03-02T11:26:50Z,61,616,10,2,UCuyogxhOmPuKve3mOMd5MgQ,Hàm mê bão :))),438,313,,title_only_greenland_generic_or_numbers
OJqNbHe-4aQ,Greenland,"Provided to YouTube by SFEROOM DISTRIBUTION

Greenland · DJ Captain Neuro

Greenland

℗ 2026 SFEROOM DISTRIBUTION

Released on: 2026-03-03

Auto-generated by YouTube.",2026-03-02T22:02:18Z,185,0,0,0,UCXXkd66HWR0-bRwXQtXjQ1w,DJ Captain Neuro - Topic,0,12,,title_only_greenland_generic_or_numbers
TRsPuC3bles,greenland #short,greenland #short #ಹಸಿರುಮಂಡ್ಯ #shortsfeed #shortsvairol #hallimane #nature #kaveri,2026-03-04T04:02:41Z,11,66,4,0,UCMhgoqx9Z_Rp-tmWCfswCpg,ಹಸಿರು ಮಂಡ್ಯ.(HASIRU MANDYA),2430,1225,,title_only_greenland_generic_or_numbers
vh_hfjJIprk,greenland,,2026-03-04T06:31:28Z,8,339,2,0,UCnuClsuLoyHFw362xzDTYoA,luke and russian,36,83,,title_only_greenland_generic_or_numbers
LYTllxwMnUA,Greenland,,2026-03-05T18:41:10Z,38,1,0,0,UCrGhzIWaWFIesC0CNJ3qVMA,ZZ,1,9,,title_only_greenland_generic_or_numbers
hZdfRYKwgnU,Greenland,"Greenland, the island raises a question: how much does geography determine power in the modern world?",2026-03-05T19:20:23Z,18,2,0,0,UCEdXx4-0u6TgKXvwGFrU8lg,Jessica B Pleasant,263,1051,US,title_only_greenland_generic_or_numbers
mH2w6YwahRw,Greenland🧑‍🎤,Green to go 🧑‍🎤🧑‍🎤🧑‍🎤🧑‍🎤🧑‍🎤🧑‍🎤,2026-03-05T11:30:48Z,11,39,9,0,UC_am0-hNzTeQGuIr5M7Hhkw,Think Big ,168,135,,title_only_greenland_generic_or_numbers
Y-NZCqXUZjo,greenland,,2026-03-06T02:17:32Z,20,83,2,0,UCxIl4SHtsueS1F5LZgFAbPQ,turister,30,50,,title_only_greenland_generic_or_numbers
GtybR9KgBd0,Greenland,"Provided to YouTube by DistroKid

Greenland · Iridium Saints

Greenland

℗ Iridium Saints

Released on: 2026-03-05

Auto-generated by YouTube.",2026-03-06T03:00:07Z,339,2,0,0,UCODizmMjjbqp68e0jt8Ldlg,Iridium Saints - Topic,0,96,,title_only_greenland_generic_or_numbers
UOUnJKDjLi4,Greenland ☠️☠️☠️☠️🤖,,2026-03-07T14:48:50Z,9,921,18,0,UCWqsuqgYcZbMCCfoYVlS82g,mobin ali,19,57,,title_only_greenland_generic_or_numbers
2kTpugy8c5E,GREENLAND,,2026-03-07T22:47:56Z,614,14,0,0,UCgAUFw9yUh4lyrS3wMKOy0Q,PSY_DUB_TECHNO,54,42,ES,title_only_greenland_generic_or_numbers
2Qt2nwTAMJs,GREENLAND,,2026-03-08T07:25:06Z,16,12,0,0,UCJbodsnQhWE0IwdZvLzfvcw,Hamza Ouamrouche,1740,6837,,title_only_greenland_generic_or_numbers
qw5TaTVWxQY,MY GREENLAND 🥰🥰☠️☠️💀💀,,2026-03-10T00:04:31Z,36,8,1,0,UCF78_GKge7_-x5H8JPb7-Vw,Swayam Sagar,0,1,,title_only_greenland_generic_or_numbers
NWOpshFgCfU,Greenland ❤️❤️,,2026-03-10T07:29:07Z,28,1535,13,4,UCCYtmErYwNKx9clMt3o-caw,Green Land Farm,59,18,,title_only_greenland_generic_or_numbers
RyOzUEecuio,"Greenland March 10, 2026",,2026-03-10T14:18:03Z,7,21,3,0,UCnhCZJ5pDYPfU9kCstS1xLA,Israr Ahmed,289,117,,title_only_greenland_date
NxOAqVZ2gJg,Greenland 🇬🇱,,2026-03-10T18:10:29Z,9,0,0,0,UCJ5_AKcMAZjN7t4z_PEDnMA,Wanderstories ,323,18,DE,title_only_greenland_generic_or_numbers
Wcv0LnhavO4,#greenland 🚀🚀🚀🚀🚀,"#trendingshorts 

#international 
#internationalrelations 
#upsc
🚨🚨🚀🔥🔥🔥🚀🔥🚀",2026-03-11T17:58:33Z,43,623,6,0,UCYwBG83IbhEMjt-MvWagptA,PRASAR PRAYAS,25,48,IN,title_only_greenland_generic_or_numbers
cbxoHYva1iM,Greenland,,2026-03-12T07:47:26Z,338,5,0,0,UCyKNG2JG6otLQ_SR9o359Bw,Cute Maths,35,914,,title_only_greenland_generic_or_numbers
dxQg9tL8Mxo,#greenland,,2026-03-12T08:58:52Z,16,11,1,0,UCnkTUX3Wdx3iDua0mLWnjVA,goyakss777,2,12,,title_only_greenland_generic_or_numbers
AcLgQBODWpk,Greenland,"Provided to YouTube by TuneCore

Greenland · Cahl Jones

Greenland

℗ 2026 Poison Control

Released on: 2026-03-13

Vocals: Cahl Jones
Producer: Cahl Jones
Composer Lyricist: Cahl Olson
Songwriter: Cahl Olson
Composer: Cahl Olson

Auto-generated by YouTube.",2026-03-12T10:03:29Z,231,0,0,0,UCb_i9QCNIDZ6AsKMwS4u5_A,Cahl Jones - Topic,3,36,,title_only_greenland_generic_or_numbers
4IbA6-nTOtk,Greenland,"Provided to YouTube by Playing to Pitch In

Greenland · Playing to Pitch In · Elias Braun

Greenland

℗ 2026 Jesse David Brown

Released on: 2026-03-13

Main Artist: Playing to Pitch In
Main Artist: Elias Braun
Producer: Jesse David Brown
Composer: Jesse David Brown

Auto-generated by YouTube.",2026-03-12T10:04:19Z,179,2,1,0,UCqtFxZhGjavVmsEUsmATz_Q,Playing to Pitch In - Topic,6,75,,title_only_greenland_generic_or_numbers
lkxKAGI5oCY,Greenland 2,,2026-03-12T20:09:17Z,113,0,0,0,UC8oh88KRXTMOagkAYu8uShw,ath3n1a,20,1079,ZA,title_only_greenland_generic_or_numbers
cbxoHYva1iM,Greenland,,2026-03-12T07:47:26Z,338,5,0,0,UCyKNG2JG6otLQ_SR9o359Bw,Cute Maths,35,914,,title_only_greenland_generic_or_numbers
dxQg9tL8Mxo,#greenland,,2026-03-12T08:58:52Z,16,11,1,0,UCnkTUX3Wdx3iDua0mLWnjVA,goyakss777,2,12,,title_only_greenland_generic_or_numbers
AcLgQBODWpk,Greenland,"Provided to YouTube by TuneCore

Greenland · Cahl Jones

Greenland

℗ 2026 Poison Control

Released on: 2026-03-13

Vocals: Cahl Jones
Producer: Cahl Jones
Composer Lyricist: Cahl Olson
Songwriter: Cahl Olson
Composer: Cahl Olson

Auto-generated by YouTube.",2026-03-12T10:03:29Z,231,0,0,0,UCb_i9QCNIDZ6AsKMwS4u5_A,Cahl Jones - Topic,3,36,,title_only_greenland_generic_or_numbers
4IbA6-nTOtk,Greenland,"Provided to YouTube by Playing to Pitch In

Greenland · Playing to Pitch In · Elias Braun

Greenland

℗ 2026 Jesse David Brown

Released on: 2026-03-13

Main Artist: Playing to Pitch In
Main Artist: Elias Braun
Producer: Jesse David Brown
Composer: Jesse David Brown

Auto-generated by YouTube.",2026-03-12T10:04:19Z,179,2,1,0,UCqtFxZhGjavVmsEUsmATz_Q,Playing to Pitch In - Topic,6,75,,title_only_greenland_generic_or_numbers
lkxKAGI5oCY,Greenland 2,,2026-03-12T20:09:17Z,113,0,0,0,UC8oh88KRXTMOagkAYu8uShw,ath3n1a,20,1079,ZA,title_only_greenland_generic_or_numbers
fXg4-3BAB4A,GREENLAND GREENLAND 🐧,,2026-03-13T03:30:36Z,7,3,2,0,UCJsKNHrJnEDQNSi9hrGeezQ,leai,19,12,,title_only_greenland_generic_or_numbers
6OakZqqSHEI,Greenland ❤️#shorts #trending,,2026-03-13T07:23:19Z,23,239,2,0,UCexdhdHBMSmYEEitOwohC4Q,Abbas Mistry,75,44,,title_only_greenland_generic_or_numbers
BQdM96aUASo,"GREENLAND 1 - MARCH 13, 2026",,2026-03-13T16:04:08Z,1019,8,0,0,UC-L4wrwYroY-oI-Ir2ZgA3g,Renz Michael Ted,25,352,,title_only_greenland_date
gsYZ8lCBGOg,"GREENLAND 2 - MARCH 13, 2026",,2026-03-13T16:07:43Z,1028,6,0,0,UC-L4wrwYroY-oI-Ir2ZgA3g,Renz Michael Ted,25,352,,title_only_greenland_date
hZkrU1qh_yM,"GREENLAND 4 - MARCH 13, 2026",,2026-03-13T16:09:26Z,1171,8,0,0,UC-L4wrwYroY-oI-Ir2ZgA3g,Renz Michael Ted,25,352,,title_only_greenland_date
SmLQYVVZsdk,"GREENLAND 3 - MARCH 13, 2026",,2026-03-13T16:12:47Z,1329,14,0,0,UC-L4wrwYroY-oI-Ir2ZgA3g,Renz Michael Ted,25,352,,title_only_greenland_date
0MZ-frqSQGc,Greenland,#greenland #geography #facts #interestnig #viral,2026-02-04T22:18:45Z,14,1352,16,26,UCeyOzyP8mZLOo1_ixPed2og,BoomBrain,89,40,,title_only_greenland_generic_or_numbers
btjOiwO4roQ,#greenland,,2026-02-04T05:27:21Z,7,0,0,0,UC67-VRv6vAXj9K9nYaRax8Q,General Knowledge Hub India,198,929,IN,title_only_greenland_generic_or_numbers
20yYu6LllE0,Greenland,,2026-02-04T10:29:50Z,28,381,4,0,UCLtgUHhu3xhm30dRSeDgYOA,new Great way ,63,282,,title_only_greenland_generic_or_numbers
IGoQ28WtsNA,7 February 2026#greenland🌹,,2026-02-07T09:59:46Z,21,1560,10,0,UCEGZ_D_ZavffcGx7mGcDsRw,Kodi ramakrishna director,981,423,,title_only_greenland_date
E8LL89Nazwk,"GREENLAND 5 - FEB 13, 2026",,2026-02-13T15:58:37Z,1140,15,0,0,UC-L4wrwYroY-oI-Ir2ZgA3g,Renz Michael Ted,25,357,,title_only_greenland_date
DAeWcn3V2zQ,"GREENLAND 6 - FEB 13, 2026",,2026-02-13T16:03:11Z,1444,16,0,0,UC-L4wrwYroY-oI-Ir2ZgA3g,Renz Michael Ted,25,357,,title_only_greenland_date
ENIqutunQPI,Greenland,Parody of “Graceland”,2026-03-15T11:34:04Z,156,162,0,0,UCU9AI9FluYQBg8RSzYFloRg,PJ Wells Political Parodies ,35,42,,title_only_greenland_generic_or_numbers
qPnSKY3w9O4,Greenland,,2026-03-15T14:59:18Z,19,227,5,0,UCyvcSDO3iiHnpuOZrp2pdSw,Bisma Bilal,13,5,,title_only_greenland_generic_or_numbers
DAEZLUfGiTM,Greenland???,"There's no plan. There's no strategy. They're throwing a bunch of stuff at us, and seeing what sticks.",2026-03-16T14:25:48Z,18,7,,0,UCaxUfKSMlOSUdRIH9lhcC0A,Fight for a Union,1220,122,,title_only_greenland_generic_or_numbers
SrE-YkmnWSs,Greenland 2026,,2026-03-16T18:45:53Z,312,10,1,,UCt2bRTI1sHMAIEg8dXyLN9Q,Ivaaq bj,16,19,,title_only_greenland_generic_or_numbers
ELnb6V9JJNE,Greenland. ##subscribe,,2026-03-17T11:40:44Z,16,1206,8,0,UCJ_dJLQJ3-rNIJD70joE27Q,AKCN vlog,29,64,,title_only_greenland_generic_or_numbers
7MC-Yq435y0,Greenland,"Why must NATO troops to the Arctic deploy?
Does the Fat Orange Fiend think he is a big boy?
Why do the Big always try to eat the Small?
Why do leaders do nothing at all?

If we allow the rape of Greenland
We can no longer be a free land
Stealing minerals to power A.I.’s
Conquering without compromise

For more than forty-thousand years
The kah-lah-lit have been living here
Hunting, fishing, living with the land
Surviving by the skill of their hands

If we allow the rape of Greenland
We can no longer be a free land
Stealing minerals to power A.I.’s
Conquering without compromise

In the Place Where Loud Dogs Are Tied
They welcomed American friends, allies
To build a base, for space security
And now hypocrites respond with fury 

If we allow the rape of Greenland
We can no longer be a free land
Stealing minerals to power A.I.’s
Conquering without compromise

But a Serious Sled Dog Patrol
Is coming silently through the snow
Danish commandos with a mandate to defend
Greenland’s people and resources from end to end

If we allow the rape of Greenland
We can no longer be a free land
Stealing minerals to power A.I.’s
Conquering without compromise",2026-03-17T17:30:32Z,205,55,0,1,UCbkfR09HN9v9CKTt2t6kYhA,Justin Teerlinck,9,139,,title_only_greenland_generic_or_numbers
he6enMC_6_M,"GREENLAND 2 - MARCH 20, 2026",,2026-03-20T14:09:37Z,916,10,0,0,UC-L4wrwYroY-oI-Ir2ZgA3g,Renz Michael Ted,24,370,,title_only_greenland_date
HcVXIlz8DKE,"GREENLAND 1 - MARCH 20, 2026",,2026-03-20T14:10:56Z,975,11,0,0,UC-L4wrwYroY-oI-Ir2ZgA3g,Renz Michael Ted,24,370,,title_only_greenland_date
sjHyWDtZsf4,"GREENLAND 5 - MARCH 20, 2026",,2026-03-20T14:11:01Z,838,5,0,0,UC-L4wrwYroY-oI-Ir2ZgA3g,Renz Michael Ted,24,370,,title_only_greenland_date
h4kTLm0EkMk,"GREENLAND 4 - MARCH 20, 2026",,2026-03-20T14:11:32Z,1021,19,0,0,UC-L4wrwYroY-oI-Ir2ZgA3g,Renz Michael Ted,24,370,,title_only_greenland_date
ITKVOkIaK5M,"GREENLAND 6 - MARCH 20, 2026",,2026-03-20T14:13:07Z,1201,9,0,0,UC-L4wrwYroY-oI-Ir2ZgA3g,Renz Michael Ted,24,370,,title_only_greenland_date
uDVDWg65x4k,"GREENLAND 3 - MARCH 20, 2026",,2026-03-20T14:17:33Z,1090,8,0,0,UC-L4wrwYroY-oI-Ir2ZgA3g,Renz Michael Ted,24,370,,title_only_greenland_date
0JClSvs8bFg,Greenland,"Te hago un breve resumen sin spoiler de estas dos películas por si te mola todo el tema de apocalispsis, cometas y que hacer en esa situación. No son las mejores del género pero creo que son dinámicas y saben mantener buenos momentos de tensión para echar un buen rato.",2026-03-20T15:00:01Z,49,0,0,0,UCwHvoVjLyvouLC_4RyKk0jg,Quemeveo Carmona Cano,2,202,,title_only_greenland_generic_or_numbers
kiy2RndFu6w,Greenland,,2026-03-20T18:15:58Z,7,365,3,0,UCA0VsKmKIfP2JmAcR0-w8IQ,Sabrina Togashi Playground ,15,70,,title_only_greenland_generic_or_numbers
g5SO-dufXsw,Greenland,The first late night talk show host to wear a pajamas.,2026-03-20T23:01:00Z,67,4,0,0,UC90-11xnL5L4egCCryojCKw,Tom Dehli,6370,583,NO,title_only_greenland_generic_or_numbers
f-39dSw0pbI,Greenland 🌱,,2026-03-21T07:04:22Z,46,113,2,0,UC8gFKCgNynCM4wp91Wc0XRg,vinayak.5436,89,13,,title_only_greenland_generic_or_numbers
tGysFihflNU,greenland,,2026-03-21T13:08:50Z,6,26,4,1,UCB1WvINpcfXpyRhgThqvETg,Giovanni Iannone,13,118,,title_only_greenland_generic_or_numbers
JaNn-hTLwvc,GREENLAND,Partido infantil futsal,2026-03-22T04:38:12Z,685,12,0,0,UC74LLWRl0zad9okPhrSaYWg,Asociación de futsal Morelos amf,144,189,,title_only_greenland_generic_or_numbers
5KTkvKzD6WE,Greenland ❤️#shorts #trending,,2026-03-22T08:07:08Z,48,49,1,0,UCexdhdHBMSmYEEitOwohC4Q,Abbas Mistry,75,45,,title_only_greenland_generic_or_numbers
w7k3czsFZPk,GREENLAND,"MIXIM PRODUCCIONES
MUSIC FOREVER
Electronic Music Film

Groenlandia (en groenlandés: Kalaallit Nunaat, ‘tierra de los kalaallits’, y en danés: Grønland, ‘tierra verde’)​ es una isla en la zona nororiental de América del Norte, entre los océanos Atlántico y Glacial Ártico, que políticamente es una nación constituyente del Reino de Dinamarca. Con un total de 2 166 086 km² (81 % cubiertos de hielo), se considera la isla más grande del mundo, tomando la definición de Australia como masa continental. Su capital y ciudad más poblada es Nuuk (en danés: Godthåb). Durante más de un milenio Groenlandia ha estado asociada cultural y políticamente con Europa Septentrional (en concreto con Escandinavia).

Los primeros habitantes de Groenlandia fueron los llamados esquimales. La prehistoria de Groenlandia es una historia de repetidas olas de inmigración paleoesquimal o inuit provenientes de las islas al norte de Norteamérica. Siendo uno de los lugares geográficos más extremos de la extensión cultural de estos pueblos, sus vidas se encontraban en constante peligro y las culturas nacieron y murieron con el paso de los siglos.

Greenland (Greenlandic: Kalaallit Nunaat, ""land of the Kalaallits,"" Danish: Grønland, ""green land"") is an island in northeastern North America, between the Atlantic and Arctic Oceans, and is politically a constituent nation of the Kingdom of Denmark. With a total area of ​​2,166,086 km² (81% covered by ice), it is considered the world's largest island, assuming Australia is defined as a landmass. Its capital and most populous city is Nuuk (Danish: Godthåb). For over a millennium, Greenland has been culturally and politically associated with Northern Europe (specifically Scandinavia).

The first inhabitants of Greenland were the Inuit. Greenland's prehistory is a story of repeated waves of Paleo-Inuit migration from the islands north of North America. Being one of the most extreme geographical locations in the cultural reach of these peoples, their lives were in constant danger and cultures were born and died over the centuries.",2026-03-22T19:03:26Z,222,27,2,0,UCQr7px5eYnIE1Z4UNsYVNEA,MUSIC FOREVER,68,78,ES,title_only_greenland_generic_or_numbers
uLRuh7jeG2A,Greenland 2026,"In February I travelled to Greenland to photograph the aurora and it's ice fjords with Ollie Taylor Photography.

What I didn’t expect was how much the experience would test patience, resilience, and perspective.

Over 18 days I walked more than 123 km across frozen fjords, boardwalks, and Arctic trails, climbing over 3,100 metres in snow and ice, often in temperatures below -20°C and wind chills reaching -44°C.

There were flight cancellations, whiteouts, frozen camera gear, and long nights out in the freezing cold. My fingers are still feeling it.

And then the sky would erupt.

One of the most unexpected signals came not from the sky, but from the ground — the Greenland sled dogs would begin to howl before the aurora appeared. Again and again, the pattern repeated: the dogs first, then the light.

This film is a collection of those moments:
 • Ice cracking beneath frozen lakes
 • Helicopter flights between the remote Arctic towns of Qaarsut and Uummunnaq
 • Wind whipping snow across the Ilulissat tundra
 • The red sunrise over Uummannaq
 • And ten aurora displays across Ilulissat and Uummannaq

Greenland is not a place you simply visit.
It’s a place you move through, adapt to, and learn from.

If there was one lesson the Arctic taught me, it was this:

A weather and an aurora forecast can often looking bad.
Sometimes nothing happens for a long time.
Sometimes you have to go back out into the cold.

But if you're willing, you’re patient, the clouds part and the sky opens.

Qujanaq, Greenland.",2026-03-23T01:25:24Z,1126,363,7,0,UCCK4b5ZLBHZQvP6t9vGxu0w,Stephen J Kennedy Photography,7,4,,title_only_greenland_generic_or_numbers
z_Mi4Mxqj9k,Greenland,"Provided to YouTube by DistroKid

Greenland · Prod. by Xekiro · Xekiro · Xekiro

Greenland

℗ .A. Beats

Released on: 2026-03-24

Auto-generated by YouTube.",2026-03-23T10:02:27Z,185,52,1,0,UCpKUTFvzojQUELmRzMFLmOQ,Prod. by Xekiro - Topic,583,505,,title_only_greenland_generic_or_numbers
u0sXM_cGk7U,Greenland 💚❤️,,2026-03-23T12:40:10Z,12,1360,5,1,UCCYtmErYwNKx9clMt3o-caw,Green Land Farm,67,22,,title_only_greenland_generic_or_numbers
hHmC1BgXf48,Greenland (2020,#greenland  #movie2020 #Movie Timewarp #series #TV shows #celebrities # MOVIE ACTORS,2026-03-23T15:01:11Z,33,1300,18,0,UCwGojN1ei-cl3uYR5vUau3A,Movie Timewarp,561,71,US,title_only_greenland_generic_or_numbers
KFK-0sVhKGI,Greenland ❤️ #shorts #trending,,2026-03-24T08:01:31Z,20,299,2,0,UCexdhdHBMSmYEEitOwohC4Q,Abbas Mistry,75,45,,title_only_greenland_generic_or_numbers
bQssJIu4XM8,Greenland,,2026-03-24T14:23:57Z,16,2,0,0,UCX81e8jtNbDDQELSHmrL5-w,GeographyX,53,957,US,title_only_greenland_generic_or_numbers
I_tBoKkNyl4,Greenland,,2026-03-24T17:05:45Z,14,315,3,0,UCg_622VqPlMGn-5c9xVAZWw,PIYUSH PATHAK -LIVEs in Africa,35,111,,title_only_greenland_generic_or_numbers
-cyaTsZHX6c,Greenland,,2026-03-25T05:11:55Z,22,42,1,0,UCIZxSRYXJ1otFc-NVCrtadA,OatLover166,361,385,,title_only_greenland_generic_or_numbers
Jo94P9OP7fU,#greenland #viral,,2026-03-25T18:15:00Z,162,3,0,0,UCiIBTarQERJA7ZfjyZB1ILQ,Beat it,0,1,,title_only_greenland_generic_or_numbers
T3krZrTmN7Y,Greenland,,2026-03-26T08:34:47Z,58,8,0,0,UC-3Gk3yxYL5DjBtY4JqOQcA,LukeVijay Babu Bezzam,10800,253,IN,title_only_greenland_generic_or_numbers
tNFtgJhOMOc,Greenland #shortvideo,,2026-03-26T10:02:51Z,17,5,0,0,UCfmmSjeftmobulzcrLVrz3w,ArnabGupta,40,78,,title_only_greenland_generic_or_numbers
ca0eoU6EnUQ,Greenland,,2026-03-27T09:21:31Z,8,74,0,0,UC0VDfUWLy0b7vqteyq3BdMw,BhuvaneshwariM,22,56,,title_only_greenland_generic_or_numbers
NAgr14qKL-Q,GREENLAND,,2026-03-27T09:36:01Z,13,10,0,0,UCJbodsnQhWE0IwdZvLzfvcw,Hamza Ouamrouche,1800,7073,,title_only_greenland_generic_or_numbers
fogPztvbR4o,Greenland,,2026-03-27T11:41:02Z,52,105,1,0,UCxkyZgB9QjQUIJBYono33_w,Taco67,95,95,,title_only_greenland_generic_or_numbers
EMhcNIXEl8Q,"GREENLAND 4 - MARCH 27, 2026",,2026-03-27T13:54:05Z,1156,13,0,0,UC-L4wrwYroY-oI-Ir2ZgA3g,Renz Michael Ted,24,370,,title_only_greenland_date
Thu-lSyHfXI,"GREENLAND 5 - MARCH 27, 2026",,2026-03-27T13:54:15Z,993,7,0,0,UC-L4wrwYroY-oI-Ir2ZgA3g,Renz Michael Ted,24,370,,title_only_greenland_date
RSsp4G_aTAs,"GREENLAND 1 - MARCH 27, 2026",,2026-03-27T13:54:44Z,1130,36,0,0,UC-L4wrwYroY-oI-Ir2ZgA3g,Renz Michael Ted,24,370,,title_only_greenland_date
R1wbLizuTVs,"GREENLAND 2 - MARCH 27, 2026",,2026-03-27T13:56:40Z,1140,17,0,0,UC-L4wrwYroY-oI-Ir2ZgA3g,Renz Michael Ted,24,370,,title_only_greenland_date
-HwimQFXzkY,Greenland,,2026-03-27T15:08:00Z,61,789,1,0,UCLgsTj8-AhnMSqAzwWWLQFQ,ROMMEL BALQUEDRA,23,31,PH,title_only_greenland_generic_or_numbers
6sXUEbWTykw,GreenLand,,2026-03-28T03:00:00Z,7,23,0,0,UChaGT_dy54uuLFlY1KrbFkA,minchigun,8,120,,title_only_greenland_generic_or_numbers
ioTzPyprXcw,Greenland,#Knowledge #DidYouKnow #FunFacts #QuickFacts #LearnSomethingNew #KnowledgeIsPower #FactOfTheDay #TriviaTime #SmartReels #StayCurious #ExploreKnowledge #MindBlownFacts #DiscoverMore #BrainFood #EducationalContent #StudyReels #LearningNeverStops #viral #shorts #reels,2026-03-28T07:59:18Z,10,604,2,0,UCls3Pj2JTE2ZYse7D4xb4oQ,Knowledge Mania,3,58,,title_only_greenland_generic_or_numbers
6aUPIFOIwdc,Greenland 2,,2026-03-28T16:36:16Z,39,6,1,0,UC0j5P86DqVP5tsy78ftdQBg,Anmol dhillon,2250,89,IN,title_only_greenland_generic_or_numbers
uVCZ1CEBQQE,Greenland,"Provided to YouTube by Roc Nation Distribution

Greenland · DJ Webster

Madume

℗ Virgo Digital Agency

Released on: 2026-03-30

Producer: DJ Webster
Composer: Hope Alan Molaudi

Auto-generated by YouTube.",2026-03-29T10:02:16Z,293,0,0,0,UCb4UjcoqiXnWAacGJbLTgnw,DJ Webster - Topic,8,78,,title_only_greenland_generic_or_numbers
5lb86BacSjQ,Greenland,"Provided to YouTube by Ditto Music

Greenland · Greyone

Greenland

℗ Tom Himpe

Released on: 2026-03-30

Featured Artist: Tom Boucquet
Featured Artist: Tuur Deprez
Arranger: Tom Himpe
Lead Vocals: Tom Boucquet
Lead Vocals: Tuur Deprez
Producer: Tom Himpe
Composer: Tom Himpe

Auto-generated by YouTube.",2026-03-29T10:03:54Z,256,10,0,0,UC-E4bnuIRAaEqc9m5EkF_VQ,Greyone - Topic,2,24,,title_only_greenland_generic_or_numbers
FDdWgQiHBCc,Greenland 2 (2026,Greenland 2 Movie Clip (2026) - Gerard Butler,2026-03-29T14:52:59Z,18,68,2,0,UCzDTOgr16mWqbUsy1GQXxEQ,Movie_Clips,637,167,,title_only_greenland_date
6Pm2YsMcxdQ,Greenland,,2026-03-30T07:58:44Z,57,1,0,,UCO7Gw4-b4Tfth7uqRX6XYjg,fachri izal,21,125,,title_only_greenland_generic_or_numbers
KUHzys0TP2M,greenland,,2026-03-30T19:52:53Z,38,368,0,0,UC7d2aexl4u6OGt8QFOx-tWg,Ala 356,18,75,,title_only_greenland_generic_or_numbers
J4fTkNwzYis,Greenland,,2026-03-30T20:19:21Z,21,73,1,0,UCCdPRUZ7r4ec8nRxNFaxYig,Salvador Garcia 9542,20,106,,title_only_greenland_generic_or_numbers
lHz8WF-46AQ,Greenland,"Гренландия ежелгі тұрғындары жайлы қысқа оқиға
100% Ai",2026-03-31T16:52:11Z,102,4,0,0,UCPRyYs87AiIvcXoMs0PY3Qw,Диас Қайыржанов,279,62,KZ,title_only_greenland_generic_or_numbers
b90JdREg-9w,Greenland,,2026-04-01T03:58:09Z,109,0,0,0,UCW2z8NuH-ImMnlKEtWHngxQ,The 11'OClock Hour with Sierra Clair,13,160,,title_only_greenland_generic_or_numbers
IqSG2QcyJdg,Greenland 🤢🤑👽💚🌲🥺 | #shorts,Greenland 🤢🤑👽💚🌲🥺 | #shorts,2026-04-01T08:17:34Z,12,1492,2,0,UCB6OUNJoMU7YJ3py9eXbUKw,Deepak Family And Gaming ,108,91,IN,title_only_greenland_generic_or_numbers
Oqnb8OuOvUI,Greenland,"Provided to YouTube by CDBaby

Greenland · Neil Hardy

Dead to Shame

℗ 2026 Neil Hardy

Released on: 2026-04-02

Auto-generated by YouTube.",2026-04-01T10:04:27Z,233,2,1,0,UCEwxHWj0MhaCMjLMCoHOotQ,Neil Hardy - Topic,1,38,,title_only_greenland_generic_or_numbers
7Q9iCbmI0wk,Greenland,"Provided to YouTube by CDBaby

Greenland · Eddie Florano

Reggae World 2

℗ 2026 Eddie Florano

Released on: 2026-04-01

Auto-generated by YouTube.",2026-04-01T14:56:12Z,233,3,0,0,UC1PsChHE8QKQZwI6xKJTuBg,Eddie Florano - Topic,92,687,,title_only_greenland_generic_or_numbers
68QZMgLBctw,Greenland,,2026-04-02T13:46:45Z,13,252,5,0,UCRC2RRicVpYURC_DHPo6HRg,interested video,292,71,,title_only_greenland_generic_or_numbers
aK-SVaT8734,Greenland 2024,Just a few videos taken during our Cruise to Nowhere.   There was so much fog and ice that for the most part we couldn't get off the ship and spent 11 days straight at sea without getting off.   These are just a series of clips that we took on the cruise.,2026-04-03T01:26:16Z,598,4,0,0,UCmV2A9nPHDvHMYxMNcQoWpQ,PiddlinMike,60,76,,title_only_greenland_generic_or_numbers
Sj8H1REc8NM,Greenland,,2026-04-03T12:24:17Z,22,483,13,0,UCOox3N3HpPwEtcWetf_USMw,Arjun Rajput ,103,96,,title_only_greenland_generic_or_numbers
HZs9l7ypWDQ,Greenland,,2026-04-03T13:51:36Z,20,955,53,6,UCGi18LVfXgTJC5mslXq88KA,Pinoy in Greenland,103000,943,PH,title_only_greenland_generic_or_numbers
9wk_RYB9e1g,greenland,"Provided to YouTube by Amuseio AB

greenland · Crafted By Kai

greenland

℗ Crafted By Kai

Released on: 2026-04-03

Bass: Tahsean Pandy
Mastering Engineer: Tahsean Pandy
Composer: Tahsean Pandy

Auto-generated by YouTube.",2026-04-03T21:48:31Z,96,3,0,0,UCcUf_qvNKiwP7fWgbTpj80A,Crafted By Kai - Topic,0,83,,title_only_greenland_generic_or_numbers
qJEPutCeKl4,#greenland,,2026-04-04T21:48:06Z,23,1364,14,0,UCddG22zSvnjFvcNyXv5Q-iw,InAnotherUniverse,12,17,,title_only_greenland_generic_or_numbers
5l4fTJiqDfU,#greenland,,2026-04-04T22:03:25Z,6,2278,17,0,UCddG22zSvnjFvcNyXv5Q-iw,InAnotherUniverse,12,17,,title_only_greenland_generic_or_numbers
orH0bt2hNYw,Greenland _#_SUBSCRIBE,,2026-04-05T04:41:14Z,15,1911,16,0,UCKUPcLGZ91dzZN3NdPJR30w,lasya sri sweet _#_ vlogs 💖 ,23,17,,title_only_greenland_generic_or_numbers
mJ91pFw45Z4,#greenland,,2026-04-05T08:02:50Z,4,150,0,0,UCddG22zSvnjFvcNyXv5Q-iw,InAnotherUniverse,12,17,,title_only_greenland_generic_or_numbers
nOo6YW45Jao,Greenland 🇬🇱,,2026-04-05T08:23:44Z,4,0,0,,UCF_9-7ddD3rhqKuaCWdoMIg,Soni Parveen,0,9,,title_only_greenland_generic_or_numbers
1T86RmWQcGE,Greenland,,2026-04-05T13:52:41Z,202,1,0,0,UC-Yu_Vc6OXnoE1Qa6bzdgCw,Crawford,12,35,,title_only_greenland_generic_or_numbers
-EGU7h3MEps,Greenland,,2026-04-05T18:23:01Z,11,119,1,0,UCklsHlvxGBhFCWHLPZi4MXQ,Auck_34,10,41,,title_only_greenland_generic_or_numbers
JHyaDtpgOCg,Greenland,,2026-04-05T19:32:15Z,24,1464,16,0,UCtyZrPw_EsJsVrrW2oBqQtw,Happy Rocks,332,324,US,title_only_greenland_generic_or_numbers
55IXhnfeCKs,Greenland,"Provided to YouTube by DistroKid

Greenland · Uncle Sam's Blues · Sam Fox · Uncle Sam's Blues

Uncle Sam's Blues, Vol. 7

℗ Uncle Sam's Blues

Released on: 2026-04-05

Auto-generated by YouTube.",2026-04-06T15:44:47Z,276,107,6,0,UCga1sodUB4F9OFxeMw0cI0A,Uncle Sam's Blues - Topic,32,115,,title_only_greenland_generic_or_numbers
s142fDjkTZM,#greenland,,2026-04-06T18:01:20Z,14,1618,11,0,UCddG22zSvnjFvcNyXv5Q-iw,InAnotherUniverse,12,17,,title_only_greenland_generic_or_numbers
7y6s3kps9a4,#greenland,,2026-04-06T18:11:52Z,14,2104,12,0,UCddG22zSvnjFvcNyXv5Q-iw,InAnotherUniverse,12,17,,title_only_greenland_generic_or_numbers
0u8z94i3vFk,#Greenland,,2026-04-07T10:34:23Z,4,163,2,0,UCddG22zSvnjFvcNyXv5Q-iw,InAnotherUniverse,16,25,,title_only_greenland_generic_or_numbers
PTdVCcotEcY,#yshorts #greenland,,2026-04-07T16:08:56Z,9,1089,10,0,UCYgcYLsF1NhH_yUqCPzC6UA,Vortex Digital AI,2720,738,PK,title_only_greenland_generic_or_numbers
EC0YCabmO5k,Greenland,,2026-04-08T12:26:16Z,140,25,0,0,UCwoZbfOq3RsyZJRoHMdi-YA,Talevora,13,7,,title_only_greenland_generic_or_numbers
5p6KER6UXhw,Greenland,,2026-04-08T16:18:26Z,66,0,0,0,UC3qI7DJlHwDwGKWA0Vfkg4Q,Pistol on Point,29,174,,title_only_greenland_generic_or_numbers
tDBvwMFF_zc,Greenland,,2026-04-09T14:05:23Z,16,88,0,0,UCi7UgodbwzeAtMEH3N91ysw,Wandering Man,41,175,US,title_only_greenland_generic_or_numbers
bTWq6WemDzs,#Greenland,,2026-04-09T15:23:27Z,28,1292,17,0,UCddG22zSvnjFvcNyXv5Q-iw,InAnotherUniverse,16,25,,title_only_greenland_generic_or_numbers
ummJvSFLb8A,#greenland,,2026-04-10T07:58:00Z,51,2082,,0,UC1OkJIjLJBshntPhZ_NNrew,pryso,2990,41,PK,title_only_greenland_generic_or_numbers
GMTW1qa2gDc,#Greenland,,2026-04-10T22:02:39Z,50,969,12,0,UCddG22zSvnjFvcNyXv5Q-iw,InAnotherUniverse,15,31,,title_only_greenland_generic_or_numbers
vA449pkmBEQ,Greenland,,2026-04-11T00:59:54Z,9,21,1,1,UCaSMyI0KEcglbGRUc7S_uDw,Shankar ji 108,75,63,,title_only_greenland_generic_or_numbers
AulV4mx2gjQ,the Greenland,,2026-04-11T02:56:26Z,18,0,0,0,UCWtX6wYoA9XGxEZg9ZUr5gA,Life ki Kick break,4,91,,title_only_greenland_generic_or_numbers
GCV0aYTL2zI,greenland,,2026-04-11T15:02:05Z,11,104,1,0,UCMBwVBWLtqTr3uPw1EXzcmQ,ben hachmi,44,108,,title_only_greenland_generic_or_numbers
66YeLBHdIzA,#Greenland,,2026-04-11T18:37:36Z,6,255,1,0,UCddG22zSvnjFvcNyXv5Q-iw,InAnotherUniverse,15,31,,title_only_greenland_generic_or_numbers
rlNuq5WI2p0,greenland🇬🇱,,2026-04-12T13:43:42Z,15,16,4,1,UCVrhkvWawG0Z_35UyDmmpbA,Naitik Sharma,6,29,,title_only_greenland_generic_or_numbers
9esCo9rJgCs,Greenland,Qinngorput qulaatungaaniit pujortoq,2026-04-12T18:39:01Z,135,6,1,0,UCccXfQrtY37g5pqr7qhyvzA,Ludvig Petrussen,30,22,DK,title_only_greenland_generic_or_numbers
HsWREgyZfUw,Greenland,,2026-04-13T10:55:57Z,12,21,3,0,UCrpZcOSpP5XAMx-oHtrs3ig,RMT 3,791,178,BD,title_only_greenland_generic_or_numbers
UgbxzuWUK8k,greenland,4k,2026-04-13T17:43:32Z,19,6,4,0,UCGQPAScMLbLJbqRC5bfPjSw,Saad Inaam,4,15,,title_only_greenland_generic_or_numbers
IEurcNiP1Fg,greenland,4k,2026-04-13T17:44:46Z,19,8,4,0,UCGQPAScMLbLJbqRC5bfPjSw,Saad Inaam,4,15,,title_only_greenland_generic_or_numbers
S7f_zsCMbRk,greenland,4k,2026-04-13T21:00:24Z,19,6,4,0,UCGQPAScMLbLJbqRC5bfPjSw,Saad Inaam,4,15,,title_only_greenland_generic_or_numbers
Rh2XeY5JtBU,Greenland,,2026-04-14T03:44:40Z,12,2307,12,2,UC4GU780SCR8vG5PuWcF8LKg,Geography kid,8,12,,title_only_greenland_generic_or_numbers
fYtqEBimjUg,Greenland,,2026-04-14T14:00:27Z,285,8,0,0,UCienjKJz_tCd00hsE_4xgbg,steel ,13,789,,title_only_greenland_generic_or_numbers
0uscJHWG1WI,Greenland 3,,2026-04-16T15:54:00Z,18,18,1,1,UCF91c5-JzEFXynU2tpYxVkg, Md.Mujahid,3,58,,title_only_greenland_generic_or_numbers
JwqDtaKC4CM,🔥🔥🤟🇧🇩🔥 Greenland 3,,2026-04-16T16:26:27Z,14,1240,36,0,UCPvJRQTxfSgI12YaHUGUQFg,CP লঞ্চ লাভার,32,10,,title_only_greenland_generic_or_numbers
XGgsJ82IR54,#greenland,,2026-04-18T10:38:49Z,21,19,1,0,UCSg3xIIHun1aVlHWsxT5erg,dwi putra,19,38,,title_only_greenland_generic_or_numbers
